{
    "expected_value": 35.2164745868698,
    "optimal_gammas": [
        5.279503135145581
    ],
    "optimal_betas": [
        0.3896165007107412
    ],
    "problem_identifier": "{'W': [1, 1], 'W_max': 2, 'A': 32, 'B': 4, 'C': 64}",
    "now": "2021-05-06 19:27:52",
    "execution_time": "0:09:04.718254",
    "nfev": 1359,
    "message": "Optimization terminated successfully.",
    "success": true,
    "nit": 43,
    "problem": {
        "W": [
            1,
            1
        ],
        "W_max": 2,
        "A": 32,
        "B": 4,
        "C": 64
    },
    "optimal_cost": 1.0,
    "probability_distribution": {
        "32.0": 0.0788523091272147,
        "24.0": 0.01480762591496114,
        "48.0": 0.001257032994774201,
        "16.0": 0.0007994284697238217,
        "56.0": 0.002100998204742856,
        "96.0": 0.0004560321408910708,
        "65.0": 0.047011569632242504,
        "25.0": 0.07469548703413982,
        "1.0": 0.037312434827042454,
        "57.0": 0.011598040818062271,
        "49.0": 0.008846320512464806,
        "17.0": 0.073459144174317,
        "41.0": 0.04948456353388821,
        "9.0": 0.04268907891930916,
        "33.0": 0.014677283628702508,
        "73.0": 0.0028395824693697998,
        "108.0": 0.0029533168267151296,
        "52.0": 0.03451371845850877,
        "12.0": 0.08523701699373024,
        "100.0": 0.0008899270913004592,
        "76.0": 0.01583813813587838,
        "44.0": 0.005150409558098836,
        "36.0": 0.02326408656300642,
        "84.0": 0.005293082790623456,
        "98.0": 0.0034182511860105878,
        "58.0": 0.0043480460371581875,
        "34.0": 0.06520117644854859,
        "50.0": 0.03289022714172227,
        "18.0": 0.03692692901356212,
        "26.0": 0.020004960781939734,
        "74.0": 0.014876957871635777,
        "42.0": 0.07674502952863903,
        "10.0": 0.02754568277923252,
        "141.0": 0.002603692597239632,
        "85.0": 0.005398829556215012,
        "45.0": 0.010550393356869983,
        "101.0": 0.004329203018026162,
        "77.0": 0.005459633472322276,
        "37.0": 0.010902168040410746,
        "53.0": 0.011889521785413588,
        "2.0": 0.0011977285207252124,
        "117.0": 0.002603692597239633,
        "61.0": 0.004316980073148143,
        "21.0": 0.00025570818115102224,
        "93.0": 0.004329203018026167,
        "69.0": 0.001557223477930826,
        "29.0": 0.009676444138780795,
        "184.0": 0.0014467688602145176,
        "128.0": 0.0017767172418031011,
        "88.0": 0.0028469483323438956,
        "104.0": 0.0008530716120094281,
        "72.0": 0.00039135597212593414,
        "64.0": 0.001630826539848065
    },
    "probability_distribution_items": [
        [
            32.0,
            0.0788523091272147
        ],
        [
            24.0,
            0.01480762591496114
        ],
        [
            48.0,
            0.001257032994774201
        ],
        [
            16.0,
            0.0007994284697238217
        ],
        [
            56.0,
            0.002100998204742856
        ],
        [
            96.0,
            0.0004560321408910708
        ],
        [
            65.0,
            0.047011569632242504
        ],
        [
            25.0,
            0.07469548703413982
        ],
        [
            1.0,
            0.037312434827042454
        ],
        [
            57.0,
            0.011598040818062271
        ],
        [
            49.0,
            0.008846320512464806
        ],
        [
            17.0,
            0.073459144174317
        ],
        [
            41.0,
            0.04948456353388821
        ],
        [
            9.0,
            0.04268907891930916
        ],
        [
            33.0,
            0.014677283628702508
        ],
        [
            73.0,
            0.0028395824693697998
        ],
        [
            108.0,
            0.0029533168267151296
        ],
        [
            52.0,
            0.03451371845850877
        ],
        [
            12.0,
            0.08523701699373024
        ],
        [
            100.0,
            0.0008899270913004592
        ],
        [
            76.0,
            0.01583813813587838
        ],
        [
            44.0,
            0.005150409558098836
        ],
        [
            36.0,
            0.02326408656300642
        ],
        [
            84.0,
            0.005293082790623456
        ],
        [
            98.0,
            0.0034182511860105878
        ],
        [
            58.0,
            0.0043480460371581875
        ],
        [
            34.0,
            0.06520117644854859
        ],
        [
            50.0,
            0.03289022714172227
        ],
        [
            18.0,
            0.03692692901356212
        ],
        [
            26.0,
            0.020004960781939734
        ],
        [
            74.0,
            0.014876957871635777
        ],
        [
            42.0,
            0.07674502952863903
        ],
        [
            10.0,
            0.02754568277923252
        ],
        [
            141.0,
            0.002603692597239632
        ],
        [
            85.0,
            0.005398829556215012
        ],
        [
            45.0,
            0.010550393356869983
        ],
        [
            101.0,
            0.004329203018026162
        ],
        [
            77.0,
            0.005459633472322276
        ],
        [
            37.0,
            0.010902168040410746
        ],
        [
            53.0,
            0.011889521785413588
        ],
        [
            2.0,
            0.0011977285207252124
        ],
        [
            117.0,
            0.002603692597239633
        ],
        [
            61.0,
            0.004316980073148143
        ],
        [
            21.0,
            0.00025570818115102224
        ],
        [
            93.0,
            0.004329203018026167
        ],
        [
            69.0,
            0.001557223477930826
        ],
        [
            29.0,
            0.009676444138780795
        ],
        [
            184.0,
            0.0014467688602145176
        ],
        [
            128.0,
            0.0017767172418031011
        ],
        [
            88.0,
            0.0028469483323438956
        ],
        [
            104.0,
            0.0008530716120094281
        ],
        [
            72.0,
            0.00039135597212593414
        ],
        [
            64.0,
            0.001630826539848065
        ]
    ],
    "approximation_ratio": 35.21647458686977,
    "approximation_ratio_offset": 0.8130247290334985,
    "noise": false,
    "p": 1
}