{
    "expected_value": 53.36450273440839,
    "optimal_gammas": [
        1.972182635630562
    ],
    "optimal_betas": [
        2.808030801533072
    ],
    "problem_identifier": "{'W': [1, 1], 'W_max': 2, 'A': 32, 'B': 4, 'C': 128}",
    "now": "2021-05-06 19:10:41",
    "execution_time": "0:06:02.717339",
    "nfev": 1215,
    "message": "Optimization terminated successfully.",
    "success": true,
    "nit": 38,
    "problem": {
        "W": [
            1,
            1
        ],
        "W_max": 2,
        "A": 32,
        "B": 4,
        "C": 128
    },
    "optimal_cost": 1.0,
    "probability_distribution": {
        "64.0": 0.00018681462865312849,
        "40.0": 0.005259513593569121,
        "32.0": 0.0002048056941037833,
        "80.0": 0.01521584761607577,
        "16.0": 0.013366859234493602,
        "72.0": 0.002723698981937277,
        "128.0": 0.00010346088246320956,
        "97.0": 0.0011284330259502021,
        "41.0": 0.02489116670768244,
        "1.0": 0.0010224141177790972,
        "73.0": 0.06641613769558163,
        "81.0": 0.057881256938597,
        "17.0": 0.05843860333361019,
        "65.0": 0.005619533713536705,
        "33.0": 0.006241939873168132,
        "9.0": 0.059461017451389264,
        "49.0": 0.021471276231979048,
        "105.0": 0.00103513537996702,
        "140.0": 0.00021220919832388318,
        "68.0": 0.003763313548209432,
        "12.0": 0.0018981512286926966,
        "116.0": 0.008516006690375996,
        "108.0": 0.07216397098876016,
        "44.0": 0.06910340766088544,
        "52.0": 0.0655977749428078,
        "100.0": 0.008276508558861886,
        "130.0": 2.3931452359151234e-05,
        "74.0": 0.10828495186219012,
        "34.0": 0.03845774313330021,
        "82.0": 0.0071937381631253265,
        "18.0": 0.006678656271327069,
        "42.0": 0.013145298001856627,
        "66.0": 0.009562527325972353,
        "106.0": 3.727681678168901e-05,
        "50.0": 0.04064916397410439,
        "10.0": 0.10025309202383006,
        "173.0": 8.316556118239838e-05,
        "101.0": 0.010763657938050886,
        "45.0": 0.02447586878648679,
        "117.0": 0.002492714389935092,
        "109.0": 0.012836728275792814,
        "53.0": 0.015046279196094343,
        "77.0": 0.011275317171562535,
        "69.0": 0.005833219709169994,
        "2.0": 0.006477356496925085,
        "149.0": 8.316556118239832e-05,
        "21.0": 0.0003371011862300182,
        "37.0": 0.009092488404162446,
        "85.0": 0.005022453410199374,
        "216.0": 4.126965298013946e-05,
        "144.0": 0.00024629842860172284,
        "88.0": 0.0010838221822782738,
        "136.0": 0.00032345670686509257
    },
    "probability_distribution_items": [
        [
            64.0,
            0.00018681462865312849
        ],
        [
            40.0,
            0.005259513593569121
        ],
        [
            32.0,
            0.0002048056941037833
        ],
        [
            80.0,
            0.01521584761607577
        ],
        [
            16.0,
            0.013366859234493602
        ],
        [
            72.0,
            0.002723698981937277
        ],
        [
            128.0,
            0.00010346088246320956
        ],
        [
            97.0,
            0.0011284330259502021
        ],
        [
            41.0,
            0.02489116670768244
        ],
        [
            1.0,
            0.0010224141177790972
        ],
        [
            73.0,
            0.06641613769558163
        ],
        [
            81.0,
            0.057881256938597
        ],
        [
            17.0,
            0.05843860333361019
        ],
        [
            65.0,
            0.005619533713536705
        ],
        [
            33.0,
            0.006241939873168132
        ],
        [
            9.0,
            0.059461017451389264
        ],
        [
            49.0,
            0.021471276231979048
        ],
        [
            105.0,
            0.00103513537996702
        ],
        [
            140.0,
            0.00021220919832388318
        ],
        [
            68.0,
            0.003763313548209432
        ],
        [
            12.0,
            0.0018981512286926966
        ],
        [
            116.0,
            0.008516006690375996
        ],
        [
            108.0,
            0.07216397098876016
        ],
        [
            44.0,
            0.06910340766088544
        ],
        [
            52.0,
            0.0655977749428078
        ],
        [
            100.0,
            0.008276508558861886
        ],
        [
            130.0,
            2.3931452359151234e-05
        ],
        [
            74.0,
            0.10828495186219012
        ],
        [
            34.0,
            0.03845774313330021
        ],
        [
            82.0,
            0.0071937381631253265
        ],
        [
            18.0,
            0.006678656271327069
        ],
        [
            42.0,
            0.013145298001856627
        ],
        [
            66.0,
            0.009562527325972353
        ],
        [
            106.0,
            3.727681678168901e-05
        ],
        [
            50.0,
            0.04064916397410439
        ],
        [
            10.0,
            0.10025309202383006
        ],
        [
            173.0,
            8.316556118239838e-05
        ],
        [
            101.0,
            0.010763657938050886
        ],
        [
            45.0,
            0.02447586878648679
        ],
        [
            117.0,
            0.002492714389935092
        ],
        [
            109.0,
            0.012836728275792814
        ],
        [
            53.0,
            0.015046279196094343
        ],
        [
            77.0,
            0.011275317171562535
        ],
        [
            69.0,
            0.005833219709169994
        ],
        [
            2.0,
            0.006477356496925085
        ],
        [
            149.0,
            8.316556118239832e-05
        ],
        [
            21.0,
            0.0003371011862300182
        ],
        [
            37.0,
            0.009092488404162446
        ],
        [
            85.0,
            0.005022453410199374
        ],
        [
            216.0,
            4.126965298013946e-05
        ],
        [
            144.0,
            0.00024629842860172284
        ],
        [
            88.0,
            0.0010838221822782738
        ],
        [
            136.0,
            0.00032345670686509257
        ]
    ],
    "approximation_ratio": 53.364502734408426,
    "approximation_ratio_offset": 0.7564441733283329,
    "noise": false,
    "p": 1
}