{
    "expected_value": 26.861,
    "optimal_gammas": [
        5.906118796206166,
        1.019996873969978
    ],
    "optimal_betas": [
        2.7100539013221523,
        0.1901456878771437
    ],
    "problem_identifier": "{'W': [1, 1], 'W_max': 2, 'A': 32, 'B': 4, 'C': 32}",
    "now": "2021-05-06 23:07:55",
    "execution_time": "3:04:13.179621",
    "nfev": 14790,
    "message": "Optimization terminated successfully.",
    "success": true,
    "nit": 243,
    "problem": {
        "W": [
            1,
            1
        ],
        "W_max": 2,
        "A": 32,
        "B": 4,
        "C": 32
    },
    "optimal_cost": 1.0,
    "probability_distribution": {
        "16.0": 0.0746,
        "49.0": 0.03980000000000001,
        "17.0": 0.0639,
        "1.0": 0.020499999999999997,
        "33.0": 0.0062,
        "65.0": 0.0017000000000000001,
        "25.0": 0.064,
        "9.0": 0.07989999999999997,
        "41.0": 0.0073999999999999995,
        "57.0": 0.0009,
        "32.0": 0.0074,
        "92.0": 0.0116,
        "44.0": 0.0498,
        "12.0": 0.0885,
        "60.0": 0.01,
        "28.0": 0.0271,
        "108.0": 0.0007,
        "76.0": 0.0021,
        "82.0": 0.0019,
        "50.0": 0.0069,
        "34.0": 0.010100000000000001,
        "18.0": 0.036699999999999997,
        "58.0": 0.0156,
        "42.0": 0.0324,
        "26.0": 0.06680000000000001,
        "10.0": 0.0479,
        "48.0": 0.0026000000000000003,
        "125.0": 0.0019,
        "77.0": 0.007899999999999999,
        "45.0": 0.022899999999999997,
        "93.0": 0.0035,
        "61.0": 0.0053,
        "29.0": 0.042300000000000004,
        "2.0": 0.005,
        "101.0": 0.0014,
        "53.0": 0.0205,
        "21.0": 0.049800000000000004,
        "85.0": 0.0046,
        "37.0": 0.0229,
        "80.0": 0.0004,
        "120.0": 0.0017,
        "88.0": 0.0045,
        "72.0": 0.0018999999999999998,
        "56.0": 0.0117,
        "40.0": 0.0148
    },
    "probability_distribution_items": [
        [
            16.0,
            0.0746
        ],
        [
            49.0,
            0.03980000000000001
        ],
        [
            17.0,
            0.0639
        ],
        [
            1.0,
            0.020499999999999997
        ],
        [
            33.0,
            0.0062
        ],
        [
            65.0,
            0.0017000000000000001
        ],
        [
            25.0,
            0.064
        ],
        [
            9.0,
            0.07989999999999997
        ],
        [
            41.0,
            0.0073999999999999995
        ],
        [
            57.0,
            0.0009
        ],
        [
            32.0,
            0.0074
        ],
        [
            92.0,
            0.0116
        ],
        [
            44.0,
            0.0498
        ],
        [
            12.0,
            0.0885
        ],
        [
            60.0,
            0.01
        ],
        [
            28.0,
            0.0271
        ],
        [
            108.0,
            0.0007
        ],
        [
            76.0,
            0.0021
        ],
        [
            82.0,
            0.0019
        ],
        [
            50.0,
            0.0069
        ],
        [
            34.0,
            0.010100000000000001
        ],
        [
            18.0,
            0.036699999999999997
        ],
        [
            58.0,
            0.0156
        ],
        [
            42.0,
            0.0324
        ],
        [
            26.0,
            0.06680000000000001
        ],
        [
            10.0,
            0.0479
        ],
        [
            48.0,
            0.0026000000000000003
        ],
        [
            125.0,
            0.0019
        ],
        [
            77.0,
            0.007899999999999999
        ],
        [
            45.0,
            0.022899999999999997
        ],
        [
            93.0,
            0.0035
        ],
        [
            61.0,
            0.0053
        ],
        [
            29.0,
            0.042300000000000004
        ],
        [
            2.0,
            0.005
        ],
        [
            101.0,
            0.0014
        ],
        [
            53.0,
            0.0205
        ],
        [
            21.0,
            0.049800000000000004
        ],
        [
            85.0,
            0.0046
        ],
        [
            37.0,
            0.0229
        ],
        [
            80.0,
            0.0004
        ],
        [
            120.0,
            0.0017
        ],
        [
            88.0,
            0.0045
        ],
        [
            72.0,
            0.0018999999999999998
        ],
        [
            56.0,
            0.0117
        ],
        [
            40.0,
            0.0148
        ]
    ],
    "approximation_ratio": 29.045,
    "approximation_ratio_offset": 0.832065868263473,
    "noise": true,
    "p": 2
}