{
    "expected_value": 10.402053768038403,
    "optimal_gammas": [
        2.1282535025044123
    ],
    "optimal_betas": [
        0.8646770755073478
    ],
    "problem_identifier": "{'W': [1, 1, 1], 'W_max': 1, 'A': 12, 'B': 4, 'C': 12}",
    "now": "2021-05-06 19:15:13",
    "execution_time": "0:05:43.943872",
    "nfev": 1200,
    "message": "Optimization terminated successfully.",
    "success": true,
    "nit": 38,
    "problem": {
        "W": [
            1,
            1,
            1
        ],
        "W_max": 1,
        "A": 12,
        "B": 4,
        "C": 12
    },
    "optimal_cost": 3.0,
    "probability_distribution": {
        "9.0": 0.7243911962744161,
        "15.0": 0.04098153066095612,
        "27.0": 0.004100426386466777,
        "21.0": 0.015764627552274108,
        "33.0": 0.0017670384375331465,
        "45.0": 0.0005258810793943927,
        "63.0": 5.6635138978157325e-06,
        "39.0": 0.0003650506119401317,
        "57.0": 3.535563200607624e-05,
        "51.0": 2.5581452481842465e-05,
        "75.0": 1.2514663069665022e-05,
        "69.0": 7.487359586760174e-06,
        "93.0": 3.6519831328341186e-07,
        "117.0": 9.188242221741419e-09,
        "13.0": 0.13821247671584688,
        "7.0": 0.032783974916286714,
        "19.0": 0.012355326470887011,
        "25.0": 0.0021588073707505522,
        "31.0": 0.0009092609995591755,
        "37.0": 0.00046015347154152147,
        "49.0": 6.299515769867376e-05,
        "43.0": 7.17799911063274e-05,
        "61.0": 3.5232498833537974e-06,
        "55.0": 2.035724755824927e-05,
        "67.0": 2.739829981144937e-06,
        "79.0": 6.943779372513039e-07,
        "73.0": 9.717795099853819e-07,
        "85.0": 3.4718896862565436e-07,
        "103.0": 1.9150963017515413e-08,
        "17.0": 0.0116399881249484,
        "11.0": 0.011286508811267706,
        "5.0": 0.0008593440839636566,
        "23.0": 0.00090596283014474,
        "35.0": 0.00016559368298718193,
        "29.0": 7.486907501609872e-05,
        "47.0": 4.708486243308128e-06,
        "41.0": 2.428976190931421e-05,
        "53.0": 2.7944477419766495e-06,
        "65.0": 4.2139380919359125e-08,
        "59.0": 1.6199549579120994e-06,
        "71.0": 8.42787618387184e-08,
        "89.0": 1.8940312041001225e-08,
        "3.0": 8.01945331269414e-06
    },
    "probability_distribution_items": [
        [
            9.0,
            0.7243911962744161
        ],
        [
            15.0,
            0.04098153066095612
        ],
        [
            27.0,
            0.004100426386466777
        ],
        [
            21.0,
            0.015764627552274108
        ],
        [
            33.0,
            0.0017670384375331465
        ],
        [
            45.0,
            0.0005258810793943927
        ],
        [
            63.0,
            5.6635138978157325e-06
        ],
        [
            39.0,
            0.0003650506119401317
        ],
        [
            57.0,
            3.535563200607624e-05
        ],
        [
            51.0,
            2.5581452481842465e-05
        ],
        [
            75.0,
            1.2514663069665022e-05
        ],
        [
            69.0,
            7.487359586760174e-06
        ],
        [
            93.0,
            3.6519831328341186e-07
        ],
        [
            117.0,
            9.188242221741419e-09
        ],
        [
            13.0,
            0.13821247671584688
        ],
        [
            7.0,
            0.032783974916286714
        ],
        [
            19.0,
            0.012355326470887011
        ],
        [
            25.0,
            0.0021588073707505522
        ],
        [
            31.0,
            0.0009092609995591755
        ],
        [
            37.0,
            0.00046015347154152147
        ],
        [
            49.0,
            6.299515769867376e-05
        ],
        [
            43.0,
            7.17799911063274e-05
        ],
        [
            61.0,
            3.5232498833537974e-06
        ],
        [
            55.0,
            2.035724755824927e-05
        ],
        [
            67.0,
            2.739829981144937e-06
        ],
        [
            79.0,
            6.943779372513039e-07
        ],
        [
            73.0,
            9.717795099853819e-07
        ],
        [
            85.0,
            3.4718896862565436e-07
        ],
        [
            103.0,
            1.9150963017515413e-08
        ],
        [
            17.0,
            0.0116399881249484
        ],
        [
            11.0,
            0.011286508811267706
        ],
        [
            5.0,
            0.0008593440839636566
        ],
        [
            23.0,
            0.00090596283014474
        ],
        [
            35.0,
            0.00016559368298718193
        ],
        [
            29.0,
            7.486907501609872e-05
        ],
        [
            47.0,
            4.708486243308128e-06
        ],
        [
            41.0,
            2.428976190931421e-05
        ],
        [
            53.0,
            2.7944477419766495e-06
        ],
        [
            65.0,
            4.2139380919359125e-08
        ],
        [
            59.0,
            1.6199549579120994e-06
        ],
        [
            71.0,
            8.42787618387184e-08
        ],
        [
            89.0,
            1.8940312041001225e-08
        ],
        [
            3.0,
            8.01945331269414e-06
        ]
    ],
    "approximation_ratio": 3.467351256012819,
    "approximation_ratio_offset": 0.9350697037891363,
    "noise": false,
    "p": 1
}