{
    "expected_value": 35.216474586932904,
    "optimal_gammas": [
        2.1379104597782983
    ],
    "optimal_betas": [
        0.38961600507692296
    ],
    "problem_identifier": "{'W': [1, 1], 'W_max': 2, 'A': 32, 'B': 4, 'C': 64}",
    "now": "2021-05-06 18:45:45",
    "execution_time": "0:00:48.482390",
    "nfev": 1065,
    "message": "Optimization terminated successfully.",
    "success": true,
    "nit": 33,
    "problem": {
        "W": [
            1,
            1
        ],
        "W_max": 2,
        "A": 32,
        "B": 4,
        "C": 64
    },
    "optimal_cost": 1.0,
    "probability_distribution": {
        "32.0": 0.07885213605098997,
        "24.0": 0.014807635214963685,
        "48.0": 0.0012570352555923803,
        "16.0": 0.0007994287222155577,
        "56.0": 0.0021009932541631118,
        "96.0": 0.00045602984022839103,
        "65.0": 0.04701141541803526,
        "25.0": 0.07469552304263603,
        "1.0": 0.037312390618688726,
        "57.0": 0.011598051827474008,
        "49.0": 0.00884632106346949,
        "17.0": 0.07345920125350155,
        "41.0": 0.04948443483531027,
        "9.0": 0.04268906999658889,
        "33.0": 0.01467732217391437,
        "73.0": 0.0028395708256001885,
        "108.0": 0.0029533331307006884,
        "52.0": 0.03451363995547427,
        "12.0": 0.08523696589466316,
        "100.0": 0.0008899296348604988,
        "76.0": 0.015838158559600884,
        "44.0": 0.005150427520534923,
        "36.0": 0.02326418779444125,
        "84.0": 0.005293086709710154,
        "98.0": 0.003418264661213601,
        "58.0": 0.004348061022154052,
        "34.0": 0.06520121839089656,
        "50.0": 0.032890214807802354,
        "18.0": 0.036927001565443554,
        "26.0": 0.020005018262661222,
        "74.0": 0.014876884543901278,
        "42.0": 0.07674508414913743,
        "10.0": 0.02754567451226688,
        "141.0": 0.0026036810080498343,
        "85.0": 0.005398852363100146,
        "45.0": 0.01055042551900539,
        "101.0": 0.0043292176551140375,
        "77.0": 0.005459645207606566,
        "37.0": 0.01090217411022695,
        "53.0": 0.011889552774841626,
        "2.0": 0.001197733321135743,
        "117.0": 0.002603681008049835,
        "61.0": 0.004316998121905595,
        "21.0": 0.0002557150618884912,
        "93.0": 0.004329217655114036,
        "69.0": 0.001557218916182476,
        "29.0": 0.009676444377722138,
        "184.0": 0.001446777140635737,
        "128.0": 0.001776730410547738,
        "88.0": 0.002846956433487747,
        "104.0": 0.0008530754790282815,
        "72.0": 0.0003913577320352129,
        "64.0": 0.001630835195488677
    },
    "probability_distribution_items": [
        [
            32.0,
            0.07885213605098997
        ],
        [
            24.0,
            0.014807635214963685
        ],
        [
            48.0,
            0.0012570352555923803
        ],
        [
            16.0,
            0.0007994287222155577
        ],
        [
            56.0,
            0.0021009932541631118
        ],
        [
            96.0,
            0.00045602984022839103
        ],
        [
            65.0,
            0.04701141541803526
        ],
        [
            25.0,
            0.07469552304263603
        ],
        [
            1.0,
            0.037312390618688726
        ],
        [
            57.0,
            0.011598051827474008
        ],
        [
            49.0,
            0.00884632106346949
        ],
        [
            17.0,
            0.07345920125350155
        ],
        [
            41.0,
            0.04948443483531027
        ],
        [
            9.0,
            0.04268906999658889
        ],
        [
            33.0,
            0.01467732217391437
        ],
        [
            73.0,
            0.0028395708256001885
        ],
        [
            108.0,
            0.0029533331307006884
        ],
        [
            52.0,
            0.03451363995547427
        ],
        [
            12.0,
            0.08523696589466316
        ],
        [
            100.0,
            0.0008899296348604988
        ],
        [
            76.0,
            0.015838158559600884
        ],
        [
            44.0,
            0.005150427520534923
        ],
        [
            36.0,
            0.02326418779444125
        ],
        [
            84.0,
            0.005293086709710154
        ],
        [
            98.0,
            0.003418264661213601
        ],
        [
            58.0,
            0.004348061022154052
        ],
        [
            34.0,
            0.06520121839089656
        ],
        [
            50.0,
            0.032890214807802354
        ],
        [
            18.0,
            0.036927001565443554
        ],
        [
            26.0,
            0.020005018262661222
        ],
        [
            74.0,
            0.014876884543901278
        ],
        [
            42.0,
            0.07674508414913743
        ],
        [
            10.0,
            0.02754567451226688
        ],
        [
            141.0,
            0.0026036810080498343
        ],
        [
            85.0,
            0.005398852363100146
        ],
        [
            45.0,
            0.01055042551900539
        ],
        [
            101.0,
            0.0043292176551140375
        ],
        [
            77.0,
            0.005459645207606566
        ],
        [
            37.0,
            0.01090217411022695
        ],
        [
            53.0,
            0.011889552774841626
        ],
        [
            2.0,
            0.001197733321135743
        ],
        [
            117.0,
            0.002603681008049835
        ],
        [
            61.0,
            0.004316998121905595
        ],
        [
            21.0,
            0.0002557150618884912
        ],
        [
            93.0,
            0.004329217655114036
        ],
        [
            69.0,
            0.001557218916182476
        ],
        [
            29.0,
            0.009676444377722138
        ],
        [
            184.0,
            0.001446777140635737
        ],
        [
            128.0,
            0.001776730410547738
        ],
        [
            88.0,
            0.002846956433487747
        ],
        [
            104.0,
            0.0008530754790282815
        ],
        [
            72.0,
            0.0003913577320352129
        ],
        [
            64.0,
            0.001630835195488677
        ]
    ],
    "approximation_ratio": 35.216474586932975,
    "approximation_ratio_offset": 0.8130247290331531,
    "noise": false,
    "p": 1
}