{
    "expected_value": 107.01234143645588,
    "optimal_gammas": [
        3.1838810282719208,
        0.802538179738605
    ],
    "optimal_betas": [
        2.343504266078978,
        1.5441418837868872
    ],
    "problem_identifier": "{'W': [1, 1, 1], 'W_max': 1, 'A': 16, 'B': 4, 'C': 448}",
    "now": "2021-05-14 02:35:02",
    "execution_time": "0:21:50.041634",
    "nfev": 3325,
    "message": "Maximum number of iterations has been exceeded.",
    "success": false,
    "nit": 50,
    "problem": {
        "W": [
            1,
            1,
            1
        ],
        "W_max": 1,
        "A": 16,
        "B": 4,
        "C": 448
    },
    "optimal_cost": 3.0,
    "probability_distribution": {
        "336.0": 1.2412034502059562e-05,
        "228.0": 0.0014578187273329632,
        "128.0": 0.04842757099163825,
        "36.0": 0.5402580535945526,
        "344.0": 0.0021235536588553572,
        "120.0": 0.004257883835308781,
        "244.0": 0.06741785794554007,
        "20.0": 0.033710500853049274,
        "152.0": 0.002990837897377569,
        "368.0": 0.004569873859965523,
        "144.0": 0.009140766724890914,
        "276.0": 0.10109382046240618,
        "408.0": 0.0006063845048922639,
        "684.0": 0.0004607007068643368,
        "236.0": 0.002940938563372337,
        "584.0": 0.00032209307907291507,
        "136.0": 0.0008146513844578989,
        "492.0": 0.0010365452833837568,
        "360.0": 0.0003051170843486967,
        "12.0": 0.0010097685748218334,
        "268.0": 0.0007747738187139623,
        "708.0": 0.001773796070150442,
        "484.0": 0.0017811858886098726,
        "260.0": 0.004712476494171248,
        "616.0": 0.00035143218780677604,
        "392.0": 0.00021351203680629243,
        "748.0": 5.720077407558027e-05,
        "1056.0": 8.345075989748876e-05,
        "608.0": 0.0005331505000115039,
        "964.0": 0.0015238925109202976,
        "384.0": 0.00018312449010826363,
        "740.0": 0.0030000840973823184,
        "1096.0": 8.09567693480249e-05,
        "1452.0": 6.010572394753806e-07,
        "341.0": 0.0020553031794968745,
        "225.0": 0.001133832925663396,
        "117.0": 0.02084536459048218,
        "17.0": 0.0006098736679832908,
        "233.0": 0.0027619492622434337,
        "9.0": 0.00023452307248310555,
        "133.0": 0.03843668584483496,
        "241.0": 0.00042486309109668764,
        "357.0": 0.001941031369533479,
        "257.0": 0.00019723977885033867,
        "41.0": 0.0007864093598429565,
        "149.0": 0.002778183727239552,
        "265.0": 0.00017529702868547567,
        "389.0": 4.571700610959333e-05,
        "349.0": 0.00111411607870739,
        "681.0": 1.590339411594447e-05,
        "573.0": 7.079134571632843e-05,
        "125.0": 0.002190934176101119,
        "473.0": 5.2329591727917906e-05,
        "249.0": 0.0005241057279025365,
        "581.0": 0.00014722982247941804,
        "697.0": 3.889006232505967e-05,
        "597.0": 0.00025925367629769984,
        "25.0": 0.00020831795574210947,
        "373.0": 0.0010215744430794645,
        "157.0": 0.0009714149535751475,
        "489.0": 2.628653794210094e-05,
        "605.0": 4.4874885162678565e-05,
        "381.0": 2.708468573201615e-05,
        "729.0": 3.34295060390326e-05,
        "705.0": 2.041297447581064e-05,
        "1045.0": 3.5828720121799136e-05,
        "945.0": 9.966219975754836e-06,
        "481.0": 1.9894351630202684e-05,
        "721.0": 1.4084380766079485e-05,
        "281.0": 0.00015750989387494565,
        "613.0": 4.5046512113868275e-05,
        "953.0": 1.884853765511833e-05,
        "1077.0": 7.414669248616057e-07,
        "413.0": 9.401973664383548e-06,
        "745.0": 2.0884211052411283e-06,
        "1085.0": 3.707334624308084e-07,
        "1433.0": 1.892528054220027e-07,
        "346.0": 0.00045534349240472375,
        "230.0": 0.0023511255675751847,
        "122.0": 0.00548397576663501,
        "22.0": 0.03153169271338431,
        "338.0": 0.00011692625885834626,
        "114.0": 0.00024043903004351803,
        "6.0": 0.0010205400381181507,
        "130.0": 0.0001866601824620892,
        "246.0": 0.004920211224962357,
        "370.0": 3.377908190585569e-05,
        "238.0": 0.0021371877464287565,
        "14.0": 0.0009123366674547282,
        "138.0": 0.0031430370198705284,
        "678.0": 3.85717420542951e-05,
        "570.0": 4.1600649254488356e-05,
        "470.0": 0.00014297016965030037,
        "686.0": 4.81289703295383e-05,
        "462.0": 4.749220534312694e-05,
        "586.0": 0.00010684843440373978,
        "362.0": 0.00039082912928613197,
        "710.0": 0.0001593841602744851,
        "262.0": 0.002796730042171099,
        "578.0": 2.1721136789789183e-05,
        "354.0": 1.555484860445121e-05,
        "694.0": 9.546980648500048e-05,
        "594.0": 3.507827972716742e-05,
        "1034.0": 1.3141798119414413e-05,
        "934.0": 7.869558696577722e-05,
        "1058.0": 4.957995436515706e-06,
        "46.0": 0.01530181145885166,
        "154.0": 0.00014758946298871372,
        "270.0": 0.0027772147850124627,
        "394.0": 4.7630644908156876e-05,
        "486.0": 2.3585445920745857e-05,
        "602.0": 3.4379757613152746e-05,
        "378.0": 1.0662281565791857e-05,
        "726.0": 2.315110504154719e-06,
        "942.0": 3.9311899563694846e-05,
        "718.0": 7.914919643039759e-05,
        "1066.0": 9.915990873031418e-06,
        "1414.0": 1.6176883862846677e-08,
        "351.0": 0.00025105819168269746,
        "235.0": 0.0005328632567888778,
        "127.0": 0.005126009213459406,
        "27.0": 0.0003049065523168314,
        "343.0": 0.00028003535149196193,
        "119.0": 0.0005659179427755851,
        "11.0": 7.897387450632176e-05,
        "135.0": 9.315454799500492e-05,
        "251.0": 9.194403565858133e-05,
        "375.0": 1.4102273750696392e-06,
        "675.0": 2.871084762062804e-06,
        "227.0": 1.1301068421028445e-05,
        "567.0": 1.591700717518658e-05,
        "467.0": 3.036452037399139e-06,
        "3.0": 2.7794494484513947e-06,
        "243.0": 3.800442755346545e-06,
        "683.0": 9.138532086122544e-06,
        "459.0": 8.590093342455582e-06,
        "583.0": 4.005262898551398e-06,
        "359.0": 2.0600881248609502e-06,
        "707.0": 7.341986046813549e-07,
        "1023.0": 3.1340992804182265e-06,
        "575.0": 1.8158108352842413e-05,
        "923.0": 3.673038719216099e-06,
        "699.0": 6.4515288815813535e-06,
        "1047.0": 5.9526055041034485e-08,
        "1395.0": 2.3461249166434434e-08
    },