{
    "expected_value": 2.0336313023672328,
    "optimal_gammas": [
        3.432975866491293
    ],
    "optimal_betas": [
        2.4214294885415275
    ],
    "problem_identifier": "{'W': [1], 'W_max': 1, 'A': 8, 'B': 4, 'C': 16}",
    "now": "2021-05-14 01:36:23",
    "execution_time": "0:00:23.683717",
    "nfev": 660,
    "message": "Optimization terminated successfully.",
    "success": true,
    "nit": 20,
    "problem": {
        "W": [
            1
        ],
        "W_max": 1,
        "A": 8,
        "B": 4,
        "C": 16
    },
    "optimal_cost": 1.0,
    "probability_distribution": {
        "4.0": 0.2983558070382518,
        "2.0": 0.006435969779571091,
        "7.0": 0.02202131857881756,
        "1.0": 0.6731869046033594
    },
    "probability_distribution_items": [
        [
            4.0,
            0.2983558070382518
        ],
        [
            2.0,
            0.006435969779571091
        ],
        [
            7.0,
            0.02202131857881756
        ],
        [
            1.0,
            0.6731869046033594
        ]
    ],
    "approximation_ratio": 2.033631302367232,
    "approximation_ratio_offset": 0.8277281162721281,
    "noise": false,
    "p": 1
}