{
    "expected_value": 1.0000000000755371,
    "optimal_gammas": [
        4.7678342705203836,
        0.7130958795813285,
        4.067259983736077,
        1.8025790903184307
    ],
    "optimal_betas": [
        1.2993542382421126,
        0.6735089360912426,
        2.6549021803295805,
        2.8053588028602934
    ],
    "problem_identifier": "{'W': [1], 'W_max': 1, 'A': 8, 'B': 4, 'C': 16}",
    "now": "2021-05-14 02:22:23",
    "execution_time": "0:33:18.717471",
    "nfev": 6462,
    "message": "Maximum number of iterations has been exceeded.",
    "success": false,
    "nit": 50,
    "problem": {
        "W": [
            1
        ],
        "W_max": 1,
        "A": 8,
        "B": 4,
        "C": 16
    },
    "optimal_cost": 1.0,
    "probability_distribution": {
        "4.0": 1.573945624691965e-11,
        "2.0": 1.783410188894029e-11,
        "7.0": 1.7475516172216926e-12,
        "1.0": 0.9999999999646789
    },
    "probability_distribution_items": [
        [
            4.0,
            1.573945624691965e-11
        ],
        [
            2.0,
            1.783410188894029e-11
        ],
        [
            7.0,
            1.7475516172216926e-12
        ],
        [
            1.0,
            0.9999999999646789
        ]
    ],
    "approximation_ratio": 1.0000000000755378,
    "approximation_ratio_offset": 0.9999999999874104,
    "noise": false,
    "p": 4
}