{
    "expected_value": 1.0000000000984344,
    "optimal_gammas": [
        3.3715122405104965,
        3.691822867364861,
        3.4490592513702456,
        5.913116108815292
    ],
    "optimal_betas": [
        1.3318917880879215,
        2.5212746099389607,
        1.4504785550899706,
        3.0755939320285304
    ],
    "problem_identifier": "{'W': [1], 'W_max': 1, 'A': 8, 'B': 4, 'C': 16}",
    "now": "2021-05-14 07:57:20",
    "execution_time": "1:56:44.294317",
    "nfev": 6435,
    "message": "Maximum number of iterations has been exceeded.",
    "success": false,
    "nit": 50,
    "problem": {
        "W": [
            1
        ],
        "W_max": 1,
        "A": 8,
        "B": 4,
        "C": 16
    },
    "optimal_cost": 1.0,
    "probability_distribution": {
        "4.0": 1.658145857450443e-11,
        "2.0": 7.41772468993484e-12,
        "7.0": 6.878742808758704e-12,
        "1.0": 0.999999999969122
    },
    "probability_distribution_items": [
        [
            4.0,
            1.658145857450443e-11
        ],
        [
            2.0,
            7.41772468993484e-12
        ],
        [
            7.0,
            6.878742808758704e-12
        ],
        [
            1.0,
            0.999999999969122
        ]
    ],
    "approximation_ratio": 1.0000000000984346,
    "approximation_ratio_offset": 0.9999999999835941,
    "noise": false,
    "p": 4
}