{
    "expected_value": 2.033631302366979,
    "optimal_gammas": [
        5.991802062892414
    ],
    "optimal_betas": [
        0.7201629964220202
    ],
    "problem_identifier": "{'W': [1], 'W_max': 1, 'A': 8, 'B': 4, 'C': 16}",
    "now": "2021-05-14 01:51:48",
    "execution_time": "0:03:10.861429",
    "nfev": 813,
    "message": "Optimization terminated successfully.",
    "success": true,
    "nit": 25,
    "problem": {
        "W": [
            1
        ],
        "W_max": 1,
        "A": 8,
        "B": 4,
        "C": 16
    },
    "optimal_cost": 1.0,
    "probability_distribution": {
        "4.0": 0.2983558985032395,
        "2.0": 0.006435939146587592,
        "7.0": 0.022021277951779036,
        "1.0": 0.6731868843983938
    },
    "probability_distribution_items": [
        [
            4.0,
            0.2983558985032395
        ],
        [
            2.0,
            0.006435939146587592
        ],
        [
            7.0,
            0.022021277951779036
        ],
        [
            1.0,
            0.6731868843983938
        ]
    ],
    "approximation_ratio": 2.03363130236698,
    "approximation_ratio_offset": 0.82772811627217,
    "noise": false,
    "p": 1
}