{
    "expected_value": 80.75817715379813,
    "optimal_gammas": [
        0.042369858739468406,
        3.4349578217888257
    ],
    "optimal_betas": [
        0.982887538920131,
        0.27128709227917985
    ],
    "problem_identifier": "{'W': [1, 1, 1], 'W_max': 1, 'A': 16, 'B': 4, 'C': 448}",
    "now": "2021-05-14 04:15:02",
    "execution_time": "0:38:40.093518",
    "nfev": 3280,
    "message": "Maximum number of iterations has been exceeded.",
    "success": false,
    "nit": 50,
    "problem": {
        "W": [
            1,
            1,
            1
        ],
        "W_max": 1,
        "A": 16,
        "B": 4,
        "C": 448
    },
    "optimal_cost": 3.0,
    "probability_distribution": {
        "336.0": 2.5670311873676837e-07,
        "228.0": 0.00010909109014840606,
        "128.0": 0.016186943853548633,
        "36.0": 0.740724070721053,
        "344.0": 0.00016826186137672196,
        "120.0": 0.00033947484441521465,
        "244.0": 0.029092249898984138,
        "20.0": 0.014546667641927505,
        "152.0": 0.000631331579928813,
        "368.0": 0.01001175179876027,
        "144.0": 0.02002492074138482,
        "276.0": 0.047816848872090645,
        "408.0": 0.012503996630127365,
        "684.0": 7.142324500885721e-05,
        "236.0": 0.0007639917380136533,
        "584.0": 0.0005088752340239471,
        "136.0": 0.0010582111483910831,
        "492.0": 0.0010154655740203596,
        "360.0": 0.0003403499024551708,
        "12.0": 0.0003105726239979701,
        "268.0": 0.0009997775576855155,
        "708.0": 0.00045315737084894675,
        "484.0": 0.0005321896814357545,
        "260.0": 0.0012543083682626753,
        "616.0": 0.0017771660885293528,
        "392.0": 0.0009540835771318981,
        "748.0": 0.000967548844299263,
        "1056.0": 2.8021386309014872e-05,
        "608.0": 0.00011416387137395786,
        "964.0": 0.0002862351463377717,
        "384.0": 2.90605493779641e-05,
        "740.0": 0.0003340797150692626,
        "1096.0": 0.00034693605065506234,
        "1452.0": 4.5961543966482565e-05,
        "341.0": 0.00046588048495437533,
        "225.0": 8.785042514250813e-05,
        "117.0": 0.00833431215710551,
        "17.0": 0.00034236063971387963,
        "233.0": 0.0009391209003305406,
        "9.0": 0.0003496900204607414,
        "133.0": 0.01634798716912788,
        "241.0": 0.0006367396865882881,
        "357.0": 0.000501236632866948,
        "257.0": 0.0007873623574636457,
        "41.0": 5.880172536660066e-05,
        "149.0": 0.0013352193112436228,
        "265.0": 0.0008449029389105022,
        "389.0": 0.000395873727377288,
        "349.0": 0.00034441688483065363,
        "681.0": 2.5607755434368686e-05,
        "573.0": 3.795553950500208e-05,
        "125.0": 0.0005523420879079107,
        "473.0": 8.174812940158427e-05,
        "249.0": 0.0007758020543000258,
        "581.0": 7.447159957991099e-05,
        "697.0": 4.365305717356048e-05,
        "597.0": 0.00011812806023025735,
        "25.0": 0.0003301857692197609,
        "373.0": 0.0002594080263446388,
        "157.0": 0.0008926370302569423,
        "489.0": 7.294979430531184e-05,
        "605.0": 7.725096336536484e-05,
        "381.0": 4.347418104190735e-05,
        "729.0": 0.00010079920190746635,
        "705.0": 1.910151014844127e-05,
        "1045.0": 5.493734884836614e-06,
        "945.0": 9.426750971810774e-06,
        "481.0": 1.9462952907611638e-05,
        "721.0": 1.694901628613277e-05,
        "281.0": 0.0007316361844684953,
        "613.0": 7.240244396953276e-05,
        "953.0": 2.434282211585729e-05,
        "1077.0": 3.009664284179269e-05,
        "413.0": 0.00017377551346977411,
        "745.0": 3.619524475371824e-05,
        "1085.0": 1.5048321420896352e-05,
        "1433.0": 7.873853962314535e-06,
        "346.0": 0.0003072272016407134,
        "230.0": 0.0007374854475132228,
        "122.0": 0.010608775065297865,
        "22.0": 0.0025599421716618995,
        "338.0": 0.0001018183104971051,
        "114.0": 0.00024637776067396613,
        "6.0": 0.00033151994626819776,
        "130.0": 0.00045930637498928353,
        "246.0": 0.0009011604338038988,
        "370.0": 3.704014793923481e-05,
        "238.0": 0.0007031321937864796,
        "14.0": 0.00022115889010972413,
        "138.0": 0.005590817721507294,
        "678.0": 1.2415975052987751e-05,
        "570.0": 4.641816429071137e-05,
        "470.0": 5.642362491840131e-05,
        "686.0": 5.8768265318693014e-06,
        "462.0": 9.31839806571968e-06,
        "586.0": 4.200151240154222e-05,
        "362.0": 8.588359870207685e-05,
        "710.0": 1.6758475984050126e-05,
        "262.0": 0.00031731935459514935,
        "578.0": 2.201417889866759e-05,
        "354.0": 1.1692643674503637e-05,
        "694.0": 1.623505627146427e-05,
        "594.0": 2.864328836004214e-05,
        "1034.0": 1.8867936381506286e-06,
        "934.0": 7.037207866176741e-06,
        "1058.0": 2.248098514756851e-06,
        "46.0": 0.0011208864871992202,
        "154.0": 0.0004248045215042121,
        "270.0": 0.00029415305411068876,
        "394.0": 5.126954262831523e-05,
        "486.0": 2.043669846315123e-05,
        "602.0": 3.1255607546816355e-05,
        "378.0": 8.793057438302924e-06,
        "726.0": 8.763001512415519e-06,
        "942.0": 2.863973162445911e-06,
        "718.0": 6.843118384563584e-06,
        "1066.0": 4.496197029513688e-06,
        "1414.0": 6.38994243671368e-07,
        "351.0": 0.00012326265262419984,
        "235.0": 0.0016402814850469253,
        "127.0": 0.02079927556440326,
        "27.0": 0.006256560309077486,
        "343.0": 0.0005153515584755635,
        "119.0": 0.0010662817093366496,
        "11.0": 0.0006864317630870769,
        "135.0": 0.0014665787999516473,
        "251.0": 0.0006300532329401457,
        "375.0": 0.0001005122633599915,
        "675.0": 1.203330155405809e-05,
        "227.0": 6.969633094698597e-05,
        "567.0": 6.124892351402442e-05,
        "467.0": 5.969403512317458e-05,
        "3.0": 2.281486391943482e-05,
        "243.0": 8.499529736823358e-05,
        "683.0": 1.2221737262348206e-05,
        "459.0": 9.869042137678953e-06,
        "583.0": 6.425809737961646e-05,
        "359.0": 3.5176489605873215e-05,
        "707.0": 2.705140764394303e-05,
        "1023.0": 1.819186904121868e-06,
        "575.0": 5.4007071469150515e-06,
        "923.0": 3.3823342836567374e-06,
        "699.0": 5.141559832884106e-06,
        "1047.0": 8.277759519164627e-06,
        "1395.0": 1.771713170294847e-06
    },