{
    "expected_value": 1.0000000000247433,
    "optimal_gammas": [
        6.096411657564717,
        3.8863346609177865,
        4.457731339294459,
        6.263353723408928,
        4.0402039806985455,
        5.887024919908074,
        1.3682629311342116
    ],
    "optimal_betas": [
        0.8625227124730229,
        1.5176053833897336,
        2.5695657892426294,
        0.5154768070843722,
        0.13998157034802752,
        0.6706162782883296,
        1.412939180272071
    ],
    "problem_identifier": "{'W': [1], 'W_max': 1, 'A': 8, 'B': 4, 'C': 16}",
    "now": "2021-05-14 10:31:22",
    "execution_time": "3:56:09.751198",
    "nfev": 11010,
    "message": "Maximum number of iterations has been exceeded.",
    "success": false,
    "nit": 50,
    "problem": {
        "W": [
            1
        ],
        "W_max": 1,
        "A": 8,
        "B": 4,
        "C": 16
    },
    "optimal_cost": 1.0,
    "probability_distribution": {
        "4.0": 5.469393151612249e-12,
        "2.0": 4.938759699106239e-12,
        "7.0": 5.659742219775081e-13,
        "1.0": 0.9999999999890259
    },
    "probability_distribution_items": [
        [
            4.0,
            5.469393151612249e-12
        ],
        [
            2.0,
            4.938759699106239e-12
        ],
        [
            7.0,
            5.659742219775081e-13
        ],
        [
            1.0,
            0.9999999999890259
        ]
    ],
    "approximation_ratio": 1.0000000000247429,
    "approximation_ratio_offset": 0.9999999999958762,
    "noise": false,
    "p": 7
}