{
    "expected_value": 82.3320828995989,
    "optimal_gammas": [
        5.885446177097548,
        3.2309309293172457,
        1.4724755690398748
    ],
    "optimal_betas": [
        1.5703941404333344,
        1.6412605830573017,
        2.401687386739178
    ],
    "problem_identifier": "{'W': [1, 1, 1], 'W_max': 1, 'A': 16, 'B': 4, 'C': 448}",
    "now": "2021-05-14 07:15:53",
    "execution_time": "1:33:38.866002",
    "nfev": 5444,
    "message": "Maximum number of iterations has been exceeded.",
    "success": false,
    "nit": 50,
    "problem": {
        "W": [
            1,
            1,
            1
        ],
        "W_max": 1,
        "A": 16,
        "B": 4,
        "C": 448
    },
    "optimal_cost": 3.0,
    "probability_distribution": {
        "336.0": 0.0017352350306796848,
        "228.0": 0.03704451300150738,
        "128.0": 0.25949842319354577,
        "36.0": 0.6094113560184623,
        "344.0": 0.001326642968994465,
        "120.0": 0.0026565973959542417,
        "244.0": 0.010849189594299315,
        "20.0": 0.00542377271721059,
        "152.0": 0.0008968512126985916,
        "368.0": 0.003994812583533052,
        "144.0": 0.00798968473234924,
        "276.0": 0.02220845946756821,
        "408.0": 0.004015711928604767,
        "684.0": 6.31394161012773e-06,
        "236.0": 5.249767591020385e-05,
        "584.0": 3.0398446601658547e-05,
        "136.0": 6.631826408019213e-05,
        "492.0": 1.3122692245350788e-05,
        "360.0": 2.744061190959345e-05,
        "12.0": 1.9934896344974334e-05,
        "268.0": 2.796324005273593e-05,
        "708.0": 4.975410268069915e-05,
        "484.0": 4.977860196224189e-05,
        "260.0": 0.00013822832968616713,
        "616.0": 5.49147439311231e-05,
        "392.0": 2.383107587890742e-05,
        "748.0": 4.479340033579565e-06,
        "1056.0": 1.4761103549499104e-05,
        "608.0": 8.693765974430324e-05,
        "964.0": 6.948806410686195e-05,
        "384.0": 2.870772632265244e-05,
        "740.0": 0.00013939196233114402,
        "1096.0": 7.295712688815036e-05,
        "1452.0": 7.039682709361842e-06,
        "341.0": 0.00017347146782121278,
        "225.0": 0.0006694046584793739,
        "117.0": 0.002411219499026266,
        "17.0": 4.411033171355123e-05,
        "233.0": 0.0013693221546765097,
        "9.0": 1.402442832252063e-05,
        "133.0": 0.004784176101067297,
        "241.0": 3.0075304157911266e-05,
        "357.0": 4.525886824922712e-05,
        "257.0": 2.035197138431636e-05,
        "41.0": 5.9730837488814456e-05,
        "149.0": 5.9480926397143614e-05,
        "265.0": 2.0278298540217922e-05,
        "389.0": 8.730524997820161e-07,
        "349.0": 2.0400157936823634e-05,
        "681.0": 4.34686320423674e-08,
        "573.0": 2.6749203561904804e-07,
        "125.0": 3.304515004009949e-05,
        "473.0": 5.26783369057378e-07,
        "249.0": 2.9066410923620922e-05,
        "581.0": 4.4012372397061273e-07,
        "697.0": 2.954426229943982e-07,
        "597.0": 1.2195663486634257e-06,
        "25.0": 1.6054864939917716e-05,
        "373.0": 2.4201039622111152e-05,
        "157.0": 1.4560522354159626e-05,
        "489.0": 4.401383728185548e-07,
        "605.0": 2.2583428626319314e-07,
        "381.0": 1.0205675270469539e-07,
        "729.0": 4.946564695031702e-07,
        "705.0": 1.5153975494940694e-07,
        "1045.0": 1.6533029479278408e-07,
        "945.0": 1.0994901729718455e-07,
        "481.0": 1.4768140452369243e-07,
        "721.0": 1.9969509070095505e-07,
        "281.0": 2.0015327526224902e-05,
        "613.0": 2.2139390656808756e-07,
        "953.0": 2.1344810892286144e-07,
        "1077.0": 9.910539293346181e-08,
        "413.0": 3.83277683691112e-07,
        "745.0": 4.440818121487004e-08,
        "1085.0": 4.955269646672335e-08,
        "1433.0": 4.7501105265906026e-09,
        "346.0": 0.00012106439023851833,
        "230.0": 0.000820439873159494,
        "122.0": 0.004108855850311055,
        "22.0": 0.006298550848642346,
        "338.0": 1.373814637465585e-05,
        "114.0": 2.5249045876957325e-05,
        "6.0": 3.123609656388076e-05,
        "130.0": 1.0341564674226179e-05,
        "246.0": 0.00017870392858426203,
        "370.0": 2.2000320019377842e-05,
        "238.0": 0.00044247645897396796,
        "14.0": 2.8618957569958134e-05,
        "138.0": 0.0021244686802565646,
        "678.0": 9.68768657422475e-08,
        "570.0": 4.5541104507275643e-07,
        "470.0": 7.219260511520737e-07,
        "686.0": 2.8130410842625677e-07,
        "462.0": 2.8104899635831384e-07,
        "586.0": 2.1567781444927506e-06,
        "362.0": 5.857508208455286e-05,
        "710.0": 1.5689261507562618e-06,
        "262.0": 0.00011740583682200627,
        "578.0": 2.4459588997151727e-07,
        "354.0": 2.1168904335385456e-07,
        "694.0": 5.452978915239295e-07,
        "594.0": 3.6640763070493125e-07,
        "1034.0": 3.0038377046143783e-07,
        "934.0": 7.625100042211066e-07,
        "1058.0": 3.9826091124972987e-07,
        "46.0": 0.003134024795689212,
        "154.0": 9.80049469716865e-06,
        "270.0": 0.00011722662126824925,
        "394.0": 4.367641492959572e-05,
        "486.0": 9.545702810994857e-08,
        "602.0": 3.6592970309650525e-07,
        "378.0": 1.6259048218842005e-07,
        "726.0": 8.617848896669975e-08,
        "942.0": 3.824799084126831e-07,
        "718.0": 7.616935468343298e-07,
        "1066.0": 7.965218224995098e-07,
        "1414.0": 1.2119868596170847e-07,
        "351.0": 4.486522618371295e-05,
        "235.0": 0.00041192261308476444,
        "127.0": 0.0017485447259799358,
        "27.0": 0.0020083756834599017,
        "343.0": 1.3204039592757091e-05,
        "119.0": 2.6562480875848043e-05,
        "11.0": 2.2852539370201003e-05,
        "135.0": 7.93219023939154e-06,
        "251.0": 8.04300259727292e-05,
        "375.0": 1.408536714440945e-05,
        "675.0": 2.137767828850881e-08,
        "227.0": 1.8769662576879228e-07,
        "567.0": 1.938934345262951e-07,
        "467.0": 7.687163492828667e-08,
        "3.0": 7.247063459589289e-08,
        "243.0": 1.4633577322410326e-07,
        "683.0": 2.0833285109927563e-07,
        "459.0": 2.0664896531979342e-07,
        "583.0": 2.609626401068049e-07,
        "359.0": 1.1458087697173664e-07,
        "707.0": 2.7683619727716587e-08,
        "1023.0": 7.22669897137547e-08,
        "575.0": 4.3051224457113044e-07,
        "923.0": 2.714097815665392e-07,
        "699.0": 5.428066584361495e-07,
        "1047.0": 2.7161748899846675e-07,
        "1395.0": 2.656587784893495e-08
    },