{
    "expected_value": 79.34130334848864,
    "optimal_gammas": [
        5.022478222688709,
        5.215702862080416
    ],
    "optimal_betas": [
        1.6548385080837582,
        2.32374870004728
    ],
    "problem_identifier": "{'W': [1, 1, 1], 'W_max': 1, 'A': 16, 'B': 4, 'C': 448}",
    "now": "2021-05-14 04:59:05",
    "execution_time": "0:44:02.376726",
    "nfev": 3270,
    "message": "Maximum number of iterations has been exceeded.",
    "success": false,
    "nit": 50,
    "problem": {
        "W": [
            1,
            1,
            1
        ],
        "W_max": 1,
        "A": 16,
        "B": 4,
        "C": 448
    },
    "optimal_cost": 3.0,
    "probability_distribution": {
        "336.0": 0.00031584083521761296,
        "228.0": 0.011558865364826594,
        "128.0": 0.144539823573812,
        "36.0": 0.6657480495300784,
        "344.0": 0.002179188277952055,
        "120.0": 0.004330832278240749,
        "244.0": 0.030323243850684807,
        "20.0": 0.015158335937705452,
        "152.0": 0.0032514015466003584,
        "368.0": 0.0023748557067066545,
        "144.0": 0.0047486108504926966,
        "276.0": 0.03740162731889038,
        "408.0": 0.003669720211825026,
        "684.0": 0.0001273483116497827,
        "236.0": 0.0005589338886320952,
        "584.0": 9.348959682693545e-05,
        "136.0": 0.0005817776394425562,
        "492.0": 0.00041116572674926863,
        "360.0": 0.0002895052502345913,
        "12.0": 0.00015211863266626475,
        "268.0": 0.0006252829682952086,
        "708.0": 0.0004179009856399056,
        "484.0": 0.0004145781657709292,
        "260.0": 0.0007819125661663826,
        "616.0": 0.0007341865766412037,
        "392.0": 0.0008531977470499604,
        "748.0": 7.653205040954171e-05,
        "1056.0": 1.315879613526394e-05,
        "608.0": 5.3447726023251784e-05,
        "964.0": 0.00018773039410780435,
        "384.0": 1.3565066876362102e-05,
        "740.0": 0.00028762600664441345,
        "1096.0": 8.577698541729597e-05,
        "1452.0": 8.020727688131608e-06,
        "341.0": 0.0005465979246498597,
        "225.0": 0.0011155042701036276,
        "117.0": 0.00821788732194031,
        "17.0": 0.0007274830813814634,
        "233.0": 0.002631010566821118,
        "9.0": 0.00023106271645373396,
        "133.0": 0.016513085979950954,
        "241.0": 0.00036943358293525954,
        "357.0": 0.00043810350132912363,
        "257.0": 0.0005713364367281919,
        "41.0": 0.0010278856878709987,
        "149.0": 0.001020974384800927,
        "265.0": 0.0005955702809854333,
        "389.0": 7.350500067995346e-05,
        "349.0": 0.00018332032534995848,
        "681.0": 4.30599488181455e-06,
        "573.0": 6.566795989146615e-05,
        "125.0": 0.0005118957805099572,
        "473.0": 0.00010215133313789174,
        "249.0": 0.0005715533405715388,
        "581.0": 0.00013486774343198223,
        "697.0": 4.075250741948842e-05,
        "597.0": 5.8255818591529146e-05,
        "25.0": 0.00015063302926330167,
        "373.0": 0.00018446298233284773,
        "157.0": 0.0006470771762216545,
        "489.0": 0.00013276790757702067,
        "605.0": 3.477390537555858e-05,
        "381.0": 2.402113357715841e-05,
        "729.0": 4.0776470070521215e-05,
        "705.0": 1.3178119997222375e-05,
        "1045.0": 4.4758748575608065e-06,
        "945.0": 5.766757354917945e-06,
        "481.0": 1.589489831829856e-05,
        "721.0": 1.0338937382467661e-05,
        "281.0": 0.0005131486457430605,
        "613.0": 3.481481002298646e-05,
        "953.0": 1.1442946358580063e-05,
        "1077.0": 4.7436437083020786e-06,
        "413.0": 2.4762385875111484e-05,
        "745.0": 1.0004013477165028e-05,
        "1085.0": 2.371821854151044e-06,
        "1433.0": 1.713567351188624e-07,
        "346.0": 8.202722098926808e-05,
        "230.0": 0.000598190094790923,
        "122.0": 0.0025450821099678262,
        "22.0": 0.012378713938698735,
        "338.0": 2.3425482066478837e-05,
        "114.0": 4.057715558904777e-05,
        "6.0": 0.00017235244817838662,
        "130.0": 0.00036547367908789806,
        "246.0": 0.000717936581226865,
        "370.0": 3.241308336592642e-05,
        "238.0": 0.0004277450345538801,
        "14.0": 0.0002170343037139444,
        "138.0": 0.0016021655618636901,
        "678.0": 8.406912890305689e-06,
        "570.0": 3.87112136487895e-05,
        "470.0": 3.952923621758185e-05,
        "686.0": 4.032529761255392e-06,
        "462.0": 4.640069009504008e-06,
        "586.0": 1.999467637851481e-05,
        "362.0": 4.7460503047599395e-05,
        "710.0": 8.373436381650917e-06,
        "262.0": 0.0003132311535970175,
        "578.0": 1.984242603904999e-05,
        "354.0": 7.303732355653936e-06,
        "694.0": 1.0590854283935159e-05,
        "594.0": 1.6483045424104712e-05,
        "1034.0": 1.2154380771124479e-06,
        "934.0": 5.9476984904413195e-06,
        "1058.0": 5.79534757041169e-07,
        "46.0": 0.006107754319711215,
        "154.0": 0.0003419999950034288,
        "270.0": 0.00030657871862034054,
        "394.0": 4.204368499710892e-05,
        "486.0": 1.48421921156995e-05,
        "602.0": 1.6325287986668e-05,
        "378.0": 1.154899830480847e-05,
        "726.0": 3.6485061529547067e-06,
        "942.0": 2.9717019264564697e-06,
        "718.0": 3.276738971350958e-06,
        "1066.0": 1.159069514082319e-06,
        "1414.0": 2.4691005879619104e-07,
        "351.0": 1.7579809896868942e-05,
        "235.0": 0.0005183078154048932,
        "127.0": 0.00040462477363229063,
        "27.0": 0.0018348892795856987,
        "343.0": 5.23003011996259e-05,
        "119.0": 0.0001108887238321036,
        "11.0": 0.0002043429002483945,
        "135.0": 7.911447066600639e-05,
        "251.0": 0.00010861076142404825,
        "375.0": 1.612671412692744e-05,
        "675.0": 5.878829690093983e-07,
        "227.0": 6.76421037518793e-06,
        "567.0": 1.4561786370603886e-05,
        "467.0": 1.4826455008463214e-05,
        "3.0": 2.7942222185845453e-06,
        "243.0": 1.1067983944327058e-06,
        "683.0": 4.786841355372864e-06,
        "459.0": 4.546227294948828e-06,
        "583.0": 5.10743600372767e-06,
        "359.0": 5.552560603475244e-06,
        "707.0": 3.927733839271146e-07,
        "1023.0": 2.6928084126462794e-07,
        "575.0": 1.700010406392942e-06,
        "923.0": 6.692876701659315e-07,
        "699.0": 1.2781875693262119e-06,
        "1047.0": 8.447493727640105e-07,
        "1395.0": 6.101371328067366e-08
    },