{
    "expected_value": 142.47156717436775,
    "optimal_gammas": [
        3.023827935645431,
        1.1720194349199118,
        5.788142134334118
    ],
    "optimal_betas": [
        1.250054276268551,
        0.49743989199179434,
        2.5404182064730216
    ],
    "problem_identifier": "{'W': [1, 1], 'W_max': 2, 'A': 36, 'B': 4, 'C': 684}",
    "now": "2021-05-14 03:39:35",
    "execution_time": "0:52:40.816732",
    "nfev": 5045,
    "message": "Maximum number of iterations has been exceeded.",
    "success": false,
    "nit": 50,
    "problem": {
        "W": [
            1,
            1
        ],
        "W_max": 2,
        "A": 36,
        "B": 4,
        "C": 684
    },
    "optimal_cost": 1.0,
    "probability_distribution": {
        "342.0": 0.002256940325594576,
        "180.0": 0.02863186900219972,
        "36.0": 0.00011375385823384615,
        "360.0": 0.019169498352423618,
        "18.0": 0.055149383986184186,
        "216.0": 0.006277672546580758,
        "414.0": 0.0003531187690678645,
        "379.0": 0.0011131819637030106,
        "181.0": 0.019263239048649846,
        "1.0": 0.003920921832041754,
        "217.0": 0.029548068778745152,
        "361.0": 0.02453913766827911,
        "19.0": 0.10830280098538059,
        "73.0": 0.0014962041979870013,
        "352.0": 0.024912892352101028,
        "172.0": 0.009561910074174462,
        "10.0": 0.11222372281742231,
        "190.0": 0.03788892906161395,
        "46.0": 0.0014962041979870052,
        "208.0": 0.0013604686916065816,
        "388.0": 0.0007394272798810966,
        "427.0": 0.00024925859371887255,
        "211.0": 0.007168002077972396,
        "13.0": 0.0036472833110955966,
        "265.0": 0.013786689402495111,
        "391.0": 0.007073169983906468,
        "49.0": 0.022952641053369735,
        "193.0": 0.025192859945777718,
        "121.0": 0.0005463193602672003,
        "247.0": 0.0024631128292434473,
        "416.0": 0.00554098816582485,
        "218.0": 0.013284826279380713,
        "38.0": 0.000746491686619199,
        "362.0": 0.012371618165260171,
        "20.0": 0.017234297461986483,
        "182.0": 0.019786381836648288,
        "344.0": 0.0068306299994353135,
        "389.0": 0.0018875696543327507,
        "209.0": 0.016250603841804663,
        "47.0": 0.005128182527394893,
        "191.0": 0.03714485560934845,
        "353.0": 0.026225643370062827,
        "11.0": 0.08432331149927985,
        "173.0": 0.02089425176754377,
        "464.0": 0.00012468056941846158,
        "248.0": 0.003808756850705553,
        "50.0": 0.01540772513106817,
        "266.0": 0.0012335010256284249,
        "392.0": 0.009538671151791892,
        "194.0": 0.022432832692366088,
        "86.0": 0.000303249093056909,
        "212.0": 0.006734777451090529,
        "356.0": 0.0019321247182693788,
        "2.0": 0.01648780577536728,
        "437.0": 0.00012468056941846215,
        "221.0": 0.010543534301796074,
        "23.0": 0.004003779274440025,
        "257.0": 0.0012335010256284257,
        "383.0": 0.009538671151791888,
        "41.0": 0.011403945856628132,
        "185.0": 0.0224328326923661,
        "95.0": 0.00030324909305690843,
        "365.0": 0.0019321247182693799,
        "512.0": 0.00016248656091601556,
        "296.0": 0.008190471373347594,
        "98.0": 0.0013745242124365068,
        "422.0": 0.0026594778431786384,
        "80.0": 0.0012649023475583302,
        "224.0": 0.003391705506017189,
        "368.0": 0.004387654801761104
    },
    "probability_distribution_items": [
        [
            342.0,
            0.002256940325594576
        ],
        [
            180.0,
            0.02863186900219972
        ],
        [
            36.0,
            0.00011375385823384615
        ],
        [
            360.0,
            0.019169498352423618
        ],
        [
            18.0,
            0.055149383986184186
        ],
        [
            216.0,
            0.006277672546580758
        ],
        [
            414.0,
            0.0003531187690678645
        ],
        [
            379.0,
            0.0011131819637030106
        ],
        [
            181.0,
            0.019263239048649846
        ],
        [
            1.0,
            0.003920921832041754
        ],
        [
            217.0,
            0.029548068778745152
        ],
        [
            361.0,
            0.02453913766827911
        ],
        [
            19.0,
            0.10830280098538059
        ],
        [
            73.0,
            0.0014962041979870013
        ],
        [
            352.0,
            0.024912892352101028
        ],
        [
            172.0,
            0.009561910074174462
        ],
        [
            10.0,
            0.11222372281742231
        ],
        [
            190.0,
            0.03788892906161395
        ],
        [
            46.0,
            0.0014962041979870052
        ],
        [
            208.0,
            0.0013604686916065816
        ],
        [
            388.0,
            0.0007394272798810966
        ],
        [
            427.0,
            0.00024925859371887255
        ],
        [
            211.0,
            0.007168002077972396
        ],
        [
            13.0,
            0.0036472833110955966
        ],
        [
            265.0,
            0.013786689402495111
        ],
        [
            391.0,
            0.007073169983906468
        ],
        [
            49.0,
            0.022952641053369735
        ],
        [
            193.0,
            0.025192859945777718
        ],
        [
            121.0,
            0.0005463193602672003
        ],
        [
            247.0,
            0.0024631128292434473
        ],
        [
            416.0,
            0.00554098816582485
        ],
        [
            218.0,
            0.013284826279380713
        ],
        [
            38.0,
            0.000746491686619199
        ],
        [
            362.0,
            0.012371618165260171
        ],
        [
            20.0,
            0.017234297461986483
        ],
        [
            182.0,
            0.019786381836648288
        ],
        [
            344.0,
            0.0068306299994353135
        ],
        [
            389.0,
            0.0018875696543327507
        ],
        [
            209.0,
            0.016250603841804663
        ],
        [
            47.0,
            0.005128182527394893
        ],
        [
            191.0,
            0.03714485560934845
        ],
        [
            353.0,
            0.026225643370062827
        ],
        [
            11.0,
            0.08432331149927985
        ],
        [
            173.0,
            0.02089425176754377
        ],
        [
            464.0,
            0.00012468056941846158
        ],
        [
            248.0,
            0.003808756850705553
        ],
        [
            50.0,
            0.01540772513106817
        ],
        [
            266.0,
            0.0012335010256284249
        ],
        [
            392.0,
            0.009538671151791892
        ],
        [
            194.0,
            0.022432832692366088
        ],
        [
            86.0,
            0.000303249093056909
        ],
        [
            212.0,
            0.006734777451090529
        ],
        [
            356.0,
            0.0019321247182693788
        ],
        [
            2.0,
            0.01648780577536728
        ],
        [
            437.0,
            0.00012468056941846215
        ],
        [
            221.0,
            0.010543534301796074
        ],
        [
            23.0,
            0.004003779274440025
        ],
        [
            257.0,
            0.0012335010256284257
        ],
        [
            383.0,
            0.009538671151791888
        ],
        [
            41.0,
            0.011403945856628132
        ],
        [
            185.0,
            0.0224328326923661
        ],
        [
            95.0,
