{
    "expected_value": 35.1784,
    "optimal_gammas": [
        6.108566615380958
    ],
    "optimal_betas": [
        2.802062141753871
    ],
    "problem_identifier": "{'W': [1, 1], 'W_max': 2, 'A': 32, 'B': 4, 'C': 64}",
    "now": "2021-05-10 11:16:39",
    "execution_time": "0:03:59.753640",
    "nfev": 975,
    "message": "Optimization terminated successfully.",
    "success": true,
    "nit": 29,
    "routing": "network",
    "problem": {
        "W": [
            1,
            1
        ],
        "W_max": 2,
        "A": 32,
        "B": 4,
        "C": 64
    },
    "optimal_cost": 1.0,
    "probability_distribution": {
        "32.0": 0.046200000000000005,
        "24.0": 0.0396,
        "65.0": 0.0207,
        "25.0": 0.0898,
        "1.0": 0.0116,
        "57.0": 0.0158,
        "49.0": 0.0262,
        "17.0": 0.10830000000000001,
        "41.0": 0.05020000000000001,
        "9.0": 0.0326,
        "33.0": 0.0214,
        "73.0": 0.0005,
        "108.0": 0.007,
        "52.0": 0.040999999999999995,
        "12.0": 0.036699999999999997,
        "100.0": 0.004399999999999999,
        "76.0": 0.0189,
        "44.0": 0.0174,
        "36.0": 0.0296,
        "84.0": 0.002,
        "48.0": 0.0054,
        "98.0": 0.0019,
        "58.0": 0.0066,
        "34.0": 0.051100000000000007,
        "50.0": 0.034100000000000005,
        "18.0": 0.0285,
        "26.0": 0.021599999999999998,
        "16.0": 0.0049,
        "74.0": 0.0076,
        "42.0": 0.06420000000000001,
        "10.0": 0.049100000000000005,
        "56.0": 0.003,
        "141.0": 0.0018,
        "85.0": 0.004900000000000001,
        "45.0": 0.0109,
        "101.0": 0.0041,
        "77.0": 0.0075,
        "37.0": 0.0144,
        "53.0": 0.0095,
        "2.0": 0.006500000000000001,
        "117.0": 0.0007999999999999999,
        "61.0": 0.0063999999999999994,
        "21.0": 0.0034000000000000002,
        "93.0": 0.0059,
        "69.0": 0.0060999999999999995,
        "29.0": 0.0116,
        "184.0": 0.0005,
        "128.0": 0.0024999999999999996,
        "88.0": 0.0012000000000000001,
        "104.0": 0.0013,
        "72.0": 0.0007,
        "64.0": 0.0021
    },
    "probability_distribution_items": [
        [
            32.0,
            0.046200000000000005
        ],
        [
            24.0,
            0.0396
        ],
        [
            65.0,
            0.0207
        ],
        [
            25.0,
            0.0898
        ],
        [
            1.0,
            0.0116
        ],
        [
            57.0,
            0.0158
        ],
        [
            49.0,
            0.0262
        ],
        [
            17.0,
            0.10830000000000001
        ],
        [
            41.0,
            0.05020000000000001
        ],
        [
            9.0,
            0.0326
        ],
        [
            33.0,
            0.0214
        ],
        [
            73.0,
            0.0005
        ],
        [
            108.0,
            0.007
        ],
        [
            52.0,
            0.040999999999999995
        ],
        [
            12.0,
            0.036699999999999997
        ],
        [
            100.0,
            0.004399999999999999
        ],
        [
            76.0,
            0.0189
        ],
        [
            44.0,
            0.0174
        ],
        [
            36.0,
            0.0296
        ],
        [
            84.0,
            0.002
        ],
        [
            48.0,
            0.0054
        ],
        [
            98.0,
            0.0019
        ],
        [
            58.0,
            0.0066
        ],
        [
            34.0,
            0.051100000000000007
        ],
        [
            50.0,
            0.034100000000000005
        ],
        [
            18.0,
            0.0285
        ],
        [
            26.0,
            0.021599999999999998
        ],
        [
            16.0,
            0.0049
        ],
        [
            74.0,
            0.0076
        ],
        [
            42.0,
            0.06420000000000001
        ],
        [
            10.0,
            0.049100000000000005
        ],
        [
            56.0,
            0.003
        ],
        [
            141.0,
            0.0018
        ],
        [
            85.0,
            0.004900000000000001
        ],
        [
            45.0,
            0.0109
        ],
        [
            101.0,
            0.0041
        ],
        [
            77.0,
            0.0075
        ],
        [
            37.0,
            0.0144
        ],
        [
            53.0,
            0.0095
        ],
        [
            2.0,
            0.006500000000000001
        ],
        [
            117.0,
            0.0007999999999999999
        ],
        [
            61.0,
            0.0063999999999999994
        ],
        [
            21.0,
            0.0034000000000000002
        ],
        [
            93.0,
            0.0059
        ],
        [
            69.0,
            0.0060999999999999995
        ],
        [
            29.0,
            0.0116
        ],
        [
            184.0,
            0.0005
        ],
        [
            128.0,
            0.0024999999999999996
        ],
        [
            88.0,
            0.0012000000000000001
        ],
        [
            104.0,
            0.0013
        ],
        [
            72.0,
            0.0007
        ],
        [
            64.0,
            0.0021
        ]
    ],
    "approximation_ratio": 36.0213,
    "approximation_ratio_offset": 0.8086267759562842,
    "noise": false,
    "p": 1
}