{
    "expected_value": 38.7063,
    "optimal_gammas": [
        4.130357473884287,
        5.087968329185189,
        0.505651743358718
    ],
    "optimal_betas": [
        0.9768701136065996,
        0.08737296253329507,
        3.0100501620260607
    ],
    "problem_identifier": "{'W': [1, 1], 'W_max': 2, 'A': 32, 'B': 4, 'C': 64}",
    "now": "2021-05-10 22:31:43",
    "execution_time": "1:43:22.546496",
    "nfev": 4821,
    "message": "Maximum number of iterations has been exceeded.",
    "success": false,
    "nit": 50,
    "routing": "line",
    "problem": {
        "W": [
            1,
            1
        ],
        "W_max": 2,
        "A": 32,
        "B": 4,
        "C": 64
    },
    "optimal_cost": 1.0,
    "probability_distribution": {
        "32.0": 0.0183,
        "24.0": 0.033400000000000006,
        "65.0": 0.009999999999999998,
        "25.0": 0.0184,
        "1.0": 0.0021000000000000003,
        "57.0": 0.019799999999999998,
        "49.0": 0.0449,
        "17.0": 0.058399999999999994,
        "41.0": 0.0847,
        "9.0": 0.06760000000000001,
        "33.0": 0.07800000000000001,
        "73.0": 0.0126,
        "108.0": 0.0092,
        "52.0": 0.015,
        "12.0": 0.0055,
        "100.0": 0.011300000000000001,
        "76.0": 0.0202,
        "44.0": 0.0162,
        "36.0": 0.0098,
        "84.0": 0.011000000000000001,
        "48.0": 0.0233,
        "98.0": 0.0015,
        "58.0": 0.0040999999999999995,
        "34.0": 0.052,
        "50.0": 0.0322,
        "18.0": 0.025,
        "26.0": 0.06609999999999999,
        "16.0": 0.020999999999999998,
        "74.0": 0.0041,
        "42.0": 0.030300000000000004,
        "10.0": 0.0194,
        "56.0": 0.0265,
        "141.0": 0.0018999999999999998,
        "85.0": 0.0073999999999999995,
        "45.0": 0.011099999999999999,
        "101.0": 0.0063999999999999994,
        "77.0": 0.0088,
        "37.0": 0.0166,
        "53.0": 0.0066,
        "2.0": 0.0172,
        "117.0": 0.0026,
        "61.0": 0.0189,
        "21.0": 0.002,
        "93.0": 0.0091,
        "69.0": 0.011,
        "29.0": 0.0089,
        "96.0": 0.004,
        "184.0": 0.001,
        "128.0": 0.0038,
        "88.0": 0.002,
        "104.0": 0.003,
        "72.0": 0.002,
        "64.0": 0.0038000000000000004
    },
    "probability_distribution_items": [
        [
            32.0,
            0.0183
        ],
        [
            24.0,
            0.033400000000000006
        ],
        [
            65.0,
            0.009999999999999998
        ],
        [
            25.0,
            0.0184
        ],
        [
            1.0,
            0.0021000000000000003
        ],
        [
            57.0,
            0.019799999999999998
        ],
        [
            49.0,
            0.0449
        ],
        [
            17.0,
            0.058399999999999994
        ],
        [
            41.0,
            0.0847
        ],
        [
            9.0,
            0.06760000000000001
        ],
        [
            33.0,
            0.07800000000000001
        ],
        [
            73.0,
            0.0126
        ],
        [
            108.0,
            0.0092
        ],
        [
            52.0,
            0.015
        ],
        [
            12.0,
            0.0055
        ],
        [
            100.0,
            0.011300000000000001
        ],
        [
            76.0,
            0.0202
        ],
        [
            44.0,
            0.0162
        ],
        [
            36.0,
            0.0098
        ],
        [
            84.0,
            0.011000000000000001
        ],
        [
            48.0,
            0.0233
        ],
        [
            98.0,
            0.0015
        ],
        [
            58.0,
            0.0040999999999999995
        ],
        [
            34.0,
            0.052
        ],
        [
            50.0,
            0.0322
        ],
        [
            18.0,
            0.025
        ],
        [
            26.0,
            0.06609999999999999
        ],
        [
            16.0,
            0.020999999999999998
        ],
        [
            74.0,
            0.0041
        ],
        [
            42.0,
            0.030300000000000004
        ],
        [
            10.0,
            0.0194
        ],
        [
            56.0,
            0.0265
        ],
        [
            141.0,
            0.0018999999999999998
        ],
        [
            85.0,
            0.0073999999999999995
        ],
        [
            45.0,
            0.011099999999999999
        ],
        [
            101.0,
            0.0063999999999999994
        ],
        [
            77.0,
            0.0088
        ],
        [
            37.0,
            0.0166
        ],
        [
            53.0,
            0.0066
        ],
        [
            2.0,
            0.0172
        ],
        [
            117.0,
            0.0026
        ],
        [
            61.0,
            0.0189
        ],
        [
            21.0,
            0.002
        ],
        [
            93.0,
            0.0091
        ],
        [
            69.0,
            0.011
        ],
        [
            29.0,
            0.0089
        ],
        [
            96.0,
            0.004
        ],
        [
            184.0,
            0.001
        ],
        [
            128.0,
            0.0038
        ],
        [
            88.0,
            0.002
        ],
        [
            104.0,
            0.003
        ],
        [
            72.0,
            0.002
        ],
        [
            64.0,
            0.0038000000000000004
        ]
    ],
    "approximation_ratio": 40.6152,
    "approximation_ratio_offset": 0.7835234972677595,
    "noise": false,
    "p": 3
}