{
    "expected_value": 32.481,
    "optimal_gammas": [
        0.5904073773889311
    ],
    "optimal_betas": [
        2.510327637048091
    ],
    "problem_identifier": "{'W': [1, 1], 'W_max': 2, 'A': 32, 'B': 4, 'C': 64}",
    "now": "2021-05-10 12:07:01",
    "execution_time": "0:07:44.971008",
    "nfev": 1038,
    "message": "Optimization terminated successfully.",
    "success": true,
    "nit": 31,
    "routing": "line",
    "problem": {
        "W": [
            1,
            1
        ],
        "W_max": 2,
        "A": 32,
        "B": 4,
        "C": 64
    },
    "optimal_cost": 1.0,
    "probability_distribution": {
        "32.0": 0.0346,
        "24.0": 0.0706,
        "65.0": 0.0040999999999999995,
        "25.0": 0.011300000000000001,
        "1.0": 0.0015999999999999999,
        "57.0": 0.009899999999999999,
        "49.0": 0.0382,
        "17.0": 0.0818,
        "41.0": 0.1302,
        "9.0": 0.08120000000000001,
        "33.0": 0.09709999999999999,
        "73.0": 0.0062,
        "108.0": 0.0036,
        "52.0": 0.007499999999999999,
        "12.0": 0.0013,
        "100.0": 0.006999999999999999,
        "76.0": 0.007699999999999999,
        "44.0": 0.007299999999999999,
        "36.0": 0.0031000000000000003,
        "84.0": 0.003,
        "48.0": 0.0379,
        "98.0": 0.0004,
        "58.0": 0.0018,
        "50.0": 0.023799999999999998,
        "18.0": 0.0153,
        "26.0": 0.0912,
        "34.0": 0.0457,
        "16.0": 0.0385,
        "74.0": 0.0034000000000000002,
        "42.0": 0.0096,
        "10.0": 0.0094,
        "56.0": 0.0328,
        "141.0": 0.00030000000000000003,
        "85.0": 0.0025,
        "45.0": 0.002,
        "101.0": 0.0012,
        "77.0": 0.0019,
        "37.0": 0.0077,
        "53.0": 0.0011,
        "2.0": 0.029400000000000003,
        "117.0": 0.0037,
        "61.0": 0.009300000000000001,
        "21.0": 0.001,
        "93.0": 0.0051,
        "69.0": 0.0061,
        "29.0": 0.0039,
        "96.0": 0.0039,
        "184.0": 0.0002,
        "128.0": 0.0014,
        "88.0": 0.00039999999999999996,
        "72.0": 0.001,
        "64.0": 0.00030000000000000003,
        "104.0": 0.0005
    },
    "probability_distribution_items": [
        [
            32.0,
            0.0346
        ],
        [
            24.0,
            0.0706
        ],
        [
            65.0,
            0.0040999999999999995
        ],
        [
            25.0,
            0.011300000000000001
        ],
        [
            1.0,
            0.0015999999999999999
        ],
        [
            57.0,
            0.009899999999999999
        ],
        [
            49.0,
            0.0382
        ],
        [
            17.0,
            0.0818
        ],
        [
            41.0,
            0.1302
        ],
        [
            9.0,
            0.08120000000000001
        ],
        [
            33.0,
            0.09709999999999999
        ],
        [
            73.0,
            0.0062
        ],
        [
            108.0,
            0.0036
        ],
        [
            52.0,
            0.007499999999999999
        ],
        [
            12.0,
            0.0013
        ],
        [
            100.0,
            0.006999999999999999
        ],
        [
            76.0,
            0.007699999999999999
        ],
        [
            44.0,
            0.007299999999999999
        ],
        [
            36.0,
            0.0031000000000000003
        ],
        [
            84.0,
            0.003
        ],
        [
            48.0,
            0.0379
        ],
        [
            98.0,
            0.0004
        ],
        [
            58.0,
            0.0018
        ],
        [
            50.0,
            0.023799999999999998
        ],
        [
            18.0,
            0.0153
        ],
        [
            26.0,
            0.0912
        ],
        [
            34.0,
            0.0457
        ],
        [
            16.0,
            0.0385
        ],
        [
            74.0,
            0.0034000000000000002
        ],
        [
            42.0,
            0.0096
        ],
        [
            10.0,
            0.0094
        ],
        [
            56.0,
            0.0328
        ],
        [
            141.0,
            0.00030000000000000003
        ],
        [
            85.0,
            0.0025
        ],
        [
            45.0,
            0.002
        ],
        [
            101.0,
            0.0012
        ],
        [
            77.0,
            0.0019
        ],
        [
            37.0,
            0.0077
        ],
        [
            53.0,
            0.0011
        ],
        [
            2.0,
            0.029400000000000003
        ],
        [
            117.0,
            0.0037
        ],
        [
            61.0,
            0.009300000000000001
        ],
        [
            21.0,
            0.001
        ],
        [
            93.0,
            0.0051
        ],
        [
            69.0,
            0.0061
        ],
        [
            29.0,
            0.0039
        ],
        [
            96.0,
            0.0039
        ],
        [
            184.0,
            0.0002
        ],
        [
            128.0,
            0.0014
        ],
        [
            88.0,
            0.00039999999999999996
        ],
        [
            72.0,
            0.001
        ],
        [
            64.0,
            0.00030000000000000003
        ],
        [
            104.0,
            0.0005
        ]
    ],
    "approximation_ratio": 34.2652,
    "approximation_ratio_offset": 0.7623914285714286,
    "noise": false,
    "p": 1
}