{
    "expected_value": 32.3021,
    "optimal_gammas": [
        0.5917319189355075
    ],
    "optimal_betas": [
        2.573798382061451
    ],
    "problem_identifier": "{'W': [1, 1], 'W_max': 2, 'A': 32, 'B': 4, 'C': 64}",
    "now": "2021-05-10 12:25:29",
    "execution_time": "0:12:37.031424",
    "nfev": 1593,
    "message": "Maximum number of iterations has been exceeded.",
    "success": false,
    "nit": 50,
    "routing": "linegrid",
    "problem": {
        "W": [
            1,
            1
        ],
        "W_max": 2,
        "A": 32,
        "B": 4,
        "C": 64
    },
    "optimal_cost": 1.0,
    "probability_distribution": {
        "32.0": 0.0321,
        "24.0": 0.07970000000000001,
        "65.0": 0.004,
        "25.0": 0.013600000000000001,
        "1.0": 0.0012000000000000001,
        "57.0": 0.0117,
        "49.0": 0.0447,
        "17.0": 0.08879999999999999,
        "41.0": 0.123,
        "9.0": 0.0882,
        "33.0": 0.0901,
        "73.0": 0.0034000000000000002,
        "108.0": 0.0043,
        "52.0": 0.009,
        "12.0": 0.001,
        "100.0": 0.0063,
        "76.0": 0.011000000000000001,
        "44.0": 0.0104,
        "36.0": 0.0038000000000000004,
        "84.0": 0.0036000000000000003,
        "48.0": 0.0419,
        "98.0": 0.0002,
        "58.0": 0.0023,
        "50.0": 0.020999999999999998,
        "18.0": 0.014499999999999999,
        "26.0": 0.0707,
        "34.0": 0.0446,
        "16.0": 0.0399,
        "74.0": 0.0027,
        "42.0": 0.0142,
        "10.0": 0.012499999999999999,
        "56.0": 0.0305,
        "141.0": 0.0002,
        "85.0": 0.0018,
        "45.0": 0.0015,
        "101.0": 0.0009,
        "77.0": 0.0024000000000000002,
        "37.0": 0.0073999999999999995,
        "53.0": 0.0006000000000000001,
        "2.0": 0.0297,
        "117.0": 0.0015999999999999999,
        "61.0": 0.0089,
        "21.0": 0.0007,
        "93.0": 0.0051,
        "69.0": 0.0077,
        "29.0": 0.0024,
        "96.0": 0.0023,
        "184.0": 0.0001,
        "128.0": 0.00030000000000000003,
        "104.0": 0.0007,
        "64.0": 0.00030000000000000003,
        "72.0": 0.0005
    },
    "probability_distribution_items": [
        [
            32.0,
            0.0321
        ],
        [
            24.0,
            0.07970000000000001
        ],
        [
            65.0,
            0.004
        ],
        [
            25.0,
            0.013600000000000001
        ],
        [
            1.0,
            0.0012000000000000001
        ],
        [
            57.0,
            0.0117
        ],
        [
            49.0,
            0.0447
        ],
        [
            17.0,
            0.08879999999999999
        ],
        [
            41.0,
            0.123
        ],
        [
            9.0,
            0.0882
        ],
        [
            33.0,
            0.0901
        ],
        [
            73.0,
            0.0034000000000000002
        ],
        [
            108.0,
            0.0043
        ],
        [
            52.0,
            0.009
        ],
        [
            12.0,
            0.001
        ],
        [
            100.0,
            0.0063
        ],
        [
            76.0,
            0.011000000000000001
        ],
        [
            44.0,
            0.0104
        ],
        [
            36.0,
            0.0038000000000000004
        ],
        [
            84.0,
            0.0036000000000000003
        ],
        [
            48.0,
            0.0419
        ],
        [
            98.0,
            0.0002
        ],
        [
            58.0,
            0.0023
        ],
        [
            50.0,
            0.020999999999999998
        ],
        [
            18.0,
            0.014499999999999999
        ],
        [
            26.0,
            0.0707
        ],
        [
            34.0,
            0.0446
        ],
        [
            16.0,
            0.0399
        ],
        [
            74.0,
            0.0027
        ],
        [
            42.0,
            0.0142
        ],
        [
            10.0,
            0.012499999999999999
        ],
        [
            56.0,
            0.0305
        ],
        [
            141.0,
            0.0002
        ],
        [
            85.0,
            0.0018
        ],
        [
            45.0,
            0.0015
        ],
        [
            101.0,
            0.0009
        ],
        [
            77.0,
            0.0024000000000000002
        ],
        [
            37.0,
            0.0073999999999999995
        ],
        [
            53.0,
            0.0006000000000000001
        ],
        [
            2.0,
            0.0297
        ],
        [
            117.0,
            0.0015999999999999999
        ],
        [
            61.0,
            0.0089
        ],
        [
            21.0,
            0.0007
        ],
        [
            93.0,
            0.0051
        ],
        [
            69.0,
            0.0077
        ],
        [
            29.0,
            0.0024
        ],
        [
            96.0,
            0.0023
        ],
        [
            184.0,
            0.0001
        ],
        [
            128.0,
            0.00030000000000000003
        ],
        [
            104.0,
            0.0007
        ],
        [
            64.0,
            0.00030000000000000003
        ],
        [
            72.0,
            0.0005
        ]
    ],
    "approximation_ratio": 33.589,
    "approximation_ratio_offset": 0.7672214285714286,
    "noise": false,
    "p": 1
}