{
    "expected_value": 34.8422,
    "optimal_gammas": [
        5.297233668388009,
        1.961518732632543
    ],
    "optimal_betas": [
        1.697484211555201,
        0.6074893993748145
    ],
    "problem_identifier": "{'W': [1, 1], 'W_max': 2, 'A': 32, 'B': 4, 'C': 64}",
    "now": "2021-05-10 18:01:31",
    "execution_time": "0:48:23.733020",
    "nfev": 3215,
    "message": "Maximum number of iterations has been exceeded.",
    "success": false,
    "nit": 50,
    "routing": "linegrid",
    "problem": {
        "W": [
            1,
            1
        ],
        "W_max": 2,
        "A": 32,
        "B": 4,
        "C": 64
    },
    "optimal_cost": 1.0,
    "probability_distribution": {
        "32.0": 0.0215,
        "24.0": 0.050300000000000004,
        "65.0": 0.0072,
        "25.0": 0.0144,
        "1.0": 0.0026,
        "57.0": 0.013600000000000001,
        "49.0": 0.046900000000000004,
        "17.0": 0.0699,
        "41.0": 0.0974,
        "9.0": 0.0778,
        "33.0": 0.0799,
        "73.0": 0.009500000000000001,
        "108.0": 0.0074,
        "52.0": 0.0096,
        "12.0": 0.0031999999999999997,
        "100.0": 0.0091,
        "76.0": 0.012199999999999999,
        "44.0": 0.0115,
        "36.0": 0.0066,
        "84.0": 0.005399999999999999,
        "48.0": 0.0254,
        "98.0": 0.0003,
        "58.0": 0.0027,
        "34.0": 0.047700000000000006,
        "50.0": 0.0266,
        "18.0": 0.0268,
        "26.0": 0.0903,
        "16.0": 0.028,
        "74.0": 0.003,
        "42.0": 0.016900000000000002,
        "10.0": 0.015199999999999998,
        "56.0": 0.030900000000000004,
        "141.0": 0.0011,
        "85.0": 0.0053,
        "45.0": 0.0052,
        "101.0": 0.002,
        "77.0": 0.0047,
        "37.0": 0.0109,
        "53.0": 0.0033,
        "2.0": 0.0355,
        "117.0": 0.0036,
        "61.0": 0.015199999999999998,
        "21.0": 0.0029,
        "93.0": 0.0098,
        "69.0": 0.012499999999999999,
        "29.0": 0.006200000000000001,
        "96.0": 0.0039,
        "184.0": 0.0003,
        "128.0": 0.0025,
        "88.0": 0.0005,
        "104.0": 0.0017000000000000001,
        "72.0": 0.0012000000000000001,
        "64.0": 0.0018999999999999998
    },
    "probability_distribution_items": [
        [
            32.0,
            0.0215
        ],
        [
            24.0,
            0.050300000000000004
        ],
        [
            65.0,
            0.0072
        ],
        [
            25.0,
            0.0144
        ],
        [
            1.0,
            0.0026
        ],
        [
            57.0,
            0.013600000000000001
        ],
        [
            49.0,
            0.046900000000000004
        ],
        [
            17.0,
            0.0699
        ],
        [
            41.0,
            0.0974
        ],
        [
            9.0,
            0.0778
        ],
        [
            33.0,
            0.0799
        ],
        [
            73.0,
            0.009500000000000001
        ],
        [
            108.0,
            0.0074
        ],
        [
            52.0,
            0.0096
        ],
        [
            12.0,
            0.0031999999999999997
        ],
        [
            100.0,
            0.0091
        ],
        [
            76.0,
            0.012199999999999999
        ],
        [
            44.0,
            0.0115
        ],
        [
            36.0,
            0.0066
        ],
        [
            84.0,
            0.005399999999999999
        ],
        [
            48.0,
            0.0254
        ],
        [
            98.0,
            0.0003
        ],
        [
            58.0,
            0.0027
        ],
        [
            34.0,
            0.047700000000000006
        ],
        [
            50.0,
            0.0266
        ],
        [
            18.0,
            0.0268
        ],
        [
            26.0,
            0.0903
        ],
        [
            16.0,
            0.028
        ],
        [
            74.0,
            0.003
        ],
        [
            42.0,
            0.016900000000000002
        ],
        [
            10.0,
            0.015199999999999998
        ],
        [
            56.0,
            0.030900000000000004
        ],
        [
            141.0,
            0.0011
        ],
        [
            85.0,
            0.0053
        ],
        [
            45.0,
            0.0052
        ],
        [
            101.0,
            0.002
        ],
        [
            77.0,
            0.0047
        ],
        [
            37.0,
            0.0109
        ],
        [
            53.0,
            0.0033
        ],
        [
            2.0,
            0.0355
        ],
        [
            117.0,
            0.0036
        ],
        [
            61.0,
            0.015199999999999998
        ],
        [
            21.0,
            0.0029
        ],
        [
            93.0,
            0.0098
        ],
        [
            69.0,
            0.012499999999999999
        ],
        [
            29.0,
            0.006200000000000001
        ],
        [
            96.0,
            0.0039
        ],
        [
            184.0,
            0.0003
        ],
        [
            128.0,
            0.0025
        ],
        [
            88.0,
            0.0005
        ],
        [
            104.0,
            0.0017000000000000001
        ],
        [
            72.0,
            0.0012000000000000001
        ],
        [
            64.0,
            0.0018999999999999998
        ]
    ],
    "approximation_ratio": 36.6114,
    "approximation_ratio_offset": 0.8054021857923497,
    "noise": false,
    "p": 2
}