{
    "expected_value": 32.2641,
    "optimal_gammas": [
        2.5508797448834106
    ],
    "optimal_betas": [
        0.5849170722247276
    ],
    "problem_identifier": "{'W': [1, 1], 'W_max': 2, 'A': 32, 'B': 4, 'C': 64}",
    "now": "2021-05-10 11:45:32",
    "execution_time": "0:05:33.192847",
    "nfev": 801,
    "message": "Optimization terminated successfully.",
    "success": true,
    "nit": 22,
    "routing": "line",
    "problem": {
        "W": [
            1,
            1
        ],
        "W_max": 2,
        "A": 32,
        "B": 4,
        "C": 64
    },
    "optimal_cost": 1.0,
    "probability_distribution": {
        "32.0": 0.032799999999999996,
        "24.0": 0.0768,
        "65.0": 0.0056,
        "25.0": 0.012799999999999997,
        "1.0": 0.0013,
        "57.0": 0.0127,
        "49.0": 0.04070000000000001,
        "17.0": 0.07970000000000001,
        "41.0": 0.1232,
        "9.0": 0.0849,
        "33.0": 0.0959,
        "73.0": 0.0051,
        "108.0": 0.004699999999999999,
        "52.0": 0.0086,
        "12.0": 0.0017000000000000001,
        "100.0": 0.0072,
        "76.0": 0.0106,
        "44.0": 0.0075,
        "36.0": 0.0026,
        "84.0": 0.0031,
        "48.0": 0.0435,
        "98.0": 0.0004,
        "58.0": 0.0024,
        "50.0": 0.0246,
        "18.0": 0.013599999999999998,
        "26.0": 0.07790000000000001,
        "34.0": 0.0421,
        "16.0": 0.038900000000000004,
        "74.0": 0.003,
        "42.0": 0.012599999999999998,
        "10.0": 0.0106,
        "56.0": 0.0276,
        "141.0": 0.0007,
        "85.0": 0.0029,
        "45.0": 0.002,
        "101.0": 0.0015,
        "77.0": 0.0023000000000000004,
        "37.0": 0.008299999999999998,
        "53.0": 0.001,
        "2.0": 0.0309,
        "117.0": 0.0031,
        "61.0": 0.009000000000000001,
        "21.0": 0.0015,
        "93.0": 0.0062,
        "69.0": 0.0060999999999999995,
        "29.0": 0.0032,
        "96.0": 0.0026,
        "184.0": 0.0001,
        "128.0": 0.0017999999999999997,
        "88.0": 0.0001,
        "72.0": 0.0007,
        "64.0": 0.0009,
        "104.0": 0.0004
    },
    "probability_distribution_items": [
        [
            32.0,
            0.032799999999999996
        ],
        [
            24.0,
            0.0768
        ],
        [
            65.0,
            0.0056
        ],
        [
            25.0,
            0.012799999999999997
        ],
        [
            1.0,
            0.0013
        ],
        [
            57.0,
            0.0127
        ],
        [
            49.0,
            0.04070000000000001
        ],
        [
            17.0,
            0.07970000000000001
        ],
        [
            41.0,
            0.1232
        ],
        [
            9.0,
            0.0849
        ],
        [
            33.0,
            0.0959
        ],
        [
            73.0,
            0.0051
        ],
        [
            108.0,
            0.004699999999999999
        ],
        [
            52.0,
            0.0086
        ],
        [
            12.0,
            0.0017000000000000001
        ],
        [
            100.0,
            0.0072
        ],
        [
            76.0,
            0.0106
        ],
        [
            44.0,
            0.0075
        ],
        [
            36.0,
            0.0026
        ],
        [
            84.0,
            0.0031
        ],
        [
            48.0,
            0.0435
        ],
        [
            98.0,
            0.0004
        ],
        [
            58.0,
            0.0024
        ],
        [
            50.0,
            0.0246
        ],
        [
            18.0,
            0.013599999999999998
        ],
        [
            26.0,
            0.07790000000000001
        ],
        [
            34.0,
            0.0421
        ],
        [
            16.0,
            0.038900000000000004
        ],
        [
            74.0,
            0.003
        ],
        [
            42.0,
            0.012599999999999998
        ],
        [
            10.0,
            0.0106
        ],
        [
            56.0,
            0.0276
        ],
        [
            141.0,
            0.0007
        ],
        [
            85.0,
            0.0029
        ],
        [
            45.0,
            0.002
        ],
        [
            101.0,
            0.0015
        ],
        [
            77.0,
            0.0023000000000000004
        ],
        [
            37.0,
            0.008299999999999998
        ],
        [
            53.0,
            0.001
        ],
        [
            2.0,
            0.0309
        ],
        [
            117.0,
            0.0031
        ],
        [
            61.0,
            0.009000000000000001
        ],
        [
            21.0,
            0.0015
        ],
        [
            93.0,
            0.0062
        ],
        [
            69.0,
            0.0060999999999999995
        ],
        [
            29.0,
            0.0032
        ],
        [
            96.0,
            0.0026
        ],
        [
            184.0,
            0.0001
        ],
        [
            128.0,
            0.0017999999999999997
        ],
        [
            88.0,
            0.0001
        ],
        [
            72.0,
            0.0007
        ],
        [
            64.0,
            0.0009
        ],
        [
            104.0,
            0.0004
        ]
    ],
    "approximation_ratio": 34.0943,
    "approximation_ratio_offset": 0.7636121428571429,
    "noise": false,
    "p": 1
}