{
    "expected_value": 1.3165,
    "optimal_gammas": [
        2.213971094874152,
        5.209796769396912,
        0.8925864606760469,
        1.3322881643258215,
        3.4670911850826047,
        0.08298415547022056
    ],
    "optimal_betas": [
        2.5732173638612887,
        1.8619463363733222,
        1.3502889044786552,
        2.833306721611032,
        2.995767774420524,
        1.4506521464757833
    ],
    "problem_identifier": "{'W': [1], 'W_max': 1, 'A': 8, 'B': 4, 'C': 16}",
    "now": "2021-05-11 01:39:52",
    "execution_time": "2:48:28.566578",
    "nfev": 9557,
    "message": "Maximum number of iterations has been exceeded.",
    "success": false,
    "nit": 50,
    "routing": "network",
    "problem": {
        "W": [
            1
        ],
        "W_max": 1,
        "A": 8,
        "B": 4,
        "C": 16
    },
    "optimal_cost": 1.0,
    "probability_distribution": {
        "4.0": 0.0373,
        "2.0": 0.0907,
        "7.0": 0.0444,
        "1.0": 0.8276
    },
    "probability_distribution_items": [
        [
            4.0,
            0.0373
        ],
        [
            2.0,
            0.0907
        ],
        [
            7.0,
            0.0444
        ],
        [
            1.0,
            0.8276
        ]
    ],
    "approximation_ratio": 1.4454,
    "approximation_ratio_offset": 0.9257666666666666,
    "noise": false,
    "p": 6
}