{
    "expected_value": 1.4359,
    "optimal_gammas": [
        4.94448218194989,
        6.115501457593444,
        3.8430694431406547,
        1.0162275999029686,
        1.766443320608544,
        0.6346813685339882,
        1.6086000704346248
    ],
    "optimal_betas": [
        1.2565073249784326,
        2.5779358529453895,
        2.3225629116388955,
        0.5551058259783781,
        0.7853790622836642,
        2.541777206035411,
        1.3655382855503873
    ],
    "problem_identifier": "{'W': [1], 'W_max': 1, 'A': 8, 'B': 4, 'C': 16}",
    "now": "2021-05-10 19:42:52",
    "execution_time": "2:15:12.050363",
    "nfev": 11115,
    "message": "Maximum number of iterations has been exceeded.",
    "success": false,
    "nit": 50,
    "routing": "line",
    "problem": {
        "W": [
            1
        ],
        "W_max": 1,
        "A": 8,
        "B": 4,
        "C": 16
    },
    "optimal_cost": 1.0,
    "probability_distribution": {
        "4.0": 0.0486,
        "2.0": 0.1242,
        "7.0": 0.0584,
        "1.0": 0.7688
    },
    "probability_distribution_items": [
        [
            4.0,
            0.0486
        ],
        [
            2.0,
            0.1242
        ],
        [
            7.0,
            0.0584
        ],
        [
            1.0,
            0.7688
        ]
    ],
    "approximation_ratio": 1.6544,
    "approximation_ratio_offset": 0.8909333333333334,
    "noise": false,
    "p": 7
}