{
    "expected_value": 39.9489,
    "optimal_gammas": [
        3.335080716080436,
        1.7735206096292921,
        1.78426418413384,
        5.752445739708161,
        5.682777684994498
    ],
    "optimal_betas": [
        0.7522906606757285,
        2.4205761432180215,
        1.3371006512517252,
        0.11299018893108714,
        1.7271480818323603
    ],
    "problem_identifier": "{'W': [1, 1], 'W_max': 2, 'A': 32, 'B': 4, 'C': 64}",
    "now": "2021-05-11 07:40:26",
    "execution_time": "2:54:54.346747",
    "nfev": 7881,
    "message": "Maximum number of iterations has been exceeded.",
    "success": false,
    "nit": 50,
    "routing": "network",
    "problem": {
        "W": [
            1,
            1
        ],
        "W_max": 2,
        "A": 32,
        "B": 4,
        "C": 64
    },
    "optimal_cost": 1.0,
    "probability_distribution": {
        "32.0": 0.012,
        "24.0": 0.0255,
        "65.0": 0.012100000000000001,
        "25.0": 0.0399,
        "1.0": 0.0056,
        "57.0": 0.0328,
        "49.0": 0.05210000000000001,
        "17.0": 0.0535,
        "41.0": 0.038,
        "9.0": 0.0406,
        "33.0": 0.028900000000000002,
        "73.0": 0.004399999999999999,
        "108.0": 0.0066,
        "52.0": 0.013099999999999999,
        "12.0": 0.0068000000000000005,
        "100.0": 0.0124,
        "76.0": 0.0313,
        "44.0": 0.0237,
        "36.0": 0.0296,
        "84.0": 0.0117,
        "48.0": 0.0178,
        "98.0": 0.0019,
        "58.0": 0.0126,
        "34.0": 0.044500000000000005,
        "50.0": 0.029599999999999998,
        "18.0": 0.0321,
        "26.0": 0.033299999999999996,
        "16.0": 0.016,
        "74.0": 0.0029,
        "42.0": 0.043,
        "10.0": 0.0357,
        "56.0": 0.0246,
        "141.0": 0.0024,
        "85.0": 0.0139,
        "45.0": 0.027,
        "101.0": 0.0081,
        "77.0": 0.016200000000000003,
        "37.0": 0.0317,
        "53.0": 0.013900000000000001,
        "2.0": 0.0092,
        "117.0": 0.0024000000000000002,
        "61.0": 0.0195,
        "21.0": 0.004999999999999999,
        "93.0": 0.0095,
        "69.0": 0.015000000000000001,
        "29.0": 0.018199999999999997,
        "96.0": 0.0037,
        "184.0": 0.0011,
        "128.0": 0.005,
        "88.0": 0.0023,
        "104.0": 0.0051,
        "72.0": 0.0059,
        "64.0": 0.0103
    },
    "probability_distribution_items": [
        [
            32.0,
            0.012
        ],
        [
            24.0,
            0.0255
        ],
        [
            65.0,
            0.012100000000000001
        ],
        [
            25.0,
            0.0399
        ],
        [
            1.0,
            0.0056
        ],
        [
            57.0,
            0.0328
        ],
        [
            49.0,
            0.05210000000000001
        ],
        [
            17.0,
            0.0535
        ],
        [
            41.0,
            0.038
        ],
        [
            9.0,
            0.0406
        ],
        [
            33.0,
            0.028900000000000002
        ],
        [
            73.0,
            0.004399999999999999
        ],
        [
            108.0,
            0.0066
        ],
        [
            52.0,
            0.013099999999999999
        ],
        [
            12.0,
            0.0068000000000000005
        ],
        [
            100.0,
            0.0124
        ],
        [
            76.0,
            0.0313
        ],
        [
            44.0,
            0.0237
        ],
        [
            36.0,
            0.0296
        ],
        [
            84.0,
            0.0117
        ],
        [
            48.0,
            0.0178
        ],
        [
            98.0,
            0.0019
        ],
        [
            58.0,
            0.0126
        ],
        [
            34.0,
            0.044500000000000005
        ],
        [
            50.0,
            0.029599999999999998
        ],
        [
            18.0,
            0.0321
        ],
        [
            26.0,
            0.033299999999999996
        ],
        [
            16.0,
            0.016
        ],
        [
            74.0,
            0.0029
        ],
        [
            42.0,
            0.043
        ],
        [
            10.0,
            0.0357
        ],
        [
            56.0,
            0.0246
        ],
        [
            141.0,
            0.0024
        ],
        [
            85.0,
            0.0139
        ],
        [
            45.0,
            0.027
        ],
        [
            101.0,
            0.0081
        ],
        [
            77.0,
            0.016200000000000003
        ],
        [
            37.0,
            0.0317
        ],
        [
            53.0,
            0.013900000000000001
        ],
        [
            2.0,
            0.0092
        ],
        [
            117.0,
            0.0024000000000000002
        ],
        [
            61.0,
            0.0195
        ],
        [
            21.0,
            0.004999999999999999
        ],
        [
            93.0,
            0.0095
        ],
        [
            69.0,
            0.015000000000000001
        ],
        [
            29.0,
            0.018199999999999997
        ],
        [
            96.0,
            0.0037
        ],
        [
            184.0,
            0.0011
        ],
        [
            128.0,
            0.005
        ],
        [
            88.0,
            0.0023
        ],
        [
            104.0,
            0.0051
        ],
        [
            72.0,
            0.0059
        ],
        [
            64.0,
            0.0103
        ]
    ],
    "approximation_ratio": 43.5547,
    "approximation_ratio_offset": 0.7674606557377049,
    "noise": false,
    "p": 5
}