{
    "expected_value": 16.7979,
    "optimal_gammas": [
        3.170533432160598
    ],
    "optimal_betas": [
        0.7835400037500463
    ],
    "problem_identifier": "{'W': [1, 1, 1], 'W_max': 1, 'A': 12, 'B': 4, 'C': 24}",
    "now": "2021-05-10 19:37:19",
    "execution_time": "8:24:38.436561",
    "nfev": 873,
    "message": "Optimization terminated successfully.",
    "success": true,
    "nit": 26,
    "routing": "linegrid",
    "problem": {
        "W": [
            1,
            1,
            1
        ],
        "W_max": 1,
        "A": 12,
        "B": 4,
        "C": 24
    },
    "optimal_cost": 3.0,
    "probability_distribution": {
        "18.0": 0.018800000000000004,
        "15.0": 0.10189999999999999,
        "12.0": 0.18609999999999996,
        "24.0": 0.08320000000000001,
        "27.0": 0.0339,
        "36.0": 0.010099999999999998,
        "21.0": 0.028099999999999997,
        "45.0": 0.006499999999999999,
        "39.0": 0.012599999999999998,
        "48.0": 0.0064,
        "63.0": 0.0017,
        "57.0": 0.0013000000000000002,
        "72.0": 0.0029000000000000002,
        "42.0": 0.0015999999999999999,
        "30.0": 0.0069,
        "60.0": 0.0011,
        "54.0": 0.0007,
        "51.0": 0.011999999999999999,
        "90.0": 0.0002,
        "66.0": 0.0014,
        "99.0": 0.00030000000000000003,
        "93.0": 0.00030000000000000003,
        "120.0": 0.0001,
        "22.0": 0.0407,
        "13.0": 0.014599999999999998,
        "10.0": 0.0441,
        "19.0": 0.043399999999999994,
        "7.0": 0.045500000000000006,
        "25.0": 0.006500000000000001,
        "34.0": 0.0062,
        "28.0": 0.004,
        "40.0": 0.0024000000000000002,
        "16.0": 0.033699999999999994,
        "31.0": 0.016299999999999995,
        "46.0": 0.0035,
        "43.0": 0.0057,
        "55.0": 0.0014000000000000004,
        "64.0": 0.00030000000000000003,
        "82.0": 0.0001,
        "37.0": 0.0034,
        "58.0": 0.0023000000000000004,
        "61.0": 0.0002,
        "49.0": 0.0012000000000000001,
        "70.0": 0.00030000000000000003,
        "9.0": 0.1551,
        "112.0": 0.0001,
        "52.0": 0.0001,
        "26.0": 0.003699999999999999,
        "17.0": 0.007600000000000004,
        "20.0": 0.0022999999999999995,
        "8.0": 0.0035,
        "14.0": 0.011899999999999996,
        "5.0": 0.0096,
        "23.0": 0.0031,
        "41.0": 0.0016000000000000003,
        "38.0": 0.0010000000000000002,
        "35.0": 0.0002,
        "29.0": 0.003399999999999999,
        "44.0": 0.0001,
        "56.0": 0.0004,
        "62.0": 0.00030000000000000003,
        "11.0": 0.0007999999999999999,
        "53.0": 0.00030000000000000003,
        "50.0": 0.0001,
        "47.0": 0.00030000000000000003,
        "3.0": 0.0004,
        "87.0": 0.0002
    },
    "probability_distribution_items": [
        [
            18.0,
            0.018800000000000004
        ],
        [
            15.0,
            0.10189999999999999
        ],
        [
            12.0,
            0.18609999999999996
        ],
        [
            24.0,
            0.08320000000000001
        ],
        [
            27.0,
            0.0339
        ],
        [
            36.0,
            0.010099999999999998
        ],
        [
            21.0,
            0.028099999999999997
        ],
        [
            45.0,
            0.006499999999999999
        ],
        [
            39.0,
            0.012599999999999998
        ],
        [
            48.0,
            0.0064
        ],
        [
            63.0,
            0.0017
        ],
        [
            57.0,
            0.0013000000000000002
        ],
        [
            72.0,
            0.0029000000000000002
        ],
        [
            42.0,
            0.0015999999999999999
        ],
        [
            30.0,
            0.0069
        ],
        [
            60.0,
            0.0011
        ],
        [
            54.0,
            0.0007
        ],
        [
            51.0,
            0.011999999999999999
        ],
        [
            90.0,
            0.0002
        ],
        [
            66.0,
            0.0014
        ],
        [
            99.0,
            0.00030000000000000003
        ],
        [
            93.0,
            0.00030000000000000003
        ],
        [
            120.0,
            0.0001
        ],
        [
            22.0,
            0.0407
        ],
        [
            13.0,
            0.014599999999999998
        ],
        [
            10.0,
            0.0441
        ],
        [
            19.0,
            0.043399999999999994
        ],
        [
            7.0,
            0.045500000000000006
        ],
        [
            25.0,
            0.006500000000000001
        ],
        [
            34.0,
            0.0062
        ],
        [
            28.0,
            0.004
        ],
        [
            40.0,
            0.0024000000000000002
        ],
        [
            16.0,
            0.033699999999999994
        ],
        [
            31.0,
            0.016299999999999995
        ],
        [
            46.0,
            0.0035
        ],
        [
            43.0,
            0.0057
        ],
        [
            55.0,
            0.0014000000000000004
        ],
        [
            64.0,
            0.00030000000000000003
        ],
        [
            82.0,
            0.0001
        ],
        [
            37.0,
            0.0034
        ],
        [
            58.0,
            0.0023000000000000004
        ],
        [
            61.0,
            0.0002
        ],
        [
            49.0,
            0.0012000000000000001
        ],
        [
            70.0,
            0.00030000000000000003
        ],
        [
            9.0,
            0.1551
        ],
        [
            112.0,
            0.0001
        ],
        [
            52.0,
            0.0001
        ],
        [
            26.0,
            0.003699999999999999
        ],
        [
            17.0,
            0.007600000000000004
        ],
        [
            20.0,
            0.0022999999999999995
        ],
        [
            8.0,
            0.0035
        ],
        [
            14.0,
            0.011899999999999996
        ],
        [
            5.0,
            0.0096
        ],
        [
            23.0,
            0.0031
        ],
        [
            41.0,
            0.0016000000000000003
        ],
        [
            38.0,
            0.0010000000000000002
        ],
        [
            35.0,
            0.0002
        ],
        [
            29.0,
            0.003399999999999999
        ],
        [
            44.0,
            0.0001
        ],
        [
            56.0,
            0.0004
        ],
        [
            62.0,
            0.00030000000000000003
        ],
        [
            11.0,
            0.0007999999999999999
        ],
        [
            53.0,
            0.00030000000000000003
        ],
        [
            50.0,
            0.0001
        ],
        [
            47.0,
            0.00030000000000000003
        ],
        [
            3.0,
            0.0004
        ],
        [
            87.0,
            0.0002
        ]
    ],
    "approximation_ratio": 6.006566666666667,
    "approximation_ratio_offset": 0.8716264957264958,
    "noise": false,
    "p": 1
}