{
    "expected_value": 1.3207,
    "optimal_gammas": [
        6.173739557270949,
        4.583806198032701,
        2.130270231612578,
        2.5687278617641898
    ],
    "optimal_betas": [
        0.294495831575217,
        2.598838512786649,
        2.398770218276401,
        2.2742106616184534
    ],
    "problem_identifier": "{'W': [1], 'W_max': 1, 'A': 8, 'B': 4, 'C': 16}",
    "now": "2021-05-10 12:12:25",
    "execution_time": "0:27:18.515727",
    "nfev": 6381,
    "message": "Maximum number of iterations has been exceeded.",
    "success": false,
    "nit": 50,
    "routing": "network",
    "problem": {
        "W": [
            1
        ],
        "W_max": 1,
        "A": 8,
        "B": 4,
        "C": 16
    },
    "optimal_cost": 1.0,
    "probability_distribution": {
        "4.0": 0.0524,
        "2.0": 0.084,
        "7.0": 0.0375,
        "1.0": 0.8261
    },
    "probability_distribution_items": [
        [
            4.0,
            0.0524
        ],
        [
            2.0,
            0.084
        ],
        [
            7.0,
            0.0375
        ],
        [
            1.0,
            0.8261
        ]
    ],
    "approximation_ratio": 1.4712,
    "approximation_ratio_offset": 0.9214666666666668,
    "noise": false,
    "p": 4
}