{
    "expected_value": 35.7793,
    "optimal_gammas": [
        6.106702542795226,
        2.385175328909134
    ],
    "optimal_betas": [
        2.840362255711559,
        3.0724832903343255
    ],
    "problem_identifier": "{'W': [1, 1], 'W_max': 2, 'A': 32, 'B': 4, 'C': 64}",
    "now": "2021-05-10 11:45:59",
    "execution_time": "0:33:18.698223",
    "nfev": 3190,
    "message": "Maximum number of iterations has been exceeded.",
    "success": false,
    "nit": 50,
    "routing": "linegrid",
    "problem": {
        "W": [
            1,
            1
        ],
        "W_max": 2,
        "A": 32,
        "B": 4,
        "C": 64
    },
    "optimal_cost": 1.0,
    "probability_distribution": {
        "32.0": 0.054,
        "24.0": 0.0579,
        "65.0": 0.029300000000000003,
        "25.0": 0.07429999999999999,
        "1.0": 0.0143,
        "57.0": 0.022700000000000005,
        "49.0": 0.026799999999999997,
        "17.0": 0.08910000000000001,
        "41.0": 0.0588,
        "9.0": 0.040100000000000004,
        "33.0": 0.0363,
        "73.0": 0.0018,
        "108.0": 0.0105,
        "52.0": 0.033100000000000004,
        "12.0": 0.0262,
        "100.0": 0.0086,
        "76.0": 0.014599999999999998,
        "44.0": 0.015100000000000002,
        "36.0": 0.0213,
        "84.0": 0.0039,
        "48.0": 0.0119,
        "98.0": 0.0037,
        "58.0": 0.011600000000000001,
        "34.0": 0.04830000000000001,
        "50.0": 0.0295,
        "18.0": 0.025300000000000003,
        "26.0": 0.0301,
        "16.0": 0.0083,
        "74.0": 0.0084,
        "42.0": 0.033900000000000007,
        "10.0": 0.0315,
        "56.0": 0.0066,
        "141.0": 0.0022,
        "85.0": 0.0091,
        "45.0": 0.0126,
        "101.0": 0.0052,
        "77.0": 0.0074,
        "37.0": 0.0156,
        "53.0": 0.008199999999999999,
        "2.0": 0.0063,
        "117.0": 0.0029,
        "61.0": 0.010000000000000002,
        "21.0": 0.004399999999999999,
        "93.0": 0.005,
        "69.0": 0.0067,
        "29.0": 0.0082,
        "96.0": 0.0009,
        "184.0": 0.0004,
        "128.0": 0.002,
        "88.0": 0.0009,
        "104.0": 0.001,
        "72.0": 0.001,
        "64.0": 0.0022
    },
    "probability_distribution_items": [
        [
            32.0,
            0.054
        ],
        [
            24.0,
            0.0579
        ],
        [
            65.0,
            0.029300000000000003
        ],
        [
            25.0,
            0.07429999999999999
        ],
        [
            1.0,
            0.0143
        ],
        [
            57.0,
            0.022700000000000005
        ],
        [
            49.0,
            0.026799999999999997
        ],
        [
            17.0,
            0.08910000000000001
        ],
        [
            41.0,
            0.0588
        ],
        [
            9.0,
            0.040100000000000004
        ],
        [
            33.0,
            0.0363
        ],
        [
            73.0,
            0.0018
        ],
        [
            108.0,
            0.0105
        ],
        [
            52.0,
            0.033100000000000004
        ],
        [
            12.0,
            0.0262
        ],
        [
            100.0,
            0.0086
        ],
        [
            76.0,
            0.014599999999999998
        ],
        [
            44.0,
            0.015100000000000002
        ],
        [
            36.0,
            0.0213
        ],
        [
            84.0,
            0.0039
        ],
        [
            48.0,
            0.0119
        ],
        [
            98.0,
            0.0037
        ],
        [
            58.0,
            0.011600000000000001
        ],
        [
            34.0,
            0.04830000000000001
        ],
        [
            50.0,
            0.0295
        ],
        [
            18.0,
            0.025300000000000003
        ],
        [
            26.0,
            0.0301
        ],
        [
            16.0,
            0.0083
        ],
        [
            74.0,
            0.0084
        ],
        [
            42.0,
            0.033900000000000007
        ],
        [
            10.0,
            0.0315
        ],
        [
            56.0,
            0.0066
        ],
        [
            141.0,
            0.0022
        ],
        [
            85.0,
            0.0091
        ],
        [
            45.0,
            0.0126
        ],
        [
            101.0,
            0.0052
        ],
        [
            77.0,
            0.0074
        ],
        [
            37.0,
            0.0156
        ],
        [
            53.0,
            0.008199999999999999
        ],
        [
            2.0,
            0.0063
        ],
        [
            117.0,
            0.0029
        ],
        [
            61.0,
            0.010000000000000002
        ],
        [
            21.0,
            0.004399999999999999
        ],
        [
            93.0,
            0.005
        ],
        [
            69.0,
            0.0067
        ],
        [
            29.0,
            0.0082
        ],
        [
            96.0,
            0.0009
        ],
        [
            184.0,
            0.0004
        ],
        [
            128.0,
            0.002
        ],
        [
            88.0,
            0.0009
        ],
        [
            104.0,
            0.001
        ],
        [
            72.0,
            0.001
        ],
        [
            64.0,
            0.0022
        ]
    ],
    "approximation_ratio": 37.8022,
    "approximation_ratio_offset": 0.7988950819672131,
    "noise": false,
    "p": 2
}