{
    "expected_value": 39.4289,
    "optimal_gammas": [
        3.7301614213611787,
        6.150852863997424,
        4.1543545978321035,
        2.5488286488722607
    ],
    "optimal_betas": [
        2.6173827430289593,
        1.3571951055967961,
        1.5816811722740718,
        2.951078262278635
    ],
    "problem_identifier": "{'W': [1, 1], 'W_max': 2, 'A': 32, 'B': 4, 'C': 64}",
    "now": "2021-05-11 04:07:16",
    "execution_time": "2:38:15.314784",
    "nfev": 6300,
    "message": "Maximum number of iterations has been exceeded.",
    "success": false,
    "nit": 50,
    "routing": "line",
    "problem": {
        "W": [
            1,
            1
        ],
        "W_max": 2,
        "A": 32,
        "B": 4,
        "C": 64
    },
    "optimal_cost": 1.0,
    "probability_distribution": {
        "32.0": 0.0337,
        "24.0": 0.0509,
        "65.0": 0.0174,
        "25.0": 0.0315,
        "1.0": 0.0072,
        "57.0": 0.0236,
        "49.0": 0.044399999999999995,
        "17.0": 0.0627,
        "41.0": 0.08349999999999999,
        "9.0": 0.055400000000000005,
        "33.0": 0.0538,
        "73.0": 0.0054,
        "108.0": 0.013199999999999998,
        "52.0": 0.0159,
        "12.0": 0.0034,
        "100.0": 0.015300000000000001,
        "76.0": 0.0167,
        "44.0": 0.014100000000000001,
        "36.0": 0.0081,
        "84.0": 0.0083,
        "48.0": 0.0236,
        "98.0": 0.0019,
        "58.0": 0.006999999999999999,
        "34.0": 0.0413,
        "50.0": 0.028900000000000002,
        "18.0": 0.025,
        "26.0": 0.0583,
        "16.0": 0.0179,
        "74.0": 0.0058,
        "42.0": 0.022199999999999998,
        "10.0": 0.0194,
        "56.0": 0.0246,
        "141.0": 0.0034000000000000002,
        "85.0": 0.0088,
        "45.0": 0.008199999999999999,
        "101.0": 0.0052,
        "77.0": 0.0079,
        "37.0": 0.016800000000000002,
        "53.0": 0.0039000000000000003,
        "2.0": 0.019799999999999998,
        "117.0": 0.0062,
        "61.0": 0.018299999999999997,
        "21.0": 0.0047,
        "93.0": 0.0144,
        "69.0": 0.0143,
        "29.0": 0.008,
        "96.0": 0.0031,
        "184.0": 0.0015,
        "128.0": 0.0058000000000000005,
        "88.0": 0.0014,
        "104.0": 0.0025,
        "72.0": 0.0027,
        "64.0": 0.0026999999999999997
    },
    "probability_distribution_items": [
        [
            32.0,
            0.0337
        ],
        [
            24.0,
            0.0509
        ],
        [
            65.0,
            0.0174
        ],
        [
            25.0,
            0.0315
        ],
        [
            1.0,
            0.0072
        ],
        [
            57.0,
            0.0236
        ],
        [
            49.0,
            0.044399999999999995
        ],
        [
            17.0,
            0.0627
        ],
        [
            41.0,
            0.08349999999999999
        ],
        [
            9.0,
            0.055400000000000005
        ],
        [
            33.0,
            0.0538
        ],
        [
            73.0,
            0.0054
        ],
        [
            108.0,
            0.013199999999999998
        ],
        [
            52.0,
            0.0159
        ],
        [
            12.0,
            0.0034
        ],
        [
            100.0,
            0.015300000000000001
        ],
        [
            76.0,
            0.0167
        ],
        [
            44.0,
            0.014100000000000001
        ],
        [
            36.0,
            0.0081
        ],
        [
            84.0,
            0.0083
        ],
        [
            48.0,
            0.0236
        ],
        [
            98.0,
            0.0019
        ],
        [
            58.0,
            0.006999999999999999
        ],
        [
            34.0,
            0.0413
        ],
        [
            50.0,
            0.028900000000000002
        ],
        [
            18.0,
            0.025
        ],
        [
            26.0,
            0.0583
        ],
        [
            16.0,
            0.0179
        ],
        [
            74.0,
            0.0058
        ],
        [
            42.0,
            0.022199999999999998
        ],
        [
            10.0,
            0.0194
        ],
        [
            56.0,
            0.0246
        ],
        [
            141.0,
            0.0034000000000000002
        ],
        [
            85.0,
            0.0088
        ],
        [
            45.0,
            0.008199999999999999
        ],
        [
            101.0,
            0.0052
        ],
        [
            77.0,
            0.0079
        ],
        [
            37.0,
            0.016800000000000002
        ],
        [
            53.0,
            0.0039000000000000003
        ],
        [
            2.0,
            0.019799999999999998
        ],
        [
            117.0,
            0.0062
        ],
        [
            61.0,
            0.018299999999999997
        ],
        [
            21.0,
            0.0047
        ],
        [
            93.0,
            0.0144
        ],
        [
            69.0,
            0.0143
        ],
        [
            29.0,
            0.008
        ],
        [
            96.0,
            0.0031
        ],
        [
            184.0,
            0.0015
        ],
        [
            128.0,
            0.0058000000000000005
        ],
        [
            88.0,
            0.0014
        ],
        [
            104.0,
            0.0025
        ],
        [
            72.0,
            0.0027
        ],
        [
            64.0,
            0.0026999999999999997
        ]
    ],
    "approximation_ratio": 41.4606,
    "approximation_ratio_offset": 0.778903825136612,
    "noise": false,
    "p": 4
}