{
    "expected_value": 42.4434,
    "optimal_gammas": [
        1.7559091108201343,
        6.187980282432944,
        1.5794426814754696,
        5.296077193030299,
        5.3339494751434575
    ],
    "optimal_betas": [
        2.4182009830592017,
        1.7412967805299795,
        1.0467142161360172,
        1.7457627730264038,
        2.948139375522918
    ],
    "problem_identifier": "{'W': [1, 1], 'W_max': 2, 'A': 32, 'B': 4, 'C': 64}",
    "now": "2021-05-10 20:35:40",
    "execution_time": "3:14:03.784200",
    "nfev": 8046,
    "message": "Maximum number of iterations has been exceeded.",
    "success": false,
    "nit": 50,
    "routing": "linegrid",
    "problem": {
        "W": [
            1,
            1
        ],
        "W_max": 2,
        "A": 32,
        "B": 4,
        "C": 64
    },
    "optimal_cost": 1.0,
    "probability_distribution": {
        "32.0": 0.0218,
        "24.0": 0.032799999999999996,
        "65.0": 0.020900000000000002,
        "25.0": 0.041299999999999996,
        "1.0": 0.0088,
        "57.0": 0.0335,
        "49.0": 0.039099999999999996,
        "17.0": 0.056499999999999995,
        "41.0": 0.04290000000000001,
        "9.0": 0.0371,
        "33.0": 0.0421,
        "73.0": 0.0079,
        "108.0": 0.011999999999999999,
        "52.0": 0.0228,
        "12.0": 0.0081,
        "100.0": 0.0173,
        "76.0": 0.027400000000000004,
        "44.0": 0.019200000000000002,
        "36.0": 0.013599999999999998,
        "84.0": 0.01,
        "48.0": 0.0115,
        "98.0": 0.0029,
        "58.0": 0.015300000000000001,
        "34.0": 0.050199999999999995,
        "50.0": 0.0335,
        "18.0": 0.029399999999999996,
        "26.0": 0.041800000000000004,
        "16.0": 0.0114,
        "74.0": 0.005900000000000001,
        "42.0": 0.039,
        "10.0": 0.025300000000000003,
        "56.0": 0.015700000000000002,
        "141.0": 0.0042,
        "85.0": 0.0128,
        "45.0": 0.023499999999999997,
        "101.0": 0.010799999999999999,
        "77.0": 0.0177,
        "37.0": 0.0234,
        "53.0": 0.013900000000000001,
        "2.0": 0.0081,
        "117.0": 0.0043,
        "61.0": 0.0177,
        "21.0": 0.0031999999999999997,
        "93.0": 0.01,
        "69.0": 0.0125,
        "29.0": 0.009399999999999999,
        "96.0": 0.0023,
        "184.0": 0.0018,
        "128.0": 0.008700000000000001,
        "88.0": 0.0028,
        "104.0": 0.0054,
        "72.0": 0.0039,
        "64.0": 0.0066
    },
    "probability_distribution_items": [
        [
            32.0,
            0.0218
        ],
        [
            24.0,
            0.032799999999999996
        ],
        [
            65.0,
            0.020900000000000002
        ],
        [
            25.0,
            0.041299999999999996
        ],
        [
            1.0,
            0.0088
        ],
        [
            57.0,
            0.0335
        ],
        [
            49.0,
            0.039099999999999996
        ],
        [
            17.0,
            0.056499999999999995
        ],
        [
            41.0,
            0.04290000000000001
        ],
        [
            9.0,
            0.0371
        ],
        [
            33.0,
            0.0421
        ],
        [
            73.0,
            0.0079
        ],
        [
            108.0,
            0.011999999999999999
        ],
        [
            52.0,
            0.0228
        ],
        [
            12.0,
            0.0081
        ],
        [
            100.0,
            0.0173
        ],
        [
            76.0,
            0.027400000000000004
        ],
        [
            44.0,
            0.019200000000000002
        ],
        [
            36.0,
            0.013599999999999998
        ],
        [
            84.0,
            0.01
        ],
        [
            48.0,
            0.0115
        ],
        [
            98.0,
            0.0029
        ],
        [
            58.0,
            0.015300000000000001
        ],
        [
            34.0,
            0.050199999999999995
        ],
        [
            50.0,
            0.0335
        ],
        [
            18.0,
            0.029399999999999996
        ],
        [
            26.0,
            0.041800000000000004
        ],
        [
            16.0,
            0.0114
        ],
        [
            74.0,
            0.005900000000000001
        ],
        [
            42.0,
            0.039
        ],
        [
            10.0,
            0.025300000000000003
        ],
        [
            56.0,
            0.015700000000000002
        ],
        [
            141.0,
            0.0042
        ],
        [
            85.0,
            0.0128
        ],
        [
            45.0,
            0.023499999999999997
        ],
        [
            101.0,
            0.010799999999999999
        ],
        [
            77.0,
            0.0177
        ],
        [
            37.0,
            0.0234
        ],
        [
            53.0,
            0.013900000000000001
        ],
        [
            2.0,
            0.0081
        ],
        [
            117.0,
            0.0043
        ],
        [
            61.0,
            0.0177
        ],
        [
            21.0,
            0.0031999999999999997
        ],
        [
            93.0,
            0.01
        ],
        [
            69.0,
            0.0125
        ],
        [
            29.0,
            0.009399999999999999
        ],
        [
            96.0,
            0.0023
        ],
        [
            184.0,
            0.0018
        ],
        [
            128.0,
            0.008700000000000001
        ],
        [
            88.0,
            0.0028
        ],
        [
            104.0,
            0.0054
        ],
        [
            72.0,
            0.0039
        ],
        [
            64.0,
            0.0066
        ]
    ],
    "approximation_ratio": 44.7335,
    "approximation_ratio_offset": 0.7610191256830602,
    "noise": false,
    "p": 5
}