{
    "expected_value": 32.1995,
    "optimal_gammas": [
        3.73327608147635
    ],
    "optimal_betas": [
        2.5984537982381286
    ],
    "problem_identifier": "{'W': [1, 1], 'W_max': 2, 'A': 32, 'B': 4, 'C': 64}",
    "now": "2021-05-10 11:33:17",
    "execution_time": "0:07:47.838575",
    "nfev": 1203,
    "message": "Optimization terminated successfully.",
    "success": true,
    "nit": 37,
    "routing": "linegrid",
    "problem": {
        "W": [
            1,
            1
        ],
        "W_max": 2,
        "A": 32,
        "B": 4,
        "C": 64
    },
    "optimal_cost": 1.0,
    "probability_distribution": {
        "32.0": 0.028200000000000003,
        "24.0": 0.0722,
        "65.0": 0.0052,
        "25.0": 0.0165,
        "1.0": 0.0013000000000000002,
        "57.0": 0.014000000000000002,
        "49.0": 0.041999999999999996,
        "17.0": 0.08780000000000002,
        "41.0": 0.1278,
        "9.0": 0.094,
        "33.0": 0.0901,
        "73.0": 0.0028,
        "108.0": 0.0038,
        "52.0": 0.0103,
        "12.0": 0.0011,
        "100.0": 0.0064,
        "76.0": 0.0109,
        "44.0": 0.0102,
        "36.0": 0.002,
        "84.0": 0.0037,
        "48.0": 0.040900000000000006,
        "98.0": 0.0006,
        "58.0": 0.0012,
        "34.0": 0.047,
        "50.0": 0.0189,
        "18.0": 0.012199999999999999,
        "26.0": 0.06880000000000001,
        "16.0": 0.0432,
        "74.0": 0.0021000000000000003,
        "42.0": 0.0138,
        "10.0": 0.0143,
        "56.0": 0.0267,
        "141.0": 0.0003,
        "85.0": 0.0022,
        "45.0": 0.0021999999999999997,
        "101.0": 0.0009,
        "77.0": 0.0018,
        "37.0": 0.01,
        "2.0": 0.0287,
        "117.0": 0.0024000000000000002,
        "61.0": 0.0097,
        "21.0": 0.001,
        "93.0": 0.005,
        "69.0": 0.0082,
        "29.0": 0.0024000000000000002,
        "53.0": 0.0007,
        "96.0": 0.0021,
        "184.0": 0.0001,
        "128.0": 0.0006000000000000001,
        "104.0": 0.0007999999999999999,
        "72.0": 0.0005,
        "64.0": 0.0004
    },
    "probability_distribution_items": [
        [
            32.0,
            0.028200000000000003
        ],
        [
            24.0,
            0.0722
        ],
        [
            65.0,
            0.0052
        ],
        [
            25.0,
            0.0165
        ],
        [
            1.0,
            0.0013000000000000002
        ],
        [
            57.0,
            0.014000000000000002
        ],
        [
            49.0,
            0.041999999999999996
        ],
        [
            17.0,
            0.08780000000000002
        ],
        [
            41.0,
            0.1278
        ],
        [
            9.0,
            0.094
        ],
        [
            33.0,
            0.0901
        ],
        [
            73.0,
            0.0028
        ],
        [
            108.0,
            0.0038
        ],
        [
            52.0,
            0.0103
        ],
        [
            12.0,
            0.0011
        ],
        [
            100.0,
            0.0064
        ],
        [
            76.0,
            0.0109
        ],
        [
            44.0,
            0.0102
        ],
        [
            36.0,
            0.002
        ],
        [
            84.0,
            0.0037
        ],
        [
            48.0,
            0.040900000000000006
        ],
        [
            98.0,
            0.0006
        ],
        [
            58.0,
            0.0012
        ],
        [
            34.0,
            0.047
        ],
        [
            50.0,
            0.0189
        ],
        [
            18.0,
            0.012199999999999999
        ],
        [
            26.0,
            0.06880000000000001
        ],
        [
            16.0,
            0.0432
        ],
        [
            74.0,
            0.0021000000000000003
        ],
        [
            42.0,
            0.0138
        ],
        [
            10.0,
            0.0143
        ],
        [
            56.0,
            0.0267
        ],
        [
            141.0,
            0.0003
        ],
        [
            85.0,
            0.0022
        ],
        [
            45.0,
            0.0021999999999999997
        ],
        [
            101.0,
            0.0009
        ],
        [
            77.0,
            0.0018
        ],
        [
            37.0,
            0.01
        ],
        [
            2.0,
            0.0287
        ],
        [
            117.0,
            0.0024000000000000002
        ],
        [
            61.0,
            0.0097
        ],
        [
            21.0,
            0.001
        ],
        [
            93.0,
            0.005
        ],
        [
            69.0,
            0.0082
        ],
        [
            29.0,
            0.0024000000000000002
        ],
        [
            53.0,
            0.0007
        ],
        [
            96.0,
            0.0021
        ],
        [
            184.0,
            0.0001
        ],
        [
            128.0,
            0.0006000000000000001
        ],
        [
            104.0,
            0.0007999999999999999
        ],
        [
            72.0,
            0.0005
        ],
        [
            64.0,
            0.0004
        ]
    ],
    "approximation_ratio": 33.6367,
    "approximation_ratio_offset": 0.8216573770491804,
    "noise": false,
    "p": 1
}