{
    "expected_value": 42.3894,
    "optimal_gammas": [
        4.123332902357127,
        1.4168817881323295,
        4.141065578197363,
        4.295206522814379,
        5.296285912150573,
        5.122829579814412
    ],
    "optimal_betas": [
        0.8676988471360234,
        2.8438988053574006,
        2.8189618089887825,
        1.6432817770489758,
        1.9190650453868807,
        2.608414668888952
    ],
    "problem_identifier": "{'W': [1, 1], 'W_max': 2, 'A': 32, 'B': 4, 'C': 64}",
    "now": "2021-05-10 20:07:29",
    "execution_time": "4:34:46.427062",
    "nfev": 9453,
    "message": "Maximum number of iterations has been exceeded.",
    "success": false,
    "nit": 50,
    "routing": "line",
    "problem": {
        "W": [
            1,
            1
        ],
        "W_max": 2,
        "A": 32,
        "B": 4,
        "C": 64
    },
    "optimal_cost": 1.0,
    "probability_distribution": {
        "32.0": 0.0259,
        "24.0": 0.0372,
        "65.0": 0.025100000000000004,
        "25.0": 0.0322,
        "1.0": 0.0081,
        "57.0": 0.029799999999999997,
        "49.0": 0.0437,
        "17.0": 0.048100000000000004,
        "41.0": 0.062,
        "9.0": 0.043699999999999996,
        "33.0": 0.058100000000000006,
        "73.0": 0.0126,
        "108.0": 0.0134,
        "52.0": 0.0127,
        "12.0": 0.0055,
        "100.0": 0.012299999999999998,
        "76.0": 0.0156,
        "44.0": 0.0132,
        "36.0": 0.013399999999999999,
        "84.0": 0.0114,
        "48.0": 0.0172,
        "98.0": 0.0024,
        "58.0": 0.0103,
        "34.0": 0.049100000000000005,
        "50.0": 0.0317,
        "18.0": 0.0263,
        "26.0": 0.05299999999999999,
        "16.0": 0.0187,
        "74.0": 0.0078,
        "42.0": 0.0283,
        "10.0": 0.020300000000000002,
        "56.0": 0.0274,
        "141.0": 0.0042,
        "85.0": 0.0112,
        "45.0": 0.0115,
        "101.0": 0.0079,
        "77.0": 0.0085,
        "37.0": 0.0198,
        "53.0": 0.0095,
        "2.0": 0.0127,
        "117.0": 0.0049,
        "61.0": 0.0245,
        "21.0": 0.0055,
        "93.0": 0.0115,
        "69.0": 0.0108,
        "29.0": 0.012,
        "96.0": 0.0053,
        "184.0": 0.0022,
        "128.0": 0.0069,
        "88.0": 0.003,
        "104.0": 0.0027,
        "72.0": 0.0027,
        "64.0": 0.006200000000000001
    },
    "probability_distribution_items": [
        [
            32.0,
            0.0259
        ],
        [
            24.0,
            0.0372
        ],
        [
            65.0,
            0.025100000000000004
        ],
        [
            25.0,
            0.0322
        ],
        [
            1.0,
            0.0081
        ],
        [
            57.0,
            0.029799999999999997
        ],
        [
            49.0,
            0.0437
        ],
        [
            17.0,
            0.048100000000000004
        ],
        [
            41.0,
            0.062
        ],
        [
            9.0,
            0.043699999999999996
        ],
        [
            33.0,
            0.058100000000000006
        ],
        [
            73.0,
            0.0126
        ],
        [
            108.0,
            0.0134
        ],
        [
            52.0,
            0.0127
        ],
        [
            12.0,
            0.0055
        ],
        [
            100.0,
            0.012299999999999998
        ],
        [
            76.0,
            0.0156
        ],
        [
            44.0,
            0.0132
        ],
        [
            36.0,
            0.013399999999999999
        ],
        [
            84.0,
            0.0114
        ],
        [
            48.0,
            0.0172
        ],
        [
            98.0,
            0.0024
        ],
        [
            58.0,
            0.0103
        ],
        [
            34.0,
            0.049100000000000005
        ],
        [
            50.0,
            0.0317
        ],
        [
            18.0,
            0.0263
        ],
        [
            26.0,
            0.05299999999999999
        ],
        [
            16.0,
            0.0187
        ],
        [
            74.0,
            0.0078
        ],
        [
            42.0,
            0.0283
        ],
        [
            10.0,
            0.020300000000000002
        ],
        [
            56.0,
            0.0274
        ],
        [
            141.0,
            0.0042
        ],
        [
            85.0,
            0.0112
        ],
        [
            45.0,
            0.0115
        ],
        [
            101.0,
            0.0079
        ],
        [
            77.0,
            0.0085
        ],
        [
            37.0,
            0.0198
        ],
        [
            53.0,
            0.0095
        ],
        [
            2.0,
            0.0127
        ],
        [
            117.0,
            0.0049
        ],
        [
            61.0,
            0.0245
        ],
        [
            21.0,
            0.0055
        ],
        [
            93.0,
            0.0115
        ],
        [
            69.0,
            0.0108
        ],
        [
            29.0,
            0.012
        ],
        [
            96.0,
            0.0053
        ],
        [
            184.0,
            0.0022
        ],
        [
            128.0,
            0.0069
        ],
        [
            88.0,
            0.003
        ],
        [
            104.0,
            0.0027
        ],
        [
            72.0,
            0.0027
        ],
        [
            64.0,
            0.006200000000000001
        ]
    ],
    "approximation_ratio": 44.2156,
    "approximation_ratio_offset": 0.7638491803278689,
    "noise": false,
    "p": 6
}