{
    "expected_value": 40.9939,
    "optimal_gammas": [
        1.181761210501462,
        2.3385132462724534,
        1.5677790185605776,
        5.0702545265227155,
        1.9671945233902197,
        4.727011199794265
    ],
    "optimal_betas": [
        1.6543497005503787,
        0.6982422828073298,
        2.773224348828266,
        1.193946733587301,
        1.045457503185105,
        1.2964534261339289
    ],
    "problem_identifier": "{'W': [1, 1], 'W_max': 2, 'A': 32, 'B': 4, 'C': 64}",
    "now": "2021-05-10 20:01:44",
    "execution_time": "3:05:43.925478",
    "nfev": 9544,
    "message": "Maximum number of iterations has been exceeded.",
    "success": false,
    "nit": 50,
    "routing": "network",
    "problem": {
        "W": [
            1,
            1
        ],
        "W_max": 2,
        "A": 32,
        "B": 4,
        "C": 64
    },
    "optimal_cost": 1.0,
    "probability_distribution": {
        "32.0": 0.008499999999999999,
        "24.0": 0.0216,
        "65.0": 0.0157,
        "25.0": 0.0406,
        "1.0": 0.0054,
        "57.0": 0.0296,
        "49.0": 0.043899999999999995,
        "17.0": 0.0376,
        "41.0": 0.034999999999999996,
        "9.0": 0.0342,
        "33.0": 0.04479999999999999,
        "73.0": 0.01,
        "108.0": 0.005300000000000001,
        "52.0": 0.0076,
        "12.0": 0.0046,
        "100.0": 0.0105,
        "76.0": 0.0276,
        "44.0": 0.0158,
        "36.0": 0.026,
        "84.0": 0.0146,
        "48.0": 0.0303,
        "98.0": 0.0015,
        "58.0": 0.0082,
        "34.0": 0.05059999999999999,
        "50.0": 0.0277,
        "18.0": 0.0339,
        "26.0": 0.060600000000000015,
        "16.0": 0.025,
        "74.0": 0.0021999999999999997,
        "42.0": 0.0306,
        "10.0": 0.018999999999999996,
        "56.0": 0.0362,
        "141.0": 0.0018,
        "85.0": 0.009800000000000001,
        "45.0": 0.028300000000000002,
        "101.0": 0.006299999999999999,
        "77.0": 0.0175,
        "37.0": 0.034699999999999995,
        "53.0": 0.025299999999999996,
        "2.0": 0.013500000000000002,
        "117.0": 0.0007999999999999999,
        "61.0": 0.018000000000000002,
        "21.0": 0.0037,
        "93.0": 0.005900000000000001,
        "69.0": 0.0128,
        "29.0": 0.0202,
        "96.0": 0.0044,
        "184.0": 0.0005,
        "128.0": 0.0038000000000000004,
        "88.0": 0.0029,
        "104.0": 0.004699999999999999,
        "72.0": 0.0051,
        "64.0": 0.015299999999999998
    },
    "probability_distribution_items": [
        [
            32.0,
            0.008499999999999999
        ],
        [
            24.0,
            0.0216
        ],
        [
            65.0,
            0.0157
        ],
        [
            25.0,
            0.0406
        ],
        [
            1.0,
            0.0054
        ],
        [
            57.0,
            0.0296
        ],
        [
            49.0,
            0.043899999999999995
        ],
        [
            17.0,
            0.0376
        ],
        [
            41.0,
            0.034999999999999996
        ],
        [
            9.0,
            0.0342
        ],
        [
            33.0,
            0.04479999999999999
        ],
        [
            73.0,
            0.01
        ],
        [
            108.0,
            0.005300000000000001
        ],
        [
            52.0,
            0.0076
        ],
        [
            12.0,
            0.0046
        ],
        [
            100.0,
            0.0105
        ],
        [
            76.0,
            0.0276
        ],
        [
            44.0,
            0.0158
        ],
        [
            36.0,
            0.026
        ],
        [
            84.0,
            0.0146
        ],
        [
            48.0,
            0.0303
        ],
        [
            98.0,
            0.0015
        ],
        [
            58.0,
            0.0082
        ],
        [
            34.0,
            0.05059999999999999
        ],
        [
            50.0,
            0.0277
        ],
        [
            18.0,
            0.0339
        ],
        [
            26.0,
            0.060600000000000015
        ],
        [
            16.0,
            0.025
        ],
        [
            74.0,
            0.0021999999999999997
        ],
        [
            42.0,
            0.0306
        ],
        [
            10.0,
            0.018999999999999996
        ],
        [
            56.0,
            0.0362
        ],
        [
            141.0,
            0.0018
        ],
        [
            85.0,
            0.009800000000000001
        ],
        [
            45.0,
            0.028300000000000002
        ],
        [
            101.0,
            0.006299999999999999
        ],
        [
            77.0,
            0.0175
        ],
        [
            37.0,
            0.034699999999999995
        ],
        [
            53.0,
            0.025299999999999996
        ],
        [
            2.0,
            0.013500000000000002
        ],
        [
            117.0,
            0.0007999999999999999
        ],
        [
            61.0,
            0.018000000000000002
        ],
        [
            21.0,
            0.0037
        ],
        [
            93.0,
            0.005900000000000001
        ],
        [
            69.0,
            0.0128
        ],
        [
            29.0,
            0.0202
        ],
        [
            96.0,
            0.0044
        ],
        [
            184.0,
            0.0005
        ],
        [
            128.0,
            0.0038000000000000004
        ],
        [
            88.0,
            0.0029
        ],
        [
            104.0,
            0.004699999999999999
        ],
        [
            72.0,
            0.0051
        ],
        [
            64.0,
            0.015299999999999998
        ]
    ],
    "approximation_ratio": 42.748,
    "approximation_ratio_offset": 0.7718688524590165,
    "noise": false,
    "p": 6
}