{
    "expected_value": 32.1995,
    "optimal_gammas": [
        3.73327608147635
    ],
    "optimal_betas": [
        2.5984537982381286
    ],
    "problem_identifier": "{'W': [1, 1], 'W_max': 2, 'A': 32, 'B': 4, 'C': 64}",
    "now": "2021-05-10 11:33:17",
    "execution_time": "0:07:47.838575",
    "nfev": 1203,
    "message": "Optimization terminated successfully.",
    "success": true,
    "nit": 37,
    "routing": "linegrid",
    "problem": {
        "W": [
            1,
            1
        ],
        "W_max": 2,
        "A": 32,
        "B": 4,
        "C": 64
    },
    "optimal_cost": 1.0,
    "probability_distribution": {
        "32.0": 0.0276,
        "24.0": 0.0741,
        "65.0": 0.0060999999999999995,
        "25.0": 0.0171,
        "1.0": 0.0017000000000000001,
        "57.0": 0.0121,
        "49.0": 0.0445,
        "17.0": 0.0875,
        "41.0": 0.1255,
        "9.0": 0.09090000000000001,
        "33.0": 0.08449999999999999,
        "73.0": 0.0046,
        "108.0": 0.0039000000000000003,
        "52.0": 0.01,
        "12.0": 0.002,
        "100.0": 0.0075,
        "76.0": 0.0136,
        "44.0": 0.0094,
        "36.0": 0.003,
        "84.0": 0.0045,
        "48.0": 0.0456,
        "58.0": 0.0015999999999999999,
        "34.0": 0.0461,
        "50.0": 0.0177,
        "18.0": 0.0108,
        "26.0": 0.06789999999999999,
        "16.0": 0.0418,
        "74.0": 0.003,
        "42.0": 0.0161,
        "10.0": 0.013999999999999999,
        "56.0": 0.0275,
        "85.0": 0.0024,
        "45.0": 0.0024999999999999996,
        "77.0": 0.0021999999999999997,
        "37.0": 0.0092,
        "101.0": 0.00030000000000000003,
        "53.0": 0.0007000000000000001,
        "2.0": 0.030100000000000002,
        "117.0": 0.0024000000000000002,
        "61.0": 0.009,
        "21.0": 0.0005,
        "93.0": 0.0042,
        "69.0": 0.006900000000000001,
        "29.0": 0.0026999999999999997,
        "96.0": 0.0019,
        "128.0": 0.0009,
        "88.0": 0.0002,
        "104.0": 0.0005,
        "72.0": 0.0007999999999999999,
        "64.0": 0.0004
    },
    "probability_distribution_items": [
        [
            32.0,
            0.0276
        ],
        [
            24.0,
            0.0741
        ],
        [
            65.0,
            0.0060999999999999995
        ],
        [
            25.0,
            0.0171
        ],
        [
            1.0,
            0.0017000000000000001
        ],
        [
            57.0,
            0.0121
        ],
        [
            49.0,
            0.0445
        ],
        [
            17.0,
            0.0875
        ],
        [
            41.0,
            0.1255
        ],
        [
            9.0,
            0.09090000000000001
        ],
        [
            33.0,
            0.08449999999999999
        ],
        [
            73.0,
            0.0046
        ],
        [
            108.0,
            0.0039000000000000003
        ],
        [
            52.0,
            0.01
        ],
        [
            12.0,
            0.002
        ],
        [
            100.0,
            0.0075
        ],
        [
            76.0,
            0.0136
        ],
        [
            44.0,
            0.0094
        ],
        [
            36.0,
            0.003
        ],
        [
            84.0,
            0.0045
        ],
        [
            48.0,
            0.0456
        ],
        [
            58.0,
            0.0015999999999999999
        ],
        [
            34.0,
            0.0461
        ],
        [
            50.0,
            0.0177
        ],
        [
            18.0,
            0.0108
        ],
        [
            26.0,
            0.06789999999999999
        ],
        [
            16.0,
            0.0418
        ],
        [
            74.0,
            0.003
        ],
        [
            42.0,
            0.0161
        ],
        [
            10.0,
            0.013999999999999999
        ],
        [
            56.0,
            0.0275
        ],
        [
            85.0,
            0.0024
        ],
        [
            45.0,
            0.0024999999999999996
        ],
        [
            77.0,
            0.0021999999999999997
        ],
        [
            37.0,
            0.0092
        ],
        [
            101.0,
            0.00030000000000000003
        ],
        [
            53.0,
            0.0007000000000000001
        ],
        [
            2.0,
            0.030100000000000002
        ],
        [
            117.0,
            0.0024000000000000002
        ],
        [
            61.0,
            0.009
        ],
        [
            21.0,
            0.0005
        ],
        [
            93.0,
            0.0042
        ],
        [
            69.0,
            0.006900000000000001
        ],
        [
            29.0,
            0.0026999999999999997
        ],
        [
            96.0,
            0.0019
        ],
        [
            128.0,
            0.0009
        ],
        [
            88.0,
            0.0002
        ],
        [
            104.0,
            0.0005
        ],
        [
            72.0,
            0.0007999999999999999
        ],
        [
            64.0,
            0.0004
        ]
    ],
    "approximation_ratio": 33.4633,
    "approximation_ratio_offset": 0.7681192857142857,
    "noise": false,
    "p": 1
}