{
    "expected_value": 16.68,
    "optimal_gammas": [
        1.076133291519251
    ],
    "optimal_betas": [
        0.6984017483180446
    ],
    "problem_identifier": "{'W': [1, 1, 1], 'W_max': 1, 'A': 12, 'B': 4, 'C': 24}",
    "now": "2021-05-10 19:25:40",
    "execution_time": "8:12:59.745523",
    "nfev": 870,
    "message": "Optimization terminated successfully.",
    "success": true,
    "nit": 26,
    "routing": "line",
    "problem": {
        "W": [
            1,
            1,
            1
        ],
        "W_max": 1,
        "A": 12,
        "B": 4,
        "C": 24
    },
    "optimal_cost": 3.0,
    "probability_distribution": {
        "18.0": 0.022899999999999997,
        "15.0": 0.12119999999999997,
        "12.0": 0.1979,
        "24.0": 0.07450000000000004,
        "27.0": 0.037,
        "21.0": 0.0292,
        "9.0": 0.14389999999999997,
        "36.0": 0.011399999999999997,
        "39.0": 0.0092,
        "45.0": 0.005899999999999999,
        "48.0": 0.008799999999999999,
        "63.0": 0.002,
        "57.0": 0.0013000000000000002,
        "42.0": 0.002,
        "30.0": 0.0063,
        "60.0": 0.0009000000000000001,
        "66.0": 0.0010000000000000002,
        "51.0": 0.009200000000000002,
        "90.0": 0.0002,
        "87.0": 0.0004,
        "72.0": 0.0029999999999999996,
        "99.0": 0.0001,
        "22.0": 0.0408,
        "13.0": 0.0184,
        "10.0": 0.0414,
        "19.0": 0.047,
        "7.0": 0.03420000000000001,
        "25.0": 0.007299999999999998,
        "34.0": 0.0046999999999999984,
        "28.0": 0.0056,
        "43.0": 0.0045000000000000005,
        "16.0": 0.030599999999999995,
        "31.0": 0.012599999999999998,
        "46.0": 0.0032999999999999995,
        "64.0": 0.0004,
        "40.0": 0.0016,
        "61.0": 0.0002,
        "37.0": 0.0028,
        "58.0": 0.0013000000000000002,
        "55.0": 0.0008,
        "49.0": 0.0006000000000000001,
        "70.0": 0.0004,
        "79.0": 0.0001,
        "17.0": 0.009300000000000001,
        "14.0": 0.0127,
        "8.0": 0.0036999999999999997,
        "5.0": 0.0071,
        "20.0": 0.0036,
        "23.0": 0.0048,
        "26.0": 0.0032,
        "38.0": 0.0016000000000000005,
        "35.0": 0.0002,
        "11.0": 0.0007000000000000001,
        "29.0": 0.0028999999999999994,
        "56.0": 0.0002,
        "53.0": 0.00030000000000000003,
        "47.0": 0.0002,
        "41.0": 0.0010000000000000002,
        "62.0": 0.0001,
        "93.0": 0.0001,
        "106.0": 0.0001,
        "32.0": 0.0001,
        "50.0": 0.00030000000000000003,
        "44.0": 0.0002,
        "83.0": 0.0001,
        "65.0": 0.0001,
        "71.0": 0.0001,
        "3.0": 0.0004
    },
    "probability_distribution_items": [
        [
            18.0,
            0.022899999999999997
        ],
        [
            15.0,
            0.12119999999999997
        ],
        [
            12.0,
            0.1979
        ],
        [
            24.0,
            0.07450000000000004
        ],
        [
            27.0,
            0.037
        ],
        [
            21.0,
            0.0292
        ],
        [
            9.0,
            0.14389999999999997
        ],
        [
            36.0,
            0.011399999999999997
        ],
        [
            39.0,
            0.0092
        ],
        [
            45.0,
            0.005899999999999999
        ],
        [
            48.0,
            0.008799999999999999
        ],
        [
            63.0,
            0.002
        ],
        [
            57.0,
            0.0013000000000000002
        ],
        [
            42.0,
            0.002
        ],
        [
            30.0,
            0.0063
        ],
        [
            60.0,
            0.0009000000000000001
        ],
        [
            66.0,
            0.0010000000000000002
        ],
        [
            51.0,
            0.009200000000000002
        ],
        [
            90.0,
            0.0002
        ],
        [
            87.0,
            0.0004
        ],
        [
            72.0,
            0.0029999999999999996
        ],
        [
            99.0,
            0.0001
        ],
        [
            22.0,
            0.0408
        ],
        [
            13.0,
            0.0184
        ],
        [
            10.0,
            0.0414
        ],
        [
            19.0,
            0.047
        ],
        [
            7.0,
            0.03420000000000001
        ],
        [
            25.0,
            0.007299999999999998
        ],
        [
            34.0,
            0.0046999999999999984
        ],
        [
            28.0,
            0.0056
        ],
        [
            43.0,
            0.0045000000000000005
        ],
        [
            16.0,
            0.030599999999999995
        ],
        [
            31.0,
            0.012599999999999998
        ],
        [
            46.0,
            0.0032999999999999995
        ],
        [
            64.0,
            0.0004
        ],
        [
            40.0,
            0.0016
        ],
        [
            61.0,
            0.0002
        ],
        [
            37.0,
            0.0028
        ],
        [
            58.0,
            0.0013000000000000002
        ],
        [
            55.0,
            0.0008
        ],
        [
            49.0,
            0.0006000000000000001
        ],
        [
            70.0,
            0.0004
        ],
        [
            79.0,
            0.0001
        ],
        [
            17.0,
            0.009300000000000001
        ],
        [
            14.0,
            0.0127
        ],
        [
            8.0,
            0.0036999999999999997
        ],
        [
            5.0,
            0.0071
        ],
        [
            20.0,
            0.0036
        ],
        [
            23.0,
            0.0048
        ],
        [
            26.0,
            0.0032
        ],
        [
            38.0,
            0.0016000000000000005
        ],
        [
            35.0,
            0.0002
        ],
        [
            11.0,
            0.0007000000000000001
        ],
        [
            29.0,
            0.0028999999999999994
        ],
        [
            56.0,
            0.0002
        ],
        [
            53.0,
            0.00030000000000000003
        ],
        [
            47.0,
            0.0002
        ],
        [
            41.0,
            0.0010000000000000002
        ],
        [
            62.0,
            0.0001
        ],
        [
            93.0,
            0.0001
        ],
        [
            106.0,
            0.0001
        ],
        [
            32.0,
            0.0001
        ],
        [
            50.0,
            0.00030000000000000003
        ],
        [
            44.0,
            0.0002
        ],
        [
            83.0,
            0.0001
        ],
        [
            65.0,
            0.0001
        ],
        [
            71.0,
            0.0001
        ],
        [
            3.0,
            0.0004
        ]
    ],
    "approximation_ratio": 5.9362666666666675,
    "approximation_ratio_offset": 0.8457416666666666,
    "noise": false,
    "p": 1
}