{
    "expected_value": 35.3082,
    "optimal_gammas": [
        3.321162330203785,
        3.54770838699307
    ],
    "optimal_betas": [
        1.7188805176358994,
        1.8876230718436326
    ],
    "problem_identifier": "{'W': [1, 1], 'W_max': 2, 'A': 32, 'B': 4, 'C': 64}",
    "now": "2021-05-10 17:13:08",
    "execution_time": "0:46:26.407609",
    "nfev": 3165,
    "message": "Maximum number of iterations has been exceeded.",
    "success": false,
    "nit": 50,
    "routing": "linegrid",
    "problem": {
        "W": [
            1,
            1
        ],
        "W_max": 2,
        "A": 32,
        "B": 4,
        "C": 64
    },
    "optimal_cost": 1.0,
    "probability_distribution": {
        "32.0": 0.0166,
        "24.0": 0.07690000000000001,
        "65.0": 0.0109,
        "25.0": 0.0453,
        "1.0": 0.0035,
        "57.0": 0.0352,
        "49.0": 0.0631,
        "17.0": 0.0915,
        "41.0": 0.072,
        "9.0": 0.0662,
        "33.0": 0.035899999999999994,
        "73.0": 0.001,
        "108.0": 0.0028,
        "52.0": 0.0134,
        "12.0": 0.0031,
        "100.0": 0.0056,
        "76.0": 0.021300000000000003,
        "44.0": 0.0199,
        "36.0": 0.0106,
        "84.0": 0.0035,
        "48.0": 0.0604,
        "98.0": 0.0012,
        "58.0": 0.01,
        "34.0": 0.0265,
        "50.0": 0.023000000000000003,
        "18.0": 0.019599999999999996,
        "26.0": 0.021300000000000003,
        "16.0": 0.06470000000000001,
        "74.0": 0.002,
        "42.0": 0.027499999999999997,
        "10.0": 0.027699999999999995,
        "56.0": 0.026600000000000002,
        "141.0": 0.0004,
        "85.0": 0.0058,
        "45.0": 0.0123,
        "101.0": 0.0038999999999999994,
        "77.0": 0.009800000000000001,
        "37.0": 0.012,
        "53.0": 0.0021,
        "2.0": 0.012799999999999999,
        "117.0": 0.0013,
        "61.0": 0.0063,
        "21.0": 0.0007999999999999999,
        "93.0": 0.0044,
        "69.0": 0.0079,
        "29.0": 0.0036000000000000003,
        "96.0": 0.0008,
        "184.0": 0.0002,
        "128.0": 0.0015999999999999999,
        "88.0": 0.00039999999999999996,
        "104.0": 0.0016,
        "72.0": 0.0017000000000000001,
        "64.0": 0.0015
    },
    "probability_distribution_items": [
        [
            32.0,
            0.0166
        ],
        [
            24.0,
            0.07690000000000001
        ],
        [
            65.0,
            0.0109
        ],
        [
            25.0,
            0.0453
        ],
        [
            1.0,
            0.0035
        ],
        [
            57.0,
            0.0352
        ],
        [
            49.0,
            0.0631
        ],
        [
            17.0,
            0.0915
        ],
        [
            41.0,
            0.072
        ],
        [
            9.0,
            0.0662
        ],
        [
            33.0,
            0.035899999999999994
        ],
        [
            73.0,
            0.001
        ],
        [
            108.0,
            0.0028
        ],
        [
            52.0,
            0.0134
        ],
        [
            12.0,
            0.0031
        ],
        [
            100.0,
            0.0056
        ],
        [
            76.0,
            0.021300000000000003
        ],
        [
            44.0,
            0.0199
        ],
        [
            36.0,
            0.0106
        ],
        [
            84.0,
            0.0035
        ],
        [
            48.0,
            0.0604
        ],
        [
            98.0,
            0.0012
        ],
        [
            58.0,
            0.01
        ],
        [
            34.0,
            0.0265
        ],
        [
            50.0,
            0.023000000000000003
        ],
        [
            18.0,
            0.019599999999999996
        ],
        [
            26.0,
            0.021300000000000003
        ],
        [
            16.0,
            0.06470000000000001
        ],
        [
            74.0,
            0.002
        ],
        [
            42.0,
            0.027499999999999997
        ],
        [
            10.0,
            0.027699999999999995
        ],
        [
            56.0,
            0.026600000000000002
        ],
        [
            141.0,
            0.0004
        ],
        [
            85.0,
            0.0058
        ],
        [
            45.0,
            0.0123
        ],
        [
            101.0,
            0.0038999999999999994
        ],
        [
            77.0,
            0.009800000000000001
        ],
        [
            37.0,
            0.012
        ],
        [
            53.0,
            0.0021
        ],
        [
            2.0,
            0.012799999999999999
        ],
        [
            117.0,
            0.0013
        ],
        [
            61.0,
            0.0063
        ],
        [
            21.0,
            0.0007999999999999999
        ],
        [
            93.0,
            0.0044
        ],
        [
            69.0,
            0.0079
        ],
        [
            29.0,
            0.0036000000000000003
        ],
        [
            96.0,
            0.0008
        ],
        [
            184.0,
            0.0002
        ],
        [
            128.0,
            0.0015999999999999999
        ],
        [
            88.0,
            0.00039999999999999996
        ],
        [
            104.0,
            0.0016
        ],
        [
            72.0,
            0.0017000000000000001
        ],
        [
            64.0,
            0.0015
        ]
    ],
    "approximation_ratio": 36.9131,
    "approximation_ratio_offset": 0.7434778571428572,
    "noise": false,
    "p": 2
}