{
    "expected_value": 1.2878,
    "optimal_gammas": [
        0.14671516180450977,
        1.38838518698903,
        0.6338096203977958,
        6.172766904500702,
        4.727640119017162,
        5.407190583323441
    ],
    "optimal_betas": [
        1.2759711001865424,
        2.4646354524697642,
        2.7182280299304433,
        0.5110350812347656,
        2.980777711759516,
        1.7345254761677456
    ],
    "problem_identifier": "{'W': [1], 'W_max': 1, 'A': 8, 'B': 4, 'C': 16}",
    "now": "2021-05-10 16:29:22",
    "execution_time": "1:38:14.692643",
    "nfev": 9570,
    "message": "Maximum number of iterations has been exceeded.",
    "success": false,
    "nit": 50,
    "routing": "line",
    "problem": {
        "W": [
            1
        ],
        "W_max": 1,
        "A": 8,
        "B": 4,
        "C": 16
    },
    "optimal_cost": 1.0,
    "probability_distribution": {
        "4.0": 0.0319,
        "2.0": 0.0672,
        "7.0": 0.0441,
        "1.0": 0.8568
    },
    "probability_distribution_items": [
        [
            4.0,
            0.0319
        ],
        [
            2.0,
            0.0672
        ],
        [
            7.0,
            0.0441
        ],
        [
            1.0,
            0.8568
        ]
    ],
    "approximation_ratio": 1.4004,
    "approximation_ratio_offset": 0.9332666666666666,
    "noise": false,
    "p": 6
}