{
    "expected_value": 41.6018,
    "optimal_gammas": [
        0.16769026887375826,
        2.371949855013415,
        1.0639149411361428,
        1.6398585514816268,
        3.1339749563853054,
        2.863688256908988
    ],
    "optimal_betas": [
        1.4158769136832385,
        0.8960166163652472,
        1.7615375638495667,
        0.5972884011107572,
        2.702224517900732,
        0.18939814736170169
    ],
    "problem_identifier": "{'W': [1, 1], 'W_max': 2, 'A': 32, 'B': 4, 'C': 64}",
    "now": "2021-05-11 03:13:55",
    "execution_time": "3:34:26.923555",
    "nfev": 9635,
    "message": "Maximum number of iterations has been exceeded.",
    "success": false,
    "nit": 50,
    "routing": "network",
    "problem": {
        "W": [
            1,
            1
        ],
        "W_max": 2,
        "A": 32,
        "B": 4,
        "C": 64
    },
    "optimal_cost": 1.0,
    "probability_distribution": {
        "32.0": 0.0608,
        "24.0": 0.07089999999999999,
        "65.0": 0.0315,
        "25.0": 0.048600000000000004,
        "1.0": 0.0145,
        "57.0": 0.0326,
        "49.0": 0.0329,
        "17.0": 0.059300000000000005,
        "41.0": 0.054900000000000004,
        "9.0": 0.0346,
        "33.0": 0.044000000000000004,
        "73.0": 0.006500000000000001,
        "108.0": 0.019700000000000002,
        "52.0": 0.0202,
        "12.0": 0.0084,
        "100.0": 0.0161,
        "76.0": 0.0135,
        "44.0": 0.011799999999999998,
        "36.0": 0.010499999999999999,
        "84.0": 0.007299999999999999,
        "48.0": 0.0194,
        "98.0": 0.0039,
        "58.0": 0.011899999999999999,
        "34.0": 0.0378,
        "50.0": 0.0266,
        "18.0": 0.0216,
        "26.0": 0.039599999999999996,
        "16.0": 0.0173,
        "74.0": 0.0085,
        "42.0": 0.019399999999999997,
        "10.0": 0.0152,
        "56.0": 0.0277,
        "141.0": 0.0055,
        "85.0": 0.011199999999999998,
        "45.0": 0.014399999999999998,
        "101.0": 0.009600000000000001,
        "77.0": 0.0092,
        "37.0": 0.012300000000000002,
        "53.0": 0.0091,
        "2.0": 0.0066,
        "117.0": 0.0055,
        "61.0": 0.0156,
        "21.0": 0.003,
        "93.0": 0.012799999999999999,
        "69.0": 0.0097,
        "29.0": 0.006200000000000001,
        "96.0": 0.0035,
        "184.0": 0.0031,
        "128.0": 0.006199999999999999,
        "88.0": 0.0023,
        "104.0": 0.002,
        "72.0": 0.0023,
        "64.0": 0.0024000000000000002
    },
    "probability_distribution_items": [
        [
            32.0,
            0.0608
        ],
        [
            24.0,
            0.07089999999999999
        ],
        [
            65.0,
            0.0315
        ],
        [
            25.0,
            0.048600000000000004
        ],
        [
            1.0,
            0.0145
        ],
        [
            57.0,
            0.0326
        ],
        [
            49.0,
            0.0329
        ],
        [
            17.0,
            0.059300000000000005
        ],
        [
            41.0,
            0.054900000000000004
        ],
        [
            9.0,
            0.0346
        ],
        [
            33.0,
            0.044000000000000004
        ],
        [
            73.0,
            0.006500000000000001
        ],
        [
            108.0,
            0.019700000000000002
        ],
        [
            52.0,
            0.0202
        ],
        [
            12.0,
            0.0084
        ],
        [
            100.0,
            0.0161
        ],
        [
            76.0,
            0.0135
        ],
        [
            44.0,
            0.011799999999999998
        ],
        [
            36.0,
            0.010499999999999999
        ],
        [
            84.0,
            0.007299999999999999
        ],
        [
            48.0,
            0.0194
        ],
        [
            98.0,
            0.0039
        ],
        [
            58.0,
            0.011899999999999999
        ],
        [
            34.0,
            0.0378
        ],
        [
            50.0,
            0.0266
        ],
        [
            18.0,
            0.0216
        ],
        [
            26.0,
            0.039599999999999996
        ],
        [
            16.0,
            0.0173
        ],
        [
            74.0,
            0.0085
        ],
        [
            42.0,
            0.019399999999999997
        ],
        [
            10.0,
            0.0152
        ],
        [
            56.0,
            0.0277
        ],
        [
            141.0,
            0.0055
        ],
        [
            85.0,
            0.011199999999999998
        ],
        [
            45.0,
            0.014399999999999998
        ],
        [
            101.0,
            0.009600000000000001
        ],
        [
            77.0,
            0.0092
        ],
        [
            37.0,
            0.012300000000000002
        ],
        [
            53.0,
            0.0091
        ],
        [
            2.0,
            0.0066
        ],
        [
            117.0,
            0.0055
        ],
        [
            61.0,
            0.0156
        ],
        [
            21.0,
            0.003
        ],
        [
            93.0,
            0.012799999999999999
        ],
        [
            69.0,
            0.0097
        ],
        [
            29.0,
            0.006200000000000001
        ],
        [
            96.0,
            0.0035
        ],
        [
            184.0,
            0.0031
        ],
        [
            128.0,
            0.006199999999999999
        ],
        [
            88.0,
            0.0023
        ],
        [
            104.0,
            0.002
        ],
        [
            72.0,
            0.0023
        ],
        [
            64.0,
            0.0024000000000000002
        ]
    ],
    "approximation_ratio": 44.3357,
    "approximation_ratio_offset": 0.7631928961748634,
    "noise": false,
    "p": 6
}