{
    "expected_value": 44.509,
    "optimal_gammas": [
        2.1639162664201947,
        5.8533261287025145,
        5.666076523555942,
        3.968171161143529,
        3.2558125392923167,
        5.508684176932812,
        3.9121449171817844
    ],
    "optimal_betas": [
        2.2075089108804797,
        3.014468198476509,
        3.1109145297312857,
        0.09222976581367281,
        2.443033981258588,
        0.4884957065523565,
        3.11031344088427
    ],
    "problem_identifier": "{'W': [1, 1], 'W_max': 2, 'A': 32, 'B': 4, 'C': 64}",
    "now": "2021-05-10 17:06:30",
    "execution_time": "5:53:50.434781",
    "nfev": 11190,
    "message": "Maximum number of iterations has been exceeded.",
    "success": false,
    "nit": 50,
    "routing": "line",
    "problem": {
        "W": [
            1,
            1
        ],
        "W_max": 2,
        "A": 32,
        "B": 4,
        "C": 64
    },
    "optimal_cost": 1.0,
    "probability_distribution": {
        "32.0": 0.0411,
        "24.0": 0.0492,
        "65.0": 0.028200000000000003,
        "25.0": 0.0351,
        "1.0": 0.008,
        "57.0": 0.0358,
        "49.0": 0.0342,
        "17.0": 0.0547,
        "41.0": 0.06359999999999999,
        "9.0": 0.043399999999999994,
        "33.0": 0.0543,
        "73.0": 0.0104,
        "108.0": 0.0214,
        "52.0": 0.013999999999999999,
        "12.0": 0.0047,
        "100.0": 0.0168,
        "76.0": 0.0153,
        "44.0": 0.0111,
        "36.0": 0.0077,
        "84.0": 0.0078,
        "48.0": 0.0172,
        "98.0": 0.0041,
        "58.0": 0.014,
        "34.0": 0.038500000000000006,
        "50.0": 0.0332,
        "18.0": 0.0263,
        "26.0": 0.048499999999999995,
        "16.0": 0.019999999999999997,
        "74.0": 0.0089,
        "42.0": 0.0203,
        "10.0": 0.013900000000000001,
        "56.0": 0.029,
        "141.0": 0.0098,
        "85.0": 0.016399999999999998,
        "45.0": 0.0121,
        "101.0": 0.0083,
        "77.0": 0.0085,
        "37.0": 0.0111,
        "53.0": 0.0058,
        "2.0": 0.010499999999999999,
        "117.0": 0.0102,
        "61.0": 0.016399999999999998,
        "21.0": 0.004699999999999999,
        "93.0": 0.015799999999999998,
        "69.0": 0.008400000000000001,
        "29.0": 0.0069,
        "96.0": 0.0049,
        "184.0": 0.0019,
        "128.0": 0.007500000000000001,
        "88.0": 0.0026,
        "104.0": 0.0018,
        "72.0": 0.0022,
        "64.0": 0.0035
    },
    "probability_distribution_items": [
        [
            32.0,
            0.0411
        ],
        [
            24.0,
            0.0492
        ],
        [
            65.0,
            0.028200000000000003
        ],
        [
            25.0,
            0.0351
        ],
        [
            1.0,
            0.008
        ],
        [
            57.0,
            0.0358
        ],
        [
            49.0,
            0.0342
        ],
        [
            17.0,
            0.0547
        ],
        [
            41.0,
            0.06359999999999999
        ],
        [
            9.0,
            0.043399999999999994
        ],
        [
            33.0,
            0.0543
        ],
        [
            73.0,
            0.0104
        ],
        [
            108.0,
            0.0214
        ],
        [
            52.0,
            0.013999999999999999
        ],
        [
            12.0,
            0.0047
        ],
        [
            100.0,
            0.0168
        ],
        [
            76.0,
            0.0153
        ],
        [
            44.0,
            0.0111
        ],
        [
            36.0,
            0.0077
        ],
        [
            84.0,
            0.0078
        ],
        [
            48.0,
            0.0172
        ],
        [
            98.0,
            0.0041
        ],
        [
            58.0,
            0.014
        ],
        [
            34.0,
            0.038500000000000006
        ],
        [
            50.0,
            0.0332
        ],
        [
            18.0,
            0.0263
        ],
        [
            26.0,
            0.048499999999999995
        ],
        [
            16.0,
            0.019999999999999997
        ],
        [
            74.0,
            0.0089
        ],
        [
            42.0,
            0.0203
        ],
        [
            10.0,
            0.013900000000000001
        ],
        [
            56.0,
            0.029
        ],
        [
            141.0,
            0.0098
        ],
        [
            85.0,
            0.016399999999999998
        ],
        [
            45.0,
            0.0121
        ],
        [
            101.0,
            0.0083
        ],
        [
            77.0,
            0.0085
        ],
        [
            37.0,
            0.0111
        ],
        [
            53.0,
            0.0058
        ],
        [
            2.0,
            0.010499999999999999
        ],
        [
            117.0,
            0.0102
        ],
        [
            61.0,
            0.016399999999999998
        ],
        [
            21.0,
            0.004699999999999999
        ],
        [
            93.0,
            0.015799999999999998
        ],
        [
            69.0,
            0.008400000000000001
        ],
        [
            29.0,
            0.0069
        ],
        [
            96.0,
            0.0049
        ],
        [
            184.0,
            0.0019
        ],
        [
            128.0,
            0.007500000000000001
        ],
        [
            88.0,
            0.0026
        ],
        [
            104.0,
            0.0018
        ],
        [
            72.0,
            0.0022
        ],
        [
            64.0,
            0.0035
        ]
    ],
    "approximation_ratio": 46.132,
    "approximation_ratio_offset": 0.7533770491803279,
    "noise": false,
    "p": 7
}