{
    "expected_value": 41.1403,
    "optimal_gammas": [
        3.546618495889246,
        3.713663629173751,
        5.692890868221319,
        4.68037693039373,
        4.378433590019631
    ],
    "optimal_betas": [
        2.9350530976345377,
        2.2630408097523054,
        2.715874223116415,
        0.10469554653241153,
        3.1264964151113785
    ],
    "problem_identifier": "{'W': [1, 1], 'W_max': 2, 'A': 32, 'B': 4, 'C': 64}",
    "now": "2021-05-11 03:50:47",
    "execution_time": "3:22:49.968324",
    "nfev": 7925,
    "message": "Maximum number of iterations has been exceeded.",
    "success": false,
    "nit": 50,
    "routing": "linegrid",
    "problem": {
        "W": [
            1,
            1
        ],
        "W_max": 2,
        "A": 32,
        "B": 4,
        "C": 64
    },
    "optimal_cost": 1.0,
    "probability_distribution": {
        "32.0": 0.023600000000000003,
        "24.0": 0.0489,
        "65.0": 0.013500000000000002,
        "25.0": 0.024599999999999997,
        "1.0": 0.0039,
        "57.0": 0.0233,
        "49.0": 0.0383,
        "17.0": 0.0659,
        "41.0": 0.08879999999999999,
        "9.0": 0.0558,
        "33.0": 0.06899999999999999,
        "73.0": 0.0040999999999999995,
        "108.0": 0.0112,
        "52.0": 0.015899999999999997,
        "12.0": 0.0039,
        "100.0": 0.017499999999999998,
        "76.0": 0.0199,
        "44.0": 0.0172,
        "36.0": 0.0082,
        "84.0": 0.006,
        "48.0": 0.0258,
        "98.0": 0.0026,
        "58.0": 0.008,
        "34.0": 0.0452,
        "50.0": 0.03459999999999999,
        "18.0": 0.0181,
        "26.0": 0.0588,
        "16.0": 0.0179,
        "74.0": 0.0093,
        "42.0": 0.0236,
        "10.0": 0.0181,
        "56.0": 0.0164,
        "141.0": 0.0048000000000000004,
        "85.0": 0.0108,
        "45.0": 0.0085,
        "101.0": 0.006799999999999999,
        "77.0": 0.0079,
        "37.0": 0.0161,
        "53.0": 0.0031000000000000003,
        "2.0": 0.0178,
        "117.0": 0.008,
        "61.0": 0.016999999999999998,
        "21.0": 0.0031999999999999997,
        "93.0": 0.0159,
        "69.0": 0.0173,
        "29.0": 0.0049,
        "96.0": 0.0017,
        "184.0": 0.002,
        "128.0": 0.0060999999999999995,
        "88.0": 0.0017000000000000001,
        "104.0": 0.0037,
        "72.0": 0.0023,
        "64.0": 0.0025
    },
    "probability_distribution_items": [
        [
            32.0,
            0.023600000000000003
        ],
        [
            24.0,
            0.0489
        ],
        [
            65.0,
            0.013500000000000002
        ],
        [
            25.0,
            0.024599999999999997
        ],
        [
            1.0,
            0.0039
        ],
        [
            57.0,
            0.0233
        ],
        [
            49.0,
            0.0383
        ],
        [
            17.0,
            0.0659
        ],
        [
            41.0,
            0.08879999999999999
        ],
        [
            9.0,
            0.0558
        ],
        [
            33.0,
            0.06899999999999999
        ],
        [
            73.0,
            0.0040999999999999995
        ],
        [
            108.0,
            0.0112
        ],
        [
            52.0,
            0.015899999999999997
        ],
        [
            12.0,
            0.0039
        ],
        [
            100.0,
            0.017499999999999998
        ],
        [
            76.0,
            0.0199
        ],
        [
            44.0,
            0.0172
        ],
        [
            36.0,
            0.0082
        ],
        [
            84.0,
            0.006
        ],
        [
            48.0,
            0.0258
        ],
        [
            98.0,
            0.0026
        ],
        [
            58.0,
            0.008
        ],
        [
            34.0,
            0.0452
        ],
        [
            50.0,
            0.03459999999999999
        ],
        [
            18.0,
            0.0181
        ],
        [
            26.0,
            0.0588
        ],
        [
            16.0,
            0.0179
        ],
        [
            74.0,
            0.0093
        ],
        [
            42.0,
            0.0236
        ],
        [
            10.0,
            0.0181
        ],
        [
            56.0,
            0.0164
        ],
        [
            141.0,
            0.0048000000000000004
        ],
        [
            85.0,
            0.0108
        ],
        [
            45.0,
            0.0085
        ],
        [
            101.0,
            0.006799999999999999
        ],
        [
            77.0,
            0.0079
        ],
        [
            37.0,
            0.0161
        ],
        [
            53.0,
            0.0031000000000000003
        ],
        [
            2.0,
            0.0178
        ],
        [
            117.0,
            0.008
        ],
        [
            61.0,
            0.016999999999999998
        ],
        [
            21.0,
            0.0031999999999999997
        ],
        [
            93.0,
            0.0159
        ],
        [
            69.0,
            0.0173
        ],
        [
            29.0,
            0.0049
        ],
        [
            96.0,
            0.0017
        ],
        [
            184.0,
            0.002
        ],
        [
            128.0,
            0.0060999999999999995
        ],
        [
            88.0,
            0.0017000000000000001
        ],
        [
            104.0,
            0.0037
        ],
        [
            72.0,
            0.0023
        ],
        [
            64.0,
            0.0025
        ]
    ],
    "approximation_ratio": 42.9393,
    "approximation_ratio_offset": 0.7708234972677596,
    "noise": false,
    "p": 5
}