{
    "expected_value": 38.452,
    "optimal_gammas": [
        5.305950370036126,
        4.520408918214224,
        1.9185040846137615,
        2.2086497328420136
    ],
    "optimal_betas": [
        0.4149416443734357,
        1.8598420994061948,
        1.699207917777608,
        1.5666989781754934
    ],
    "problem_identifier": "{'W': [1, 1], 'W_max': 2, 'A': 32, 'B': 4, 'C': 64}",
    "now": "2021-05-11 08:49:40",
    "execution_time": "2:53:06.788204",
    "nfev": 6579,
    "message": "Maximum number of iterations has been exceeded.",
    "success": false,
    "nit": 50,
    "routing": "linegrid",
    "problem": {
        "W": [
            1,
            1
        ],
        "W_max": 2,
        "A": 32,
        "B": 4,
        "C": 64
    },
    "optimal_cost": 1.0,
    "probability_distribution": {
        "32.0": 0.0104,
        "24.0": 0.028,
        "65.0": 0.0138,
        "25.0": 0.031900000000000005,
        "1.0": 0.004699999999999999,
        "57.0": 0.0275,
        "49.0": 0.0576,
        "17.0": 0.047599999999999996,
        "41.0": 0.0611,
        "9.0": 0.05929999999999999,
        "33.0": 0.0529,
        "73.0": 0.0089,
        "108.0": 0.0040999999999999995,
        "52.0": 0.0079,
        "12.0": 0.0027,
        "100.0": 0.0085,
        "76.0": 0.0279,
        "44.0": 0.0194,
        "36.0": 0.0189,
        "84.0": 0.012700000000000001,
        "48.0": 0.0361,
        "98.0": 0.0003,
        "58.0": 0.0048000000000000004,
        "34.0": 0.04649999999999999,
        "50.0": 0.022,
        "18.0": 0.0287,
        "26.0": 0.050699999999999995,
        "16.0": 0.0317,
        "74.0": 0.0018,
        "42.0": 0.0293,
        "10.0": 0.0191,
        "56.0": 0.039,
        "141.0": 0.001,
        "85.0": 0.006699999999999999,
        "45.0": 0.015,
        "101.0": 0.0051,
        "77.0": 0.0094,
        "37.0": 0.0252,
        "53.0": 0.011500000000000002,
        "2.0": 0.0204,
        "117.0": 0.0021999999999999997,
        "61.0": 0.017499999999999998,
        "21.0": 0.0017,
        "93.0": 0.008,
        "69.0": 0.0156,
        "29.0": 0.0143,
        "96.0": 0.0056,
        "184.0": 0.0006,
        "128.0": 0.0049,
        "88.0": 0.0018,
        "104.0": 0.0060999999999999995,
        "72.0": 0.0042,
        "64.0": 0.0074
    },
    "probability_distribution_items": [
        [
            32.0,
            0.0104
        ],
        [
            24.0,
            0.028
        ],
        [
            65.0,
            0.0138
        ],
        [
            25.0,
            0.031900000000000005
        ],
        [
            1.0,
            0.004699999999999999
        ],
        [
            57.0,
            0.0275
        ],
        [
            49.0,
            0.0576
        ],
        [
            17.0,
            0.047599999999999996
        ],
        [
            41.0,
            0.0611
        ],
        [
            9.0,
            0.05929999999999999
        ],
        [
            33.0,
            0.0529
        ],
        [
            73.0,
            0.0089
        ],
        [
            108.0,
            0.0040999999999999995
        ],
        [
            52.0,
            0.0079
        ],
        [
            12.0,
            0.0027
        ],
        [
            100.0,
            0.0085
        ],
        [
            76.0,
            0.0279
        ],
        [
            44.0,
            0.0194
        ],
        [
            36.0,
            0.0189
        ],
        [
            84.0,
            0.012700000000000001
        ],
        [
            48.0,
            0.0361
        ],
        [
            98.0,
            0.0003
        ],
        [
            58.0,
            0.0048000000000000004
        ],
        [
            34.0,
            0.04649999999999999
        ],
        [
            50.0,
            0.022
        ],
        [
            18.0,
            0.0287
        ],
        [
            26.0,
            0.050699999999999995
        ],
        [
            16.0,
            0.0317
        ],
        [
            74.0,
            0.0018
        ],
        [
            42.0,
            0.0293
        ],
        [
            10.0,
            0.0191
        ],
        [
            56.0,
            0.039
        ],
        [
            141.0,
            0.001
        ],
        [
            85.0,
            0.006699999999999999
        ],
        [
            45.0,
            0.015
        ],
        [
            101.0,
            0.0051
        ],
        [
            77.0,
            0.0094
        ],
        [
            37.0,
            0.0252
        ],
        [
            53.0,
            0.011500000000000002
        ],
        [
            2.0,
            0.0204
        ],
        [
            117.0,
            0.0021999999999999997
        ],
        [
            61.0,
            0.017499999999999998
        ],
        [
            21.0,
            0.0017
        ],
        [
            93.0,
            0.008
        ],
        [
            69.0,
            0.0156
        ],
        [
            29.0,
            0.0143
        ],
        [
            96.0,
            0.0056
        ],
        [
            184.0,
            0.0006
        ],
        [
            128.0,
            0.0049
        ],
        [
            88.0,
            0.0018
        ],
        [
            104.0,
            0.0060999999999999995
        ],
        [
            72.0,
            0.0042
        ],
        [
            64.0,
            0.0074
        ]
    ],
    "approximation_ratio": 41.4053,
    "approximation_ratio_offset": 0.7792060109289617,
    "noise": false,
    "p": 4
}