{
    "expected_value": 1.4436,
    "optimal_gammas": [
        0.8762843426457487,
        4.545166615460685,
        5.56618747576624,
        2.506270125379944,
        3.6257763265712,
        2.0307309837873495
    ],
    "optimal_betas": [
        2.981546386284571,
        0.7963111018488461,
        1.6119234910453588,
        2.5416917041007823,
        2.4639335921726584,
        2.0768232544005323
    ],
    "problem_identifier": "{'W': [1], 'W_max': 1, 'A': 8, 'B': 4, 'C': 16}",
    "now": "2021-05-10 13:26:30",
    "execution_time": "1:03:36.033768",
    "nfev": 9518,
    "message": "Maximum number of iterations has been exceeded.",
    "success": false,
    "nit": 50,
    "routing": "line",
    "problem": {
        "W": [
            1
        ],
        "W_max": 1,
        "A": 8,
        "B": 4,
        "C": 16
    },
    "optimal_cost": 1.0,
    "probability_distribution": {
        "4.0": 0.0528,
        "2.0": 0.0862,
        "7.0": 0.0661,
        "1.0": 0.7949
    },
    "probability_distribution_items": [
        [
            4.0,
            0.0528
        ],
        [
            2.0,
            0.0862
        ],
        [
            7.0,
            0.0661
        ],
        [
            1.0,
            0.7949
        ]
    ],
    "approximation_ratio": 1.6413,
    "approximation_ratio_offset": 0.8931166666666667,
    "noise": false,
    "p": 6
}