{
    "expected_value": 34.8763,
    "optimal_gammas": [
        5.692972331568983,
        5.822691328850916
    ],
    "optimal_betas": [
        0.5423460151393545,
        3.0053369004691843
    ],
    "problem_identifier": "{'W': [1, 1], 'W_max': 2, 'A': 32, 'B': 4, 'C': 64}",
    "now": "2021-05-10 12:58:43",
    "execution_time": "0:36:49.917715",
    "nfev": 3285,
    "message": "Maximum number of iterations has been exceeded.",
    "success": false,
    "nit": 50,
    "routing": "linegrid",
    "problem": {
        "W": [
            1,
            1
        ],
        "W_max": 2,
        "A": 32,
        "B": 4,
        "C": 64
    },
    "optimal_cost": 1.0,
    "probability_distribution": {
        "32.0": 0.0287,
        "24.0": 0.0778,
        "65.0": 0.0086,
        "25.0": 0.019500000000000003,
        "1.0": 0.0021,
        "57.0": 0.017900000000000003,
        "49.0": 0.0345,
        "17.0": 0.0774,
        "41.0": 0.1053,
        "9.0": 0.06699999999999999,
        "33.0": 0.08950000000000001,
        "73.0": 0.0034000000000000002,
        "108.0": 0.0060999999999999995,
        "52.0": 0.0139,
        "12.0": 0.0015999999999999999,
        "100.0": 0.0091,
        "76.0": 0.012799999999999999,
        "44.0": 0.013500000000000002,
        "36.0": 0.0026,
        "84.0": 0.0035,
        "48.0": 0.0405,
        "98.0": 0.0007,
        "58.0": 0.0019,
        "34.0": 0.0533,
        "50.0": 0.026000000000000002,
        "18.0": 0.014100000000000001,
        "26.0": 0.07419999999999999,
        "16.0": 0.0406,
        "74.0": 0.0052,
        "42.0": 0.0139,
        "10.0": 0.012900000000000002,
        "56.0": 0.021699999999999997,
        "141.0": 0.0009,
        "85.0": 0.004200000000000001,
        "45.0": 0.002,
        "101.0": 0.0011,
        "77.0": 0.0023,
        "37.0": 0.01,
        "53.0": 0.0018,
        "2.0": 0.024300000000000002,
        "117.0": 0.004699999999999999,
        "61.0": 0.015199999999999998,
        "21.0": 0.0015,
        "93.0": 0.0088,
        "69.0": 0.0121,
        "29.0": 0.0033,
        "96.0": 0.0027,
        "184.0": 0.0008,
        "128.0": 0.0015999999999999999,
        "88.0": 0.0002,
        "104.0": 0.0012000000000000001,
        "72.0": 0.001,
        "64.0": 0.0005
    },
    "probability_distribution_items": [
        [
            32.0,
            0.0287
        ],
        [
            24.0,
            0.0778
        ],
        [
            65.0,
            0.0086
        ],
        [
            25.0,
            0.019500000000000003
        ],
        [
            1.0,
            0.0021
        ],
        [
            57.0,
            0.017900000000000003
        ],
        [
            49.0,
            0.0345
        ],
        [
            17.0,
            0.0774
        ],
        [
            41.0,
            0.1053
        ],
        [
            9.0,
            0.06699999999999999
        ],
        [
            33.0,
            0.08950000000000001
        ],
        [
            73.0,
            0.0034000000000000002
        ],
        [
            108.0,
            0.0060999999999999995
        ],
        [
            52.0,
            0.0139
        ],
        [
            12.0,
            0.0015999999999999999
        ],
        [
            100.0,
            0.0091
        ],
        [
            76.0,
            0.012799999999999999
        ],
        [
            44.0,
            0.013500000000000002
        ],
        [
            36.0,
            0.0026
        ],
        [
            84.0,
            0.0035
        ],
        [
            48.0,
            0.0405
        ],
        [
            98.0,
            0.0007
        ],
        [
            58.0,
            0.0019
        ],
        [
            34.0,
            0.0533
        ],
        [
            50.0,
            0.026000000000000002
        ],
        [
            18.0,
            0.014100000000000001
        ],
        [
            26.0,
            0.07419999999999999
        ],
        [
            16.0,
            0.0406
        ],
        [
            74.0,
            0.0052
        ],
        [
            42.0,
            0.0139
        ],
        [
            10.0,
            0.012900000000000002
        ],
        [
            56.0,
            0.021699999999999997
        ],
        [
            141.0,
            0.0009
        ],
        [
            85.0,
            0.004200000000000001
        ],
        [
            45.0,
            0.002
        ],
        [
            101.0,
            0.0011
        ],
        [
            77.0,
            0.0023
        ],
        [
            37.0,
            0.01
        ],
        [
            53.0,
            0.0018
        ],
        [
            2.0,
            0.024300000000000002
        ],
        [
            117.0,
            0.004699999999999999
        ],
        [
            61.0,
            0.015199999999999998
        ],
        [
            21.0,
            0.0015
        ],
        [
            93.0,
            0.0088
        ],
        [
            69.0,
            0.0121
        ],
        [
            29.0,
            0.0033
        ],
        [
            96.0,
            0.0027
        ],
        [
            184.0,
            0.0008
        ],
        [
            128.0,
            0.0015999999999999999
        ],
        [
            88.0,
            0.0002
        ],
        [
            104.0,
            0.0012000000000000001
        ],
        [
            72.0,
            0.001
        ],
        [
            64.0,
            0.0005
        ]
    ],
    "approximation_ratio": 35.9569,
    "approximation_ratio_offset": 0.8089786885245902,
    "noise": false,
    "p": 2
}