{
    "expected_value": 43.23103908851664,
    "optimal_gammas": [
        4.181558826690823,
        0.36448024257273576,
        4.688268607637699,
        4.7994670525522745,
        3.200210165881275,
        5.266810983638405
    ],
    "optimal_betas": [
        2.4234615659262593,
        1.4697871908650393,
        2.039145241642523,
        0.2768094197597377,
        2.983152979802406,
        1.3392442100180937
    ],
    "problem_identifier": "{'W': [1, 1], 'W_max': 2, 'A': 36, 'B': 4, 'C': 144}",
    "now": "2021-05-13 00:57:26",
    "execution_time": "8:11:57.020907",
    "nfev": 14276,
    "message": "Maximum number of iterations has been exceeded.",
    "success": false,
    "nit": 50,
    "problem": {
        "W": [
            1,
            1
        ],
        "W_max": 2,
        "A": 36,
        "B": 4,
        "C": 144
    },
    "optimal_cost": 1.0,
    "probability_distribution": {
        "72.0": 0.19588573503272713,
        "45.0": 0.04275084851435723,
        "36.0": 0.0025849032085890926,
        "90.0": 0.002452654583375709,
        "18.0": 7.846572238383828e-05,
        "81.0": 0.00031883703901330266,
        "144.0": 0.0007836111825336238,
        "109.0": 0.012313922029211548,
        "46.0": 0.0313676606820991,
        "1.0": 0.20003696864374637,
        "82.0": 0.010656384396609481,
        "91.0": 0.00047893710161783933,
        "19.0": 0.001926965136503292,
        "73.0": 0.0009760175631480455,
        "37.0": 0.017184890972039582,
        "10.0": 0.20196393378024996,
        "55.0": 0.0145223579050141,
        "118.0": 0.003452080492322555,
        "157.0": 0.00035525683544611406,
        "76.0": 0.0065347746851621424,
        "13.0": 0.0231526641203164,
        "130.0": 0.0003303070211946686,
        "121.0": 0.005685504442905338,
        "49.0": 0.0007688767281401191,
        "58.0": 0.0010392982290058092,
        "112.0": 0.0005582890900989722,
        "146.0": 0.0013759835209553512,
        "83.0": 0.08523962660562182,
        "38.0": 0.009173464404646257,
        "92.0": 0.03261386024503997,
        "20.0": 0.0011117627745149692,
        "47.0": 0.01832969710359373,
        "74.0": 0.032605647574753295,
        "119.0": 0.0013500682379996994,
        "56.0": 0.009715148335092686,
        "11.0": 0.003875397928627787,
        "194.0": 0.0004332268163228913,
        "113.0": 0.0015152990113296138,
        "50.0": 0.0013696425604669442,
        "131.0": 0.0002473394900306833,
        "122.0": 0.001357327343955064,
        "59.0": 0.000993218438675545,
        "86.0": 0.00864293716403441,
        "77.0": 0.0010406334748988642,
        "2.0": 0.00028567585429264194,
        "167.0": 0.0004332268163228921,
        "23.0": 3.793986981137417e-05,
        "41.0": 0.00033848425198002876,
        "95.0": 0.007196992531730312,
        "242.0": 0.00013039887637304883,
        "161.0": 0.00020962642898409174,
        "98.0": 0.0017145918141402553,
        "152.0": 0.00020467987507819367,
        "80.0": 0.0002240532517411525,
        "89.0": 7.390426117505702e-05
    },
    "probability_distribution_items": [
        [
            72.0,
            0.19588573503272713
        ],
        [
            45.0,
            0.04275084851435723
        ],
        [
            36.0,
            0.0025849032085890926
        ],
        [
            90.0,
            0.002452654583375709
        ],
        [
            18.0,
            7.846572238383828e-05
        ],
        [
            81.0,
            0.00031883703901330266
        ],
        [
            144.0,
            0.0007836111825336238
        ],
        [
            109.0,
            0.012313922029211548
        ],
        [
            46.0,
            0.0313676606820991
        ],
        [
            1.0,
            0.20003696864374637
        ],
        [
            82.0,
            0.010656384396609481
        ],
        [
            91.0,
            0.00047893710161783933
        ],
        [
            19.0,
            0.001926965136503292
        ],
        [
            73.0,
            0.0009760175631480455
        ],
        [
            37.0,
            0.017184890972039582
        ],
        [
            10.0,
            0.20196393378024996
        ],
        [
            55.0,
            0.0145223579050141
        ],
        [
            118.0,
            0.003452080492322555
        ],
        [
            157.0,
            0.00035525683544611406
        ],
        [
            76.0,
            0.0065347746851621424
        ],
        [
            13.0,
            0.0231526641203164
        ],
        [
            130.0,
            0.0003303070211946686
        ],
        [
            121.0,
            0.005685504442905338
        ],
        [
            49.0,
            0.0007688767281401191
        ],
        [
            58.0,
            0.0010392982290058092
        ],
        [
            112.0,
            0.0005582890900989722
        ],
        [
            146.0,
            0.0013759835209553512
        ],
        [
            83.0,
            0.08523962660562182
        ],
        [
            38.0,
            0.009173464404646257
        ],
        [
            92.0,
            0.03261386024503997
        ],
        [
            20.0,
            0.0011117627745149692
        ],
        [
            47.0,
            0.01832969710359373
        ],
        [
            74.0,
            0.032605647574753295
        ],
        [
            119.0,
            0.0013500682379996994
        ],
        [
            56.0,
            0.009715148335092686
        ],
        [
            11.0,
            0.003875397928627787
        ],
        [
            194.0,
            0.0004332268163228913
        ],
        [
            113.0,
            0.0015152990113296138
        ],
        [
            50.0,
            0.0013696425604669442
        ],
        [
            131.0,
            0.0002473394900306833
        ],
        [
            122.0,
            0.001357327343955064
        ],
        [
            59.0,
            0.000993218438675545
        ],
        [
            86.0,
            0.00864293716403441
        ],
        [
            77.0,
            0.0010406334748988642
        ],
        [
            2.0,
            0.00028567585429264194
        ],
        [
            167.0,
            0.0004332268163228921
        ],
        [
            23.0,
            3.793986981137417e-05
        ],
        [
            41.0,
            0.00033848425198002876
        ],
        [
            95.0,
            0.007196992531730312
        ],
        [
            242.0,
            0.00013039887637304883
        ],
        [
            161.0,
            0.00020962642898409174
        ],
        [
            98.0,
            0.0017145918141402553
        ],
        [
            152.0,
            0.00020467987507819367
        ],
        [
            80.0,
            0.0002240532517411525
        ],
        [
            89.0,
            7.390426117505702e-05
        ]
    ],
    "approximation_ratio": 43.23103908851666,
    "approximation_ratio_offset": 0.8247674726617565,
    "noise": false,
    "p": 6
}