{
    "expected_value": 22.80187494438563,
    "optimal_gammas": [
        2.289049266407345,
        4.362692056411958,
        5.532586935164122
    ],
    "optimal_betas": [
        1.8097622318173734,
        1.2013092735091453,
        0.2073748127301847
    ],
    "problem_identifier": "{'W': [1, 1], 'W_max': 2, 'A': 36, 'B': 4, 'C': 36}",
    "now": "2021-05-12 15:04:28",
    "execution_time": "1:59:00.152899",
    "nfev": 4926,
    "message": "Maximum number of iterations has been exceeded.",
    "success": false,
    "nit": 50,
    "problem": {
        "W": [
            1,
            1
        ],
        "W_max": 2,
        "A": 36,
        "B": 4,
        "C": 36
    },
    "optimal_cost": 1.0,
    "probability_distribution": {
        "18.0": 0.2754606951815417,
        "36.0": 0.030052945227562432,
        "54.0": 0.004133394093762407,
        "90.0": 0.0011058742317329698,
        "55.0": 0.011683731983925494,
        "19.0": 0.0719141952509814,
        "1.0": 0.0564901483889087,
        "37.0": 0.0006042299706337941,
        "73.0": 0.0013005818021559826,
        "28.0": 0.011265061366207654,
        "10.0": 0.12313722102633845,
        "46.0": 0.0059742059213054085,
        "64.0": 0.001616399082753872,
        "103.0": 0.000974230131638422,
        "49.0": 0.021721974010672284,
        "13.0": 0.1168293882277311,
        "67.0": 0.01842130325876789,
        "31.0": 0.00859249466236967,
        "121.0": 0.0023911210666897414,
        "85.0": 0.00748117436180464,
        "92.0": 0.0014631405939934646,
        "56.0": 0.0012262750112770385,
        "38.0": 0.008558097232396845,
        "20.0": 0.021556078389589832,
        "65.0": 0.0010199142143201292,
        "47.0": 0.008538183480527454,
        "29.0": 0.07221891983416198,
        "11.0": 0.041176762992583126,
        "140.0": 0.0005067039954224765,
        "86.0": 0.0013349301185177427,
        "50.0": 0.008418668711556351,
        "104.0": 0.0014155522300725678,
        "68.0": 0.0005492998265949897,
        "32.0": 0.02196386780210827,
        "2.0": 0.0008296514334916977,
        "113.0": 0.0005067039954224768,
        "59.0": 0.004354917323487204,
        "23.0": 0.011719332009012672,
        "95.0": 0.0014889040861315894,
        "41.0": 0.016119165270218477,
        "188.0": 0.0004674761658101568,
        "134.0": 0.0005611659650622487,
        "98.0": 0.0007837211160179456,
        "80.0": 3.9898614873829955e-05,
        "62.0": 0.0018324835535933476,
        "44.0": 0.0001998167862718841
    },
    "probability_distribution_items": [
        [
            18.0,
            0.2754606951815417
        ],
        [
            36.0,
            0.030052945227562432
        ],
        [
            54.0,
            0.004133394093762407
        ],
        [
            90.0,
            0.0011058742317329698
        ],
        [
            55.0,
            0.011683731983925494
        ],
        [
            19.0,
            0.0719141952509814
        ],
        [
            1.0,
            0.0564901483889087
        ],
        [
            37.0,
            0.0006042299706337941
        ],
        [
            73.0,
            0.0013005818021559826
        ],
        [
            28.0,
            0.011265061366207654
        ],
        [
            10.0,
            0.12313722102633845
        ],
        [
            46.0,
            0.0059742059213054085
        ],
        [
            64.0,
            0.001616399082753872
        ],
        [
            103.0,
            0.000974230131638422
        ],
        [
            49.0,
            0.021721974010672284
        ],
        [
            13.0,
            0.1168293882277311
        ],
        [
            67.0,
            0.01842130325876789
        ],
        [
            31.0,
            0.00859249466236967
        ],
        [
            121.0,
            0.0023911210666897414
        ],
        [
            85.0,
            0.00748117436180464
        ],
        [
            92.0,
            0.0014631405939934646
        ],
        [
            56.0,
            0.0012262750112770385
        ],
        [
            38.0,
            0.008558097232396845
        ],
        [
            20.0,
            0.021556078389589832
        ],
        [
            65.0,
            0.0010199142143201292
        ],
        [
            47.0,
            0.008538183480527454
        ],
        [
            29.0,
            0.07221891983416198
        ],
        [
            11.0,
            0.041176762992583126
        ],
        [
            140.0,
            0.0005067039954224765
        ],
        [
            86.0,
            0.0013349301185177427
        ],
        [
            50.0,
            0.008418668711556351
        ],
        [
            104.0,
            0.0014155522300725678
        ],
        [
            68.0,
            0.0005492998265949897
        ],
        [
            32.0,
            0.02196386780210827
        ],
        [
            2.0,
            0.0008296514334916977
        ],
        [
            113.0,
            0.0005067039954224768
        ],
        [
            59.0,
            0.004354917323487204
        ],
        [
            23.0,
            0.011719332009012672
        ],
        [
            95.0,
            0.0014889040861315894
        ],
        [
            41.0,
            0.016119165270218477
        ],
        [
            188.0,
            0.0004674761658101568
        ],
        [
            134.0,
            0.0005611659650622487
        ],
        [
            98.0,
            0.0007837211160179456
        ],
        [
            80.0,
            3.9898614873829955e-05
        ],
        [
            62.0,
            0.0018324835535933476
        ],
        [
            44.0,
            0.0001998167862718841
        ]
    ],
    "approximation_ratio": 22.801874944385656,
    "approximation_ratio_offset": 0.8834124334524832,
    "noise": false,
    "p": 3
}