{
    "expected_value": 40.17605366155853,
    "optimal_gammas": [
        0.7962912346518806
    ],
    "optimal_betas": [
        1.0193711199680224
    ],
    "problem_identifier": "{'W': [1, 1, 1], 'W_max': 1, 'A': 16, 'B': 4, 'C': 64}",
    "now": "2021-05-12 01:58:12",
    "execution_time": "0:04:09.134922",
    "nfev": 930,
    "message": "Optimization terminated successfully.",
    "success": true,
    "nit": 28,
    "problem": {
        "W": [
            1,
            1,
            1
        ],
        "W_max": 1,
        "A": 16,
        "B": 4,
        "C": 64
    },
    "optimal_cost": 3.0,
    "probability_distribution": {
        "48.0": 0.04866896146198769,
        "36.0": 0.14375730184134125,
        "32.0": 0.050313298215986305,
        "56.0": 0.05300583104192016,
        "24.0": 0.09909311159511133,
        "52.0": 0.059838588669363764,
        "20.0": 0.03359951304180479,
        "80.0": 0.004349864857333024,
        "84.0": 0.0028872391870351528,
        "120.0": 7.993842148508984e-05,
        "108.0": 0.00019288305062776972,
        "44.0": 0.023907970039299477,
        "104.0": 0.0011466133400056069,
        "40.0": 0.021110308094487502,
        "72.0": 0.007077389378049124,
        "12.0": 0.011895252286954427,
        "76.0": 0.004183790019443969,
        "132.0": 0.00016081078981981057,
        "100.0": 0.00017567216997429094,
        "68.0": 0.004537424148648032,
        "136.0": 0.00024208249387946333,
        "172.0": 3.397919002791311e-05,
        "192.0": 1.0327248260183567e-05,
        "128.0": 0.0001090100321007541,
        "196.0": 1.1833608836111257e-05,
        "96.0": 4.417776779019343e-05,
        "164.0": 5.059755624028256e-05,
        "232.0": 4.17105823968142e-06,
        "300.0": 1.2075565097633393e-07,
        "53.0": 0.05656764867499054,
        "33.0": 0.033252015967026885,
        "21.0": 0.048743283990326756,
        "17.0": 0.007729581176292297,
        "41.0": 0.09464066577669941,
        "9.0": 0.00964512535703301,
        "37.0": 0.03613082164380071,
        "49.0": 0.01217940204909968,
        "69.0": 0.004074768271591144,
        "65.0": 0.001117448666645502,
        "73.0": 0.0017090052825159113,
        "101.0": 0.0029012260451309804,
        "61.0": 0.0137929108905153,
        "105.0": 0.0024756004778587995,
        "93.0": 0.0015391531496893966,
        "29.0": 0.02066146865466811,
        "89.0": 0.0016465424739290826,
        "57.0": 0.014534674958150666,
        "121.0": 0.0008033386401361055,
        "117.0": 0.0006456951865518485,
        "25.0": 0.005314929125256487,
        "85.0": 0.000806983788881361,
        "125.0": 0.00032491295554394346,
        "153.0": 0.00011799358772195646,
        "129.0": 0.0004002952924600251,
        "181.0": 8.859278654414563e-06,
        "177.0": 5.784134878140935e-06,
        "97.0": 0.000469510171452065,
        "145.0": 3.7708047366685815e-05,
        "133.0": 0.0003137628825097169,
        "185.0": 1.2039803726359168e-05,
        "213.0": 5.689404473672204e-06,
        "169.0": 2.1524513479331024e-05,
        "221.0": 2.8447022368361224e-06,
        "281.0": 2.3688722665672079e-07,
        "58.0": 0.010006943438659082,
        "38.0": 0.013541538670446274,
        "26.0": 0.008606235177166247,
        "22.0": 0.0013469374148826943,
        "50.0": 0.0013383839116672567,
        "18.0": 0.001710495646505419,
        "6.0": 0.0007080222020963889,
        "34.0": 0.0008019309797743848,
        "54.0": 0.0018985767492884361,
        "82.0": 1.6047183734713835e-05,
        "46.0": 0.006972073853525882,
        "14.0": 0.0005819608852404779,
        "42.0": 0.0027248133890607805,
        "102.0": 0.0011042350091625085,
        "90.0": 0.001114440122715975,
        "86.0": 0.00043178700754759253,
        "110.0": 0.0001339422079510869,
        "78.0": 0.00016319933177926427,
        "106.0": 0.00016240089229599536,
        "74.0": 0.00016016649710417276,
        "134.0": 2.454073930320583e-05,
        "70.0": 9.159945538497031e-05,
        "98.0": 0.0005416688340786874,
        "66.0": 0.00020725962979884546,
        "118.0": 0.00027846327513066376,
        "114.0": 8.717950152485605e-05,
        "170.0": 2.8956467029007188e-05,
        "166.0": 2.060531046000562e-05,
        "194.0": 2.740306260780963e-06,
        "122.0": 8.65824674635227e-05,
        "150.0": 5.429249368461316e-06,
        "174.0": 1.0000319036819799e-05,
        "142.0": 1.1215393502670602e-05,
        "202.0": 5.480612521561933e-06,
        "262.0": 1.6633274126164575e-07,
        "63.0": 0.00020604382700562896,
        "43.0": 0.0005548525805345187,
        "31.0": 0.00022813856324737343,
        "27.0": 4.0386762217293496e-05,
        "55.0": 0.00020539280707688548,
        "23.0": 0.00017551041142224206,
        "11.0": 4.509540020849853e-05,
        "39.0": 3.622903841567785e-05,
        "59.0": 5.158430669849312e-06,
        "87.0": 0.00010067502613742105,
        "99.0": 7.889135762486776e-05,
        "35.0": 0.00016623815685559929,
        "83.0": 2.897618098830919e-05,
        "3.0": 4.227720802932134e-06,
        "51.0": 5.153674206302407e-06,
        "107.0": 2.8239620114561505e-05,
        "75.0": 7.3937024275953384e-06,
        "103.0": 8.725040560451867e-06,
        "71.0": 1.4597162879434017e-06,
        "131.0": 1.6311428759971519e-06,
        "159.0": 5.857308804826918e-06,
        "95.0": 1.241113908423171e-05,
        "155.0": 3.8317166122088036e-06,
        "123.0": 9.317065599112888e-07,
        "183.0": 9.062796465783532e-07,
        "243.0": 1.109551944674087e-07
    },