{
    "expected_value": 1.0000000000946263,
    "optimal_gammas": [
        2.6607267714813383,
        1.3674172079238167,
        4.474336526387905,
        2.0750867290477646,
        4.422936657878533
    ],
    "optimal_betas": [
        2.2889863955657033,
        1.6266659209612357,
        2.9438621113903105,
        2.9267640578251397,
        1.744368147126764
    ],
    "problem_identifier": "{'W': [1], 'W_max': 1, 'A': 12, 'B': 4, 'C': 48}",
    "now": "2021-05-12 04:25:47",
    "execution_time": "1:27:42.929452",
    "nfev": 7947,
    "message": "Maximum number of iterations has been exceeded.",
    "success": false,
    "nit": 50,
    "problem": {
        "W": [
            1
        ],
        "W_max": 1,
        "A": 12,
        "B": 4,
        "C": 48
    },
    "optimal_cost": 1.0,
    "probability_distribution": {
        "12.0": 9.79205282194042e-13,
        "3.0": 1.460123659281272e-11,
        "16.0": 3.643504540186335e-12,
        "1.0": 0.999999999980776
    },
    "probability_distribution_items": [
        [
            12.0,
            9.79205282194042e-13
        ],
        [
            3.0,
            1.460123659281272e-11
        ],
        [
            16.0,
            3.643504540186335e-12
        ],
        [
            1.0,
            0.999999999980776
        ]
    ],
    "approximation_ratio": 1.0000000000946263,
    "approximation_ratio_offset": 0.9999999999936916,
    "noise": false,
    "p": 5
}