{
    "expected_value": 25.88721766776542,
    "optimal_gammas": [
        5.777020055588732
    ],
    "optimal_betas": [
        0.3880676816563098
    ],
    "problem_identifier": "{'W': [1, 1], 'W_max': 2, 'A': 36, 'B': 4, 'C': 36}",
    "now": "2021-05-12 02:10:29",
    "execution_time": "0:07:35.324818",
    "nfev": 1455,
    "message": "Optimization terminated successfully.",
    "success": true,
    "nit": 46,
    "problem": {
        "W": [
            1,
            1
        ],
        "W_max": 2,
        "A": 36,
        "B": 4,
        "C": 36
    },
    "optimal_cost": 1.0,
    "probability_distribution": {
        "18.0": 0.11181957496027449,
        "36.0": 0.014320250035154806,
        "54.0": 0.004440626256789983,
        "90.0": 0.0009704453055215505,
        "55.0": 0.042533912625990725,
        "19.0": 0.08991281435855,
        "1.0": 0.058962236724557644,
        "37.0": 0.010192931471523396,
        "73.0": 0.002484119849356336,
        "28.0": 0.05835946179009974,
        "10.0": 0.12921369968533813,
        "46.0": 0.009333962346231057,
        "64.0": 0.007178891208309222,
        "103.0": 0.003762228556352698,
        "49.0": 0.01730917292323164,
        "13.0": 0.06534881077834717,
        "67.0": 0.012868010900575695,
        "31.0": 0.023699730762514526,
        "121.0": 0.0004859281661497749,
        "85.0": 0.0026518576689813916,
        "92.0": 9.809020305873098e-05,
        "56.0": 0.0020657063803564057,
        "38.0": 0.01603759979806381,
        "20.0": 0.0493870532167669,
        "65.0": 0.003255050185177264,
        "47.0": 0.020209836923672862,
        "29.0": 0.09934718575653612,
        "11.0": 0.05037761130996326,
        "140.0": 0.0007506289919506138,
        "86.0": 0.0027234072704741255,
        "50.0": 0.006012189681267043,
        "104.0": 0.0020183801348689022,
        "68.0": 0.0014066045266412702,
        "32.0": 0.029784632161925038,
        "2.0": 0.00156987931537718,
        "113.0": 0.0007506289919506146,
        "59.0": 0.005472722562132749,
        "23.0": 0.01391473196205963,
        "95.0": 0.0042555629439027624,
        "41.0": 0.018302196307081235,
        "188.0": 0.0001443994660082696,
        "134.0": 0.0004620927456773858,
        "98.0": 0.001961374606247692,
        "80.0": 0.00019442231232267966,
        "62.0": 0.001406110629787774,
        "44.0": 0.002243235242878083
    },
    "probability_distribution_items": [
        [
            18.0,
            0.11181957496027449
        ],
        [
            36.0,
            0.014320250035154806
        ],
        [
            54.0,
            0.004440626256789983
        ],
        [
            90.0,
            0.0009704453055215505
        ],
        [
            55.0,
            0.042533912625990725
        ],
        [
            19.0,
            0.08991281435855
        ],
        [
            1.0,
            0.058962236724557644
        ],
        [
            37.0,
            0.010192931471523396
        ],
        [
            73.0,
            0.002484119849356336
        ],
        [
            28.0,
            0.05835946179009974
        ],
        [
            10.0,
            0.12921369968533813
        ],
        [
            46.0,
            0.009333962346231057
        ],
        [
            64.0,
            0.007178891208309222
        ],
        [
            103.0,
            0.003762228556352698
        ],
        [
            49.0,
            0.01730917292323164
        ],
        [
            13.0,
            0.06534881077834717
        ],
        [
            67.0,
            0.012868010900575695
        ],
        [
            31.0,
            0.023699730762514526
        ],
        [
            121.0,
            0.0004859281661497749
        ],
        [
            85.0,
            0.0026518576689813916
        ],
        [
            92.0,
            9.809020305873098e-05
        ],
        [
            56.0,
            0.0020657063803564057
        ],
        [
            38.0,
            0.01603759979806381
        ],
        [
            20.0,
            0.0493870532167669
        ],
        [
            65.0,
            0.003255050185177264
        ],
        [
            47.0,
            0.020209836923672862
        ],
        [
            29.0,
            0.09934718575653612
        ],
        [
            11.0,
            0.05037761130996326
        ],
        [
            140.0,
            0.0007506289919506138
        ],
        [
            86.0,
            0.0027234072704741255
        ],
        [
            50.0,
            0.006012189681267043
        ],
        [
            104.0,
            0.0020183801348689022
        ],
        [
            68.0,
            0.0014066045266412702
        ],
        [
            32.0,
            0.029784632161925038
        ],
        [
            2.0,
            0.00156987931537718
        ],
        [
            113.0,
            0.0007506289919506146
        ],
        [
            59.0,
            0.005472722562132749
        ],
        [
            23.0,
            0.01391473196205963
        ],
        [
            95.0,
            0.0042555629439027624
        ],
        [
            41.0,
            0.018302196307081235
        ],
        [
            188.0,
            0.0001443994660082696
        ],
        [
            134.0,
            0.0004620927456773858
        ],
        [
            98.0,
            0.001961374606247692
        ],
        [
            80.0,
            0.00019442231232267966
        ],
        [
            62.0,
            0.001406110629787774
        ],
        [
            44.0,
            0.002243235242878083
        ]
    ],
    "approximation_ratio": 25.887217667765402,
    "approximation_ratio_offset": 0.8669132745039283,
    "noise": false,
    "p": 1
}