{
    "expected_value": 9.714942700204592,
    "optimal_gammas": [
        3.703598097825462,
        4.640247590258406
    ],
    "optimal_betas": [
        1.9492926138320759,
        0.42360056204491736
    ],
    "problem_identifier": "{'W': [1, 1, 1], 'W_max': 1, 'A': 12, 'B': 4, 'C': 12}",
    "now": "2021-05-08 04:34:45",
    "execution_time": "1:02:14.991452",
    "nfev": 3200,
    "message": "Maximum number of iterations has been exceeded.",
    "success": false,
    "nit": 50,
    "problem": {
        "W": [
            1,
            1,
            1
        ],
        "W_max": 1,
        "A": 12,
        "B": 4,
        "C": 12
    },
    "optimal_cost": 3.0,
    "probability_distribution": {
        "9.0": 0.9012989736353901,
        "15.0": 0.031682624255381917,
        "27.0": 0.003693106959221498,
        "21.0": 0.005714845323277839,
        "33.0": 0.0025487152549758317,
        "45.0": 0.00048713460802526925,
        "63.0": 2.3675011249284266e-05,
        "39.0": 0.00030102484750928307,
        "57.0": 0.00018567618987114885,
        "51.0": 0.0001269144649045945,
        "75.0": 2.349438018541804e-05,
        "69.0": 2.9833469920916524e-05,
        "93.0": 4.5558808959207686e-06,
        "117.0": 1.5321934085340299e-07,
        "13.0": 0.026151423939046917,
        "7.0": 0.010400032440795232,
        "19.0": 0.004730663832196536,
        "25.0": 0.001964523603986877,
        "31.0": 0.0010672570854521797,
        "37.0": 0.0005310784784570841,
        "49.0": 0.00010437701405467391,
        "43.0": 0.0002440427750948012,
        "61.0": 2.100778547537594e-05,
        "55.0": 6.003421230715801e-05,
        "67.0": 1.2058531817944758e-05,
        "79.0": 3.1130065867766153e-06,
        "73.0": 3.4278956101895776e-06,
        "85.0": 1.5565032933883121e-06,
        "103.0": 2.4522212492165496e-07,
        "17.0": 0.004582398903213508,
        "11.0": 0.002571921660701336,
        "5.0": 0.00017795192258974744,
        "23.0": 0.0007848931456520164,
        "35.0": 0.00018557833706836147,
        "29.0": 0.0001787930153415305,
        "47.0": 2.5463317423376934e-05,
        "41.0": 4.5318966509459626e-05,
        "53.0": 1.2499926449747197e-05,
        "65.0": 2.1607098602396664e-06,
        "59.0": 8.18461196200386e-06,
        "71.0": 4.321419720479337e-06,
        "89.0": 9.18067258398933e-07,
        "3.0": 4.026169793863638e-06
    },
    "probability_distribution_items": [
        [
            9.0,
            0.9012989736353901
        ],
        [
            15.0,
            0.031682624255381917
        ],
        [
            27.0,
            0.003693106959221498
        ],
        [
            21.0,
            0.005714845323277839
        ],
        [
            33.0,
            0.0025487152549758317
        ],
        [
            45.0,
            0.00048713460802526925
        ],
        [
            63.0,
            2.3675011249284266e-05
        ],
        [
            39.0,
            0.00030102484750928307
        ],
        [
            57.0,
            0.00018567618987114885
        ],
        [
            51.0,
            0.0001269144649045945
        ],
        [
            75.0,
            2.349438018541804e-05
        ],
        [
            69.0,
            2.9833469920916524e-05
        ],
        [
            93.0,
            4.5558808959207686e-06
        ],
        [
            117.0,
            1.5321934085340299e-07
        ],
        [
            13.0,
            0.026151423939046917
        ],
        [
            7.0,
            0.010400032440795232
        ],
        [
            19.0,
            0.004730663832196536
        ],
        [
            25.0,
            0.001964523603986877
        ],
        [
            31.0,
            0.0010672570854521797
        ],
        [
            37.0,
            0.0005310784784570841
        ],
        [
            49.0,
            0.00010437701405467391
        ],
        [
            43.0,
            0.0002440427750948012
        ],
        [
            61.0,
            2.100778547537594e-05
        ],
        [
            55.0,
            6.003421230715801e-05
        ],
        [
            67.0,
            1.2058531817944758e-05
        ],
        [
            79.0,
            3.1130065867766153e-06
        ],
        [
            73.0,
            3.4278956101895776e-06
        ],
        [
            85.0,
            1.5565032933883121e-06
        ],
        [
            103.0,
            2.4522212492165496e-07
        ],
        [
            17.0,
            0.004582398903213508
        ],
        [
            11.0,
            0.002571921660701336
        ],
        [
            5.0,
            0.00017795192258974744
        ],
        [
            23.0,
            0.0007848931456520164
        ],
        [
            35.0,
            0.00018557833706836147
        ],
        [
            29.0,
            0.0001787930153415305
        ],
        [
            47.0,
            2.5463317423376934e-05
        ],
        [
            41.0,
            4.5318966509459626e-05
        ],
        [
            53.0,
            1.2499926449747197e-05
        ],
        [
            65.0,
            2.1607098602396664e-06
        ],
        [
            59.0,
            8.18461196200386e-06
        ],
        [
            71.0,
            4.321419720479337e-06
        ],
        [
            89.0,
            9.18067258398933e-07
        ],
        [
            3.0,
            4.026169793863638e-06
        ]
    ],
    "approximation_ratio": 3.2383142334015265,
    "approximation_ratio_offset": 0.9410969938578546,
    "noise": false,
    "p": 2
}