{
    "expected_value": 18.67164376882762,
    "optimal_gammas": [
        5.782895275597601,
        4.178121942632176,
        4.005618939514026
    ],
    "optimal_betas": [
        1.4280044114057606,
        0.2796623675590062,
        0.9356353086294408
    ],
    "problem_identifier": "{'W': [1, 1], 'W_max': 2, 'A': 36, 'B': 4, 'C': 36}",
    "now": "2021-05-12 13:05:28",
    "execution_time": "1:45:32.170535",
    "nfev": 5017,
    "message": "Maximum number of iterations has been exceeded.",
    "success": false,
    "nit": 50,
    "problem": {
        "W": [
            1,
            1
        ],
        "W_max": 2,
        "A": 36,
        "B": 4,
        "C": 36
    },
    "optimal_cost": 1.0,
    "probability_distribution": {
        "18.0": 0.7961141156160504,
        "36.0": 0.039259037683469,
        "54.0": 0.00192767833039998,
        "90.0": 4.6687932022626715e-05,
        "55.0": 0.0015152842916878555,
        "19.0": 0.03449932633525307,
        "1.0": 0.03132465908274096,
        "37.0": 0.0024486465775049714,
        "73.0": 1.0431487290463728e-05,
        "28.0": 0.01608837813455072,
        "10.0": 0.05344239042916,
        "46.0": 0.00011701575731197924,
        "64.0": 0.00015056345345457607,
        "103.0": 0.0012155464552964501,
        "49.0": 0.0039393691471905625,
        "13.0": 0.002457422017023159,
        "67.0": 0.0007373773537232296,
        "31.0": 0.0010634414344175191,
        "121.0": 6.025278416433955e-06,
        "85.0": 1.5063111206250485e-05,
        "92.0": 0.001100794262820249,
        "56.0": 0.001333327314307,
        "38.0": 0.0019120661375283936,
        "20.0": 0.003814772333993629,
        "65.0": 0.00012985684875271928,
        "47.0": 0.00013973641326241697,
        "29.0": 0.0021538429151008245,
        "11.0": 0.0006576471214678516,
        "140.0": 1.3447198244454153e-05,
        "86.0": 0.00024133217467861914,
        "50.0": 0.0002866321063505918,
        "104.0": 1.0327950135872253e-05,
        "68.0": 0.00016705318793481248,
        "32.0": 0.000234295641177818,
        "2.0": 0.00035163779358802344,
        "113.0": 1.344719824445381e-05,
        "59.0": 0.0004978395320941111,
        "23.0": 0.00027643228493180164,
        "95.0": 3.435213312145609e-05,
        "41.0": 0.00013101711013034287,
        "188.0": 6.9964639236903365e-06,
        "134.0": 2.784757917114993e-05,
        "98.0": 1.5120277636851967e-05,
        "80.0": 2.075520856754642e-05,
        "62.0": 2.567924667959286e-05,
        "44.0": 2.528365798462063e-05
    },
    "probability_distribution_items": [
        [
            18.0,
            0.7961141156160504
        ],
        [
            36.0,
            0.039259037683469
        ],
        [
            54.0,
            0.00192767833039998
        ],
        [
            90.0,
            4.6687932022626715e-05
        ],
        [
            55.0,
            0.0015152842916878555
        ],
        [
            19.0,
            0.03449932633525307
        ],
        [
            1.0,
            0.03132465908274096
        ],
        [
            37.0,
            0.0024486465775049714
        ],
        [
            73.0,
            1.0431487290463728e-05
        ],
        [
            28.0,
            0.01608837813455072
        ],
        [
            10.0,
            0.05344239042916
        ],
        [
            46.0,
            0.00011701575731197924
        ],
        [
            64.0,
            0.00015056345345457607
        ],
        [
            103.0,
            0.0012155464552964501
        ],
        [
            49.0,
            0.0039393691471905625
        ],
        [
            13.0,
            0.002457422017023159
        ],
        [
            67.0,
            0.0007373773537232296
        ],
        [
            31.0,
            0.0010634414344175191
        ],
        [
            121.0,
            6.025278416433955e-06
        ],
        [
            85.0,
            1.5063111206250485e-05
        ],
        [
            92.0,
            0.001100794262820249
        ],
        [
            56.0,
            0.001333327314307
        ],
        [
            38.0,
            0.0019120661375283936
        ],
        [
            20.0,
            0.003814772333993629
        ],
        [
            65.0,
            0.00012985684875271928
        ],
        [
            47.0,
            0.00013973641326241697
        ],
        [
            29.0,
            0.0021538429151008245
        ],
        [
            11.0,
            0.0006576471214678516
        ],
        [
            140.0,
            1.3447198244454153e-05
        ],
        [
            86.0,
            0.00024133217467861914
        ],
        [
            50.0,
            0.0002866321063505918
        ],
        [
            104.0,
            1.0327950135872253e-05
        ],
        [
            68.0,
            0.00016705318793481248
        ],
        [
            32.0,
            0.000234295641177818
        ],
        [
            2.0,
            0.00035163779358802344
        ],
        [
            113.0,
            1.344719824445381e-05
        ],
        [
            59.0,
            0.0004978395320941111
        ],
        [
            23.0,
            0.00027643228493180164
        ],
        [
            95.0,
            3.435213312145609e-05
        ],
        [
            41.0,
            0.00013101711013034287
        ],
        [
            188.0,
            6.9964639236903365e-06
        ],
        [
            134.0,
            2.784757917114993e-05
        ],
        [
            98.0,
            1.5120277636851967e-05
        ],
        [
            80.0,
            2.075520856754642e-05
        ],
        [
            62.0,
            2.567924667959286e-05
        ],
        [
            44.0,
            2.528365798462063e-05
        ]
    ],
    "approximation_ratio": 18.671643768827597,
    "approximation_ratio_offset": 0.9054992311827401,
    "noise": false,
    "p": 3
}