{
    "expected_value": 12.11669123867274,
    "optimal_gammas": [
        5.120723845418081,
        3.9540200474868357
    ],
    "optimal_betas": [
        2.2988386901828237,
        2.732678753430082
    ],
    "problem_identifier": "{'W': [1, 1, 1], 'W_max': 1, 'A': 16, 'B': 4, 'C': 16}",
    "now": "2021-05-12 02:55:47",
    "execution_time": "0:27:13.333242",
    "nfev": 3205,
    "message": "Maximum number of iterations has been exceeded.",
    "success": false,
    "nit": 50,
    "problem": {
        "W": [
            1,
            1,
            1
        ],
        "W_max": 1,
        "A": 16,
        "B": 4,
        "C": 16
    },
    "optimal_cost": 3.0,
    "probability_distribution": {
        "12.0": 0.9839940410873312,
        "20.0": 0.005015946450443673,
        "36.0": 0.0005860004445705968,
        "28.0": 0.000516660200347295,
        "44.0": 0.00027254131067856713,
        "60.0": 1.8699031117171518e-05,
        "84.0": 3.560527256596667e-07,
        "52.0": 1.0190545774877265e-05,
        "76.0": 9.278691846923901e-07,
        "68.0": 8.021419313694042e-07,
        "100.0": 1.9806835049092044e-07,
        "92.0": 5.923782812254657e-08,
        "124.0": 3.042203257749041e-08,
        "156.0": 3.6146678165168847e-10,
        "17.0": 0.0054439208790964914,
        "9.0": 0.002114302857268766,
        "25.0": 0.0007314221184103239,
        "33.0": 0.00015761591474299175,
        "41.0": 5.760337994603659e-05,
        "49.0": 1.0007339397303492e-05,
        "65.0": 6.064774809487912e-07,
        "57.0": 1.015958536492898e-06,
        "81.0": 1.1004118428835454e-07,
        "73.0": 1.5439786757051642e-07,
        "89.0": 8.729295290507623e-08,
        "105.0": 1.1178326868043891e-08,
        "97.0": 3.719019641438603e-08,
        "113.0": 5.589163434022702e-09,
        "137.0": 3.086876782725667e-10,
        "22.0": 0.00023641282498547978,
        "14.0": 0.0003762615907418902,
        "6.0": 2.2668536153900784e-05,
        "30.0": 2.4915850586789125e-05,
        "46.0": 1.8450349280155327e-06,
        "38.0": 1.1655173701039348e-06,
        "62.0": 1.3993386498187932e-07,
        "54.0": 3.6217642418073865e-07,
        "70.0": 7.040221101879153e-08,
        "86.0": 1.8492678080213936e-09,
        "78.0": 2.616897163867343e-08,
        "94.0": 3.6985356160426106e-09,
        "118.0": 2.3412692500516817e-10,
        "27.0": 0.000238836647802382,
        "19.0": 0.0001532998627207764,
        "11.0": 1.0115672327491273e-05,
        "35.0": 4.1457729419017274e-07,
        "51.0": 1.8611305309153065e-08,
        "3.0": 1.5416386469968308e-08,
        "43.0": 5.9418180129422155e-08,
        "59.0": 9.244495622459478e-09,
        "75.0": 2.3890684923203247e-09,
        "99.0": 1.952002380662695e-10
    },
    "probability_distribution_items": [
        [
            12.0,
            0.9839940410873312
        ],
        [
            20.0,
            0.005015946450443673
        ],
        [
            36.0,
            0.0005860004445705968
        ],
        [
            28.0,
            0.000516660200347295
        ],
        [
            44.0,
            0.00027254131067856713
        ],
        [
            60.0,
            1.8699031117171518e-05
        ],
        [
            84.0,
            3.560527256596667e-07
        ],
        [
            52.0,
            1.0190545774877265e-05
        ],
        [
            76.0,
            9.278691846923901e-07
        ],
        [
            68.0,
            8.021419313694042e-07
        ],
        [
            100.0,
            1.9806835049092044e-07
        ],
        [
            92.0,
            5.923782812254657e-08
        ],
        [
            124.0,
            3.042203257749041e-08
        ],
        [
            156.0,
            3.6146678165168847e-10
        ],
        [
            17.0,
            0.0054439208790964914
        ],
        [
            9.0,
            0.002114302857268766
        ],
        [
            25.0,
            0.0007314221184103239
        ],
        [
            33.0,
            0.00015761591474299175
        ],
        [
            41.0,
            5.760337994603659e-05
        ],
        [
            49.0,
            1.0007339397303492e-05
        ],
        [
            65.0,
            6.064774809487912e-07
        ],
        [
            57.0,
            1.015958536492898e-06
        ],
        [
            81.0,
            1.1004118428835454e-07
        ],
        [
            73.0,
            1.5439786757051642e-07
        ],
        [
            89.0,
            8.729295290507623e-08
        ],
        [
            105.0,
            1.1178326868043891e-08
        ],
        [
            97.0,
            3.719019641438603e-08
        ],
        [
            113.0,
            5.589163434022702e-09
        ],
        [
            137.0,
            3.086876782725667e-10
        ],
        [
            22.0,
            0.00023641282498547978
        ],
        [
            14.0,
            0.0003762615907418902
        ],
        [
            6.0,
            2.2668536153900784e-05
        ],
        [
            30.0,
            2.4915850586789125e-05
        ],
        [
            46.0,
            1.8450349280155327e-06
        ],
        [
            38.0,
            1.1655173701039348e-06
        ],
        [
            62.0,
            1.3993386498187932e-07
        ],
        [
            54.0,
            3.6217642418073865e-07
        ],
        [
            70.0,
            7.040221101879153e-08
        ],
        [
            86.0,
            1.8492678080213936e-09
        ],
        [
            78.0,
            2.616897163867343e-08
        ],
        [
            94.0,
            3.6985356160426106e-09
        ],
        [
            118.0,
            2.3412692500516817e-10
        ],
        [
            27.0,
            0.000238836647802382
        ],
        [
            19.0,
            0.0001532998627207764
        ],
        [
            11.0,
            1.0115672327491273e-05
        ],
        [
            35.0,
            4.1457729419017274e-07
        ],
        [
            51.0,
            1.8611305309153065e-08
        ],
        [
            3.0,
            1.5416386469968308e-08
        ],
        [
            43.0,
            5.9418180129422155e-08
        ],
        [
            59.0,
            9.244495622459478e-09
        ],
        [
            75.0,
            2.3890684923203247e-09
        ],
        [
            99.0,
            1.952002380662695e-10
        ]
    ],
    "approximation_ratio": 4.038897079557544,
    "approximation_ratio_offset": 0.9404137827537735,
    "noise": false,
    "p": 2
}