{
    "expected_value": 1.0000000001053884,
    "optimal_gammas": [
        4.184863792629725,
        5.9569859149989695,
        6.195958288492537,
        0.05073389710761663,
        5.903023968151281,
        1.806330334917341,
        0.4789874305815866
    ],
    "optimal_betas": [
        2.5164907519204736,
        2.56571401117163,
        0.054820493332074186,
        0.7873408274937707,
        0.14168750218449444,
        2.1969430720701424,
        0.9572571375695254
    ],
    "problem_identifier": "{'W': [1], 'W_max': 1, 'A': 8, 'B': 4, 'C': 32}",
    "now": "2021-05-08 08:01:47",
    "execution_time": "4:03:18.388033",
    "nfev": 11160,
    "message": "Maximum number of iterations has been exceeded.",
    "success": false,
    "nit": 50,
    "problem": {
        "W": [
            1
        ],
        "W_max": 1,
        "A": 8,
        "B": 4,
        "C": 32
    },
    "optimal_cost": 1.0,
    "probability_distribution": {
        "8.0": 5.103830475404309e-12,
        "2.0": 5.151013379817657e-12,
        "11.0": 6.4510164483521145e-12,
        "1.0": 0.9999999999832941
    },
    "probability_distribution_items": [
        [
            8.0,
            5.103830475404309e-12
        ],
        [
            2.0,
            5.151013379817657e-12
        ],
        [
            11.0,
            6.4510164483521145e-12
        ],
        [
            1.0,
            0.9999999999832941
        ]
    ],
    "approximation_ratio": 1.0000000001053881,
    "approximation_ratio_offset": 0.9999999999894612,
    "noise": false,
    "p": 7
}