{
    "expected_value": 38.88250447793873,
    "optimal_gammas": [
        1.948054732388909,
        1.7831062967644922,
        3.9395222115372195,
        1.350449446395312,
        1.9700843910797654,
        5.141399220424183
    ],
    "optimal_betas": [
        3.040369135987183,
        2.3395499427980306,
        1.3675843779448742,
        0.5939135940664341,
        0.8128957197929315,
        2.9148887116714444
    ],
    "problem_identifier": "{'W': [1, 1], 'W_max': 2, 'A': 32, 'B': 4, 'C': 128}",
    "now": "2021-05-08 06:59:42",
    "execution_time": "4:39:51.019441",
    "nfev": 14016,
    "message": "Maximum number of iterations has been exceeded.",
    "success": false,
    "nit": 50,
    "problem": {
        "W": [
            1,
            1
        ],
        "W_max": 2,
        "A": 32,
        "B": 4,
        "C": 128
    },
    "optimal_cost": 1.0,
    "probability_distribution": {
        "64.0": 0.19210705150790633,
        "40.0": 0.037877987559763855,
        "32.0": 0.006965667271027374,
        "80.0": 0.003351415932681879,
        "16.0": 0.0025778134650159793,
        "72.0": 0.0013396811397677376,
        "128.0": 1.1765660684803473e-05,
        "97.0": 0.009190876117032652,
        "41.0": 0.0476521802627696,
        "1.0": 0.15199624426479402,
        "73.0": 0.0076690929060712065,
        "81.0": 0.0020474468284499246,
        "17.0": 0.002152348888525986,
        "65.0": 0.002112523576068462,
        "33.0": 0.029520707738655214,
        "9.0": 0.1541485931533199,
        "49.0": 0.018004562617392222,
        "105.0": 0.0055548437087576934,
        "140.0": 0.00012740534056768495,
        "68.0": 0.02570240538376453,
        "12.0": 0.07871567971454288,
        "116.0": 0.0009909608081283968,
        "108.0": 0.00689384833655527,
        "44.0": 0.0008885323467898177,
        "52.0": 0.004464001803799139,
        "100.0": 0.004766973851440709,
        "130.0": 0.0006301701962282108,
        "74.0": 0.0864162766256522,
        "34.0": 0.02544264970934814,
        "82.0": 0.0039365800906899315,
        "18.0": 0.00902610948891305,
        "42.0": 0.01667329864624044,
        "66.0": 0.006074982291327051,
        "106.0": 0.0013347517922624704,
        "50.0": 0.022121871080883208,
        "10.0": 0.0032196380203146913,
        "173.0": 0.001318625077744245,
        "101.0": 0.0023681660245600655,
        "45.0": 0.0032451864810475193,
        "117.0": 0.000722610542417309,
        "109.0": 0.0012048123879462053,
        "53.0": 0.0007125031883365879,
        "77.0": 0.005533032110735847,
        "69.0": 0.0017350887848118384,
        "2.0": 0.0029367584635827913,
        "149.0": 0.0013186250777442472,
        "21.0": 0.0018875953985729248,
        "37.0": 0.0006450878941379951,
        "85.0": 0.0019119791468928346,
        "216.0": 0.0003344199531970779,
        "144.0": 0.0009980280151526727,
        "88.0": 0.0011965398190004618,
        "136.0": 0.0002240035079878277
    },
    "probability_distribution_items": [
        [
            64.0,
            0.19210705150790633
        ],
        [
            40.0,
            0.037877987559763855
        ],
        [
            32.0,
            0.006965667271027374
        ],
        [
            80.0,
            0.003351415932681879
        ],
        [
            16.0,
            0.0025778134650159793
        ],
        [
            72.0,
            0.0013396811397677376
        ],
        [
            128.0,
            1.1765660684803473e-05
        ],
        [
            97.0,
            0.009190876117032652
        ],
        [
            41.0,
            0.0476521802627696
        ],
        [
            1.0,
            0.15199624426479402
        ],
        [
            73.0,
            0.0076690929060712065
        ],
        [
            81.0,
            0.0020474468284499246
        ],
        [
            17.0,
            0.002152348888525986
        ],
        [
            65.0,
            0.002112523576068462
        ],
        [
            33.0,
            0.029520707738655214
        ],
        [
            9.0,
            0.1541485931533199
        ],
        [
            49.0,
            0.018004562617392222
        ],
        [
            105.0,
            0.0055548437087576934
        ],
        [
            140.0,
            0.00012740534056768495
        ],
        [
            68.0,
            0.02570240538376453
        ],
        [
            12.0,
            0.07871567971454288
        ],
        [
            116.0,
            0.0009909608081283968
        ],
        [
            108.0,
            0.00689384833655527
        ],
        [
            44.0,
            0.0008885323467898177
        ],
        [
            52.0,
            0.004464001803799139
        ],
        [
            100.0,
            0.004766973851440709
        ],
        [
            130.0,
            0.0006301701962282108
        ],
        [
            74.0,
            0.0864162766256522
        ],
        [
            34.0,
            0.02544264970934814
        ],
        [
            82.0,
            0.0039365800906899315
        ],
        [
            18.0,
            0.00902610948891305
        ],
        [
            42.0,
            0.01667329864624044
        ],
        [
            66.0,
            0.006074982291327051
        ],
        [
            106.0,
            0.0013347517922624704
        ],
        [
            50.0,
            0.022121871080883208
        ],
        [
            10.0,
            0.0032196380203146913
        ],
        [
            173.0,
            0.001318625077744245
        ],
        [
            101.0,
            0.0023681660245600655
        ],
        [
            45.0,
            0.0032451864810475193
        ],
        [
            117.0,
            0.000722610542417309
        ],
        [
            109.0,
            0.0012048123879462053
        ],
        [
            53.0,
            0.0007125031883365879
        ],
        [
            77.0,
            0.005533032110735847
        ],
        [
            69.0,
            0.0017350887848118384
        ],
        [
            2.0,
            0.0029367584635827913
        ],
        [
            149.0,
            0.0013186250777442472
        ],
        [
            21.0,
            0.0018875953985729248
        ],
        [
            37.0,
            0.0006450878941379951
        ],
        [
            85.0,
            0.0019119791468928346
        ],
        [
            216.0,
            0.0003344199531970779
        ],
        [
            144.0,
            0.0009980280151526727
        ],
        [
            88.0,
            0.0011965398190004618
        ],
        [
            136.0,
            0.0002240035079878277
        ]
    ],
    "approximation_ratio": 38.88250447793877,
    "approximation_ratio_offset": 0.8238023047537731,
    "noise": false,
    "p": 6
}