{
    "expected_value": 51.75101158923119,
    "optimal_gammas": [
        0.7460924706003113,
        3.8787508537232482,
        2.4609169586340585,
        4.023592482758925
    ],
    "optimal_betas": [
        2.68485462405497,
        2.2647746596743334,
        1.0044670904976256,
        2.1675042683703603
    ],
    "problem_identifier": "{'W': [1, 1], 'W_max': 2, 'A': 36, 'B': 4, 'C': 144}",
    "now": "2021-05-12 02:03:58",
    "execution_time": "0:22:42.308800",
    "nfev": 6876,
    "message": "Maximum number of iterations has been exceeded.",
    "success": false,
    "nit": 50,
    "problem": {
        "W": [
            1,
            1
        ],
        "W_max": 2,
        "A": 36,
        "B": 4,
        "C": 144
    },
    "optimal_cost": 1.0,
    "probability_distribution": {
        "72.0": 0.004172787294881492,
        "45.0": 0.007021697275514211,
        "36.0": 0.006526380453840982,
        "90.0": 0.0043629026581766045,
        "18.0": 0.0031659631780256827,
        "81.0": 0.000486245558588607,
        "144.0": 0.0021743138639767757,
        "109.0": 0.00731425815296812,
        "46.0": 0.044492611043029325,
        "1.0": 0.016020942414756212,
        "82.0": 0.01931096545236436,
        "91.0": 0.008349274371401032,
        "19.0": 0.006005810183761394,
        "73.0": 0.006557314437583953,
        "37.0": 0.03176828053182238,
        "10.0": 0.022026752598517572,
        "55.0": 0.014593837531192078,
        "118.0": 0.00477938852957389,
        "157.0": 0.0005887174354932312,
        "76.0": 0.01821052624790443,
        "13.0": 0.18638931936342137,
        "130.0": 0.0006625878212006621,
        "121.0": 0.014131770806574354,
        "49.0": 0.0036928203293826473,
        "58.0": 0.029070761871358968,
        "112.0": 0.004369807139843947,
        "146.0": 0.0004564622474797827,
        "83.0": 0.050678718023079786,
        "38.0": 0.013889197069450424,
        "92.0": 0.0072459825951030985,
        "20.0": 0.004757350271777351,
        "47.0": 0.041307861590010445,
        "74.0": 0.028952194590732495,
        "119.0": 0.002651792259020255,
        "56.0": 0.0338802244871031,
        "11.0": 0.07677587629418194,
        "194.0": 0.0006590235651701849,
        "113.0": 0.004144409474998898,
        "50.0": 0.07348995144136468,
        "131.0": 0.014838655582751947,
        "122.0": 0.017373231564736375,
        "59.0": 0.0609635909524733,
        "86.0": 0.013497561402204218,
        "77.0": 0.005244445558297941,
        "2.0": 0.0025857034463208166,
        "167.0": 0.0006590235651701825,
        "23.0": 0.010526811331400189,
        "41.0": 0.001999549157491195,
        "95.0": 0.006643282350891819,
        "242.0": 0.0005529347154372235,
        "161.0": 0.001523005139614231,
        "98.0": 0.0485018274789685,
        "152.0": 0.0032312793208850903,
        "80.0": 0.0004984950449386859,
        "89.0": 0.006225522933790888
    },
    "probability_distribution_items": [
        [
            72.0,
            0.004172787294881492
        ],
        [
            45.0,
            0.007021697275514211
        ],
        [
            36.0,
            0.006526380453840982
        ],
        [
            90.0,
            0.0043629026581766045
        ],
        [
            18.0,
            0.0031659631780256827
        ],
        [
            81.0,
            0.000486245558588607
        ],
        [
            144.0,
            0.0021743138639767757
        ],
        [
            109.0,
            0.00731425815296812
        ],
        [
            46.0,
            0.044492611043029325
        ],
        [
            1.0,
            0.016020942414756212
        ],
        [
            82.0,
            0.01931096545236436
        ],
        [
            91.0,
            0.008349274371401032
        ],
        [
            19.0,
            0.006005810183761394
        ],
        [
            73.0,
            0.006557314437583953
        ],
        [
            37.0,
            0.03176828053182238
        ],
        [
            10.0,
            0.022026752598517572
        ],
        [
            55.0,
            0.014593837531192078
        ],
        [
            118.0,
            0.00477938852957389
        ],
        [
            157.0,
            0.0005887174354932312
        ],
        [
            76.0,
            0.01821052624790443
        ],
        [
            13.0,
            0.18638931936342137
        ],
        [
            130.0,
            0.0006625878212006621
        ],
        [
            121.0,
            0.014131770806574354
        ],
        [
            49.0,
            0.0036928203293826473
        ],
        [
            58.0,
            0.029070761871358968
        ],
        [
            112.0,
            0.004369807139843947
        ],
        [
            146.0,
            0.0004564622474797827
        ],
        [
            83.0,
            0.050678718023079786
        ],
        [
            38.0,
            0.013889197069450424
        ],
        [
            92.0,
            0.0072459825951030985
        ],
        [
            20.0,
            0.004757350271777351
        ],
        [
            47.0,
            0.041307861590010445
        ],
        [
            74.0,
            0.028952194590732495
        ],
        [
            119.0,
            0.002651792259020255
        ],
        [
            56.0,
            0.0338802244871031
        ],
        [
            11.0,
            0.07677587629418194
        ],
        [
            194.0,
            0.0006590235651701849
        ],
        [
            113.0,
            0.004144409474998898
        ],
        [
            50.0,
            0.07348995144136468
        ],
        [
            131.0,
            0.014838655582751947
        ],
        [
            122.0,
            0.017373231564736375
        ],
        [
            59.0,
            0.0609635909524733
        ],
        [
            86.0,
            0.013497561402204218
        ],
        [
            77.0,
            0.005244445558297941
        ],
        [
            2.0,
            0.0025857034463208166
        ],
        [
            167.0,
            0.0006590235651701825
        ],
        [
            23.0,
            0.010526811331400189
        ],
        [
            41.0,
            0.001999549157491195
        ],
        [
            95.0,
            0.006643282350891819
        ],
        [
            242.0,
            0.0005529347154372235
        ],
        [
            161.0,
            0.001523005139614231
        ],
        [
            98.0,
            0.0485018274789685
        ],
        [
            152.0,
            0.0032312793208850903
        ],
        [
            80.0,
            0.0004984950449386859
        ],
        [
            89.0,
            0.006225522933790888
        ]
    ],
    "approximation_ratio": 51.75101158923125,
    "approximation_ratio_offset": 0.7894148896712396,
    "noise": false,
    "p": 4
}