{
    "expected_value": 33.07911289478462,
    "optimal_gammas": [
        2.2848815078243576,
        6.07275683018154
    ],
    "optimal_betas": [
        2.927937081008875,
        0.31575959597503683
    ],
    "problem_identifier": "{'W': [1, 1], 'W_max': 2, 'A': 36, 'B': 4, 'C': 72}",
    "now": "2021-05-12 02:39:13",
    "execution_time": "0:23:56.909789",
    "nfev": 3225,
    "message": "Maximum number of iterations has been exceeded.",
    "success": false,
    "nit": 50,
    "problem": {
        "W": [
            1,
            1
        ],
        "W_max": 2,
        "A": 36,
        "B": 4,
        "C": 72
    },
    "optimal_cost": 1.0,
    "probability_distribution": {
        "36.0": 0.08574464763257526,
        "27.0": 0.012445825829508098,
        "54.0": 0.00029287069763534753,
        "18.0": 0.0003572674000474539,
        "63.0": 0.00020408996886122862,
        "108.0": 0.00023464396604434972,
        "73.0": 0.03204878460162298,
        "28.0": 0.04513471626911124,
        "1.0": 0.04780343759250938,
        "64.0": 0.0008917342096079961,
        "55.0": 0.001296022967887582,
        "19.0": 0.039798506331167965,
        "46.0": 0.031173890521348637,
        "10.0": 0.04856599424850043,
        "37.0": 0.0067280011623609475,
        "82.0": 0.0019084174069805026,
        "121.0": 0.0027090146861745968,
        "58.0": 0.015422838659689901,
        "13.0": 0.2023037148036011,
        "112.0": 0.00013475001705911318,
        "85.0": 0.01732951625590218,
        "49.0": 0.000987165290791238,
        "40.0": 0.014338019219593398,
        "94.0": 0.001311088227592566,
        "110.0": 0.001243246655286173,
        "65.0": 0.0011820636577134134,
        "38.0": 0.05835446030486208,
        "56.0": 0.014979897024220042,
        "20.0": 0.0454371262597729,
        "29.0": 0.00823686832411545,
        "83.0": 0.0072118511683948675,
        "47.0": 0.13430896203174392,
        "11.0": 0.03079905083805825,
        "158.0": 0.000716924563788192,
        "95.0": 0.0016573601866174425,
        "50.0": 0.023231375626210804,
        "113.0": 0.000868852513546693,
        "86.0": 0.0017166307413145534,
        "41.0": 0.010774446558357758,
        "59.0": 0.024366330020572792,
        "2.0": 0.0008193163238447085,
        "131.0": 0.0007169245637881925,
        "68.0": 0.002801287317558417,
        "23.0": 0.0005792273237090891,
        "104.0": 0.0008688525135466933,
        "77.0": 0.000430674004279423,
        "32.0": 0.010058744408452731,
        "206.0": 0.00013749746367975888,
        "143.0": 0.00021184067978919862,
        "98.0": 0.0007357518696323028,
        "116.0": 0.00011262398877488735,
        "80.0": 0.00011485165781968783,
        "71.0": 0.0023203438299815144,
        "62.0": 0.005841659614395373
    },
    "probability_distribution_items": [
        [
            36.0,
            0.08574464763257526
        ],
        [
            27.0,
            0.012445825829508098
        ],
        [
            54.0,
            0.00029287069763534753
        ],
        [
            18.0,
            0.0003572674000474539
        ],
        [
            63.0,
            0.00020408996886122862
        ],
        [
            108.0,
            0.00023464396604434972
        ],
        [
            73.0,
            0.03204878460162298
        ],
        [
            28.0,
            0.04513471626911124
        ],
        [
            1.0,
            0.04780343759250938
        ],
        [
            64.0,
            0.0008917342096079961
        ],
        [
            55.0,
            0.001296022967887582
        ],
        [
            19.0,
            0.039798506331167965
        ],
        [
            46.0,
            0.031173890521348637
        ],
        [
            10.0,
            0.04856599424850043
        ],
        [
            37.0,
            0.0067280011623609475
        ],
        [
            82.0,
            0.0019084174069805026
        ],
        [
            121.0,
            0.0027090146861745968
        ],
        [
            58.0,
            0.015422838659689901
        ],
        [
            13.0,
            0.2023037148036011
        ],
        [
            112.0,
            0.00013475001705911318
        ],
        [
            85.0,
            0.01732951625590218
        ],
        [
            49.0,
            0.000987165290791238
        ],
        [
            40.0,
            0.014338019219593398
        ],
        [
            94.0,
            0.001311088227592566
        ],
        [
            110.0,
            0.001243246655286173
        ],
        [
            65.0,
            0.0011820636577134134
        ],
        [
            38.0,
            0.05835446030486208
        ],
        [
            56.0,
            0.014979897024220042
        ],
        [
            20.0,
            0.0454371262597729
        ],
        [
            29.0,
            0.00823686832411545
        ],
        [
            83.0,
            0.0072118511683948675
        ],
        [
            47.0,
            0.13430896203174392
        ],
        [
            11.0,
            0.03079905083805825
        ],
        [
            158.0,
            0.000716924563788192
        ],
        [
            95.0,
            0.0016573601866174425
        ],
        [
            50.0,
            0.023231375626210804
        ],
        [
            113.0,
            0.000868852513546693
        ],
        [
            86.0,
            0.0017166307413145534
        ],
        [
            41.0,
            0.010774446558357758
        ],
        [
            59.0,
            0.024366330020572792
        ],
        [
            2.0,
            0.0008193163238447085
        ],
        [
            131.0,
            0.0007169245637881925
        ],
        [
            68.0,
            0.002801287317558417
        ],
        [
            23.0,
            0.0005792273237090891
        ],
        [
            104.0,
            0.0008688525135466933
        ],
        [
            77.0,
            0.000430674004279423
        ],
        [
            32.0,
            0.010058744408452731
        ],
        [
            206.0,
            0.00013749746367975888
        ],
        [
            143.0,
            0.00021184067978919862
        ],
        [
            98.0,
            0.0007357518696323028
        ],
        [
            116.0,
            0.00011262398877488735
        ],
        [
            80.0,
            0.00011485165781968783
        ],
        [
            71.0,
            0.0023203438299815144
        ],
        [
            62.0,
            0.005841659614395373
        ]
    ],
    "approximation_ratio": 33.079112894784686,
    "approximation_ratio_offset": 0.843516522464465,
    "noise": false,
    "p": 2
}