{
    "expected_value": 1.0000000000013876,
    "optimal_gammas": [
        5.432337260579939,
        3.4688419305798965
    ],
    "optimal_betas": [
        1.5707958903903854,
        2.3561945814413705
    ],
    "problem_identifier": "{'W': [1], 'W_max': 1, 'A': 12, 'B': 4, 'C': 12}",
    "now": "2021-05-12 03:34:10",
    "execution_time": "0:34:44.715477",
    "nfev": 3135,
    "message": "Maximum number of iterations has been exceeded.",
    "success": false,
    "nit": 50,
    "problem": {
        "W": [
            1
        ],
        "W_max": 1,
        "A": 12,
        "B": 4,
        "C": 12
    },
    "optimal_cost": 1.0,
    "probability_distribution": {
        "3.0": 5.90452602417052e-13,
        "7.0": 3.449455799300587e-14,
        "1.0": 0.999999999999375
    },
    "probability_distribution_items": [
        [
            3.0,
            5.90452602417052e-13
        ],
        [
            7.0,
            3.449455799300587e-14
        ],
        [
            1.0,
            0.999999999999375
        ]
    ],
    "approximation_ratio": 1.000000000001388,
    "approximation_ratio_offset": 0.9999999999997686,
    "noise": false,
    "p": 2
}