{
    "expected_value": 1.0000000000027527,
    "optimal_gammas": [
        3.948863616608214,
        3.3252938263887915,
        5.763654171353717,
        2.7820909885826417
    ],
    "optimal_betas": [
        1.7233621438522235,
        1.2403600663628582,
        0.2790164510962391,
        0.896418977416874
    ],
    "problem_identifier": "{'W': [1], 'W_max': 1, 'A': 8, 'B': 4, 'C': 16}",
    "now": "2021-05-08 05:38:58",
    "execution_time": "2:06:07.392023",
    "nfev": 6318,
    "message": "Maximum number of iterations has been exceeded.",
    "success": false,
    "nit": 50,
    "problem": {
        "W": [
            1
        ],
        "W_max": 1,
        "A": 8,
        "B": 4,
        "C": 16
    },
    "optimal_cost": 1.0,
    "probability_distribution": {
        "4.0": 2.720359842389818e-13,
        "2.0": 4.0223162369172715e-13,
        "7.0": 2.5588227246025585e-13,
        "1.0": 0.9999999999990699
    },
    "probability_distribution_items": [
        [
            4.0,
            2.720359842389818e-13
        ],
        [
            2.0,
            4.0223162369172715e-13
        ],
        [
            7.0,
            2.5588227246025585e-13
        ],
        [
            1.0,
            0.9999999999990699
        ]
    ],
    "approximation_ratio": 1.0000000000027536,
    "approximation_ratio_offset": 0.9999999999995411,
    "noise": false,
    "p": 4
}