{
    "expected_value": 37.86956225275133,
    "optimal_gammas": [
        5.8827438319446355
    ],
    "optimal_betas": [
        1.0870618608850129
    ],
    "problem_identifier": "{'W': [1, 1, 1], 'W_max': 1, 'A': 16, 'B': 4, 'C': 64}",
    "now": "2021-05-12 01:51:34",
    "execution_time": "0:04:53.399791",
    "nfev": 1389,
    "message": "Optimization terminated successfully.",
    "success": true,
    "nit": 44,
    "problem": {
        "W": [
            1,
            1,
            1
        ],
        "W_max": 1,
        "A": 16,
        "B": 4,
        "C": 64
    },
    "optimal_cost": 3.0,
    "probability_distribution": {
        "48.0": 0.03636080227226558,
        "36.0": 0.12318482577586712,
        "32.0": 0.049004354063646303,
        "56.0": 0.02206043832653597,
        "24.0": 0.08212369721731674,
        "52.0": 0.02512642618347987,
        "20.0": 0.03363085201201453,
        "80.0": 0.0007487705798026704,
        "84.0": 0.0004030672596649529,
        "120.0": 1.0342821881097529e-05,
        "108.0": 0.001323098243931026,
        "44.0": 0.014896225878305002,
        "104.0": 0.002230444203951501,
        "40.0": 0.0136140976191931,
        "72.0": 0.002539974012492192,
        "12.0": 0.0064717936563830165,
        "76.0": 0.0007352716056911204,
        "132.0": 0.00034945232850391796,
        "100.0": 0.0006916477657955769,
        "68.0": 0.002402633801529194,
        "136.0": 0.00019497739264577688,
        "172.0": 8.229101137549978e-06,
        "192.0": 9.343307236335833e-06,
        "128.0": 0.00015965661330069275,
        "196.0": 8.276511112644956e-06,
        "96.0": 7.04849994140104e-05,
        "164.0": 2.356719423219899e-05,
        "232.0": 1.4647717969642423e-06,
        "300.0": 1.7499627696754236e-08,
        "53.0": 0.07330968225851162,
        "33.0": 0.05211509043113232,
        "21.0": 0.06987027574340404,
        "17.0": 0.0067659339531804035,
        "41.0": 0.1295132339865135,
        "9.0": 0.012767033729028886,
        "37.0": 0.03592448931065958,
        "49.0": 0.007890142128133977,
        "69.0": 0.00221278466933304,
        "65.0": 0.0006251606138088332,
        "73.0": 0.0003557333002768953,
        "101.0": 0.0012657923077539596,
        "61.0": 0.00947767741966311,
        "105.0": 0.0013630994014982563,
        "93.0": 0.0007046600922646075,
        "29.0": 0.03117095524045,
        "89.0": 0.00045675531993822634,
        "57.0": 0.008864282316186868,
        "121.0": 0.0002237360783037803,
        "117.0": 0.00012220519777100765,
        "25.0": 0.006307786334164685,
        "85.0": 0.0003463385203360198,
        "125.0": 4.304260470231009e-05,
        "153.0": 1.209702225408913e-05,
        "129.0": 0.0001070416564963108,
        "181.0": 7.844816671581892e-06,
        "177.0": 1.5815309027254984e-06,
        "97.0": 0.00013691621469477338,
        "145.0": 4.022214770567429e-06,
        "133.0": 3.984972733162407e-05,
        "185.0": 2.9358709368371825e-06,
        "213.0": 5.68692389003373e-07,
        "169.0": 1.9127009221702253e-06,
        "221.0": 2.8434619450168415e-07,
        "281.0": 1.702741047401935e-08,
        "58.0": 0.02983114696487514,
        "38.0": 0.03727476449520207,
        "26.0": 0.017902234010703618,
        "22.0": 0.0009753782324231888,
        "50.0": 0.0027529398026240005,
        "18.0": 0.006173990547787705,
        "6.0": 0.002188724077507486,
        "34.0": 0.0005512001468195963,
        "54.0": 0.0018144941837427955,
        "82.0": 5.423188942560262e-06,
        "46.0": 0.017809187015579937,
        "14.0": 0.0008812067891389931,
        "42.0": 0.0024927372371993145,
        "102.0": 0.0003635605391525489,
        "90.0": 0.00023280690688142389,
        "86.0": 5.98360791757023e-05,
        "110.0": 1.9130360469678796e-05,
        "78.0": 4.2017592741931683e-05,
        "106.0": 1.856680419478234e-05,
        "74.0": 0.00015671104701602448,
        "134.0": 1.5612545599740244e-06,
        "70.0": 4.394174080562695e-05,
        "98.0": 0.00010315063361926156,
        "66.0": 0.00014679473446173248,
        "118.0": 3.568869967128326e-05,
        "114.0": 6.432695011840261e-06,
        "170.0": 1.0978133966321979e-06,
        "166.0": 4.988396871981923e-07,
        "194.0": 4.1066207713192466e-08,
        "122.0": 6.2680077532921955e-06,
        "150.0": 4.495731871884897e-07,
        "174.0": 2.3711124765397485e-07,
        "142.0": 6.80542579135014e-07,
        "202.0": 8.213241542638431e-08,
        "262.0": 1.694371283562234e-09,
        "63.0": 0.002611033386353076,
        "43.0": 0.0031023357759717095,
        "31.0": 0.0002449981614290588,
        "27.0": 7.026576153369015e-06,
        "55.0": 0.0005042285658488106,
        "23.0": 0.0009128243489633165,
        "11.0": 9.8576051021647e-05,
        "39.0": 1.3941366318424624e-05,
        "59.0": 2.6860258700823657e-06,
        "87.0": 1.6778269959160933e-05,
        "99.0": 1.2651872199843546e-05,
        "35.0": 0.00012304580533458923,
        "83.0": 1.2496863090270367e-06,
        "3.0": 4.887103046745088e-05,
        "51.0": 4.1486666467419e-06,
        "107.0": 1.934517785550506e-06,
        "75.0": 3.291792458225854e-06,
        "103.0": 8.251441950909664e-07,
        "71.0": 6.223329636487887e-07,
        "131.0": 4.150186196944693e-08,
        "159.0": 2.85455228977349e-08,
        "95.0": 5.867124413926521e-07,
        "155.0": 2.122431646601607e-08,
        "123.0": 6.863779615602615e-08,
        "183.0": 5.509270906473671e-09,
        "243.0": 1.3463948561771875e-10
    },