{
    "expected_value": 21.491582410934985,
    "optimal_gammas": [
        5.885381763408934,
        0.9998273887116875,
        5.606434333776982,
        5.6426425062362515,
        4.097872454517643,
        3.760859429683248
    ],
    "optimal_betas": [
        1.063829835504593,
        1.13460044006469,
        1.528885496503347,
        1.9488437600021733,
        3.1050774739261255,
        1.0816055784682517
    ],
    "problem_identifier": "{'W': [1, 1], 'W_max': 2, 'A': 32, 'B': 4, 'C': 64}",
    "now": "2021-05-07 23:33:18",
    "execution_time": "0:59:18.217466",
    "nfev": 11455,
    "message": "Maximum number of iterations has been exceeded.",
    "success": false,
    "nit": 50,
    "problem": {
        "W": [
            1,
            1
        ],
        "W_max": 2,
        "A": 32,
        "B": 4,
        "C": 64
    },
    "optimal_cost": 1.0,
    "probability_distribution": {
        "32.0": 0.1697551944885346,
        "24.0": 0.05640669790083697,
        "48.0": 0.0029715761554007978,
        "16.0": 0.0009758769194185729,
        "56.0": 0.0010883240624970615,
        "96.0": 0.0001795365819928655,
        "65.0": 0.002465802071167461,
        "25.0": 0.10223432344753627,
        "1.0": 0.14304277706763752,
        "57.0": 0.001093974701722456,
        "49.0": 0.004461373591890856,
        "17.0": 0.09430097456230672,
        "41.0": 0.00415004387392097,
        "9.0": 0.1484186888274221,
        "33.0": 0.013384296011671142,
        "73.0": 0.0017581924540719016,
        "108.0": 0.000408150859558645,
        "52.0": 0.006977015553660162,
        "12.0": 0.05267384653977929,
        "100.0": 0.00021155479243895113,
        "76.0": 0.0003508599699125257,
        "44.0": 0.0004286695699718038,
        "36.0": 0.0043579571732113385,
        "84.0": 0.0015454775673688892,
        "98.0": 0.0001645906168896455,
        "58.0": 0.002848335851042633,
        "34.0": 0.04168637513211998,
        "50.0": 0.00171694369158221,
        "18.0": 0.040852496924113614,
        "26.0": 0.007865439049937339,
        "74.0": 1.4412792411133716e-05,
        "42.0": 0.06211323799409385,
        "10.0": 0.011517192870048657,
        "141.0": 1.402542533828533e-05,
        "85.0": 0.000978122534436701,
        "45.0": 0.00301614814407537,
        "101.0": 0.00040500908562058464,
        "77.0": 0.0006176480980601923,
        "37.0": 0.002691549089777859,
        "53.0": 0.0025455609595919945,
        "2.0": 0.0007184748666861941,
        "117.0": 1.4025425338284933e-05,
        "61.0": 0.0019225990249643096,
        "21.0": 0.0009477863577288077,
        "93.0": 0.0004050090856205852,
        "69.0": 7.707779115546469e-05,
        "29.0": 0.001683701465590954,
        "184.0": 5.9757215453160735e-05,
        "128.0": 0.00018873606044819815,
        "88.0": 0.00027132566825748797,
        "104.0": 0.00017597358925534775,
        "72.0": 0.00010729900714210084,
        "64.0": 0.0007399614392899497
    },
    "probability_distribution_items": [
        [
            32.0,
            0.1697551944885346
        ],
        [
            24.0,
            0.05640669790083697
        ],
        [
            48.0,
            0.0029715761554007978
        ],
        [
            16.0,
            0.0009758769194185729
        ],
        [
            56.0,
            0.0010883240624970615
        ],
        [
            96.0,
            0.0001795365819928655
        ],
        [
            65.0,
            0.002465802071167461
        ],
        [
            25.0,
            0.10223432344753627
        ],
        [
            1.0,
            0.14304277706763752
        ],
        [
            57.0,
            0.001093974701722456
        ],
        [
            49.0,
            0.004461373591890856
        ],
        [
            17.0,
            0.09430097456230672
        ],
        [
            41.0,
            0.00415004387392097
        ],
        [
            9.0,
            0.1484186888274221
        ],
        [
            33.0,
            0.013384296011671142
        ],
        [
            73.0,
            0.0017581924540719016
        ],
        [
            108.0,
            0.000408150859558645
        ],
        [
            52.0,
            0.006977015553660162
        ],
        [
            12.0,
            0.05267384653977929
        ],
        [
            100.0,
            0.00021155479243895113
        ],
        [
            76.0,
            0.0003508599699125257
        ],
        [
            44.0,
            0.0004286695699718038
        ],
        [
            36.0,
            0.0043579571732113385
        ],
        [
            84.0,
            0.0015454775673688892
        ],
        [
            98.0,
            0.0001645906168896455
        ],
        [
            58.0,
            0.002848335851042633
        ],
        [
            34.0,
            0.04168637513211998
        ],
        [
            50.0,
            0.00171694369158221
        ],
        [
            18.0,
            0.040852496924113614
        ],
        [
            26.0,
            0.007865439049937339
        ],
        [
            74.0,
            1.4412792411133716e-05
        ],
        [
            42.0,
            0.06211323799409385
        ],
        [
            10.0,
            0.011517192870048657
        ],
        [
            141.0,
            1.402542533828533e-05
        ],
        [
            85.0,
            0.000978122534436701
        ],
        [
            45.0,
            0.00301614814407537
        ],
        [
            101.0,
            0.00040500908562058464
        ],
        [
            77.0,
            0.0006176480980601923
        ],
        [
            37.0,
            0.002691549089777859
        ],
        [
            53.0,
            0.0025455609595919945
        ],
        [
            2.0,
            0.0007184748666861941
        ],
        [
            117.0,
            1.4025425338284933e-05
        ],
        [
            61.0,
            0.0019225990249643096
        ],
        [
            21.0,
            0.0009477863577288077
        ],
        [
            93.0,
            0.0004050090856205852
        ],
        [
            69.0,
            7.707779115546469e-05
        ],
        [
            29.0,
            0.001683701465590954
        ],
        [
            184.0,
            5.9757215453160735e-05
        ],
        [
            128.0,
            0.00018873606044819815
        ],
        [
            88.0,
            0.00027132566825748797
        ],
        [
            104.0,
            0.00017597358925534775
        ],
        [
            72.0,
            0.00010729900714210084
        ],
        [
            64.0,
            0.0007399614392899497
        ]
    ],
    "approximation_ratio": 21.491582410935028,
    "approximation_ratio_offset": 0.8880241398309562,
    "noise": false,
    "p": 6
}