{
    "expected_value": 14.38017844299949,
    "optimal_gammas": [
        4.296146303411662
    ],
    "optimal_betas": [
        0.8562394156984247
    ],
    "problem_identifier": "{'W': [1, 1, 1], 'W_max': 1, 'A': 16, 'B': 4, 'C': 16}",
    "now": "2021-05-12 02:05:22",
    "execution_time": "0:05:35.820197",
    "nfev": 1125,
    "message": "Optimization terminated successfully.",
    "success": true,
    "nit": 35,
    "problem": {
        "W": [
            1,
            1,
            1
        ],
        "W_max": 1,
        "A": 16,
        "B": 4,
        "C": 16
    },
    "optimal_cost": 3.0,
    "probability_distribution": {
        "12.0": 0.6601696515420261,
        "20.0": 0.06893640794246413,
        "36.0": 0.005170876191003402,
        "28.0": 0.021804699779537456,
        "44.0": 0.0037528908550914218,
        "60.0": 0.0006571079841663646,
        "84.0": 2.3336448304190748e-05,
        "52.0": 0.0004959866936148014,
        "76.0": 9.172474334548372e-05,
        "68.0": 6.933207477670864e-05,
        "100.0": 1.6421524745296227e-05,
        "92.0": 5.1508151427434205e-06,
        "124.0": 1.2296717541111054e-06,
        "156.0": 7.84519908367817e-08,
        "17.0": 0.14126266485970018,
        "9.0": 0.043708733029072445,
        "25.0": 0.01822950259472092,
        "33.0": 0.003857473814119549,
        "41.0": 0.0016597249445855257,
        "49.0": 0.0007187497480165488,
        "65.0": 0.00010429198427177137,
        "57.0": 0.00010591936501127899,
        "81.0": 7.739137378408503e-06,
        "73.0": 2.0557037091677935e-05,
        "89.0": 6.474514096481404e-06,
        "105.0": 3.456911092352807e-07,
        "97.0": 1.930757291397394e-06,
        "113.0": 1.728455546176398e-07,
        "137.0": 6.752489481585957e-08,
        "22.0": 0.010813638235896452,
        "14.0": 0.01182697544855009,
        "6.0": 0.0012702225884037223,
        "30.0": 0.001236614170344934,
        "46.0": 0.00018438617548164802,
        "38.0": 0.00012104740584803043,
        "62.0": 6.143301309847433e-06,
        "54.0": 2.9700616309415446e-05,
        "70.0": 3.0910979698682783e-06,
        "86.0": 7.589287998878084e-08,
        "78.0": 1.1889725202871673e-06,
        "94.0": 1.5178575997756176e-07,
        "118.0": 2.460491992238852e-09,
        "27.0": 0.0013376331083737724,
        "19.0": 0.001778545619381771,
        "11.0": 0.00047995019902424894,
        "35.0": 1.5348874412480106e-05,
        "51.0": 9.552157754375365e-07,
        "3.0": 1.2074164817219148e-05,
        "43.0": 2.5609330265843863e-06,
        "59.0": 4.018581240409397e-07,
        "75.0": 4.6412278974124346e-08,
        "99.0": 2.8981437928230523e-09
    },
    "probability_distribution_items": [
        [
            12.0,
            0.6601696515420261
        ],
        [
            20.0,
            0.06893640794246413
        ],
        [
            36.0,
            0.005170876191003402
        ],
        [
            28.0,
            0.021804699779537456
        ],
        [
            44.0,
            0.0037528908550914218
        ],
        [
            60.0,
            0.0006571079841663646
        ],
        [
            84.0,
            2.3336448304190748e-05
        ],
        [
            52.0,
            0.0004959866936148014
        ],
        [
            76.0,
            9.172474334548372e-05
        ],
        [
            68.0,
            6.933207477670864e-05
        ],
        [
            100.0,
            1.6421524745296227e-05
        ],
        [
            92.0,
            5.1508151427434205e-06
        ],
        [
            124.0,
            1.2296717541111054e-06
        ],
        [
            156.0,
            7.84519908367817e-08
        ],
        [
            17.0,
            0.14126266485970018
        ],
        [
            9.0,
            0.043708733029072445
        ],
        [
            25.0,
            0.01822950259472092
        ],
        [
            33.0,
            0.003857473814119549
        ],
        [
            41.0,
            0.0016597249445855257
        ],
        [
            49.0,
            0.0007187497480165488
        ],
        [
            65.0,
            0.00010429198427177137
        ],
        [
            57.0,
            0.00010591936501127899
        ],
        [
            81.0,
            7.739137378408503e-06
        ],
        [
            73.0,
            2.0557037091677935e-05
        ],
        [
            89.0,
            6.474514096481404e-06
        ],
        [
            105.0,
            3.456911092352807e-07
        ],
        [
            97.0,
            1.930757291397394e-06
        ],
        [
            113.0,
            1.728455546176398e-07
        ],
        [
            137.0,
            6.752489481585957e-08
        ],
        [
            22.0,
            0.010813638235896452
        ],
        [
            14.0,
            0.01182697544855009
        ],
        [
            6.0,
            0.0012702225884037223
        ],
        [
            30.0,
            0.001236614170344934
        ],
        [
            46.0,
            0.00018438617548164802
        ],
        [
            38.0,
            0.00012104740584803043
        ],
        [
            62.0,
            6.143301309847433e-06
        ],
        [
            54.0,
            2.9700616309415446e-05
        ],
        [
            70.0,
            3.0910979698682783e-06
        ],
        [
            86.0,
            7.589287998878084e-08
        ],
        [
            78.0,
            1.1889725202871673e-06
        ],
        [
            94.0,
            1.5178575997756176e-07
        ],
        [
            118.0,
            2.460491992238852e-09
        ],
        [
            27.0,
            0.0013376331083737724
        ],
        [
            19.0,
            0.001778545619381771
        ],
        [
            11.0,
            0.00047995019902424894
        ],
        [
            35.0,
            1.5348874412480106e-05
        ],
        [
            51.0,
            9.552157754375365e-07
        ],
        [
            3.0,
            1.2074164817219148e-05
        ],
        [
            43.0,
            2.5609330265843863e-06
        ],
        [
            59.0,
            4.018581240409397e-07
        ],
        [
            75.0,
            4.6412278974124346e-08
        ],
        [
            99.0,
            2.8981437928230523e-09
        ]
    ],
    "approximation_ratio": 4.793392814333175,
    "approximation_ratio_offset": 0.9256197487385652,
    "noise": false,
    "p": 1
}