{
    "expected_value": 35.216474586863455,
    "optimal_gammas": [
        2.137910485884905
    ],
    "optimal_betas": [
        0.38961638140052113
    ],
    "problem_identifier": "{'W': [1, 1], 'W_max': 2, 'A': 32, 'B': 4, 'C': 64}",
    "now": "2021-05-07 23:01:08",
    "execution_time": "0:08:05.714529",
    "nfev": 1563,
    "message": "Optimization terminated successfully.",
    "success": true,
    "nit": 50,
    "problem": {
        "W": [
            1,
            1
        ],
        "W_max": 2,
        "A": 32,
        "B": 4,
        "C": 64
    },
    "optimal_cost": 1.0,
    "probability_distribution": {
        "32.0": 0.07885228016269123,
        "24.0": 0.014807616963960716,
        "48.0": 0.001257031002241424,
        "16.0": 0.0007994266283097818,
        "56.0": 0.002100995557161458,
        "96.0": 0.0004560313491957056,
        "65.0": 0.04701160230608957,
        "25.0": 0.07469546645466495,
        "1.0": 0.03731243063197583,
        "57.0": 0.011598048213682148,
        "49.0": 0.008846313090776905,
        "17.0": 0.07345912993351836,
        "41.0": 0.0494845958557725,
        "9.0": 0.04268907658924593,
        "33.0": 0.014677289584060796,
        "73.0": 0.002839578433055971,
        "108.0": 0.0029533056355425377,
        "52.0": 0.034513727881436904,
        "12.0": 0.08523701056170077,
        "100.0": 0.000889926693069509,
        "76.0": 0.015838140400681044,
        "44.0": 0.005150413323816286,
        "36.0": 0.02326408998357575,
        "84.0": 0.00529308435891151,
        "98.0": 0.0034182478476023114,
        "58.0": 0.004348048770570445,
        "34.0": 0.0652011803246392,
        "50.0": 0.032890232765057245,
        "18.0": 0.03692692437266895,
        "26.0": 0.020004961736660727,
        "74.0": 0.014876961124708621,
        "42.0": 0.07674502420318745,
        "10.0": 0.027545700387898234,
        "141.0": 0.0026036945163008655,
        "85.0": 0.005398821275076456,
        "45.0": 0.010550396607372538,
        "101.0": 0.004329197152296329,
        "77.0": 0.005459632208703649,
        "37.0": 0.010902169519162692,
        "53.0": 0.011889528782935579,
        "2.0": 0.001197728965484704,
        "117.0": 0.0026036945163008664,
        "61.0": 0.00431697929499289,
        "21.0": 0.0002557096827252919,
        "93.0": 0.004329197152296328,
        "69.0": 0.0015572275346822876,
        "29.0": 0.009676448683513219,
        "184.0": 0.001446766795083916,
        "128.0": 0.0017767174315177442,
        "88.0": 0.0028469486038266165,
        "104.0": 0.0008530695127898191,
        "72.0": 0.0003913562088372261,
        "64.0": 0.0016308224279696633
    },
    "probability_distribution_items": [
        [
            32.0,
            0.07885228016269123
        ],
        [
            24.0,
            0.014807616963960716
        ],
        [
            48.0,
            0.001257031002241424
        ],
        [
            16.0,
            0.0007994266283097818
        ],
        [
            56.0,
            0.002100995557161458
        ],
        [
            96.0,
            0.0004560313491957056
        ],
        [
            65.0,
            0.04701160230608957
        ],
        [
            25.0,
            0.07469546645466495
        ],
        [
            1.0,
            0.03731243063197583
        ],
        [
            57.0,
            0.011598048213682148
        ],
        [
            49.0,
            0.008846313090776905
        ],
        [
            17.0,
            0.07345912993351836
        ],
        [
            41.0,
            0.0494845958557725
        ],
        [
            9.0,
            0.04268907658924593
        ],
        [
            33.0,
            0.014677289584060796
        ],
        [
            73.0,
            0.002839578433055971
        ],
        [
            108.0,
            0.0029533056355425377
        ],
        [
            52.0,
            0.034513727881436904
        ],
        [
            12.0,
            0.08523701056170077
        ],
        [
            100.0,
            0.000889926693069509
        ],
        [
            76.0,
            0.015838140400681044
        ],
        [
            44.0,
            0.005150413323816286
        ],
        [
            36.0,
            0.02326408998357575
        ],
        [
            84.0,
            0.00529308435891151
        ],
        [
            98.0,
            0.0034182478476023114
        ],
        [
            58.0,
            0.004348048770570445
        ],
        [
            34.0,
            0.0652011803246392
        ],
        [
            50.0,
            0.032890232765057245
        ],
        [
            18.0,
            0.03692692437266895
        ],
        [
            26.0,
            0.020004961736660727
        ],
        [
            74.0,
            0.014876961124708621
        ],
        [
            42.0,
            0.07674502420318745
        ],
        [
            10.0,
            0.027545700387898234
        ],
        [
            141.0,
            0.0026036945163008655
        ],
        [
            85.0,
            0.005398821275076456
        ],
        [
            45.0,
            0.010550396607372538
        ],
        [
            101.0,
            0.004329197152296329
        ],
        [
            77.0,
            0.005459632208703649
        ],
        [
            37.0,
            0.010902169519162692
        ],
        [
            53.0,
            0.011889528782935579
        ],
        [
            2.0,
            0.001197728965484704
        ],
        [
            117.0,
            0.0026036945163008664
        ],
        [
            61.0,
            0.00431697929499289
        ],
        [
            21.0,
            0.0002557096827252919
        ],
        [
            93.0,
            0.004329197152296328
        ],
        [
            69.0,
            0.0015572275346822876
        ],
        [
            29.0,
            0.009676448683513219
        ],
        [
            184.0,
            0.001446766795083916
        ],
        [
            128.0,
            0.0017767174315177442
        ],
        [
            88.0,
            0.0028469486038266165
        ],
        [
            104.0,
            0.0008530695127898191
        ],
        [
            72.0,
            0.0003913562088372261
        ],
        [
            64.0,
            0.0016308224279696633
        ]
    ],
    "approximation_ratio": 35.2164745868634,
    "approximation_ratio_offset": 0.8130247290335333,
    "noise": false,
    "p": 1
}