{
    "expected_value": 51.5194326495203,
    "optimal_gammas": [
        5.391616829020404,
        3.312379582408695,
        5.956953739070587,
        2.949564905295356
    ],
    "optimal_betas": [
        0.3356508165107285,
        1.3527640626344195,
        0.3835895181199018,
        1.6823910442590888
    ],
    "problem_identifier": "{'W': [1, 1], 'W_max': 2, 'A': 36, 'B': 4, 'C': 144}",
    "now": "2021-05-12 21:26:41",
    "execution_time": "3:57:32.902449",
    "nfev": 6984,
    "message": "Maximum number of iterations has been exceeded.",
    "success": false,
    "nit": 50,
    "problem": {
        "W": [
            1,
            1
        ],
        "W_max": 2,
        "A": 36,
        "B": 4,
        "C": 144
    },
    "optimal_cost": 1.0,
    "probability_distribution": {
        "72.0": 0.048902639638502506,
        "45.0": 0.14720107446892575,
        "36.0": 0.0006654793153042981,
        "90.0": 0.05669736069030773,
        "18.0": 0.046990414628978724,
        "81.0": 0.000909975088574438,
        "144.0": 1.8555413778697854e-05,
        "109.0": 0.009330026367735817,
        "46.0": 0.09654089741456592,
        "1.0": 0.030410460278391605,
        "82.0": 0.07310503913294165,
        "91.0": 0.043648187500007644,
        "19.0": 0.04743253988429862,
        "73.0": 0.004871955255299432,
        "37.0": 0.045085044928271166,
        "10.0": 0.07784300016269018,
        "55.0": 0.0684390254937269,
        "118.0": 0.0017283029975334293,
        "157.0": 0.0013700436271334095,
        "76.0": 0.006084224489626415,
        "13.0": 0.014085278706916254,
        "130.0": 0.00470818141854374,
        "121.0": 0.006669452951318722,
        "49.0": 0.005157161815455778,
        "58.0": 0.026744609498808386,
        "112.0": 0.0007121284536038299,
        "146.0": 0.00025227904772139704,
        "83.0": 0.02599453998668505,
        "38.0": 0.018827731819493102,
        "92.0": 0.004670808652740182,
        "20.0": 0.0023647801820692476,
        "47.0": 0.009559200494653136,
        "74.0": 0.006897050011786601,
        "119.0": 0.0003404645015906869,
        "56.0": 0.021259694449026756,
        "11.0": 0.012455977333716298,
        "194.0": 0.00013155210029551045,
        "113.0": 0.0027142143943090623,
        "50.0": 0.0070216915495290785,
        "131.0": 0.0012466814642665067,
        "122.0": 0.0030998106013677383,
        "59.0": 0.0032882431691668677,
        "86.0": 0.003684367660292207,
        "77.0": 0.002423836272488712,
        "2.0": 0.0023182224048351125,
        "167.0": 0.000131552100295511,
        "23.0": 0.0011008720989105257,
        "41.0": 0.0026325762814516855,
        "95.0": 0.00039944613059566256,
        "242.0": 1.9030840236923664e-05,
        "161.0": 0.0002239780717941495,
        "98.0": 0.0008674186931526972,
        "152.0": 0.00017739903129347878,
        "80.0": 1.452616870025703e-05,
        "89.0": 0.0005309948662942769
    },
    "probability_distribution_items": [
        [
            72.0,
            0.048902639638502506
        ],
        [
            45.0,
            0.14720107446892575
        ],
        [
            36.0,
            0.0006654793153042981
        ],
        [
            90.0,
            0.05669736069030773
        ],
        [
            18.0,
            0.046990414628978724
        ],
        [
            81.0,
            0.000909975088574438
        ],
        [
            144.0,
            1.8555413778697854e-05
        ],
        [
            109.0,
            0.009330026367735817
        ],
        [
            46.0,
            0.09654089741456592
        ],
        [
            1.0,
            0.030410460278391605
        ],
        [
            82.0,
            0.07310503913294165
        ],
        [
            91.0,
            0.043648187500007644
        ],
        [
            19.0,
            0.04743253988429862
        ],
        [
            73.0,
            0.004871955255299432
        ],
        [
            37.0,
            0.045085044928271166
        ],
        [
            10.0,
            0.07784300016269018
        ],
        [
            55.0,
            0.0684390254937269
        ],
        [
            118.0,
            0.0017283029975334293
        ],
        [
            157.0,
            0.0013700436271334095
        ],
        [
            76.0,
            0.006084224489626415
        ],
        [
            13.0,
            0.014085278706916254
        ],
        [
            130.0,
            0.00470818141854374
        ],
        [
            121.0,
            0.006669452951318722
        ],
        [
            49.0,
            0.005157161815455778
        ],
        [
            58.0,
            0.026744609498808386
        ],
        [
            112.0,
            0.0007121284536038299
        ],
        [
            146.0,
            0.00025227904772139704
        ],
        [
            83.0,
            0.02599453998668505
        ],
        [
            38.0,
            0.018827731819493102
        ],
        [
            92.0,
            0.004670808652740182
        ],
        [
            20.0,
            0.0023647801820692476
        ],
        [
            47.0,
            0.009559200494653136
        ],
        [
            74.0,
            0.006897050011786601
        ],
        [
            119.0,
            0.0003404645015906869
        ],
        [
            56.0,
            0.021259694449026756
        ],
        [
            11.0,
            0.012455977333716298
        ],
        [
            194.0,
            0.00013155210029551045
        ],
        [
            113.0,
            0.0027142143943090623
        ],
        [
            50.0,
            0.0070216915495290785
        ],
        [
            131.0,
            0.0012466814642665067
        ],
        [
            122.0,
            0.0030998106013677383
        ],
        [
            59.0,
            0.0032882431691668677
        ],
        [
            86.0,
            0.003684367660292207
        ],
        [
            77.0,
            0.002423836272488712
        ],
        [
            2.0,
            0.0023182224048351125
        ],
        [
            167.0,
            0.000131552100295511
        ],
        [
            23.0,
            0.0011008720989105257
        ],
        [
            41.0,
            0.0026325762814516855
        ],
        [
            95.0,
            0.00039944613059566256
        ],
        [
            242.0,
            1.9030840236923664e-05
        ],
        [
            161.0,
            0.0002239780717941495
        ],
        [
            98.0,
            0.0008674186931526972
        ],
        [
            152.0,
            0.00017739903129347878
        ],
        [
            80.0,
            1.452616870025703e-05
        ],
        [
            89.0,
            0.0005309948662942769
        ]
    ],
    "approximation_ratio": 51.51943264952035,
    "approximation_ratio_offset": 0.7903757981347703,
    "noise": false,
    "p": 4
}