{
    "expected_value": 21.200571310901612,
    "optimal_gammas": [
        2.7381058046750297,
        3.453785766481859,
        0.09863576214779726,
        2.2222663387012007
    ],
    "optimal_betas": [
        0.9435443088109946,
        0.18911950735517627,
        1.6532333224953202,
        1.7606805147974478
    ],
    "problem_identifier": "{'W': [1, 1, 1], 'W_max': 1, 'A': 16, 'B': 4, 'C': 32}",
    "now": "2021-05-12 16:26:41",
    "execution_time": "3:12:18.488440",
    "nfev": 7083,
    "message": "Maximum number of iterations has been exceeded.",
    "success": false,
    "nit": 50,
    "problem": {
        "W": [
            1,
            1,
            1
        ],
        "W_max": 1,
        "A": 16,
        "B": 4,
        "C": 32
    },
    "optimal_cost": 3.0,
    "probability_distribution": {
        "24.0": 0.01776313808147016,
        "20.0": 0.06902418771711255,
        "36.0": 0.009664106229024737,
        "32.0": 0.019782576639866475,
        "16.0": 0.15957204223225746,
        "48.0": 0.002121412470508233,
        "56.0": 0.00035443109606849793,
        "40.0": 0.0010052741135432028,
        "68.0": 0.0005656985188404486,
        "96.0": 0.00011026264549319741,
        "60.0": 0.00019992068401365125,
        "28.0": 0.006709562703777025,
        "64.0": 0.00011777234808849292,
        "76.0": 4.849968536622789e-05,
        "12.0": 0.003255875541143074,
        "84.0": 3.935263860743402e-05,
        "52.0": 0.0016534791887046648,
        "80.0": 5.978324197659057e-05,
        "124.0": 1.158453417914772e-05,
        "120.0": 1.8004111424643065e-06,
        "88.0": 3.207244866347856e-05,
        "132.0": 3.830167806969769e-06,
        "72.0": 1.423581318927501e-05,
        "116.0": 8.459524846013089e-06,
        "160.0": 1.378978535671663e-06,
        "204.0": 3.7860046332994934e-08,
        "29.0": 0.04733316681265679,
        "17.0": 0.10993515784388852,
        "13.0": 0.13885056977607707,
        "25.0": 0.23659090270216657,
        "9.0": 0.00839019342819709,
        "33.0": 0.006765368581350116,
        "45.0": 0.0023229821725883914,
        "49.0": 0.00018727249254953351,
        "41.0": 0.007392392480183482,
        "57.0": 0.0004470531639580438,
        "77.0": 7.120748577226895e-05,
        "37.0": 0.004023541304838557,
        "53.0": 0.00022467345393464022,
        "21.0": 0.06521648237034004,
        "61.0": 0.0009358813686145244,
        "73.0": 0.00022322982661266428,
        "85.0": 2.8304432566911952e-05,
        "69.0": 1.1680283594664896e-05,
        "105.0": 7.519991158375853e-06,
        "81.0": 3.389630018304542e-05,
        "109.0": 3.0633850044899755e-06,
        "113.0": 5.828542072519745e-07,
        "65.0": 7.168185013618903e-05,
        "97.0": 1.60058582666882e-06,
        "93.0": 2.8945772096972957e-05,
        "121.0": 3.881977465135887e-06,
        "141.0": 4.6842605337010035e-07,
        "101.0": 5.547345851052225e-06,
        "149.0": 2.3421302668505327e-07,
        "185.0": 1.1865431703006048e-08,
        "34.0": 0.014738053792018764,
        "22.0": 0.02314176959824266,
        "18.0": 0.013464212062369094,
        "26.0": 0.003994695143551647,
        "10.0": 0.004903118165514489,
        "6.0": 0.0007666205757335061,
        "38.0": 0.001831811096992609,
        "58.0": 0.0001270717475815224,
        "30.0": 0.01182890381949393,
        "14.0": 0.0004943780476911897,
        "54.0": 0.00022320746568154064,
        "50.0": 0.0004391882034848986,
        "62.0": 4.525920361282224e-05,
        "46.0": 4.029004422127296e-05,
        "66.0": 1.80603578750786e-05,
        "86.0": 3.3020541470499266e-06,
        "42.0": 9.375442752964635e-05,
        "70.0": 7.223568921425907e-05,
        "74.0": 6.336370701106049e-06,
        "98.0": 1.9034661484296546e-06,
        "102.0": 3.2873569116111395e-06,
        "122.0": 3.198155074736548e-07,
        "82.0": 1.1237970834847099e-05,
        "110.0": 6.125796506505966e-07,
        "94.0": 8.629092674795386e-07,
        "130.0": 6.39631014947313e-07,
        "166.0": 7.762231329862217e-08,
        "39.0": 0.00029817526117956856,
        "27.0": 0.001275985830957409,
        "23.0": 0.00023190173211599875,
        "31.0": 0.00015403346561660883,
        "15.0": 0.00021697065257105826,
        "11.0": 0.00010435248418964727,
        "43.0": 1.7674399768633575e-05,
        "63.0": 2.177523624087737e-05,
        "51.0": 3.930716772082078e-05,
        "19.0": 8.881077948152975e-05,
        "47.0": 3.689571383930238e-05,
        "3.0": 9.711066104230265e-06,
        "35.0": 8.97192925073803e-06,
        "59.0": 4.47393048011863e-06,
        "83.0": 6.72577345669338e-06,
        "87.0": 3.875518402629315e-07,
        "55.0": 1.4250412392412995e-06,
        "91.0": 5.909281994586381e-07,
        "75.0": 1.127326348597891e-06,
        "111.0": 1.1620879554645394e-06,
        "147.0": 6.236353458349453e-08
    },