{
    "expected_value": 12.21161378841323,
    "optimal_gammas": [
        5.121848090000034,
        2.731825516529252
    ],
    "optimal_betas": [
        1.6211110884206354,
        2.39465733201917
    ],
    "problem_identifier": "{'W': [1, 1, 1], 'W_max': 1, 'A': 16, 'B': 4, 'C': 16}",
    "now": "2021-05-12 01:51:50",
    "execution_time": "0:10:33.256855",
    "nfev": 3230,
    "message": "Maximum number of iterations has been exceeded.",
    "success": false,
    "nit": 50,
    "problem": {
        "W": [
            1,
            1,
            1
        ],
        "W_max": 1,
        "A": 16,
        "B": 4,
        "C": 16
    },
    "optimal_cost": 3.0,
    "probability_distribution": {
        "12.0": 0.9727470542522667,
        "20.0": 0.021083077673181048,
        "36.0": 0.0006503817813183631,
        "28.0": 0.00014286789423567655,
        "44.0": 1.0575499929445553e-05,
        "60.0": 7.209036171975062e-07,
        "84.0": 5.814305517597796e-09,
        "52.0": 6.38115959482755e-08,
        "76.0": 5.548783147931758e-09,
        "68.0": 3.5867936101120994e-09,
        "100.0": 2.3101785460913757e-10,
        "92.0": 1.1728980353865287e-10,
        "124.0": 6.89469016406364e-12,
        "156.0": 1.0055291594951806e-13,
        "17.0": 0.004476378131778968,
        "9.0": 0.0004936004426695114,
        "25.0": 5.311184622997992e-05,
        "33.0": 4.227564066523975e-06,
        "41.0": 6.447362256650722e-07,
        "49.0": 1.8183534502272118e-07,
        "65.0": 2.2544668361062366e-09,
        "57.0": 7.588734239800069e-09,
        "81.0": 1.318540737280331e-11,
        "73.0": 2.1619243446175093e-10,
        "89.0": 4.66290620757335e-11,
        "105.0": 3.726932581782899e-13,
        "97.0": 4.095560122671544e-12,
        "113.0": 1.863466290838074e-13,
        "137.0": 1.1197638629385924e-14,
        "22.0": 0.000278048683651546,
        "14.0": 5.268243139990836e-05,
        "6.0": 3.216718063617315e-07,
        "30.0": 1.98417688908683e-06,
        "46.0": 5.3723327572102966e-08,
        "38.0": 2.9675921981759013e-09,
        "62.0": 9.0650978147521e-12,
        "54.0": 1.7686577039716e-10,
        "70.0": 4.495554706223249e-12,
        "86.0": 1.3051403678394275e-14,
        "78.0": 4.156504203197409e-13,
        "94.0": 2.6102807354050966e-14,
        "118.0": 6.157578212172062e-16,
        "27.0": 2.7627969247961126e-06,
        "19.0": 1.194477236344387e-06,
        "11.0": 3.694179475841088e-08,
        "35.0": 1.8030215792813002e-11,
        "51.0": 3.190995016394411e-13,
        "3.0": 1.1799064082636367e-10,
        "43.0": 6.106015387944334e-13,
        "59.0": 4.1041476104208684e-14,
        "75.0": 1.868035711089366e-15,
        "99.0": 4.8640908771672995e-17
    },
    "probability_distribution_items": [
        [
            12.0,
            0.9727470542522667
        ],
        [
            20.0,
            0.021083077673181048
        ],
        [
            36.0,
            0.0006503817813183631
        ],
        [
            28.0,
            0.00014286789423567655
        ],
        [
            44.0,
            1.0575499929445553e-05
        ],
        [
            60.0,
            7.209036171975062e-07
        ],
        [
            84.0,
            5.814305517597796e-09
        ],
        [
            52.0,
            6.38115959482755e-08
        ],
        [
            76.0,
            5.548783147931758e-09
        ],
        [
            68.0,
            3.5867936101120994e-09
        ],
        [
            100.0,
            2.3101785460913757e-10
        ],
        [
            92.0,
            1.1728980353865287e-10
        ],
        [
            124.0,
            6.89469016406364e-12
        ],
        [
            156.0,
            1.0055291594951806e-13
        ],
        [
            17.0,
            0.004476378131778968
        ],
        [
            9.0,
            0.0004936004426695114
        ],
        [
            25.0,
            5.311184622997992e-05
        ],
        [
            33.0,
            4.227564066523975e-06
        ],
        [
            41.0,
            6.447362256650722e-07
        ],
        [
            49.0,
            1.8183534502272118e-07
        ],
        [
            65.0,
            2.2544668361062366e-09
        ],
        [
            57.0,
            7.588734239800069e-09
        ],
        [
            81.0,
            1.318540737280331e-11
        ],
        [
            73.0,
            2.1619243446175093e-10
        ],
        [
            89.0,
            4.66290620757335e-11
        ],
        [
            105.0,
            3.726932581782899e-13
        ],
        [
            97.0,
            4.095560122671544e-12
        ],
        [
            113.0,
            1.863466290838074e-13
        ],
        [
            137.0,
            1.1197638629385924e-14
        ],
        [
            22.0,
            0.000278048683651546
        ],
        [
            14.0,
            5.268243139990836e-05
        ],
        [
            6.0,
            3.216718063617315e-07
        ],
        [
            30.0,
            1.98417688908683e-06
        ],
        [
            46.0,
            5.3723327572102966e-08
        ],
        [
            38.0,
            2.9675921981759013e-09
        ],
        [
            62.0,
            9.0650978147521e-12
        ],
        [
            54.0,
            1.7686577039716e-10
        ],
        [
            70.0,
            4.495554706223249e-12
        ],
        [
            86.0,
            1.3051403678394275e-14
        ],
        [
            78.0,
            4.156504203197409e-13
        ],
        [
            94.0,
            2.6102807354050966e-14
        ],
        [
            118.0,
            6.157578212172062e-16
        ],
        [
            27.0,
            2.7627969247961126e-06
        ],
        [
            19.0,
            1.194477236344387e-06
        ],
        [
            11.0,
            3.694179475841088e-08
        ],
        [
            35.0,
            1.8030215792813002e-11
        ],
        [
            51.0,
            3.190995016394411e-13
        ],
        [
            3.0,
            1.1799064082636367e-10
        ],
        [
            43.0,
            6.106015387944334e-13
        ],
        [
            59.0,
            4.1041476104208684e-14
        ],
        [
            75.0,
            1.868035711089366e-15
        ],
        [
            99.0,
            4.8640908771672995e-17
        ]
    ],
    "approximation_ratio": 4.070537929471146,
    "approximation_ratio_offset": 0.9397933739319383,
    "noise": false,
    "p": 2
}