{
    "expected_value": 43.742311979362434,
    "optimal_gammas": [
        3.115464788328138,
        0.6136705814909145,
        4.2763355724158245,
        4.710807145255755,
        1.0795722175652132
    ],
    "optimal_betas": [
        1.6557450175894892,
        0.42576238655019855,
        2.874402866967377,
        2.128070106596285,
        0.0
    ],
    "problem_identifier": "{'W': [1, 1], 'W_max': 2, 'A': 32, 'B': 4, 'C': 128}",
    "now": "2021-05-08 09:24:55",
    "execution_time": "3:26:45.063757",
    "nfev": 8596,
    "message": "Maximum number of iterations has been exceeded.",
    "success": false,
    "nit": 50,
    "problem": {
        "W": [
            1,
            1
        ],
        "W_max": 2,
        "A": 32,
        "B": 4,
        "C": 128
    },
    "optimal_cost": 1.0,
    "probability_distribution": {
        "64.0": 0.1602635689287671,
        "40.0": 0.2334861872064832,
        "32.0": 0.00677567163978293,
        "80.0": 0.043077815950138446,
        "16.0": 0.044016815103313345,
        "72.0": 0.00584921286773133,
        "128.0": 0.00032929341913340987,
        "97.0": 0.0042368394091265235,
        "41.0": 0.07066065961826751,
        "1.0": 0.08407352886181313,
        "73.0": 0.00990582694168209,
        "81.0": 0.004054440361058356,
        "17.0": 0.004682398466121377,
        "65.0": 0.0006654585269523125,
        "33.0": 0.012159480995444583,
        "9.0": 0.08875592732793448,
        "49.0": 0.060392425618286366,
        "105.0": 0.0009421583509185539,
        "140.0": 6.38334094855268e-05,
        "68.0": 0.022749043024081674,
        "12.0": 0.013994529388794898,
        "116.0": 8.705472892352942e-05,
        "108.0": 0.008704180388267592,
        "44.0": 0.007234928595818304,
        "52.0": 0.009781880102870937,
        "100.0": 0.0008925374055970758,
        "130.0": 0.0003608989257537502,
        "74.0": 0.026097096570700334,
        "34.0": 0.0023953826424935234,
        "82.0": 0.00990557707099174,
        "18.0": 0.0007132757539978974,
        "42.0": 0.018234995268795653,
        "66.0": 0.009947012264331201,
        "106.0": 0.0008750052648534614,
        "50.0": 0.0026607471045981827,
        "10.0": 0.00039582813488758757,
        "173.0": 3.244959339105789e-05,
        "101.0": 0.001342523404036295,
        "45.0": 0.0014214521188256094,
        "117.0": 4.0179493814937925e-05,
        "109.0": 0.0009182751587278162,
        "53.0": 0.0006003419088293603,
        "77.0": 0.011584440462629155,
        "69.0": 0.007395766249520843,
        "2.0": 0.0005763060970093396,
        "149.0": 3.244959339105789e-05,
        "21.0": 0.00011368323726481458,
        "37.0": 0.0007074269727314361,
        "85.0": 0.0037242464739849048,
        "216.0": 3.333669058397612e-05,
        "144.0": 0.00047522867099649964,
        "88.0": 0.0004602888066256884,
        "136.0": 0.0011200894294393813
    },
    "probability_distribution_items": [
        [
            64.0,
            0.1602635689287671
        ],
        [
            40.0,
            0.2334861872064832
        ],
        [
            32.0,
            0.00677567163978293
        ],
        [
            80.0,
            0.043077815950138446
        ],
        [
            16.0,
            0.044016815103313345
        ],
        [
            72.0,
            0.00584921286773133
        ],
        [
            128.0,
            0.00032929341913340987
        ],
        [
            97.0,
            0.0042368394091265235
        ],
        [
            41.0,
            0.07066065961826751
        ],
        [
            1.0,
            0.08407352886181313
        ],
        [
            73.0,
            0.00990582694168209
        ],
        [
            81.0,
            0.004054440361058356
        ],
        [
            17.0,
            0.004682398466121377
        ],
        [
            65.0,
            0.0006654585269523125
        ],
        [
            33.0,
            0.012159480995444583
        ],
        [
            9.0,
            0.08875592732793448
        ],
        [
            49.0,
            0.060392425618286366
        ],
        [
            105.0,
            0.0009421583509185539
        ],
        [
            140.0,
            6.38334094855268e-05
        ],
        [
            68.0,
            0.022749043024081674
        ],
        [
            12.0,
            0.013994529388794898
        ],
        [
            116.0,
            8.705472892352942e-05
        ],
        [
            108.0,
            0.008704180388267592
        ],
        [
            44.0,
            0.007234928595818304
        ],
        [
            52.0,
            0.009781880102870937
        ],
        [
            100.0,
            0.0008925374055970758
        ],
        [
            130.0,
            0.0003608989257537502
        ],
        [
            74.0,
            0.026097096570700334
        ],
        [
            34.0,
            0.0023953826424935234
        ],
        [
            82.0,
            0.00990557707099174
        ],
        [
            18.0,
            0.0007132757539978974
        ],
        [
            42.0,
            0.018234995268795653
        ],
        [
            66.0,
            0.009947012264331201
        ],
        [
            106.0,
            0.0008750052648534614
        ],
        [
            50.0,
            0.0026607471045981827
        ],
        [
            10.0,
            0.00039582813488758757
        ],
        [
            173.0,
            3.244959339105789e-05
        ],
        [
            101.0,
            0.001342523404036295
        ],
        [
            45.0,
            0.0014214521188256094
        ],
        [
            117.0,
            4.0179493814937925e-05
        ],
        [
            109.0,
            0.0009182751587278162
        ],
        [
            53.0,
            0.0006003419088293603
        ],
        [
            77.0,
            0.011584440462629155
        ],
        [
            69.0,
            0.007395766249520843
        ],
        [
            2.0,
            0.0005763060970093396
        ],
        [
            149.0,
            3.244959339105789e-05
        ],
        [
            21.0,
            0.00011368323726481458
        ],
        [
            37.0,
            0.0007074269727314361
        ],
        [
            85.0,
            0.0037242464739849048
        ],
        [
            216.0,
            3.333669058397612e-05
        ],
        [
            144.0,
            0.00047522867099649964
        ],
        [
            88.0,
            0.0004602888066256884
        ],
        [
            136.0,
            0.0011200894294393813
        ]
    ],
    "approximation_ratio": 43.742311979362405,
    "approximation_ratio_offset": 0.8011985489331982,
    "noise": false,
    "p": 5
}