{
    "expected_value": 16.874994361330433,
    "optimal_gammas": [
        2.602380364233359,
        2.111357675517484,
        3.662239066301703,
        2.0964364380041776,
        4.8439940659552505
    ],
    "optimal_betas": [
        1.5782706302729925,
        0.15469100488753737,
        0.4797728269179223,
        2.0408651390329138,
        1.5661402958811113
    ],
    "problem_identifier": "{'W': [1, 1, 1], 'W_max': 1, 'A': 12, 'B': 4, 'C': 24}",
    "now": "2021-05-08 07:07:34",
    "execution_time": "3:19:40.728695",
    "nfev": 9410,
    "message": "Maximum number of iterations has been exceeded.",
    "success": false,
    "nit": 50,
    "problem": {
        "W": [
            1,
            1,
            1
        ],
        "W_max": 1,
        "A": 12,
        "B": 4,
        "C": 24
    },
    "optimal_cost": 3.0,
    "probability_distribution": {
        "18.0": 0.5625101341643278,
        "15.0": 0.42186340834522773,
        "27.0": 0.015619693736367886,
        "24.0": 8.111767826482484e-07,
        "12.0": 1.5675642180568853e-06,
        "36.0": 4.4782972626088085e-08,
        "42.0": 5.446669234614364e-09,
        "30.0": 1.4089286729679083e-08,
        "51.0": 5.318081780568922e-09,
        "72.0": 5.162861473218204e-10,
        "45.0": 9.968471639049668e-09,
        "21.0": 6.536348363706472e-08,
        "48.0": 1.3451034667507588e-08,
        "57.0": 3.4426955638201957e-09,
        "9.0": 2.4379781032260875e-08,
        "63.0": 1.5191080424722707e-09,
        "39.0": 1.5132807358725873e-09,
        "60.0": 3.145114080005101e-11,
        "93.0": 9.482895581159608e-12,
        "90.0": 1.2844555288011656e-11,
        "66.0": 2.664850784191812e-11,
        "99.0": 3.571446891608538e-12,
        "54.0": 4.796863034025832e-13,
        "87.0": 3.312743630723316e-13,
        "120.0": 2.3183121848172913e-14,
        "153.0": 6.42974368339473e-17,
        "22.0": 2.2166455218808642e-06,
        "13.0": 4.5950502908901526e-07,
        "10.0": 1.542177207478524e-07,
        "19.0": 1.0099718428456995e-06,
        "7.0": 1.1728994427594848e-08,
        "25.0": 2.0180523403283905e-08,
        "34.0": 7.027188770510358e-09,
        "37.0": 2.3567146377439666e-10,
        "31.0": 3.209575136251841e-08,
        "43.0": 4.7626102611521086e-08,
        "58.0": 3.852131410116944e-11,
        "28.0": 7.666429282520281e-08,
        "40.0": 1.2435472061593832e-08,
        "16.0": 4.991317289970297e-08,
        "46.0": 1.653258798388694e-08,
        "55.0": 2.2050250864390173e-09,
        "64.0": 3.056426306329884e-11,
        "52.0": 6.379170749088129e-13,
        "79.0": 2.520948904404107e-13,
        "61.0": 9.326011914463313e-11,
        "82.0": 3.5961918720850256e-13,
        "85.0": 2.982895833635163e-14,
        "49.0": 9.224419665010528e-11,
        "73.0": 1.01706727709011e-14,
        "70.0": 3.056417234876455e-11,
        "91.0": 1.7562079845231634e-13,
        "106.0": 4.4042398563560203e-16,
        "76.0": 3.1604320129530543e-12,
        "112.0": 2.202119933225541e-16,
        "139.0": 6.584785079843889e-19,
        "26.0": 1.5347502243334404e-08,
        "17.0": 2.713668552224522e-08,
        "14.0": 1.3107276477210678e-08,
        "20.0": 2.508133114686694e-09,
        "8.0": 3.5834311148877107e-09,
        "5.0": 4.817464831499869e-10,
        "29.0": 9.619516416354254e-10,
        "44.0": 9.211008829499186e-11,
        "23.0": 1.2984668108842462e-08,
        "11.0": 4.81976839774951e-10,
        "41.0": 4.430105465070725e-10,
        "38.0": 3.1478560891376694e-10,
        "47.0": 2.835576576564489e-12,
        "35.0": 3.989014599207757e-10,
        "50.0": 8.602437150090812e-14,
        "65.0": 3.4546448780992287e-16,
        "32.0": 1.811998488921985e-12,
        "53.0": 1.524436259505431e-11,
        "56.0": 7.688929604163306e-14,
        "74.0": 3.6685666101267764e-15,
        "77.0": 1.3891892306815385e-15,
        "92.0": 5.462838447514377e-18,
        "62.0": 9.201192207552471e-14,
        "83.0": 4.73816980994047e-16,
        "71.0": 6.096461592483867e-17,
        "98.0": 1.0925676845500748e-17,
        "125.0": 2.8918921089550036e-19,
        "33.0": 2.5879139259073618e-14,
        "3.0": 5.5262737229198e-14,
        "69.0": 7.654434305109868e-18,
        "84.0": 6.627994852808286e-19,
        "111.0": 6.851950035315974e-21
    },