{
    "expected_value": 50.82211612367702,
    "optimal_gammas": [
        1.3858863244118755,
        3.496278621916359,
        1.2061926591768661,
        5.291763825130659,
        4.3981772018900624
    ],
    "optimal_betas": [
        1.3198890516810218,
        1.0315205429812226,
        1.2013951280574406,
        1.6489796850860179,
        1.2027956293778745
    ],
    "problem_identifier": "{'W': [1, 1], 'W_max': 2, 'A': 36, 'B': 4, 'C': 144}",
    "now": "2021-05-12 02:19:56",
    "execution_time": "0:38:39.500487",
    "nfev": 9179,
    "message": "Maximum number of iterations has been exceeded.",
    "success": false,
    "nit": 50,
    "problem": {
        "W": [
            1,
            1
        ],
        "W_max": 2,
        "A": 36,
        "B": 4,
        "C": 144
    },
    "optimal_cost": 1.0,
    "probability_distribution": {
        "72.0": 0.056091871575156556,
        "45.0": 0.18541968397790692,
        "36.0": 0.0005582814259053243,
        "90.0": 0.08391776650703726,
        "18.0": 0.08627235625520943,
        "81.0": 0.0008773148295031705,
        "144.0": 0.0009553141788707376,
        "109.0": 0.0006100640400366114,
        "46.0": 0.07735080688781985,
        "1.0": 0.01590371741688086,
        "82.0": 0.04768835108536461,
        "91.0": 0.04568053301195356,
        "19.0": 0.045042443170940145,
        "73.0": 0.0022025111522871003,
        "37.0": 0.05280039457303665,
        "10.0": 0.06094616058782099,
        "55.0": 0.02432629787892524,
        "118.0": 0.0005806426830547518,
        "157.0": 4.669279994809646e-05,
        "76.0": 0.007722554119551214,
        "13.0": 0.015823493709735313,
        "130.0": 0.00021646785284180783,
        "121.0": 0.007917273672074846,
        "49.0": 0.008835553534530914,
        "58.0": 0.02580866468187424,
        "112.0": 0.0027039759537761296,
        "146.0": 0.0011520581396871014,
        "83.0": 0.01520820748850901,
        "38.0": 0.010504850352627059,
        "92.0": 0.0129807611528731,
        "20.0": 0.004444950940795205,
        "47.0": 0.017688113021414046,
        "74.0": 0.012302734985973942,
        "119.0": 0.00013778990666727493,
        "56.0": 0.010329295357033816,
        "11.0": 0.02132992287261115,
        "194.0": 9.835614724370832e-05,
        "113.0": 0.0037062013741279596,
        "50.0": 0.00807636491557309,
        "131.0": 0.00018447392558393016,
        "122.0": 0.002465826958531106,
        "59.0": 0.006819384279868501,
        "86.0": 0.003755535774507948,
        "77.0": 0.0006831018455454893,
        "2.0": 0.003795363972414022,
        "167.0": 9.835614724370862e-05,
        "23.0": 0.0005358878013429047,
        "41.0": 0.0007210928343616843,
        "95.0": 0.001647585587781675,
        "242.0": 0.00010197361051841731,
        "161.0": 0.00017681612742062675,
        "98.0": 0.001905311940020964,
        "152.0": 0.0007830001997385528,
        "80.0": 0.00015099896755500373,
        "89.0": 0.0019164958103879734
    },
    "probability_distribution_items": [
        [
            72.0,
            0.056091871575156556
        ],
        [
            45.0,
            0.18541968397790692
        ],
        [
            36.0,
            0.0005582814259053243
        ],
        [
            90.0,
            0.08391776650703726
        ],
        [
            18.0,
            0.08627235625520943
        ],
        [
            81.0,
            0.0008773148295031705
        ],
        [
            144.0,
            0.0009553141788707376
        ],
        [
            109.0,
            0.0006100640400366114
        ],
        [
            46.0,
            0.07735080688781985
        ],
        [
            1.0,
            0.01590371741688086
        ],
        [
            82.0,
            0.04768835108536461
        ],
        [
            91.0,
            0.04568053301195356
        ],
        [
            19.0,
            0.045042443170940145
        ],
        [
            73.0,
            0.0022025111522871003
        ],
        [
            37.0,
            0.05280039457303665
        ],
        [
            10.0,
            0.06094616058782099
        ],
        [
            55.0,
            0.02432629787892524
        ],
        [
            118.0,
            0.0005806426830547518
        ],
        [
            157.0,
            4.669279994809646e-05
        ],
        [
            76.0,
            0.007722554119551214
        ],
        [
            13.0,
            0.015823493709735313
        ],
        [
            130.0,
            0.00021646785284180783
        ],
        [
            121.0,
            0.007917273672074846
        ],
        [
            49.0,
            0.008835553534530914
        ],
        [
            58.0,
            0.02580866468187424
        ],
        [
            112.0,
            0.0027039759537761296
        ],
        [
            146.0,
            0.0011520581396871014
        ],
        [
            83.0,
            0.01520820748850901
        ],
        [
            38.0,
            0.010504850352627059
        ],
        [
            92.0,
            0.0129807611528731
        ],
        [
            20.0,
            0.004444950940795205
        ],
        [
            47.0,
            0.017688113021414046
        ],
        [
            74.0,
            0.012302734985973942
        ],
        [
            119.0,
            0.00013778990666727493
        ],
        [
            56.0,
            0.010329295357033816
        ],
        [
            11.0,
            0.02132992287261115
        ],
        [
            194.0,
            9.835614724370832e-05
        ],
        [
            113.0,
            0.0037062013741279596
        ],
        [
            50.0,
            0.00807636491557309
        ],
        [
            131.0,
            0.00018447392558393016
        ],
        [
            122.0,
            0.002465826958531106
        ],
        [
            59.0,
            0.006819384279868501
        ],
        [
            86.0,
            0.003755535774507948
        ],
        [
            77.0,
            0.0006831018455454893
        ],
        [
            2.0,
            0.003795363972414022
        ],
        [
            167.0,
            9.835614724370862e-05
        ],
        [
            23.0,
            0.0005358878013429047
        ],
        [
            41.0,
            0.0007210928343616843
        ],
        [
            95.0,
            0.001647585587781675
        ],
        [
            242.0,
            0.00010197361051841731
        ],
        [
            161.0,
            0.00017681612742062675
        ],
        [
            98.0,
            0.001905311940020964
        ],
        [
            152.0,
            0.0007830001997385528
        ],
        [
            80.0,
            0.00015099896755500373
        ],
        [
            89.0,
            0.0019164958103879734
        ]
    ],
    "approximation_ratio": 50.8221161236771,
    "approximation_ratio_offset": 0.7932692277025847,
    "noise": false,
    "p": 5
}