{
    "expected_value": 27.73058195576657,
    "optimal_gammas": [
        1.1482328026938415,
        3.7312044969122105,
        1.9887663378503118,
        4.884694257185012
    ],
    "optimal_betas": [
        1.565580370490565,
        0.44632041667806577,
        0.6525713266435883,
        2.438055802048621
    ],
    "problem_identifier": "{'W': [1, 1], 'W_max': 2, 'A': 36, 'B': 4, 'C': 72}",
    "now": "2021-05-12 02:57:55",
    "execution_time": "0:52:27.600418",
    "nfev": 6858,
    "message": "Maximum number of iterations has been exceeded.",
    "success": false,
    "nit": 50,
    "problem": {
        "W": [
            1,
            1
        ],
        "W_max": 2,
        "A": 36,
        "B": 4,
        "C": 72
    },
    "optimal_cost": 1.0,
    "probability_distribution": {
        "36.0": 0.3065595551671642,
        "27.0": 0.1261762324280416,
        "54.0": 0.006854869016109559,
        "18.0": 0.006162339919312398,
        "63.0": 0.0006256376950623095,
        "108.0": 1.593489518844228e-05,
        "73.0": 0.011080000933794852,
        "28.0": 0.06923410341064591,
        "1.0": 0.1320188085428801,
        "64.0": 0.0021739736916212226,
        "55.0": 0.004435425828984168,
        "19.0": 0.04545459149399937,
        "46.0": 0.012983328345534515,
        "10.0": 0.13681139943039589,
        "37.0": 0.03033419542321518,
        "82.0": 0.0021202173446761233,
        "121.0": 0.007918436024738676,
        "58.0": 0.008682456282219201,
        "13.0": 0.0050454367160681,
        "112.0": 0.0017873851212485553,
        "85.0": 0.0016988114833201293,
        "49.0": 0.0006323942478956316,
        "40.0": 0.0012032713897401509,
        "94.0": 0.00011430366667934565,
        "110.0": 0.0003022766116350936,
        "65.0": 3.434773861259477e-05,
        "38.0": 0.015986327834531345,
        "56.0": 0.0073342962527156545,
        "20.0": 0.009226255064148259,
        "29.0": 0.007680948759878351,
        "83.0": 3.1319525160342225e-05,
        "47.0": 0.027062075228557334,
        "11.0": 0.0032618960493574697,
        "158.0": 6.262789909158023e-05,
        "95.0": 0.0009478492385406796,
        "50.0": 0.0008497303868178221,
        "113.0": 0.00027251149909405484,
        "86.0": 0.0009929317032871896,
        "41.0": 0.0004630688332933794,
        "59.0": 0.0016815395683227783,
        "2.0": 0.0002719468706974612,
        "131.0": 6.262789909158067e-05,
        "68.0": 0.0014744600888946043,
        "23.0": 0.00025871812711780094,
        "104.0": 0.00027251149909405674,
        "77.0": 0.000114156616749438,
        "32.0": 0.00014821020502445137,
        "206.0": 3.9028125404771867e-05,
        "143.0": 0.0002459643824863892,
        "98.0": 3.86035008541746e-05,
        "116.0": 0.00023282486120164902,
        "80.0": 7.613947647588876e-05,
        "71.0": 0.0003223789227732297,
        "62.0": 0.00012931873255437316
    },
    "probability_distribution_items": [
        [
            36.0,
            0.3065595551671642
        ],
        [
            27.0,
            0.1261762324280416
        ],
        [
            54.0,
            0.006854869016109559
        ],
        [
            18.0,
            0.006162339919312398
        ],
        [
            63.0,
            0.0006256376950623095
        ],
        [
            108.0,
            1.593489518844228e-05
        ],
        [
            73.0,
            0.011080000933794852
        ],
        [
            28.0,
            0.06923410341064591
        ],
        [
            1.0,
            0.1320188085428801
        ],
        [
            64.0,
            0.0021739736916212226
        ],
        [
            55.0,
            0.004435425828984168
        ],
        [
            19.0,
            0.04545459149399937
        ],
        [
            46.0,
            0.012983328345534515
        ],
        [
            10.0,
            0.13681139943039589
        ],
        [
            37.0,
            0.03033419542321518
        ],
        [
            82.0,
            0.0021202173446761233
        ],
        [
            121.0,
            0.007918436024738676
        ],
        [
            58.0,
            0.008682456282219201
        ],
        [
            13.0,
            0.0050454367160681
        ],
        [
            112.0,
            0.0017873851212485553
        ],
        [
            85.0,
            0.0016988114833201293
        ],
        [
            49.0,
            0.0006323942478956316
        ],
        [
            40.0,
            0.0012032713897401509
        ],
        [
            94.0,
            0.00011430366667934565
        ],
        [
            110.0,
            0.0003022766116350936
        ],
        [
            65.0,
            3.434773861259477e-05
        ],
        [
            38.0,
            0.015986327834531345
        ],
        [
            56.0,
            0.0073342962527156545
        ],
        [
            20.0,
            0.009226255064148259
        ],
        [
            29.0,
            0.007680948759878351
        ],
        [
            83.0,
            3.1319525160342225e-05
        ],
        [
            47.0,
            0.027062075228557334
        ],
        [
            11.0,
            0.0032618960493574697
        ],
        [
            158.0,
            6.262789909158023e-05
        ],
        [
            95.0,
            0.0009478492385406796
        ],
        [
            50.0,
            0.0008497303868178221
        ],
        [
            113.0,
            0.00027251149909405484
        ],
        [
            86.0,
            0.0009929317032871896
        ],
        [
            41.0,
            0.0004630688332933794
        ],
        [
            59.0,
            0.0016815395683227783
        ],
        [
            2.0,
            0.0002719468706974612
        ],
        [
            131.0,
            6.262789909158067e-05
        ],
        [
            68.0,
            0.0014744600888946043
        ],
        [
            23.0,
            0.00025871812711780094
        ],
        [
            104.0,
            0.00027251149909405674
        ],
        [
            77.0,
            0.000114156616749438
        ],
        [
            32.0,
            0.00014821020502445137
        ],
        [
            206.0,
            3.9028125404771867e-05
        ],
        [
            143.0,
            0.0002459643824863892
        ],
        [
            98.0,
            3.86035008541746e-05
        ],
        [
            116.0,
            0.00023282486120164902
        ],
        [
            80.0,
            7.613947647588876e-05
        ],
        [
            71.0,
            0.0003223789227732297
        ],
        [
            62.0,
            0.00012931873255437316
        ]
    ],
    "approximation_ratio": 27.730581955766603,
    "approximation_ratio_offset": 0.8696069172889433,
    "noise": false,
    "p": 4
}