{
    "expected_value": 27.639750662357155,
    "optimal_gammas": [
        1.5409266978551688,
        6.084686073795711,
        5.136044271006901,
        1.9105395768476618,
        1.3189525182120576
    ],
    "optimal_betas": [
        1.73955383044642,
        3.0060321486526833,
        0.795944515118606,
        0.2066246611081594,
        1.763378919094304
    ],
    "problem_identifier": "{'W': [1, 1], 'W_max': 2, 'A': 32, 'B': 4, 'C': 64}",
    "now": "2021-05-08 06:30:25",
    "execution_time": "3:16:55.092809",
    "nfev": 9784,
    "message": "Maximum number of iterations has been exceeded.",
    "success": false,
    "nit": 50,
    "problem": {
        "W": [
            1,
            1
        ],
        "W_max": 2,
        "A": 32,
        "B": 4,
        "C": 64
    },
    "optimal_cost": 1.0,
    "probability_distribution": {
        "32.0": 0.20419878207027958,
        "24.0": 0.3276360999056082,
        "48.0": 0.06951403891054973,
        "16.0": 0.06078447070871679,
        "56.0": 0.001563407576470494,
        "96.0": 6.782484853722377e-08,
        "65.0": 0.005208431978144393,
        "25.0": 0.06276034235334124,
        "1.0": 0.027409775672421536,
        "57.0": 0.004263886047186784,
        "49.0": 0.016184449563081647,
        "17.0": 0.05983291462135161,
        "41.0": 0.019747617978521908,
        "9.0": 0.045211104612066504,
        "33.0": 0.02401904835194043,
        "73.0": 0.0006716691958231554,
        "108.0": 0.00013122664153696116,
        "52.0": 0.006044511445429612,
        "12.0": 0.010397097141753301,
        "100.0": 0.0003993383284022134,
        "76.0": 0.002370637231757925,
        "44.0": 0.002606278712779163,
        "36.0": 0.00773429712934047,
        "84.0": 0.0002692245880680757,
        "98.0": 0.0011215391017899909,
        "58.0": 0.0007941845229960346,
        "34.0": 0.004768582360973892,
        "50.0": 0.002486269815723474,
        "18.0": 0.005111520325333054,
        "26.0": 0.006381702557678977,
        "74.0": 4.2692700387011805e-06,
        "42.0": 0.004655230427973017,
        "10.0": 0.0009278632305149128,
        "141.0": 0.0005972037721775308,
        "85.0": 0.0003934403904389265,
        "45.0": 0.00141239178232563,
        "101.0": 0.0001321216088191706,
        "77.0": 0.0005373996832146134,
        "37.0": 0.0016667685953302893,
        "53.0": 0.0016271936387525104,
        "2.0": 0.0017076686782926502,
        "117.0": 0.0005972037721775304,
        "61.0": 0.001593431603824175,
        "21.0": 0.000710776808453773,
        "93.0": 0.0001321216088191704,
        "69.0": 0.00046211554976405695,
        "29.0": 0.0013170719133751316,
        "184.0": 2.903338539491993e-05,
        "128.0": 4.588473387730521e-05,
        "88.0": 9.084304306760418e-05,
        "104.0": 0.0004955653087505061,
        "72.0": 0.000315572738903589,
        "64.0": 0.0009263111817969486
    },
    "probability_distribution_items": [
        [
            32.0,
            0.20419878207027958
        ],
        [
            24.0,
            0.3276360999056082
        ],
        [
            48.0,
            0.06951403891054973
        ],
        [
            16.0,
            0.06078447070871679
        ],
        [
            56.0,
            0.001563407576470494
        ],
        [
            96.0,
            6.782484853722377e-08
        ],
        [
            65.0,
            0.005208431978144393
        ],
        [
            25.0,
            0.06276034235334124
        ],
        [
            1.0,
            0.027409775672421536
        ],
        [
            57.0,
            0.004263886047186784
        ],
        [
            49.0,
            0.016184449563081647
        ],
        [
            17.0,
            0.05983291462135161
        ],
        [
            41.0,
            0.019747617978521908
        ],
        [
            9.0,
            0.045211104612066504
        ],
        [
            33.0,
            0.02401904835194043
        ],
        [
            73.0,
            0.0006716691958231554
        ],
        [
            108.0,
            0.00013122664153696116
        ],
        [
            52.0,
            0.006044511445429612
        ],
        [
            12.0,
            0.010397097141753301
        ],
        [
            100.0,
            0.0003993383284022134
        ],
        [
            76.0,
            0.002370637231757925
        ],
        [
            44.0,
            0.002606278712779163
        ],
        [
            36.0,
            0.00773429712934047
        ],
        [
            84.0,
            0.0002692245880680757
        ],
        [
            98.0,
            0.0011215391017899909
        ],
        [
            58.0,
            0.0007941845229960346
        ],
        [
            34.0,
            0.004768582360973892
        ],
        [
            50.0,
            0.002486269815723474
        ],
        [
            18.0,
            0.005111520325333054
        ],
        [
            26.0,
            0.006381702557678977
        ],
        [
            74.0,
            4.2692700387011805e-06
        ],
        [
            42.0,
            0.004655230427973017
        ],
        [
            10.0,
            0.0009278632305149128
        ],
        [
            141.0,
            0.0005972037721775308
        ],
        [
            85.0,
            0.0003934403904389265
        ],
        [
            45.0,
            0.00141239178232563
        ],
        [
            101.0,
            0.0001321216088191706
        ],
        [
            77.0,
            0.0005373996832146134
        ],
        [
            37.0,
            0.0016667685953302893
        ],
        [
            53.0,
            0.0016271936387525104
        ],
        [
            2.0,
            0.0017076686782926502
        ],
        [
            117.0,
            0.0005972037721775304
        ],
        [
            61.0,
            0.001593431603824175
        ],
        [
            21.0,
            0.000710776808453773
        ],
        [
            93.0,
            0.0001321216088191704
        ],
        [
            69.0,
            0.00046211554976405695
        ],
        [
            29.0,
            0.0013170719133751316
        ],
        [
            184.0,
            2.903338539491993e-05
        ],
        [
            128.0,
            4.588473387730521e-05
        ],
        [
            88.0,
            9.084304306760418e-05
        ],
        [
            104.0,
            0.0004955653087505061
        ],
        [
            72.0,
            0.000315572738903589
        ],
        [
            64.0,
            0.0009263111817969486
        ]
    ],
    "approximation_ratio": 27.639750662357056,
    "approximation_ratio_offset": 0.8544275920089779,
    "noise": false,
    "p": 5
}