{
    "expected_value": 1.0000000000605094,
    "optimal_gammas": [
        2.3146420371421073,
        5.672044775867285,
        5.5239250195894005,
        1.3350894296412354,
        1.441389293942844
    ],
    "optimal_betas": [
        1.3017855277545907,
        1.3823820097831043,
        2.8120956098981025,
        1.543447411508413,
        1.9448414535742866
    ],
    "problem_identifier": "{'W': [1], 'W_max': 1, 'A': 12, 'B': 4, 'C': 48}",
    "now": "2021-05-12 12:20:11",
    "execution_time": "3:18:34.972374",
    "nfev": 8189,
    "message": "Maximum number of iterations has been exceeded.",
    "success": false,
    "nit": 50,
    "problem": {
        "W": [
            1
        ],
        "W_max": 1,
        "A": 12,
        "B": 4,
        "C": 48
    },
    "optimal_cost": 1.0,
    "probability_distribution": {
        "12.0": 4.073837515861841e-13,
        "3.0": 2.5165172484842885e-11,
        "16.0": 3.798683328689225e-13,
        "1.0": 0.9999999999740475
    },
    "probability_distribution_items": [
        [
            12.0,
            4.073837515861841e-13
        ],
        [
            3.0,
            2.5165172484842885e-11
        ],
        [
            16.0,
            3.798683328689225e-13
        ],
        [
            1.0,
            0.9999999999740475
        ]
    ],
    "approximation_ratio": 1.0000000000605096,
    "approximation_ratio_offset": 0.999999999995966,
    "noise": false,
    "p": 5
}