{
    "expected_value": 1.3333521012497809,
    "optimal_gammas": [
        2.0299524430144533
    ],
    "optimal_betas": [
        2.3693779449381873
    ],
    "problem_identifier": "{'W': [1], 'W_max': 1, 'A': 12, 'B': 4, 'C': 24}",
    "now": "2021-05-12 01:57:00",
    "execution_time": "0:03:09.062013",
    "nfev": 774,
    "message": "Optimization terminated successfully.",
    "success": true,
    "nit": 24,
    "problem": {
        "W": [
            1
        ],
        "W_max": 1,
        "A": 12,
        "B": 4,
        "C": 24
    },
    "optimal_cost": 1.0,
    "probability_distribution": {
        "6.0": 0.036844439536084905,
        "3.0": 0.00036413697584492915,
        "10.0": 0.016489069957518417,
        "1.0": 0.9463023535305518
    },
    "probability_distribution_items": [
        [
            6.0,
            0.036844439536084905
        ],
        [
            3.0,
            0.00036413697584492915
        ],
        [
            10.0,
            0.016489069957518417
        ],
        [
            1.0,
            0.9463023535305518
        ]
    ],
    "approximation_ratio": 1.3333521012497802,
    "approximation_ratio_offset": 0.9629608776389134,
    "noise": false,
    "p": 1
}