{
    "expected_value": 1.0000000000251001,
    "optimal_gammas": [
        0.9376911754418151,
        0.680520303560377,
        3.9588716377472633,
        5.197170435424091,
        0.40732131004208766,
        2.6290317223537403,
        5.4810566229499145
    ],
    "optimal_betas": [
        1.5107173051593503,
        2.394746280366503,
        1.8986789227475158,
        1.0828585268433106,
        2.379411579941753,
        1.29681685945629,
        0.509476040299022
    ],
    "problem_identifier": "{'W': [1], 'W_max': 1, 'A': 12, 'B': 4, 'C': 24}",
    "now": "2021-05-12 04:00:58",
    "execution_time": "1:42:01.136453",
    "nfev": 11130,
    "message": "Maximum number of iterations has been exceeded.",
    "success": false,
    "nit": 50,
    "problem": {
        "W": [
            1
        ],
        "W_max": 1,
        "A": 12,
        "B": 4,
        "C": 24
    },
    "optimal_cost": 1.0,
    "probability_distribution": {
        "6.0": 1.6336992131915579e-12,
        "3.0": 6.820295941834041e-12,
        "10.0": 3.6571868149428225e-13,
        "1.0": 0.9999999999911803
    },
    "probability_distribution_items": [
        [
            6.0,
            1.6336992131915579e-12
        ],
        [
            3.0,
            6.820295941834041e-12
        ],
        [
            10.0,
            3.6571868149428225e-13
        ],
        [
            1.0,
            0.9999999999911803
        ]
    ],
    "approximation_ratio": 1.0000000000251006,
    "approximation_ratio_offset": 0.9999999999972111,
    "noise": false,
    "p": 7
}