{
    "expected_value": 50.92433481701357,
    "optimal_gammas": [
        2.0745881158770447,
        0.5464052598244847,
        1.8661495473465022,
        3.188815640991033
    ],
    "optimal_betas": [
        1.6483083708039588,
        0.954947825685732,
        1.9142716103300055,
        2.885560665108106
    ],
    "problem_identifier": "{'W': [1, 1], 'W_max': 2, 'A': 36, 'B': 4, 'C': 144}",
    "now": "2021-05-12 10:43:28",
    "execution_time": "2:37:58.947459",
    "nfev": 6939,
    "message": "Maximum number of iterations has been exceeded.",
    "success": false,
    "nit": 50,
    "problem": {
        "W": [
            1,
            1
        ],
        "W_max": 2,
        "A": 36,
        "B": 4,
        "C": 144
    },
    "optimal_cost": 1.0,
    "probability_distribution": {
        "72.0": 0.07588313418634805,
        "45.0": 0.12380071875531268,
        "36.0": 0.003255257078215838,
        "90.0": 0.03294664972307518,
        "18.0": 0.029409617480610762,
        "81.0": 0.0013961350947047963,
        "144.0": 0.00015262261975810176,
        "109.0": 0.014265584339215164,
        "46.0": 0.12159371320576187,
        "1.0": 0.02624926326668409,
        "82.0": 0.06081904907631451,
        "91.0": 0.0343310219220688,
        "19.0": 0.03906433104598096,
        "73.0": 0.004612572782209701,
        "37.0": 0.09772780368469279,
        "10.0": 0.06531359431266506,
        "55.0": 0.032222301187842216,
        "118.0": 0.000746521633952382,
        "157.0": 0.0014094152949850637,
        "76.0": 0.0054048425995681295,
        "13.0": 0.005577225793791253,
        "130.0": 0.002164495255093877,
        "121.0": 0.004564401556919463,
        "49.0": 0.0027538328739744843,
        "58.0": 0.007867678694690551,
        "112.0": 0.0010171017318365899,
        "146.0": 6.627991347525274e-05,
        "83.0": 0.028157738663468247,
        "38.0": 0.014105961807079065,
        "92.0": 0.022314694718647183,
        "20.0": 0.009105741581327027,
        "47.0": 0.03573995794865431,
        "74.0": 0.02886057308174772,
        "119.0": 0.0008842638264566393,
        "56.0": 0.019815064701378813,
        "11.0": 0.025775137905298444,
        "194.0": 1.4031377424634052e-05,
        "113.0": 0.0007985480682238784,
        "50.0": 0.0032835849744050727,
        "131.0": 0.0004365690004720516,
        "122.0": 0.0011149700101944096,
        "59.0": 0.0017761233310888739,
        "86.0": 0.001217112871101401,
        "77.0": 0.0005526587554995032,
        "2.0": 0.008202686199050934,
        "167.0": 1.403137742463421e-05,
        "23.0": 0.0002326288436922304,
        "41.0": 0.0012748327996239682,
        "95.0": 0.0005443070571003791,
        "242.0": 8.551370295279904e-06,
        "161.0": 1.621937238136235e-05,
        "98.0": 0.00015310982821431464,
        "152.0": 0.0005740349311744023,
        "80.0": 4.198695430452574e-05,
        "89.0": 0.0003697135345240481
    },
    "probability_distribution_items": [
        [
            72.0,
            0.07588313418634805
        ],
        [
            45.0,
            0.12380071875531268
        ],
        [
            36.0,
            0.003255257078215838
        ],
        [
            90.0,
            0.03294664972307518
        ],
        [
            18.0,
            0.029409617480610762
        ],
        [
            81.0,
            0.0013961350947047963
        ],
        [
            144.0,
            0.00015262261975810176
        ],
        [
            109.0,
            0.014265584339215164
        ],
        [
            46.0,
            0.12159371320576187
        ],
        [
            1.0,
            0.02624926326668409
        ],
        [
            82.0,
            0.06081904907631451
        ],
        [
            91.0,
            0.0343310219220688
        ],
        [
            19.0,
            0.03906433104598096
        ],
        [
            73.0,
            0.004612572782209701
        ],
        [
            37.0,
            0.09772780368469279
        ],
        [
            10.0,
            0.06531359431266506
        ],
        [
            55.0,
            0.032222301187842216
        ],
        [
            118.0,
            0.000746521633952382
        ],
        [
            157.0,
            0.0014094152949850637
        ],
        [
            76.0,
            0.0054048425995681295
        ],
        [
            13.0,
            0.005577225793791253
        ],
        [
            130.0,
            0.002164495255093877
        ],
        [
            121.0,
            0.004564401556919463
        ],
        [
            49.0,
            0.0027538328739744843
        ],
        [
            58.0,
            0.007867678694690551
        ],
        [
            112.0,
            0.0010171017318365899
        ],
        [
            146.0,
            6.627991347525274e-05
        ],
        [
            83.0,
            0.028157738663468247
        ],
        [
            38.0,
            0.014105961807079065
        ],
        [
            92.0,
            0.022314694718647183
        ],
        [
            20.0,
            0.009105741581327027
        ],
        [
            47.0,
            0.03573995794865431
        ],
        [
            74.0,
            0.02886057308174772
        ],
        [
            119.0,
            0.0008842638264566393
        ],
        [
            56.0,
            0.019815064701378813
        ],
        [
            11.0,
            0.025775137905298444
        ],
        [
            194.0,
            1.4031377424634052e-05
        ],
        [
            113.0,
            0.0007985480682238784
        ],
        [
            50.0,
            0.0032835849744050727
        ],
        [
            131.0,
            0.0004365690004720516
        ],
        [
            122.0,
            0.0011149700101944096
        ],
        [
            59.0,
            0.0017761233310888739
        ],
        [
            86.0,
            0.001217112871101401
        ],
        [
            77.0,
            0.0005526587554995032
        ],
        [
            2.0,
            0.008202686199050934
        ],
        [
            167.0,
            1.403137742463421e-05
        ],
        [
            23.0,
            0.0002326288436922304
        ],
        [
            41.0,
            0.0012748327996239682
        ],
        [
            95.0,
            0.0005443070571003791
        ],
        [
            242.0,
            8.551370295279904e-06
        ],
        [
            161.0,
            1.621937238136235e-05
        ],
        [
            98.0,
            0.00015310982821431464
        ],
        [
            152.0,
            0.0005740349311744023
        ],
        [
            80.0,
            4.198695430452574e-05
        ],
        [
            89.0,
            0.0003697135345240481
        ]
    ],
    "approximation_ratio": 50.924334817013694,
    "approximation_ratio_offset": 0.7928450837468312,
    "noise": false,
    "p": 4
}