{
    "expected_value": 27.585471238307342,
    "optimal_gammas": [
        3.336438539136089,
        4.963453256316901,
        1.478288799835842,
        4.421953464359762,
        2.617516523251729,
        3.0924445109532743
    ],
    "optimal_betas": [
        1.5097801062779386,
        0.04543320018276619,
        1.7841092906799794,
        2.403237294086936,
        0.6549954593183229,
        1.72569350237822
    ],
    "problem_identifier": "{'W': [1, 1], 'W_max': 2, 'A': 36, 'B': 4, 'C': 72}",
    "now": "2021-05-12 22:42:00",
    "execution_time": "7:03:27.302287",
    "nfev": 12768,
    "message": "Maximum number of iterations has been exceeded.",
    "success": false,
    "nit": 50,
    "problem": {
        "W": [
            1,
            1
        ],
        "W_max": 2,
        "A": 36,
        "B": 4,
        "C": 72
    },
    "optimal_cost": 1.0,
    "probability_distribution": {
        "36.0": 0.13874840227512852,
        "27.0": 0.08526152813563541,
        "54.0": 0.008864439894763935,
        "18.0": 0.0047641888144147,
        "63.0": 0.0006831641728441487,
        "108.0": 2.6755407319990017e-05,
        "73.0": 0.0017935116626603682,
        "28.0": 0.1323461254400558,
        "1.0": 0.04876467736188758,
        "64.0": 0.0017684194558056532,
        "55.0": 0.017269419948990217,
        "19.0": 0.1338409627105433,
        "46.0": 0.01661866273056433,
        "10.0": 0.06437998706278678,
        "37.0": 0.014195017747011632,
        "82.0": 0.0007503947418805023,
        "121.0": 0.0007224207412454564,
        "58.0": 0.0007544412913362429,
        "13.0": 0.06284044343493483,
        "112.0": 0.0001657214101707451,
        "85.0": 0.002198667467659267,
        "49.0": 0.0002850983547216452,
        "40.0": 0.017734639131811,
        "94.0": 0.000126838574644963,
        "110.0": 8.754973719623134e-05,
        "65.0": 0.00030135241055169015,
        "38.0": 0.037091809125448905,
        "56.0": 0.014172974528674557,
        "20.0": 0.03459409300218165,
        "29.0": 0.03039797245082038,
        "83.0": 7.013132715775272e-05,
        "47.0": 0.03775620670892267,
        "11.0": 0.02579816817207636,
        "158.0": 4.9250722029203625e-06,
        "95.0": 0.00013191489581750734,
        "50.0": 0.006326129788728071,
        "113.0": 9.750096983571048e-05,
        "86.0": 0.0005510646265447326,
        "41.0": 0.017185289431163632,
        "59.0": 0.006417075711622884,
        "2.0": 0.011587708668211067,
        "131.0": 4.925072202920366e-06,
        "68.0": 0.0010164289548450448,
        "23.0": 7.588736258275583e-05,
        "104.0": 9.750096983570977e-05,
        "77.0": 0.0005097237019696199,
        "32.0": 0.01642626773303852,
        "206.0": 1.4907624153346076e-06,
        "143.0": 1.5876490951197934e-05,
        "98.0": 1.544212500231064e-05,
        "116.0": 0.0001000820392696657,
        "80.0": 4.996202084932546e-05,
        "71.0": 0.0012510904613456237,
        "62.0": 0.0029595277097189754
    },
    "probability_distribution_items": [
        [
            36.0,
            0.13874840227512852
        ],
        [
            27.0,
            0.08526152813563541
        ],
        [
            54.0,
            0.008864439894763935
        ],
        [
            18.0,
            0.0047641888144147
        ],
        [
            63.0,
            0.0006831641728441487
        ],
        [
            108.0,
            2.6755407319990017e-05
        ],
        [
            73.0,
            0.0017935116626603682
        ],
        [
            28.0,
            0.1323461254400558
        ],
        [
            1.0,
            0.04876467736188758
        ],
        [
            64.0,
            0.0017684194558056532
        ],
        [
            55.0,
            0.017269419948990217
        ],
        [
            19.0,
            0.1338409627105433
        ],
        [
            46.0,
            0.01661866273056433
        ],
        [
            10.0,
            0.06437998706278678
        ],
        [
            37.0,
            0.014195017747011632
        ],
        [
            82.0,
            0.0007503947418805023
        ],
        [
            121.0,
            0.0007224207412454564
        ],
        [
            58.0,
            0.0007544412913362429
        ],
        [
            13.0,
            0.06284044343493483
        ],
        [
            112.0,
            0.0001657214101707451
        ],
        [
            85.0,
            0.002198667467659267
        ],
        [
            49.0,
            0.0002850983547216452
        ],
        [
            40.0,
            0.017734639131811
        ],
        [
            94.0,
            0.000126838574644963
        ],
        [
            110.0,
            8.754973719623134e-05
        ],
        [
            65.0,
            0.00030135241055169015
        ],
        [
            38.0,
            0.037091809125448905
        ],
        [
            56.0,
            0.014172974528674557
        ],
        [
            20.0,
            0.03459409300218165
        ],
        [
            29.0,
            0.03039797245082038
        ],
        [
            83.0,
            7.013132715775272e-05
        ],
        [
            47.0,
            0.03775620670892267
        ],
        [
            11.0,
            0.02579816817207636
        ],
        [
            158.0,
            4.9250722029203625e-06
        ],
        [
            95.0,
            0.00013191489581750734
        ],
        [
            50.0,
            0.006326129788728071
        ],
        [
            113.0,
            9.750096983571048e-05
        ],
        [
            86.0,
            0.0005510646265447326
        ],
        [
            41.0,
            0.017185289431163632
        ],
        [
            59.0,
            0.006417075711622884
        ],
        [
            2.0,
            0.011587708668211067
        ],
        [
            131.0,
            4.925072202920366e-06
        ],
        [
            68.0,
            0.0010164289548450448
        ],
        [
            23.0,
            7.588736258275583e-05
        ],
        [
            104.0,
            9.750096983570977e-05
        ],
        [
            77.0,
            0.0005097237019696199
        ],
        [
            32.0,
            0.01642626773303852
        ],
        [
            206.0,
            1.4907624153346076e-06
        ],
        [
            143.0,
            1.5876490951197934e-05
        ],
        [
            98.0,
            1.544212500231064e-05
        ],
        [
            116.0,
            0.0001000820392696657
        ],
        [
            80.0,
            4.996202084932546e-05
        ],
        [
            71.0,
            0.0012510904613456237
        ],
        [
            62.0,
            0.0029595277097189754
        ]
    ],
    "approximation_ratio": 27.58547123830736,
    "approximation_ratio_offset": 0.8703147744472812,
    "noise": false,
    "p": 6
}