{
    "expected_value": 19.033844560769715,
    "optimal_gammas": [
        4.071450734355414,
        4.142981383952604,
        4.633595589823088,
        0.06053364284838124,
        2.940465907806604
    ],
    "optimal_betas": [
        0.025355509259310644,
        1.53757462850889,
        3.121840688417483,
        0.6604445092162954,
        2.914222875765246
    ],
    "problem_identifier": "{'W': [1, 1], 'W_max': 2, 'A': 36, 'B': 4, 'C': 36}",
    "now": "2021-05-12 07:22:41",
    "execution_time": "2:47:42.328747",
    "nfev": 9036,
    "message": "Maximum number of iterations has been exceeded.",
    "success": false,
    "nit": 50,
    "problem": {
        "W": [
            1,
            1
        ],
        "W_max": 2,
        "A": 36,
        "B": 4,
        "C": 36
    },
    "optimal_cost": 1.0,
    "probability_distribution": {
        "18.0": 0.794989019554832,
        "36.0": 0.03623615995917247,
        "54.0": 0.004137654272208195,
        "90.0": 0.0001326829855780926,
        "55.0": 0.002523892075660369,
        "19.0": 0.06149490976676078,
        "1.0": 0.003931181638479664,
        "37.0": 0.0033511856565648364,
        "73.0": 9.579694150922344e-05,
        "28.0": 0.005910131843196957,
        "10.0": 0.06429723731807585,
        "46.0": 0.0010622347139086922,
        "64.0": 0.00012736220379344114,
        "103.0": 0.000957953796086271,
        "49.0": 0.0040351978660597325,
        "13.0": 0.0013512088328856068,
        "67.0": 0.0002947174498625642,
        "31.0": 0.0003581094637167758,
        "121.0": 7.754260881660227e-05,
        "85.0": 3.9993166508726256e-05,
        "92.0": 0.00013749561253963475,
        "56.0": 0.0014904075480829749,
        "38.0": 0.0010528115024537096,
        "20.0": 0.0033291003743611846,
        "65.0": 0.0007693010268134751,
        "47.0": 0.0009347620175065318,
        "29.0": 0.0027041402429206184,
        "11.0": 0.0022311245960405833,
        "140.0": 7.932028831757384e-05,
        "86.0": 0.00014910502819119758,
        "50.0": 5.13365361774307e-05,
        "104.0": 0.0001656696355897011,
        "68.0": 4.796674689901679e-05,
        "32.0": 7.616505874638826e-05,
        "2.0": 0.0006243597477228193,
        "113.0": 7.932028831757358e-05,
        "59.0": 0.00015378948295739675,
        "23.0": 8.853961923735242e-05,
        "95.0": 0.00023264782820933645,
        "41.0": 1.526607519964524e-05,
        "188.0": 5.6972016865375974e-05,
        "134.0": 8.463188030919084e-05,
        "98.0": 3.377918909276901e-05,
        "80.0": 2.8085359252710015e-06,
        "62.0": 4.9599205669399415e-06,
        "44.0": 4.7087277832301346e-08
    },
    "probability_distribution_items": [
        [
            18.0,
            0.794989019554832
        ],
        [
            36.0,
            0.03623615995917247
        ],
        [
            54.0,
            0.004137654272208195
        ],
        [
            90.0,
            0.0001326829855780926
        ],
        [
            55.0,
            0.002523892075660369
        ],
        [
            19.0,
            0.06149490976676078
        ],
        [
            1.0,
            0.003931181638479664
        ],
        [
            37.0,
            0.0033511856565648364
        ],
        [
            73.0,
            9.579694150922344e-05
        ],
        [
            28.0,
            0.005910131843196957
        ],
        [
            10.0,
            0.06429723731807585
        ],
        [
            46.0,
            0.0010622347139086922
        ],
        [
            64.0,
            0.00012736220379344114
        ],
        [
            103.0,
            0.000957953796086271
        ],
        [
            49.0,
            0.0040351978660597325
        ],
        [
            13.0,
            0.0013512088328856068
        ],
        [
            67.0,
            0.0002947174498625642
        ],
        [
            31.0,
            0.0003581094637167758
        ],
        [
            121.0,
            7.754260881660227e-05
        ],
        [
            85.0,
            3.9993166508726256e-05
        ],
        [
            92.0,
            0.00013749561253963475
        ],
        [
            56.0,
            0.0014904075480829749
        ],
        [
            38.0,
            0.0010528115024537096
        ],
        [
            20.0,
            0.0033291003743611846
        ],
        [
            65.0,
            0.0007693010268134751
        ],
        [
            47.0,
            0.0009347620175065318
        ],
        [
            29.0,
            0.0027041402429206184
        ],
        [
            11.0,
            0.0022311245960405833
        ],
        [
            140.0,
            7.932028831757384e-05
        ],
        [
            86.0,
            0.00014910502819119758
        ],
        [
            50.0,
            5.13365361774307e-05
        ],
        [
            104.0,
            0.0001656696355897011
        ],
        [
            68.0,
            4.796674689901679e-05
        ],
        [
            32.0,
            7.616505874638826e-05
        ],
        [
            2.0,
            0.0006243597477228193
        ],
        [
            113.0,
            7.932028831757358e-05
        ],
        [
            59.0,
            0.00015378948295739675
        ],
        [
            23.0,
            8.853961923735242e-05
        ],
        [
            95.0,
            0.00023264782820933645
        ],
        [
            41.0,
            1.526607519964524e-05
        ],
        [
            188.0,
            5.6972016865375974e-05
        ],
        [
            134.0,
            8.463188030919084e-05
        ],
        [
            98.0,
            3.377918909276901e-05
        ],
        [
            80.0,
            2.8085359252710015e-06
        ],
        [
            62.0,
            4.9599205669399415e-06
        ],
        [
            44.0,
            4.7087277832301346e-08
        ]
    ],
    "approximation_ratio": 19.03384456076969,
    "approximation_ratio_offset": 0.9035623285520337,
    "noise": false,
    "p": 5
}