{
    "expected_value": 23.223160561724708,
    "optimal_gammas": [
        5.276350353520347,
        4.130519226071181,
        5.711019033444679,
        4.864108207167296,
        5.109175385861774
    ],
    "optimal_betas": [
        0.2639145176504274,
        1.5120961515751483,
        0.3358124951124971,
        0.8099231909414802,
        0.721029688692681
    ],
    "problem_identifier": "{'W': [1, 1], 'W_max': 2, 'A': 32, 'B': 4, 'C': 64}",
    "now": "2021-05-08 03:13:30",
    "execution_time": "2:19:30.777737",
    "nfev": 9410,
    "message": "Maximum number of iterations has been exceeded.",
    "success": false,
    "nit": 50,
    "problem": {
        "W": [
            1,
            1
        ],
        "W_max": 2,
        "A": 32,
        "B": 4,
        "C": 64
    },
    "optimal_cost": 1.0,
    "probability_distribution": {
        "32.0": 0.24533041533591388,
        "24.0": 0.04337263182889902,
        "48.0": 0.0012481966598571026,
        "16.0": 0.0007883483435029931,
        "56.0": 0.0006042870498864658,
        "96.0": 0.0002020332287547615,
        "65.0": 0.013786083381398181,
        "25.0": 0.045268284522695976,
        "1.0": 0.19723827544019862,
        "57.0": 0.0012192749130516627,
        "49.0": 0.001548170381586508,
        "17.0": 0.03418447396144935,
        "41.0": 0.014193125471618329,
        "9.0": 0.19836530073709613,
        "33.0": 0.013251452897750631,
        "73.0": 0.0009624704179212396,
        "108.0": 0.0029100787781555938,
        "52.0": 0.00690140912315357,
        "12.0": 0.011870123898683499,
        "100.0": 0.0008640050121670243,
        "76.0": 0.0019908032381829002,
        "44.0": 0.0005105555247518619,
        "36.0": 0.0015128679357518863,
        "84.0": 0.0006093868129081762,
        "98.0": 0.0010822646286677343,
        "58.0": 0.000647248420619452,
        "34.0": 0.020114551525033882,
        "50.0": 0.010949802297908567,
        "18.0": 0.010328669371179223,
        "26.0": 0.013216306289730157,
        "74.0": 0.0001893234487264055,
        "42.0": 0.07636574808185631,
        "10.0": 0.003411160270503496,
        "141.0": 0.0007628218880319857,
        "85.0": 0.005161899746936185,
        "45.0": 0.0010115936890297476,
        "101.0": 0.0005239797212021836,
        "77.0": 0.004725992618098096,
        "37.0": 0.0005561164266212516,
        "53.0": 0.002418852285680697,
        "2.0": 8.165551538616311e-05,
        "117.0": 0.0007628218880319877,
        "61.0": 0.0025432086687319088,
        "21.0": 0.0003914981913623064,
        "93.0": 0.0005239797212021835,
        "69.0": 0.00012950999482807613,
        "29.0": 0.00037708166956875144,
        "184.0": 0.0008588346999253202,
        "128.0": 0.0012868413793100143,
        "88.0": 0.0018912591070865496,
        "104.0": 0.0002259854629237283,
        "72.0": 1.4680903070278361e-06,
        "64.0": 0.0007274700061754818
    },
    "probability_distribution_items": [
        [
            32.0,
            0.24533041533591388
        ],
        [
            24.0,
            0.04337263182889902
        ],
        [
            48.0,
            0.0012481966598571026
        ],
        [
            16.0,
            0.0007883483435029931
        ],
        [
            56.0,
            0.0006042870498864658
        ],
        [
            96.0,
            0.0002020332287547615
        ],
        [
            65.0,
            0.013786083381398181
        ],
        [
            25.0,
            0.045268284522695976
        ],
        [
            1.0,
            0.19723827544019862
        ],
        [
            57.0,
            0.0012192749130516627
        ],
        [
            49.0,
            0.001548170381586508
        ],
        [
            17.0,
            0.03418447396144935
        ],
        [
            41.0,
            0.014193125471618329
        ],
        [
            9.0,
            0.19836530073709613
        ],
        [
            33.0,
            0.013251452897750631
        ],
        [
            73.0,
            0.0009624704179212396
        ],
        [
            108.0,
            0.0029100787781555938
        ],
        [
            52.0,
            0.00690140912315357
        ],
        [
            12.0,
            0.011870123898683499
        ],
        [
            100.0,
            0.0008640050121670243
        ],
        [
            76.0,
            0.0019908032381829002
        ],
        [
            44.0,
            0.0005105555247518619
        ],
        [
            36.0,
            0.0015128679357518863
        ],
        [
            84.0,
            0.0006093868129081762
        ],
        [
            98.0,
            0.0010822646286677343
        ],
        [
            58.0,
            0.000647248420619452
        ],
        [
            34.0,
            0.020114551525033882
        ],
        [
            50.0,
            0.010949802297908567
        ],
        [
            18.0,
            0.010328669371179223
        ],
        [
            26.0,
            0.013216306289730157
        ],
        [
            74.0,
            0.0001893234487264055
        ],
        [
            42.0,
            0.07636574808185631
        ],
        [
            10.0,
            0.003411160270503496
        ],
        [
            141.0,
            0.0007628218880319857
        ],
        [
            85.0,
            0.005161899746936185
        ],
        [
            45.0,
            0.0010115936890297476
        ],
        [
            101.0,
            0.0005239797212021836
        ],
        [
            77.0,
            0.004725992618098096
        ],
        [
            37.0,
            0.0005561164266212516
        ],
        [
            53.0,
            0.002418852285680697
        ],
        [
            2.0,
            8.165551538616311e-05
        ],
        [
            117.0,
            0.0007628218880319877
        ],
        [
            61.0,
            0.0025432086687319088
        ],
        [
            21.0,
            0.0003914981913623064
        ],
        [
            93.0,
            0.0005239797212021835
        ],
        [
            69.0,
            0.00012950999482807613
        ],
        [
            29.0,
            0.00037708166956875144
        ],
        [
            184.0,
            0.0008588346999253202
        ],
        [
            128.0,
            0.0012868413793100143
        ],
        [
            88.0,
            0.0018912591070865496
        ],
        [
            104.0,
            0.0002259854629237283
        ],
        [
            72.0,
            1.4680903070278361e-06
        ],
        [
            64.0,
            0.0007274700061754818
        ]
    ],
    "approximation_ratio": 23.223160561724743,
    "approximation_ratio_offset": 0.8785619641435807,
    "noise": false,
    "p": 5
}