{
    "expected_value": 1.0000000011704462,
    "optimal_gammas": [
        3.357499984061393,
        2.968597230193771,
        1.6780285392011578,
        3.346600988051609,
        2.4896671679866986
    ],
    "optimal_betas": [
        1.0860849038442542,
        1.8209482597451099,
        2.3846291197352745,
        1.557736376505067,
        2.1764799088396174
    ],
    "problem_identifier": "{'W': [1], 'W_max': 1, 'A': 8, 'B': 4, 'C': 32}",
    "now": "2021-05-08 01:22:47",
    "execution_time": "1:32:30.710514",
    "nfev": 7914,
    "message": "Maximum number of iterations has been exceeded.",
    "success": false,
    "nit": 50,
    "problem": {
        "W": [
            1
        ],
        "W_max": 1,
        "A": 8,
        "B": 4,
        "C": 32
    },
    "optimal_cost": 1.0,
    "probability_distribution": {
        "8.0": 1.194904346067099e-10,
        "2.0": 1.897154478718141e-11,
        "11.0": 3.150416881910301e-11,
        "1.0": 0.999999999830034
    },
    "probability_distribution_items": [
        [
            8.0,
            1.194904346067099e-10
        ],
        [
            2.0,
            1.897154478718141e-11
        ],
        [
            11.0,
            3.150416881910301e-11
        ],
        [
            1.0,
            0.999999999830034
        ]
    ],
    "approximation_ratio": 1.0000000011704464,
    "approximation_ratio_offset": 0.9999999998829553,
    "noise": false,
    "p": 5
}