{
    "expected_value": 22.57056830058822,
    "optimal_gammas": [
        2.367461501887272,
        3.1373009600976,
        3.1423472088827973,
        4.703578537396127
    ],
    "optimal_betas": [
        1.4044951811295652,
        2.429213085610059,
        1.0360191667854275,
        2.198506890164648
    ],
    "problem_identifier": "{'W': [1, 1, 1], 'W_max': 1, 'A': 16, 'B': 4, 'C': 32}",
    "now": "2021-05-12 10:32:42",
    "execution_time": "2:29:19.929200",
    "nfev": 7110,
    "message": "Maximum number of iterations has been exceeded.",
    "success": false,
    "nit": 50,
    "problem": {
        "W": [
            1,
            1,
            1
        ],
        "W_max": 1,
        "A": 16,
        "B": 4,
        "C": 32
    },
    "optimal_cost": 3.0,
    "probability_distribution": {
        "24.0": 0.5863085028814128,
        "20.0": 0.38669993818928117,
        "36.0": 0.00969591213205132,
        "32.0": 0.002515215503465425,
        "16.0": 0.005047862003089104,
        "48.0": 0.000196595993787713,
        "56.0": 7.167373477944128e-07,
        "40.0": 1.429640415426497e-06,
        "68.0": 3.01371088771184e-07,
        "96.0": 9.920346634669093e-09,
        "60.0": 8.026301851071158e-07,
        "28.0": 1.6066301073088262e-05,
        "64.0": 3.251377181159134e-07,
        "76.0": 1.4265745710300138e-08,
        "12.0": 7.843195995760033e-06,
        "84.0": 4.299558831181868e-08,
        "52.0": 4.604011597639346e-08,
        "80.0": 1.2530870868955055e-09,
        "124.0": 2.651658971870598e-10,
        "120.0": 2.0433785849866434e-10,
        "88.0": 8.166761237814953e-10,
        "132.0": 5.103132953471793e-11,
        "72.0": 2.0400020339177858e-10,
        "116.0": 4.7533859580989116e-11,
        "160.0": 1.009783222298613e-12,
        "204.0": 6.674089959447124e-16,
        "29.0": 0.005167363244121234,
        "17.0": 0.001308218868615866,
        "13.0": 0.00037236372859246827,
        "25.0": 0.0025562184968316234,
        "9.0": 1.6424834889932888e-06,
        "33.0": 3.163363690566537e-06,
        "45.0": 5.142946040143284e-07,
        "49.0": 6.715587890033827e-09,
        "41.0": 6.780943396527302e-05,
        "57.0": 1.3142426851834438e-06,
        "77.0": 1.3441323907069649e-09,
        "37.0": 8.135682752727538e-06,
        "53.0": 5.451103885968852e-07,
        "21.0": 1.1003766396557568e-05,
        "61.0": 2.703109673969675e-07,
        "73.0": 2.4339211265713423e-08,
        "85.0": 9.175674803773602e-10,
        "69.0": 9.639610175258953e-11,
        "105.0": 4.048709792420393e-11,
        "81.0": 2.8956797331004275e-09,
        "109.0": 2.436068639054138e-11,
        "113.0": 2.162081638830581e-12,
        "65.0": 2.889158235748184e-09,
        "97.0": 5.609961282195123e-12,
        "93.0": 9.17638785803683e-10,
        "121.0": 1.8918195501978008e-11,
        "141.0": 1.0334037822940054e-13,
        "101.0": 8.858277932367319e-11,
        "149.0": 5.167018911529737e-14,
        "185.0": 1.2615533984986057e-15,
        "34.0": 3.389356834999582e-06,
        "22.0": 3.114169661507795e-06,
        "18.0": 1.061319822150645e-06,
        "26.0": 1.0954157006269437e-07,
        "10.0": 1.5352145669470045e-07,
        "6.0": 1.5542758353489753e-08,
        "38.0": 2.7597900689680498e-08,
        "58.0": 2.898890303863619e-09,
        "30.0": 1.5104657372941768e-06,
        "14.0": 1.3234888619493715e-08,
        "54.0": 1.573852426816707e-08,
        "50.0": 8.490102408302585e-09,
        "62.0": 1.1816650626545294e-10,
        "46.0": 3.6892281518926176e-08,
        "66.0": 1.7752593113559776e-11,
        "86.0": 2.793569215333583e-13,
        "42.0": 3.7067884260221e-10,
        "70.0": 5.08809765044243e-10,
        "74.0": 1.536998531494771e-11,
        "98.0": 5.502302565752962e-13,
        "102.0": 3.5880063639501964e-13,
        "122.0": 8.897194460116411e-15,
        "82.0": 1.603611044667915e-11,
        "110.0": 1.1976080398596208e-13,
        "94.0": 1.1894261655855997e-13,
        "130.0": 1.779438891886408e-14,
        "166.0": 4.322798683429e-16,
        "39.0": 1.5559645473862672e-07,
        "27.0": 1.1792812482433892e-07,
        "23.0": 1.922231322845734e-08,
        "31.0": 5.421127690430651e-09,
        "15.0": 8.801572854403524e-09,
        "11.0": 1.092749411522556e-09,
        "43.0": 1.750771374462881e-12,
        "63.0": 2.0855730250707763e-13,
        "51.0": 2.652687059645722e-10,
        "19.0": 5.645160638318358e-10,
        "47.0": 1.4186210976571247e-10,
        "3.0": 3.680957582728373e-11,
        "35.0": 2.5030695727021802e-12,
        "59.0": 1.4913354915790342e-12,
        "83.0": 2.84650324652427e-15,
        "87.0": 6.561606534459181e-14,
        "55.0": 1.493776784156273e-13,
        "91.0": 1.3110391199248983e-14,
        "75.0": 1.0234761503391476e-14,
        "111.0": 9.115798910660859e-16,
        "147.0": 3.040655776116872e-18
    },