{
    "expected_value": 16.91909922005408,
    "optimal_gammas": [
        4.72667373647152,
        4.3095495130038906,
        5.124648754431064
    ],
    "optimal_betas": [
        1.3744889177372808,
        1.1177663741799948,
        2.814990740324257
    ],
    "problem_identifier": "{'W': [1, 1], 'W_max': 2, 'A': 32, 'B': 4, 'C': 32}",
    "now": "2021-05-07 23:55:35",
    "execution_time": "0:41:36.405564",
    "nfev": 5052,
    "message": "Maximum number of iterations has been exceeded.",
    "success": false,
    "nit": 50,
    "problem": {
        "W": [
            1,
            1
        ],
        "W_max": 2,
        "A": 32,
        "B": 4,
        "C": 32
    },
    "optimal_cost": 1.0,
    "probability_distribution": {
        "16.0": 0.7023720332087865,
        "32.0": 0.019296114706806915,
        "48.0": 0.001178957145843284,
        "80.0": 2.1292222434179222e-05,
        "49.0": 0.002563624415168929,
        "17.0": 0.08864116118546618,
        "1.0": 0.011176812184886612,
        "33.0": 0.009927116576081332,
        "65.0": 1.2040174384873153e-05,
        "25.0": 0.014394629905419997,
        "9.0": 0.09742347287936873,
        "41.0": 0.0004349118313429595,
        "57.0": 6.773991985624121e-05,
        "92.0": 0.005297091579141822,
        "44.0": 0.00875558159824658,
        "12.0": 0.010579925133018996,
        "60.0": 0.0010251802235705736,
        "28.0": 0.0021863239104034254,
        "108.0": 3.4045911939262674e-05,
        "76.0": 3.823478132652052e-05,
        "82.0": 0.00021322212092034896,
        "50.0": 0.00024700923592681375,
        "34.0": 0.0022057005426287276,
        "18.0": 0.005380580246445665,
        "58.0": 2.3663458995068827e-05,
        "42.0": 0.00030805671111210195,
        "26.0": 0.006546467066794666,
        "10.0": 0.00416947763812543,
        "125.0": 3.5105809659166156e-07,
        "77.0": 8.996771352209404e-05,
        "45.0": 0.00027975184129968417,
        "93.0": 0.00044820412908428385,
        "61.0": 0.0003389327465756932,
        "29.0": 0.0008728045645479304,
        "2.0": 0.0012505596972905541,
        "101.0": 3.5105809659160375e-07,
        "53.0": 0.0004506318443356231,
        "21.0": 0.0007660707422169728,
        "85.0": 0.0005077614008672383,
        "37.0": 0.00030519700760985356,
        "168.0": 5.404635741041741e-06,
        "120.0": 4.03264837241883e-05,
        "88.0": 5.041555810810294e-05,
        "72.0": 1.2272615131851796e-05,
        "56.0": 3.24020167003033e-05,
        "40.0": 2.8128372608411182e-05
    },
    "probability_distribution_items": [
        [
            16.0,
            0.7023720332087865
        ],
        [
            32.0,
            0.019296114706806915
        ],
        [
            48.0,
            0.001178957145843284
        ],
        [
            80.0,
            2.1292222434179222e-05
        ],
        [
            49.0,
            0.002563624415168929
        ],
        [
            17.0,
            0.08864116118546618
        ],
        [
            1.0,
            0.011176812184886612
        ],
        [
            33.0,
            0.009927116576081332
        ],
        [
            65.0,
            1.2040174384873153e-05
        ],
        [
            25.0,
            0.014394629905419997
        ],
        [
            9.0,
            0.09742347287936873
        ],
        [
            41.0,
            0.0004349118313429595
        ],
        [
            57.0,
            6.773991985624121e-05
        ],
        [
            92.0,
            0.005297091579141822
        ],
        [
            44.0,
            0.00875558159824658
        ],
        [
            12.0,
            0.010579925133018996
        ],
        [
            60.0,
            0.0010251802235705736
        ],
        [
            28.0,
            0.0021863239104034254
        ],
        [
            108.0,
            3.4045911939262674e-05
        ],
        [
            76.0,
            3.823478132652052e-05
        ],
        [
            82.0,
            0.00021322212092034896
        ],
        [
            50.0,
            0.00024700923592681375
        ],
        [
            34.0,
            0.0022057005426287276
        ],
        [
            18.0,
            0.005380580246445665
        ],
        [
            58.0,
            2.3663458995068827e-05
        ],
        [
            42.0,
            0.00030805671111210195
        ],
        [
            26.0,
            0.006546467066794666
        ],
        [
            10.0,
            0.00416947763812543
        ],
        [
            125.0,
            3.5105809659166156e-07
        ],
        [
            77.0,
            8.996771352209404e-05
        ],
        [
            45.0,
            0.00027975184129968417
        ],
        [
            93.0,
            0.00044820412908428385
        ],
        [
            61.0,
            0.0003389327465756932
        ],
        [
            29.0,
            0.0008728045645479304
        ],
        [
            2.0,
            0.0012505596972905541
        ],
        [
            101.0,
            3.5105809659160375e-07
        ],
        [
            53.0,
            0.0004506318443356231
        ],
        [
            21.0,
            0.0007660707422169728
        ],
        [
            85.0,
            0.0005077614008672383
        ],
        [
            37.0,
            0.00030519700760985356
        ],
        [
            168.0,
            5.404635741041741e-06
        ],
        [
            120.0,
            4.03264837241883e-05
        ],
        [
            88.0,
            5.041555810810294e-05
        ],
        [
            72.0,
            1.2272615131851796e-05
        ],
        [
            56.0,
            3.24020167003033e-05
        ],
        [
            40.0,
            2.8128372608411182e-05
        ]
    ],
    "approximation_ratio": 16.91909922005408,
    "approximation_ratio_offset": 0.9046760525745264,
    "noise": false,
    "p": 3
}