{
    "expected_value": 33.56376493267271,
    "optimal_gammas": [
        3.543188100834014,
        1.002869755824264,
        5.3209562550956075
    ],
    "optimal_betas": [
        2.135584005769913,
        1.3308740246899065,
        1.7730490404666868
    ],
    "problem_identifier": "{'W': [1, 1, 1], 'W_max': 1, 'A': 16, 'B': 4, 'C': 64}",
    "now": "2021-05-12 05:55:27",
    "execution_time": "1:12:08.462239",
    "nfev": 5024,
    "message": "Maximum number of iterations has been exceeded.",
    "success": false,
    "nit": 50,
    "problem": {
        "W": [
            1,
            1,
            1
        ],
        "W_max": 1,
        "A": 16,
        "B": 4,
        "C": 64
    },
    "optimal_cost": 3.0,
    "probability_distribution": {
        "48.0": 0.0021345307541203846,
        "36.0": 0.003908362928470062,
        "32.0": 0.001264791864382791,
        "56.0": 0.013802819400554145,
        "24.0": 0.03351456118642386,
        "52.0": 0.00395029438383836,
        "20.0": 0.010173444841026906,
        "80.0": 0.0004713166574180671,
        "84.0": 0.0007943497550279432,
        "120.0": 9.98792242894223e-05,
        "108.0": 0.0017456570268053796,
        "44.0": 0.02090678758366619,
        "104.0": 0.001149669887317988,
        "40.0": 0.012489336682411815,
        "72.0": 0.0009496328667713883,
        "12.0": 0.009118116674000885,
        "76.0": 0.0008202474904925655,
        "132.0": 0.00021806786917137743,
        "100.0": 0.00017333296440018883,
        "68.0": 0.001538089765140642,
        "136.0": 0.0003186189763666269,
        "172.0": 5.60678157737333e-06,
        "192.0": 4.587878156246854e-05,
        "128.0": 0.0003257692584216838,
        "196.0": 2.3328030046823832e-05,
        "96.0": 0.00011700584764837312,
        "164.0": 3.7341469277879726e-05,
        "232.0": 2.0635593104383692e-06,
        "300.0": 9.468502983649296e-08,
        "53.0": 0.07298604623481243,
        "33.0": 0.024738425815286076,
        "21.0": 0.32864426559235266,
        "17.0": 0.012083241272451067,
        "41.0": 0.06835750643251205,
        "9.0": 0.009933598144302471,
        "37.0": 0.02417640280591814,
        "49.0": 0.00979303454431196,
        "69.0": 0.0033819612869895187,
        "65.0": 0.0005535433771940699,
        "73.0": 0.0006011531130985849,
        "101.0": 0.0028560875560282016,
        "61.0": 0.041815800483138627,
        "105.0": 0.0011838008726222553,
        "93.0": 0.002005380120723565,
        "29.0": 0.1651207426542756,
        "89.0": 0.0004295194109256139,
        "57.0": 0.011475913728219106,
        "121.0": 0.0003153741078448513,
        "117.0": 0.0006237314873830463,
        "25.0": 0.00956683103966546,
        "85.0": 0.0005828661826969429,
        "125.0": 0.00014440095361283322,
        "153.0": 3.784189084443682e-05,
        "129.0": 0.00013612511812611546,
        "181.0": 0.00012823634014403468,
        "177.0": 7.855981264716678e-06,
        "97.0": 0.00010977078158919416,
        "145.0": 1.6923797932312235e-05,
        "133.0": 9.75212031847197e-05,
        "185.0": 1.3874103708996346e-05,
        "213.0": 8.259518287914434e-07,
        "169.0": 1.0782180796876789e-06,
        "221.0": 4.129759143957251e-07,
        "281.0": 1.2585947355559886e-09,
        "58.0": 0.011524146234339642,
        "38.0": 0.01681111569478349,
        "26.0": 0.016272096576770416,
        "22.0": 0.0008874829482094573,
        "50.0": 0.005224209785496288,
        "18.0": 0.007029544352111143,
        "6.0": 0.00408458026472638,
        "34.0": 0.000735159587400952,
        "54.0": 0.0018933504620137162,
        "82.0": 1.8007201730438447e-05,
        "46.0": 0.0047362901305147845,
        "14.0": 0.000458344053629328,
        "42.0": 0.00101635280526878,
        "102.0": 0.00140047632338566,
        "90.0": 0.0003565453244099345,
        "86.0": 0.0002864066496033577,
        "110.0": 0.00011119526805854221,
        "78.0": 0.00015037661808469,
        "106.0": 0.0001295622668824887,
        "74.0": 0.0002409316967190132,
        "134.0": 6.236204378741142e-05,
        "70.0": 0.00014543736046440325,
        "98.0": 0.00019234282917379071,
        "66.0": 0.00015392125752413383,
        "118.0": 0.00024120395684642872,
        "114.0": 2.8469768046318833e-05,
        "170.0": 3.538423531457258e-05,
        "166.0": 3.437191309630514e-05,
        "194.0": 1.971262673502027e-06,
        "122.0": 2.8034100428061303e-05,
        "150.0": 1.2720321795654932e-05,
        "174.0": 1.6671794751128403e-05,
        "142.0": 2.8515103241816216e-05,
        "202.0": 3.94252534700406e-06,
        "262.0": 3.0878492215209934e-08,
        "63.0": 0.00025337818467635777,
        "43.0": 0.00719832428361643,
        "31.0": 0.0005394376099209532,
        "27.0": 0.00016725930278881307,
        "55.0": 0.0008959500866142746,
        "23.0": 0.003239956896710128,
        "11.0": 0.0002398517506904138,
        "39.0": 0.0002467788325615621,
        "59.0": 1.9955150860186296e-05,
        "87.0": 9.585391683505459e-05,
        "99.0": 9.557988823535841e-05,
        "35.0": 0.00041540932569678843,
        "83.0": 2.0395044993556963e-06,
        "3.0": 0.00011212477461303562,
        "51.0": 3.766159976355646e-06,
        "107.0": 1.675788295242022e-05,
        "75.0": 9.61549365588111e-06,
        "103.0": 2.599052816267106e-05,
        "71.0": 1.2954718201447983e-05,
        "131.0": 3.082355409822856e-06,
        "159.0": 5.822879733220417e-06,
        "95.0": 2.3681422356404624e-05,
        "155.0": 3.050421060719058e-06,
        "123.0": 2.373035023302021e-06,
        "183.0": 3.5566336569801145e-07,
        "243.0": 4.304111130206282e-09
    },