{
    "expected_value": 20.636855960629497,
    "optimal_gammas": [
        2.769208929508144,
        4.344466188865652,
        2.2785141976160586,
        4.726109583566186,
        1.504518234339983
    ],
    "optimal_betas": [
        2.907543703400952,
        0.04333590326980281,
        1.7981741409748575,
        0.6904897750890647,
        1.7767508192055934
    ],
    "problem_identifier": "{'W': [1, 1, 1], 'W_max': 1, 'A': 16, 'B': 4, 'C': 32}",
    "now": "2021-05-12 13:25:29",
    "execution_time": "4:07:09.300794",
    "nfev": 10433,
    "message": "Maximum number of iterations has been exceeded.",
    "success": false,
    "nit": 50,
    "problem": {
        "W": [
            1,
            1,
            1
        ],
        "W_max": 1,
        "A": 16,
        "B": 4,
        "C": 32
    },
    "optimal_cost": 3.0,
    "probability_distribution": {
        "24.0": 0.02498407111664338,
        "20.0": 0.09674370469332307,
        "36.0": 0.0008731372678061228,
        "32.0": 0.005391456014114883,
        "16.0": 0.11650685849545404,
        "48.0": 0.00268724596541494,
        "56.0": 1.894337076885147e-05,
        "40.0": 0.0014468326541866275,
        "68.0": 0.00017190112038895284,
        "96.0": 4.40565824526644e-05,
        "60.0": 0.00024792382724548006,
        "28.0": 0.004305809873116443,
        "64.0": 0.00017854190583480403,
        "76.0": 0.0001074140371642816,
        "12.0": 0.002120784781139593,
        "84.0": 2.3072064828887882e-05,
        "52.0": 0.00015222718473160155,
        "80.0": 1.74187171821117e-05,
        "124.0": 6.696039487199118e-06,
        "120.0": 3.795994882908457e-07,
        "88.0": 1.596884239249868e-06,
        "132.0": 1.544919858054676e-06,
        "72.0": 4.1884263133407045e-07,
        "116.0": 3.115034882269685e-06,
        "160.0": 6.484296555145511e-07,
        "204.0": 5.8579609401196716e-08,
        "29.0": 0.07260738173541718,
        "17.0": 0.0806102882811043,
        "13.0": 0.20187002207713242,
        "25.0": 0.17396675900931066,
        "9.0": 0.008692811662501321,
        "33.0": 0.001634623499544896,
        "45.0": 0.0008839692557753751,
        "49.0": 0.0001691650730363743,
        "41.0": 0.0025980046674437323,
        "57.0": 0.0006173359907521781,
        "77.0": 9.156073850921655e-05,
        "37.0": 0.004872453920732861,
        "53.0": 0.0005176170272985145,
        "21.0": 0.09008020670469837,
        "61.0": 0.0004800691605016229,
        "73.0": 0.00022830804754894274,
        "85.0": 3.053051370442344e-05,
        "69.0": 1.4616539238098945e-05,
        "105.0": 1.7167919737366857e-05,
        "81.0": 3.1388483871596875e-05,
        "109.0": 6.793149927553489e-06,
        "113.0": 1.1464137600195308e-06,
        "65.0": 4.066979658487273e-05,
        "97.0": 4.768223410280088e-06,
        "93.0": 3.205687255323544e-05,
        "121.0": 9.841598360833593e-06,
        "141.0": 6.419352827387561e-07,
        "101.0": 6.903684017131304e-06,
        "149.0": 3.209676413693921e-07,
        "185.0": 8.232570947526841e-08,
        "34.0": 0.015670319086068963,
        "22.0": 0.050269389254934176,
        "18.0": 0.004917398861040932,
        "26.0": 0.001517153406590742,
        "10.0": 0.0011197063709735468,
        "6.0": 0.0006647935491489038,
        "38.0": 0.00048227581618949907,
        "58.0": 7.500021442835445e-05,
        "30.0": 0.024548528301452082,
        "14.0": 8.875521700800469e-05,
        "54.0": 0.0002774184718368136,
        "50.0": 0.00031180625771947676,
        "62.0": 7.942315711835925e-05,
        "46.0": 3.711308204485829e-05,
        "66.0": 5.31023927359421e-05,
        "86.0": 8.366466146950717e-06,
        "42.0": 5.7539480768323046e-05,
        "70.0": 6.518895616361976e-05,
        "74.0": 2.1287276238125264e-05,
        "98.0": 1.988267474394382e-06,
        "102.0": 8.826463168031255e-06,
        "122.0": 8.511740648143887e-08,
        "82.0": 6.9192814661563e-05,
        "110.0": 7.409014526218459e-07,
        "94.0": 2.134301520354765e-06,
        "130.0": 1.7023481296288294e-07,
        "166.0": 9.45897896670315e-10,
        "39.0": 0.00010961677756088908,
        "27.0": 0.002053188331398387,
        "23.0": 0.0001255430182231852,
        "31.0": 0.00027996477177718606,
        "15.0": 0.00035344631947854,
        "11.0": 8.546153468350952e-05,
        "43.0": 0.00014708954131197803,
        "63.0": 6.749396182191106e-05,
        "51.0": 5.7710952701775313e-05,
        "19.0": 0.00013277978530285356,
        "47.0": 2.652064703630223e-05,
        "3.0": 1.8667813352865774e-05,
        "35.0": 2.0066580899639772e-05,
        "59.0": 1.5122987656187095e-05,
        "83.0": 3.543532439412274e-06,
        "87.0": 3.802057468171317e-07,
        "55.0": 1.8536946565933227e-06,
        "91.0": 1.2539542202389108e-07,
        "75.0": 2.345096849186983e-07,
        "111.0": 1.1754154974026009e-07,
        "147.0": 4.155549413767146e-09
    },