{
    "expected_value": 30.23426398182987,
    "optimal_gammas": [
        1.0572982286725892,
        5.061415396907211,
        1.7218326333290241,
        0.2676471839643876,
        4.7721108931213685
    ],
    "optimal_betas": [
        2.2819887413995414,
        0.7459165212922857,
        0.4511956111658467,
        2.993878788438815,
        0.18332532540848606
    ],
    "problem_identifier": "{'W': [1, 1], 'W_max': 2, 'A': 36, 'B': 4, 'C': 72}",
    "now": "2021-05-12 06:56:49",
    "execution_time": "2:50:36.905669",
    "nfev": 10774,
    "message": "Maximum number of iterations has been exceeded.",
    "success": false,
    "nit": 50,
    "problem": {
        "W": [
            1,
            1
        ],
        "W_max": 2,
        "A": 36,
        "B": 4,
        "C": 72
    },
    "optimal_cost": 1.0,
    "probability_distribution": {
        "36.0": 0.22707669884637777,
        "27.0": 0.07558309638700542,
        "54.0": 0.004268971316220215,
        "18.0": 0.0034022310585137975,
        "63.0": 0.0014042196409811659,
        "108.0": 6.96888904622254e-05,
        "73.0": 0.01650211971080852,
        "28.0": 0.01910889740114594,
        "1.0": 0.0643095509746799,
        "64.0": 0.004667010973821482,
        "55.0": 0.002554844521256676,
        "19.0": 0.012908013678748425,
        "46.0": 0.016504948675475677,
        "10.0": 0.06488382865880327,
        "37.0": 0.009682218218612877,
        "82.0": 0.0007920613948600649,
        "121.0": 0.0017343413873643445,
        "58.0": 0.004808114028592397,
        "13.0": 0.224199318104705,
        "112.0": 0.0005935632258526107,
        "85.0": 0.006534553342169009,
        "49.0": 0.00045903929187931483,
        "40.0": 0.035427253671696565,
        "94.0": 0.0013335430648379282,
        "110.0": 0.0026692329913126337,
        "65.0": 0.0008171284272756041,
        "38.0": 0.009826641575505397,
        "56.0": 0.005617791933093704,
        "20.0": 0.007275715741183544,
        "29.0": 0.00931576987797482,
        "83.0": 0.006461425441648097,
        "47.0": 0.07254389179755516,
        "11.0": 0.009239933722811152,
        "158.0": 8.660874259826184e-05,
        "95.0": 0.0004796395323429936,
        "50.0": 0.0247296088169288,
        "113.0": 0.00011686878648168903,
        "86.0": 0.00014140225331197358,
        "41.0": 0.0055619174549437315,
        "59.0": 0.022623610281376577,
        "2.0": 0.0003976331074592225,
        "131.0": 8.660874259826043e-05,
        "68.0": 0.0013905045531670828,
        "23.0": 0.002741831970453569,
        "104.0": 0.00011686878648168889,
        "77.0": 0.00013857202322593122,
        "32.0": 0.005284055638934967,
        "206.0": 0.0003287011552383721,
        "143.0": 0.00043618782053045347,
        "98.0": 0.0011093077570915417,
        "116.0": 0.00022792512983494748,
        "80.0": 4.379181205624723e-05,
        "71.0": 0.00034728895366757786,
        "62.0": 0.01103540870804528
    },
    "probability_distribution_items": [
        [
            36.0,
            0.22707669884637777
        ],
        [
            27.0,
            0.07558309638700542
        ],
        [
            54.0,
            0.004268971316220215
        ],
        [
            18.0,
            0.0034022310585137975
        ],
        [
            63.0,
            0.0014042196409811659
        ],
        [
            108.0,
            6.96888904622254e-05
        ],
        [
            73.0,
            0.01650211971080852
        ],
        [
            28.0,
            0.01910889740114594
        ],
        [
            1.0,
            0.0643095509746799
        ],
        [
            64.0,
            0.004667010973821482
        ],
        [
            55.0,
            0.002554844521256676
        ],
        [
            19.0,
            0.012908013678748425
        ],
        [
            46.0,
            0.016504948675475677
        ],
        [
            10.0,
            0.06488382865880327
        ],
        [
            37.0,
            0.009682218218612877
        ],
        [
            82.0,
            0.0007920613948600649
        ],
        [
            121.0,
            0.0017343413873643445
        ],
        [
            58.0,
            0.004808114028592397
        ],
        [
            13.0,
            0.224199318104705
        ],
        [
            112.0,
            0.0005935632258526107
        ],
        [
            85.0,
            0.006534553342169009
        ],
        [
            49.0,
            0.00045903929187931483
        ],
        [
            40.0,
            0.035427253671696565
        ],
        [
            94.0,
            0.0013335430648379282
        ],
        [
            110.0,
            0.0026692329913126337
        ],
        [
            65.0,
            0.0008171284272756041
        ],
        [
            38.0,
            0.009826641575505397
        ],
        [
            56.0,
            0.005617791933093704
        ],
        [
            20.0,
            0.007275715741183544
        ],
        [
            29.0,
            0.00931576987797482
        ],
        [
            83.0,
            0.006461425441648097
        ],
        [
            47.0,
            0.07254389179755516
        ],
        [
            11.0,
            0.009239933722811152
        ],
        [
            158.0,
            8.660874259826184e-05
        ],
        [
            95.0,
            0.0004796395323429936
        ],
        [
            50.0,
            0.0247296088169288
        ],
        [
            113.0,
            0.00011686878648168903
        ],
        [
            86.0,
            0.00014140225331197358
        ],
        [
            41.0,
            0.0055619174549437315
        ],
        [
            59.0,
            0.022623610281376577
        ],
        [
            2.0,
            0.0003976331074592225
        ],
        [
            131.0,
            8.660874259826043e-05
        ],
        [
            68.0,
            0.0013905045531670828
        ],
        [
            23.0,
            0.002741831970453569
        ],
        [
            104.0,
            0.00011686878648168889
        ],
        [
            77.0,
            0.00013857202322593122
        ],
        [
            32.0,
            0.005284055638934967
        ],
        [
            206.0,
            0.0003287011552383721
        ],
        [
            143.0,
            0.00043618782053045347
        ],
        [
            98.0,
            0.0011093077570915417
        ],
        [
            116.0,
            0.00022792512983494748
        ],
        [
            80.0,
            4.379181205624723e-05
        ],
        [
            71.0,
            0.00034728895366757786
        ],
        [
            62.0,
            0.01103540870804528
        ]
    ],
    "approximation_ratio": 30.234263981829805,
    "approximation_ratio_offset": 0.8573938342349766,
    "noise": false,
    "p": 5
}