{
    "expected_value": 1.0000000000761997,
    "optimal_gammas": [
        0.19634948190390664,
        1.3744475280586455,
        2.851368225344997
    ],
    "optimal_betas": [
        1.5708024363992583,
        0.7854052097691009,
        1.570787791379394
    ],
    "problem_identifier": "{'W': [1], 'W_max': 1, 'A': 12, 'B': 4, 'C': 12}",
    "now": "2021-05-12 10:34:20",
    "execution_time": "1:55:08.162541",
    "nfev": 4772,
    "message": "Maximum number of iterations has been exceeded.",
    "success": false,
    "nit": 50,
    "problem": {
        "W": [
            1
        ],
        "W_max": 1,
        "A": 12,
        "B": 4,
        "C": 12
    },
    "optimal_cost": 1.0,
    "probability_distribution": {
        "3.0": 2.64727205989078e-11,
        "7.0": 3.8757070191979804e-12,
        "1.0": 0.9999999999696516
    },
    "probability_distribution_items": [
        [
            3.0,
            2.64727205989078e-11
        ],
        [
            7.0,
            3.8757070191979804e-12
        ],
        [
            1.0,
            0.9999999999696516
        ]
    ],
    "approximation_ratio": 1.0000000000761997,
    "approximation_ratio_offset": 0.9999999999873,
    "noise": false,
    "p": 3
}