{
    "expected_value": 30.69008985048402,
    "optimal_gammas": [
        2.7005255159805435,
        1.8164258235796413,
        1.7612296759889945,
        2.5938053257595386,
        3.9190417217486857
    ],
    "optimal_betas": [
        1.7191499188108175,
        1.768187685396729,
        1.9030156632124373,
        1.9016961095803167,
        1.7873226514206144
    ],
    "problem_identifier": "{'W': [1, 1], 'W_max': 2, 'A': 36, 'B': 4, 'C': 72}",
    "now": "2021-05-12 02:21:25",
    "execution_time": "0:40:08.619212",
    "nfev": 9399,
    "message": "Maximum number of iterations has been exceeded.",
    "success": false,
    "nit": 50,
    "problem": {
        "W": [
            1,
            1
        ],
        "W_max": 2,
        "A": 36,
        "B": 4,
        "C": 72
    },
    "optimal_cost": 1.0,
    "probability_distribution": {
        "36.0": 0.20538739709292667,
        "27.0": 0.16111885821988292,
        "54.0": 0.02161920346591698,
        "18.0": 0.0067792127505526285,
        "63.0": 0.011195630028363688,
        "108.0": 0.0008449092682892553,
        "73.0": 0.01757157196864234,
        "28.0": 0.104658534302595,
        "1.0": 0.06294505644238045,
        "64.0": 0.010338944978794031,
        "55.0": 0.010476077525675857,
        "19.0": 0.10119488037535818,
        "46.0": 0.01806710933474986,
        "10.0": 0.07803824746620583,
        "37.0": 0.0216212485574081,
        "82.0": 0.002705998787120232,
        "121.0": 0.0009402025266570538,
        "58.0": 0.011320965786348874,
        "13.0": 0.002417475942376451,
        "112.0": 0.000277802690393855,
        "85.0": 0.0021224825337976963,
        "49.0": 0.0026749271017832256,
        "40.0": 0.0010246487397699475,
        "94.0": 0.0012011259643964368,
        "110.0": 0.0003114892450958688,
        "65.0": 0.0028945985000503123,
        "38.0": 0.026514283237895238,
        "56.0": 0.011939320956184718,
        "20.0": 0.027953023610587345,
        "29.0": 0.013096527420102795,
        "83.0": 0.0012740397411863664,
        "47.0": 0.020610551837908393,
        "11.0": 0.005306220546125835,
        "158.0": 0.00012099662771866972,
        "95.0": 0.0012041097490918654,
        "50.0": 0.0019684120149068675,
        "113.0": 0.0005275387476545721,
        "86.0": 0.0023833107324087266,
        "41.0": 0.0017968483701734028,
        "59.0": 0.0027779388546661445,
        "2.0": 0.013066572083780953,
        "131.0": 0.00012099662771867017,
        "68.0": 0.0017606375503141551,
        "23.0": 1.099386101040494e-05,
        "104.0": 0.0005275387476545691,
        "77.0": 0.0017291350702501413,
        "32.0": 0.0014066656075622142,
        "206.0": 2.5369133278326544e-05,
        "143.0": 0.0003628599680108139,
        "98.0": 0.000956647366606854,
        "116.0": 0.0008907349494261701,
        "80.0": 0.0003924265456926285,
        "71.0": 0.001331102742924634,
        "62.0": 0.00019659770362691502
    },
    "probability_distribution_items": [
        [
            36.0,
            0.20538739709292667
        ],
        [
            27.0,
            0.16111885821988292
        ],
        [
            54.0,
            0.02161920346591698
        ],
        [
            18.0,
            0.0067792127505526285
        ],
        [
            63.0,
            0.011195630028363688
        ],
        [
            108.0,
            0.0008449092682892553
        ],
        [
            73.0,
            0.01757157196864234
        ],
        [
            28.0,
            0.104658534302595
        ],
        [
            1.0,
            0.06294505644238045
        ],
        [
            64.0,
            0.010338944978794031
        ],
        [
            55.0,
            0.010476077525675857
        ],
        [
            19.0,
            0.10119488037535818
        ],
        [
            46.0,
            0.01806710933474986
        ],
        [
            10.0,
            0.07803824746620583
        ],
        [
            37.0,
            0.0216212485574081
        ],
        [
            82.0,
            0.002705998787120232
        ],
        [
            121.0,
            0.0009402025266570538
        ],
        [
            58.0,
            0.011320965786348874
        ],
        [
            13.0,
            0.002417475942376451
        ],
        [
            112.0,
            0.000277802690393855
        ],
        [
            85.0,
            0.0021224825337976963
        ],
        [
            49.0,
            0.0026749271017832256
        ],
        [
            40.0,
            0.0010246487397699475
        ],
        [
            94.0,
            0.0012011259643964368
        ],
        [
            110.0,
            0.0003114892450958688
        ],
        [
            65.0,
            0.0028945985000503123
        ],
        [
            38.0,
            0.026514283237895238
        ],
        [
            56.0,
            0.011939320956184718
        ],
        [
            20.0,
            0.027953023610587345
        ],
        [
            29.0,
            0.013096527420102795
        ],
        [
            83.0,
            0.0012740397411863664
        ],
        [
            47.0,
            0.020610551837908393
        ],
        [
            11.0,
            0.005306220546125835
        ],
        [
            158.0,
            0.00012099662771866972
        ],
        [
            95.0,
            0.0012041097490918654
        ],
        [
            50.0,
            0.0019684120149068675
        ],
        [
            113.0,
            0.0005275387476545721
        ],
        [
            86.0,
            0.0023833107324087266
        ],
        [
            41.0,
            0.0017968483701734028
        ],
        [
            59.0,
            0.0027779388546661445
        ],
        [
            2.0,
            0.013066572083780953
        ],
        [
            131.0,
            0.00012099662771867017
        ],
        [
            68.0,
            0.0017606375503141551
        ],
        [
            23.0,
            1.099386101040494e-05
        ],
        [
            104.0,
            0.0005275387476545691
        ],
        [
            77.0,
            0.0017291350702501413
        ],
        [
            32.0,
            0.0014066656075622142
        ],
        [
            206.0,
            2.5369133278326544e-05
        ],
        [
            143.0,
            0.0003628599680108139
        ],
        [
            98.0,
            0.000956647366606854
        ],
        [
            116.0,
            0.0008907349494261701
        ],
        [
            80.0,
            0.0003924265456926285
        ],
        [
            71.0,
            0.001331102742924634
        ],
        [
            62.0,
            0.00019659770362691502
        ]
    ],
    "approximation_ratio": 30.690089850483957,
    "approximation_ratio_offset": 0.8551702934122734,
    "noise": false,
    "p": 5
}