{
    "expected_value": 1.0000000019739874,
    "optimal_gammas": [
        4.385118632679445,
        5.563257334927592,
        1.579994074669168,
        2.971760130038424,
        2.8209346767684598
    ],
    "optimal_betas": [
        1.5707425406520854,
        0.7853124844434111,
        3.141437336554308,
        1.5705347115433654,
        3.1412701179174456
    ],
    "problem_identifier": "{'W': [1], 'W_max': 1, 'A': 12, 'B': 4, 'C': 12}",
    "now": "2021-05-12 14:40:58",
    "execution_time": "4:05:15.795564",
    "nfev": 8035,
    "message": "Maximum number of iterations has been exceeded.",
    "success": false,
    "nit": 50,
    "problem": {
        "W": [
            1
        ],
        "W_max": 1,
        "A": 12,
        "B": 4,
        "C": 12
    },
    "optimal_cost": 1.0,
    "probability_distribution": {
        "3.0": 8.767123275781271e-10,
        "7.0": 3.676054134117282e-11,
        "1.0": 0.9999999990865271
    },
    "probability_distribution_items": [
        [
            3.0,
            8.767123275781271e-10
        ],
        [
            7.0,
            3.676054134117282e-11
        ],
        [
            1.0,
            0.9999999990865271
        ]
    ],
    "approximation_ratio": 1.0000000019739879,
    "approximation_ratio_offset": 0.999999999671002,
    "noise": false,
    "p": 5
}