{
    "expected_value": 1.0000000002149354,
    "optimal_gammas": [
        1.7823213850027402,
        4.382236577698405,
        1.1447433220219836,
        1.04623152422993,
        2.873039913830175
    ],
    "optimal_betas": [
        0.18170409077961136,
        0.5869082403758932,
        2.7851313638594863,
        0.31159281911437064,
        3.043262569094132
    ],
    "problem_identifier": "{'W': [1], 'W_max': 1, 'A': 8, 'B': 4, 'C': 32}",
    "now": "2021-05-08 06:17:46",
    "execution_time": "2:44:46.866121",
    "nfev": 7991,
    "message": "Maximum number of iterations has been exceeded.",
    "success": false,
    "nit": 50,
    "problem": {
        "W": [
            1
        ],
        "W_max": 1,
        "A": 8,
        "B": 4,
        "C": 32
    },
    "optimal_cost": 1.0,
    "probability_distribution": {
        "8.0": 3.6536240201680235e-12,
        "2.0": 2.462409621355905e-12,
        "11.0": 1.8689785749622114e-11,
        "1.0": 0.9999999999751942
    },
    "probability_distribution_items": [
        [
            8.0,
            3.6536240201680235e-12
        ],
        [
            2.0,
            2.462409621355905e-12
        ],
        [
            11.0,
            1.8689785749622114e-11
        ],
        [
            1.0,
            0.9999999999751942
        ]
    ],
    "approximation_ratio": 1.0000000002149358,
    "approximation_ratio_offset": 0.9999999999785064,
    "noise": false,
    "p": 5
}