{
    "expected_value": 53.36450273438662,
    "optimal_gammas": [
        4.311002634556189
    ],
    "optimal_betas": [
        0.3335599616874963
    ],
    "problem_identifier": "{'W': [1, 1], 'W_max': 2, 'A': 32, 'B': 4, 'C': 128}",
    "now": "2021-05-07 22:40:24",
    "execution_time": "0:03:25.551021",
    "nfev": 1509,
    "message": "Optimization terminated successfully.",
    "success": true,
    "nit": 48,
    "problem": {
        "W": [
            1,
            1
        ],
        "W_max": 2,
        "A": 32,
        "B": 4,
        "C": 128
    },
    "optimal_cost": 1.0,
    "probability_distribution": {
        "64.0": 0.00018682046148784837,
        "40.0": 0.005259581107246582,
        "32.0": 0.0002048046215039987,
        "80.0": 0.015215753709544498,
        "16.0": 0.013366772269463558,
        "72.0": 0.0027236058755913625,
        "128.0": 0.00010345676298537779,
        "97.0": 0.001128419359359923,
        "41.0": 0.024891200290601927,
        "1.0": 0.0010224330688434783,
        "73.0": 0.06641605373007545,
        "81.0": 0.05788114828668795,
        "17.0": 0.05843849240980313,
        "65.0": 0.005619452322130455,
        "33.0": 0.0062420440698596515,
        "9.0": 0.05946092547864659,
        "49.0": 0.021471305227963082,
        "105.0": 0.0010351152453236853,
        "140.0": 0.00021221686518680926,
        "68.0": 0.0037633799833051837,
        "12.0": 0.0018981984412472206,
        "116.0": 0.008516131570822318,
        "108.0": 0.07216388574136282,
        "44.0": 0.06910331081329187,
        "52.0": 0.06559795924167282,
        "100.0": 0.008276491665213175,
        "130.0": 2.3932544962681166e-05,
        "74.0": 0.10828488606976448,
        "34.0": 0.03845781145248057,
        "82.0": 0.007193729947732144,
        "18.0": 0.006678653722936055,
        "42.0": 0.013145375227772071,
        "66.0": 0.009562632796328836,
        "106.0": 3.727921183257025e-05,
        "50.0": 0.04064934031752626,
        "10.0": 0.10025300957952107,
        "173.0": 8.316905179538671e-05,
        "101.0": 0.010763596926949628,
        "45.0": 0.024475855301580175,
        "117.0": 0.002492738960215333,
        "109.0": 0.012836681818140641,
        "53.0": 0.015046320726960234,
        "77.0": 0.011275391029177968,
        "69.0": 0.005833237767439676,
        "2.0": 0.006477347194422365,
        "149.0": 8.316905179538663e-05,
        "21.0": 0.000337112079099537,
        "37.0": 0.00909242249552041,
        "85.0": 0.005022499192713978,
        "216.0": 4.1270745572642886e-05,
        "144.0": 0.0002462998664977353,
        "88.0": 0.0010838328022370468,
        "136.0": 0.0003234454998050294
    },
    "probability_distribution_items": [
        [
            64.0,
            0.00018682046148784837
        ],
        [
            40.0,
            0.005259581107246582
        ],
        [
            32.0,
            0.0002048046215039987
        ],
        [
            80.0,
            0.015215753709544498
        ],
        [
            16.0,
            0.013366772269463558
        ],
        [
            72.0,
            0.0027236058755913625
        ],
        [
            128.0,
            0.00010345676298537779
        ],
        [
            97.0,
            0.001128419359359923
        ],
        [
            41.0,
            0.024891200290601927
        ],
        [
            1.0,
            0.0010224330688434783
        ],
        [
            73.0,
            0.06641605373007545
        ],
        [
            81.0,
            0.05788114828668795
        ],
        [
            17.0,
            0.05843849240980313
        ],
        [
            65.0,
            0.005619452322130455
        ],
        [
            33.0,
            0.0062420440698596515
        ],
        [
            9.0,
            0.05946092547864659
        ],
        [
            49.0,
            0.021471305227963082
        ],
        [
            105.0,
            0.0010351152453236853
        ],
        [
            140.0,
            0.00021221686518680926
        ],
        [
            68.0,
            0.0037633799833051837
        ],
        [
            12.0,
            0.0018981984412472206
        ],
        [
            116.0,
            0.008516131570822318
        ],
        [
            108.0,
            0.07216388574136282
        ],
        [
            44.0,
            0.06910331081329187
        ],
        [
            52.0,
            0.06559795924167282
        ],
        [
            100.0,
            0.008276491665213175
        ],
        [
            130.0,
            2.3932544962681166e-05
        ],
        [
            74.0,
            0.10828488606976448
        ],
        [
            34.0,
            0.03845781145248057
        ],
        [
            82.0,
            0.007193729947732144
        ],
        [
            18.0,
            0.006678653722936055
        ],
        [
            42.0,
            0.013145375227772071
        ],
        [
            66.0,
            0.009562632796328836
        ],
        [
            106.0,
            3.727921183257025e-05
        ],
        [
            50.0,
            0.04064934031752626
        ],
        [
            10.0,
            0.10025300957952107
        ],
        [
            173.0,
            8.316905179538671e-05
        ],
        [
            101.0,
            0.010763596926949628
        ],
        [
            45.0,
            0.024475855301580175
        ],
        [
            117.0,
            0.002492738960215333
        ],
        [
            109.0,
            0.012836681818140641
        ],
        [
            53.0,
            0.015046320726960234
        ],
        [
            77.0,
            0.011275391029177968
        ],
        [
            69.0,
            0.005833237767439676
        ],
        [
            2.0,
            0.006477347194422365
        ],
        [
            149.0,
            8.316905179538663e-05
        ],
        [
            21.0,
            0.000337112079099537
        ],
        [
            37.0,
            0.00909242249552041
        ],
        [
            85.0,
            0.005022499192713978
        ],
        [
            216.0,
            4.1270745572642886e-05
        ],
        [
            144.0,
            0.0002462998664977353
        ],
        [
            88.0,
            0.0010838328022370468
        ],
        [
            136.0,
            0.0003234454998050294
        ]
    ],
    "approximation_ratio": 53.364502734386676,
    "approximation_ratio_offset": 0.756444173328434,
    "noise": false,
    "p": 1
}