{
    "expected_value": 1.0000000002899518,
    "optimal_gammas": [
        4.226896875635808,
        3.0049708305869247,
        5.273519265598722,
        4.6074058069973605
    ],
    "optimal_betas": [
        0.6701808787765092,
        1.3621293180968521,
        2.762042859721387,
        1.4309956369643306
    ],
    "problem_identifier": "{'W': [1], 'W_max': 1, 'A': 12, 'B': 4, 'C': 12}",
    "now": "2021-05-12 21:49:09",
    "execution_time": "3:54:17.434975",
    "nfev": 6345,
    "message": "Maximum number of iterations has been exceeded.",
    "success": false,
    "nit": 50,
    "problem": {
        "W": [
            1
        ],
        "W_max": 1,
        "A": 12,
        "B": 4,
        "C": 12
    },
    "optimal_cost": 1.0,
    "probability_distribution": {
        "3.0": 4.4593349858607064e-11,
        "7.0": 3.346099441773827e-11,
        "1.0": 0.9999999999219457
    },
    "probability_distribution_items": [
        [
            3.0,
            4.4593349858607064e-11
        ],
        [
            7.0,
            3.346099441773827e-11
        ],
        [
            1.0,
            0.9999999999219457
        ]
    ],
    "approximation_ratio": 1.0000000002899527,
    "approximation_ratio_offset": 0.9999999999516745,
    "noise": false,
    "p": 4
}