{
    "expected_value": 24.50685688788553,
    "optimal_gammas": [
        6.0845252113266834,
        1.354801554456549,
        2.7563034380096982,
        2.034625868577883,
        5.811895006404063,
        3.6773026121971,
        5.124158450856636
    ],
    "optimal_betas": [
        2.823272130352146,
        3.07850649524056,
        0.6730387007716448,
        1.5842501408001939,
        0.0973063474977194,
        3.0245895381763237,
        1.8870368407164848
    ],
    "problem_identifier": "{'W': [1, 1], 'W_max': 2, 'A': 32, 'B': 4, 'C': 64}",
    "now": "2021-05-08 05:09:09",
    "execution_time": "4:50:53.798735",
    "nfev": 18570,
    "message": "Maximum number of iterations has been exceeded.",
    "success": false,
    "nit": 50,
    "problem": {
        "W": [
            1,
            1
        ],
        "W_max": 2,
        "A": 32,
        "B": 4,
        "C": 64
    },
    "optimal_cost": 1.0,
    "probability_distribution": {
        "32.0": 0.2143445521129423,
        "24.0": 0.08067998321359941,
        "48.0": 0.004425543901267223,
        "16.0": 0.0043608227902752,
        "56.0": 0.00021611319691655992,
        "96.0": 0.00015080203907716705,
        "65.0": 0.0032649361319183516,
        "25.0": 0.09376612811366292,
        "1.0": 0.06244109141833435,
        "57.0": 0.001061633751214219,
        "49.0": 0.008164335051387266,
        "17.0": 0.08902331787179422,
        "41.0": 0.010445429294058381,
        "9.0": 0.0704458551686622,
        "33.0": 0.012907212514549994,
        "73.0": 8.184666038655748e-05,
        "108.0": 0.0008960571694851044,
        "52.0": 0.0025483063571532113,
        "12.0": 0.13049491682648562,
        "100.0": 7.308504664687707e-05,
        "76.0": 0.0036516034745954877,
        "44.0": 0.00022811978055359614,
        "36.0": 0.038525131619349694,
        "84.0": 0.0012608574309321782,
        "98.0": 0.0001260352301972347,
        "58.0": 0.001658696762763858,
        "34.0": 0.03153795506977426,
        "50.0": 0.005708745521156664,
        "18.0": 0.02683314040328553,
        "26.0": 0.01079966694341479,
        "74.0": 0.00021710520194680605,
        "42.0": 0.043767528110509664,
        "10.0": 0.012292079800506336,
        "141.0": 0.0001245978998088391,
        "85.0": 0.00046385921384386433,
        "45.0": 0.004615354706023038,
        "101.0": 0.0007607821864321512,
        "77.0": 0.000751882765515421,
        "37.0": 0.007181692601153217,
        "53.0": 0.00250183521876024,
        "2.0": 0.0008778956244706957,
        "117.0": 0.00012459789980884104,
        "61.0": 0.002087922882950021,
        "21.0": 0.003568575736381728,
        "93.0": 0.0007607821864321533,
        "69.0": 0.0005817349526435085,
        "29.0": 0.006842537368294085,
        "184.0": 0.00011232454385143988,
        "128.0": 0.0003130631647346947,
        "88.0": 0.00018898987957538792,
        "104.0": 0.00020768218662194378,
        "72.0": 0.000329193060168793,
        "64.0": 0.0012060619437266895
    },
    "probability_distribution_items": [
        [
            32.0,
            0.2143445521129423
        ],
        [
            24.0,
            0.08067998321359941
        ],
        [
            48.0,
            0.004425543901267223
        ],
        [
            16.0,
            0.0043608227902752
        ],
        [
            56.0,
            0.00021611319691655992
        ],
        [
            96.0,
            0.00015080203907716705
        ],
        [
            65.0,
            0.0032649361319183516
        ],
        [
            25.0,
            0.09376612811366292
        ],
        [
            1.0,
            0.06244109141833435
        ],
        [
            57.0,
            0.001061633751214219
        ],
        [
            49.0,
            0.008164335051387266
        ],
        [
            17.0,
            0.08902331787179422
        ],
        [
            41.0,
            0.010445429294058381
        ],
        [
            9.0,
            0.0704458551686622
        ],
        [
            33.0,
            0.012907212514549994
        ],
        [
            73.0,
            8.184666038655748e-05
        ],
        [
            108.0,
            0.0008960571694851044
        ],
        [
            52.0,
            0.0025483063571532113
        ],
        [
            12.0,
            0.13049491682648562
        ],
        [
            100.0,
            7.308504664687707e-05
        ],
        [
            76.0,
            0.0036516034745954877
        ],
        [
            44.0,
            0.00022811978055359614
        ],
        [
            36.0,
            0.038525131619349694
        ],
        [
            84.0,
            0.0012608574309321782
        ],
        [
            98.0,
            0.0001260352301972347
        ],
        [
            58.0,
            0.001658696762763858
        ],
        [
            34.0,
            0.03153795506977426
        ],
        [
            50.0,
            0.005708745521156664
        ],
        [
            18.0,
            0.02683314040328553
        ],
        [
            26.0,
            0.01079966694341479
        ],
        [
            74.0,
            0.00021710520194680605
        ],
        [
            42.0,
            0.043767528110509664
        ],
        [
            10.0,
            0.012292079800506336
        ],
        [
            141.0,
            0.0001245978998088391
        ],
        [
            85.0,
            0.00046385921384386433
        ],
        [
            45.0,
            0.004615354706023038
        ],
        [
            101.0,
            0.0007607821864321512
        ],
        [
            77.0,
            0.000751882765515421
        ],
        [
            37.0,
            0.007181692601153217
        ],
        [
            53.0,
            0.00250183521876024
        ],
        [
            2.0,
            0.0008778956244706957
        ],
        [
            117.0,
            0.00012459789980884104
        ],
        [
            61.0,
            0.002087922882950021
        ],
        [
            21.0,
            0.003568575736381728
        ],
        [
            93.0,
            0.0007607821864321533
        ],
        [
            69.0,
            0.0005817349526435085
        ],
        [
            29.0,
            0.006842537368294085
        ],
        [
            184.0,
            0.00011232454385143988
        ],
        [
            128.0,
            0.0003130631647346947
        ],
        [
            88.0,
            0.00018898987957538792
        ],
        [
            104.0,
            0.00020768218662194378
        ],
        [
            72.0,
            0.000329193060168793
        ],
        [
            64.0,
            0.0012060619437266895
        ]
    ],
    "approximation_ratio": 24.506856887885593,
    "approximation_ratio_offset": 0.8715472301208438,
    "noise": false,
    "p": 7
}