{
    "expected_value": 22.97732475225897,
    "optimal_gammas": [
        0.005888632436313019,
        5.1212305328756536
    ],
    "optimal_betas": [
        0.9608183541116334,
        2.2688124929721862
    ],
    "problem_identifier": "{'W': [1, 1, 1], 'W_max': 1, 'A': 16, 'B': 4, 'C': 32}",
    "now": "2021-05-12 06:24:54",
    "execution_time": "0:53:01.283550",
    "nfev": 3345,
    "message": "Maximum number of iterations has been exceeded.",
    "success": false,
    "nit": 50,
    "problem": {
        "W": [
            1,
            1,
            1
        ],
        "W_max": 1,
        "A": 16,
        "B": 4,
        "C": 32
    },
    "optimal_cost": 3.0,
    "probability_distribution": {
        "24.0": 0.2625068656372801,
        "20.0": 0.29063622145862245,
        "36.0": 0.007921999778162181,
        "32.0": 0.023648525676868946,
        "16.0": 0.07846002780180063,
        "48.0": 0.0008219784913462494,
        "56.0": 0.000248337970476811,
        "40.0": 0.00043961520502985244,
        "68.0": 9.529672444027986e-05,
        "96.0": 9.276873904987311e-06,
        "60.0": 0.000515157984163316,
        "28.0": 0.00800873647662851,
        "64.0": 0.00030081890915347305,
        "76.0": 1.3921512951114223e-05,
        "12.0": 0.0035276834529346275,
        "84.0": 3.4721632497121825e-05,
        "52.0": 0.00019418036410603218,
        "80.0": 6.7858516971204965e-06,
        "124.0": 2.2306123263309737e-07,
        "120.0": 4.9309633193369e-07,
        "88.0": 6.224226650128688e-06,
        "132.0": 1.9482439527090734e-07,
        "72.0": 2.6190169931306463e-06,
        "116.0": 5.960826041063743e-07,
        "160.0": 2.10741256866908e-08,
        "204.0": 5.758257770357663e-10,
        "29.0": 0.1318382879890624,
        "17.0": 0.04064213967588227,
        "13.0": 0.021097508627992242,
        "25.0": 0.08517325479044789,
        "9.0": 0.0017589089945127924,
        "33.0": 0.0016037113496564128,
        "45.0": 0.0004657263265454642,
        "49.0": 3.209673869584529e-05,
        "41.0": 0.001739131809371333,
        "57.0": 0.00036307885303196995,
        "77.0": 6.3782972923644955e-06,
        "37.0": 0.004093200127069132,
        "53.0": 0.00015643325539148784,
        "21.0": 0.009777974933168624,
        "61.0": 0.0001877521630187603,
        "73.0": 3.42680474227193e-05,
        "85.0": 2.2744079553784555e-06,
        "69.0": 1.21789628765887e-06,
        "105.0": 3.984352019863469e-07,
        "81.0": 8.719440075043127e-06,
        "109.0": 4.718607757288796e-07,
        "113.0": 6.657500240926205e-08,
        "65.0": 9.46724711166859e-06,
        "97.0": 1.7368386657978926e-07,
        "93.0": 2.341680972480746e-06,
        "121.0": 1.9707465254883285e-07,
        "141.0": 1.8221030182507262e-08,
        "101.0": 1.159785136017389e-07,
        "149.0": 9.110515091253224e-09,
        "185.0": 6.292820240286838e-10,
        "34.0": 0.010952082721219947,
        "22.0": 0.006091618994647099,
        "18.0": 0.001480367564847222,
        "26.0": 0.0006546744657336683,
        "10.0": 0.0005186039516874355,
        "6.0": 9.369067059987521e-05,
        "38.0": 0.00022489450487132788,
        "58.0": 1.4529956366578532e-05,
        "30.0": 0.0030014196140162115,
        "14.0": 4.0645509377091e-05,
        "54.0": 7.307753800000917e-05,
        "50.0": 5.0569539146724095e-05,
        "62.0": 3.456565153265772e-06,
        "46.0": 1.2010430368822633e-05,
        "66.0": 9.810434941929901e-07,
        "86.0": 6.432906079494472e-08,
        "42.0": 1.3040867879711565e-05,
        "70.0": 3.673369430200438e-06,
        "74.0": 3.3891430402633865e-07,
        "98.0": 1.0862720000156922e-07,
        "102.0": 6.41385906043062e-08,
        "122.0": 2.6443733410530952e-09,
        "82.0": 4.7444783249190744e-07,
        "110.0": 1.3453472077727728e-08,
        "94.0": 2.2877443029088576e-08,
        "130.0": 5.288746682108131e-09,
        "166.0": 2.0144494355269215e-10,
        "39.0": 1.3496810930473612e-05,
        "27.0": 0.00018806797526305053,
        "23.0": 3.328346153694122e-05,
        "31.0": 7.393098946774148e-05,
        "15.0": 3.813797862157756e-05,
        "11.0": 4.634503171561974e-06,
        "43.0": 6.043312050747414e-07,
        "63.0": 8.78275604542332e-08,
        "51.0": 4.9659936136986785e-06,
        "19.0": 1.2754548523470572e-05,
        "47.0": 1.9227866464860005e-06,
        "3.0": 1.4664739683117571e-06,
        "35.0": 5.233936231914528e-08,
        "59.0": 2.7244221843181445e-07,
        "83.0": 2.0388496044862895e-09,
        "87.0": 7.005871774482824e-09,
        "55.0": 2.3472528638637848e-08,
        "91.0": 3.421600173329665e-09,
        "75.0": 4.561273625358793e-09,
        "111.0": 8.034971699616647e-10,
        "147.0": 2.496692092628567e-11
    },