{
    "expected_value": 1.0000000000007108,
    "optimal_gammas": [
        2.748893525517369,
        1.9634955343850022,
        3.141592627496192
    ],
    "optimal_betas": [
        0.7853977102789791,
        1.2285498153114693,
        1.1276447890793266
    ],
    "problem_identifier": "{'W': [1], 'W_max': 1, 'A': 8, 'B': 4, 'C': 8}",
    "now": "2021-05-08 01:10:38",
    "execution_time": "0:56:50.108483",
    "nfev": 4716,
    "message": "Maximum number of iterations has been exceeded.",
    "success": false,
    "nit": 50,
    "problem": {
        "W": [
            1
        ],
        "W_max": 1,
        "A": 8,
        "B": 4,
        "C": 8
    },
    "optimal_cost": 1.0,
    "probability_distribution": {
        "2.0": 4.008087195230475e-13,
        "5.0": 7.75969217146501e-14,
        "1.0": 0.9999999999995216
    },
    "probability_distribution_items": [
        [
            2.0,
            4.008087195230475e-13
        ],
        [
            5.0,
            7.75969217146501e-14
        ],
        [
            1.0,
            0.9999999999995216
        ]
    ],
    "approximation_ratio": 1.0000000000007112,
    "approximation_ratio_offset": 0.9999999999998221,
    "noise": false,
    "p": 3
}