{
    "expected_value": 21.17252695681726,
    "optimal_gammas": [
        3.8402288856129037,
        6.092848933107756,
        4.750644419162792
    ],
    "optimal_betas": [
        0.16413296116522974,
        1.2022889170407558,
        1.7427420986970728
    ],
    "problem_identifier": "{'W': [1, 1], 'W_max': 2, 'A': 36, 'B': 4, 'C': 36}",
    "now": "2021-05-12 05:41:24",
    "execution_time": "1:23:04.742738",
    "nfev": 4982,
    "message": "Maximum number of iterations has been exceeded.",
    "success": false,
    "nit": 50,
    "problem": {
        "W": [
            1,
            1
        ],
        "W_max": 2,
        "A": 36,
        "B": 4,
        "C": 36
    },
    "optimal_cost": 1.0,
    "probability_distribution": {
        "18.0": 0.1567038672173334,
        "36.0": 0.004899386885644627,
        "54.0": 0.00028878525046351544,
        "90.0": 0.0002070334378166349,
        "55.0": 0.010311036887722103,
        "19.0": 0.09574641490993491,
        "1.0": 0.06514619307402472,
        "37.0": 0.005705888758235618,
        "73.0": 0.0005175700709707592,
        "28.0": 0.03178114124993552,
        "10.0": 0.14433814125289388,
        "46.0": 0.0011866571901325174,
        "64.0": 0.00012116400792622385,
        "103.0": 0.000801870923624799,
        "49.0": 0.009736516660606823,
        "13.0": 0.09797042236240644,
        "67.0": 0.009939803666874676,
        "31.0": 0.03367948425854564,
        "121.0": 9.151356485888654e-05,
        "85.0": 0.0007045517337411844,
        "92.0": 0.00012768555658193402,
        "56.0": 0.00185092479304558,
        "38.0": 0.014484589510809094,
        "20.0": 0.044921458291590055,
        "65.0": 0.0008102190283365888,
        "47.0": 0.009355283841188836,
        "29.0": 0.1134994546300381,
        "11.0": 0.05778619065760171,
        "140.0": 0.0005128194011091017,
        "86.0": 0.0007821139555010325,
        "50.0": 0.006719354303347431,
        "104.0": 0.0005762167520944407,
        "68.0": 0.00039219127961343864,
        "32.0": 0.03227684010524842,
        "2.0": 0.00175295750764588,
        "113.0": 0.0005128194011091043,
        "59.0": 0.00349572814051359,
        "23.0": 0.012939421537457184,
        "95.0": 0.0008597457335780755,
        "41.0": 0.023451820984255918,
        "188.0": 0.0001651069771977759,
        "134.0": 9.509929200781579e-05,
        "98.0": 0.0009485363350277472,
        "80.0": 3.990424246941559e-05,
        "62.0": 0.0014815939247316576,
        "44.0": 0.00028448045420728456
    },
    "probability_distribution_items": [
        [
            18.0,
            0.1567038672173334
        ],
        [
            36.0,
            0.004899386885644627
        ],
        [
            54.0,
            0.00028878525046351544
        ],
        [
            90.0,
            0.0002070334378166349
        ],
        [
            55.0,
            0.010311036887722103
        ],
        [
            19.0,
            0.09574641490993491
        ],
        [
            1.0,
            0.06514619307402472
        ],
        [
            37.0,
            0.005705888758235618
        ],
        [
            73.0,
            0.0005175700709707592
        ],
        [
            28.0,
            0.03178114124993552
        ],
        [
            10.0,
            0.14433814125289388
        ],
        [
            46.0,
            0.0011866571901325174
        ],
        [
            64.0,
            0.00012116400792622385
        ],
        [
            103.0,
            0.000801870923624799
        ],
        [
            49.0,
            0.009736516660606823
        ],
        [
            13.0,
            0.09797042236240644
        ],
        [
            67.0,
            0.009939803666874676
        ],
        [
            31.0,
            0.03367948425854564
        ],
        [
            121.0,
            9.151356485888654e-05
        ],
        [
            85.0,
            0.0007045517337411844
        ],
        [
            92.0,
            0.00012768555658193402
        ],
        [
            56.0,
            0.00185092479304558
        ],
        [
            38.0,
            0.014484589510809094
        ],
        [
            20.0,
            0.044921458291590055
        ],
        [
            65.0,
            0.0008102190283365888
        ],
        [
            47.0,
            0.009355283841188836
        ],
        [
            29.0,
            0.1134994546300381
        ],
        [
            11.0,
            0.05778619065760171
        ],
        [
            140.0,
            0.0005128194011091017
        ],
        [
            86.0,
            0.0007821139555010325
        ],
        [
            50.0,
            0.006719354303347431
        ],
        [
            104.0,
            0.0005762167520944407
        ],
        [
            68.0,
            0.00039219127961343864
        ],
        [
            32.0,
            0.03227684010524842
        ],
        [
            2.0,
            0.00175295750764588
        ],
        [
            113.0,
            0.0005128194011091043
        ],
        [
            59.0,
            0.00349572814051359
        ],
        [
            23.0,
            0.012939421537457184
        ],
        [
            95.0,
            0.0008597457335780755
        ],
        [
            41.0,
            0.023451820984255918
        ],
        [
            188.0,
            0.0001651069771977759
        ],
        [
            134.0,
            9.509929200781579e-05
        ],
        [
            98.0,
            0.0009485363350277472
        ],
        [
            80.0,
            3.990424246941559e-05
        ],
        [
            62.0,
            0.0014815939247316576
        ],
        [
            44.0,
            0.00028448045420728456
        ]
    ],
    "approximation_ratio": 21.172526956817297,
    "approximation_ratio_offset": 0.8921255242950946,
    "noise": false,
    "p": 3
}