{
    "expected_value": 16.206523684692105,
    "optimal_gammas": [
        1.5650688970591147,
        3.679005245476438,
        1.1288146948894642
    ],
    "optimal_betas": [
        0.8602023823345192,
        2.5449408956068003,
        1.7767164882002948
    ],
    "problem_identifier": "{'W': [1, 1, 1], 'W_max': 1, 'A': 12, 'B': 4, 'C': 24}",
    "now": "2021-05-07 23:03:06",
    "execution_time": "0:20:23.122412",
    "nfev": 4961,
    "message": "Maximum number of iterations has been exceeded.",
    "success": false,
    "nit": 50,
    "problem": {
        "W": [
            1,
            1,
            1
        ],
        "W_max": 1,
        "A": 12,
        "B": 4,
        "C": 24
    },
    "optimal_cost": 3.0,
    "probability_distribution": {
        "18.0": 0.03260893415698312,
        "15.0": 0.12127848328360355,
        "27.0": 0.0071029064525075574,
        "24.0": 0.014892351161860306,
        "12.0": 0.13488148794751004,
        "36.0": 0.002867015738535814,
        "42.0": 0.0002348077251921326,
        "30.0": 0.0013088560314308878,
        "51.0": 0.00040757960118864605,
        "72.0": 5.410784812755388e-05,
        "45.0": 0.00022472719872693376,
        "21.0": 0.011026826791454775,
        "48.0": 0.000529233689491207,
        "57.0": 5.6422378458995984e-05,
        "9.0": 0.004644511976157173,
        "63.0": 5.1661902136107013e-05,
        "39.0": 0.0005373621725692241,
        "60.0": 2.1464162035771638e-05,
        "93.0": 3.835800682523208e-06,
        "90.0": 2.4781406664453585e-06,
        "66.0": 6.660728521666883e-05,
        "99.0": 1.8094335266398492e-06,
        "54.0": 3.080946516467374e-05,
        "87.0": 6.037103629099257e-06,
        "120.0": 6.475340610883374e-07,
        "153.0": 1.9116430414213013e-08,
        "22.0": 0.0802681021318161,
        "13.0": 0.08920404137530949,
        "10.0": 0.14298328873287114,
        "19.0": 0.18272449422321227,
        "7.0": 0.004457745699956628,
        "25.0": 0.0023346857391230466,
        "34.0": 0.001196700039318423,
        "37.0": 9.459516698353798e-05,
        "31.0": 0.0036521234939056856,
        "43.0": 0.0005146732425254572,
        "58.0": 4.515543547802865e-05,
        "28.0": 0.00657812097334859,
        "40.0": 0.0006788642759099575,
        "16.0": 0.0625267799706323,
        "46.0": 0.0006612529229219677,
        "55.0": 6.549180570094884e-05,
        "64.0": 8.076313812799814e-06,
        "52.0": 4.286016646429307e-06,
        "79.0": 2.428576077623823e-06,
        "61.0": 9.1437127622421e-06,
        "82.0": 4.06678916822283e-06,
        "85.0": 3.2327396163761155e-07,
        "49.0": 3.183449213299483e-05,
        "73.0": 5.692625467588129e-07,
        "70.0": 8.576982988707266e-06,
        "91.0": 1.301328535843585e-06,
        "106.0": 1.7525874035745392e-07,
        "76.0": 3.2325435479502037e-06,
        "112.0": 8.762937017873066e-08,
        "139.0": 1.004733167261899e-08,
        "26.0": 0.01840060678550386,
        "17.0": 0.03947414745947679,
        "14.0": 0.0060811061459146235,
        "20.0": 0.001308596740518493,
        "8.0": 0.002715185862794151,
        "5.0": 0.0009612979535430215,
        "29.0": 0.0004772659449319459,
        "44.0": 3.873389738597393e-05,
        "23.0": 0.018948324513921085,
        "11.0": 0.00016020832173146854,
        "41.0": 0.00015000783881320183,
        "38.0": 0.0002448593120438195,
        "47.0": 2.7571349642476956e-05,
        "35.0": 1.933147188442373e-05,
        "50.0": 6.882865777923793e-06,
        "65.0": 9.091151687779455e-07,
        "32.0": 4.255728511112902e-05,
        "53.0": 1.7702813010376833e-05,
        "56.0": 3.269809770614732e-06,
        "74.0": 5.064092629607865e-07,
        "77.0": 1.0612043064457355e-06,
        "92.0": 8.20344176988453e-08,
        "62.0": 5.488031932459022e-06,
        "83.0": 7.500028428573002e-08,
        "71.0": 2.1351877250092251e-07,
        "98.0": 1.6406883539769276e-07,
        "125.0": 4.180534455128939e-09,
        "33.0": 5.166007304692768e-06,
        "3.0": 7.214288148747292e-06,
        "69.0": 1.628217154642781e-07,
        "84.0": 8.024797232734733e-08,
        "111.0": 5.145591242098359e-09
    },