{
    "expected_value": 12.59896104878919,
    "optimal_gammas": [
        5.879863067617512,
        1.5830297338532264,
        0.029496786096790382
    ],
    "optimal_betas": [
        1.4087761636246712,
        0.7121689253346344,
        1.8222796170878324
    ],
    "problem_identifier": "{'W': [1, 1, 1], 'W_max': 1, 'A': 16, 'B': 4, 'C': 16}",
    "now": "2021-05-12 04:16:52",
    "execution_time": "0:56:43.022230",
    "nfev": 5115,
    "message": "Maximum number of iterations has been exceeded.",
    "success": false,
    "nit": 50,
    "problem": {
        "W": [
            1,
            1,
            1
        ],
        "W_max": 1,
        "A": 16,
        "B": 4,
        "C": 16
    },
    "optimal_cost": 3.0,
    "probability_distribution": {
        "12.0": 0.9270600042588368,
        "20.0": 0.051770693353136284,
        "36.0": 0.002437352019574489,
        "28.0": 0.0027413376318330446,
        "44.0": 0.000377239370158165,
        "60.0": 2.1134223808079807e-05,
        "84.0": 1.0432380252914873e-06,
        "52.0": 8.996149347584967e-06,
        "76.0": 9.208813977248799e-07,
        "68.0": 3.9278558756405294e-07,
        "100.0": 7.366603587460852e-08,
        "92.0": 3.309129142543758e-08,
        "124.0": 4.926994016421713e-09,
        "156.0": 2.8261978013340413e-10,
        "17.0": 0.010260778570571484,
        "9.0": 0.0032326282692203686,
        "25.0": 0.0014176590305901647,
        "33.0": 7.189185780929957e-05,
        "41.0": 0.000115258309360774,
        "49.0": 7.009629325340737e-06,
        "65.0": 4.057003355661917e-07,
        "57.0": 1.3338872423540421e-06,
        "81.0": 1.1528082649602894e-08,
        "73.0": 6.399481868085256e-08,
        "89.0": 1.6073459833639846e-08,
        "105.0": 1.5636298872748576e-09,
        "97.0": 2.3642279944182688e-09,
        "113.0": 7.818149436382441e-10,
        "137.0": 1.0354361166552153e-10,
        "22.0": 0.00024555355451944726,
        "14.0": 0.00013147769806357278,
        "6.0": 1.4102239309616184e-05,
        "30.0": 9.638472969277932e-06,
        "46.0": 6.811386157242307e-07,
        "38.0": 3.7174067682509843e-07,
        "62.0": 1.3011211580972413e-08,
        "54.0": 5.96413817434341e-08,
        "70.0": 4.948343320339195e-09,
        "86.0": 2.0945966427735147e-10,
        "78.0": 2.314964640911246e-09,
        "94.0": 4.1891932855501706e-10,
        "118.0": 2.4205046650752972e-11,
        "27.0": 3.1833070199144374e-05,
        "19.0": 3.860274286361227e-05,
        "11.0": 1.3248623873412268e-06,
        "35.0": 2.387549697288538e-08,
        "51.0": 1.7385741568284684e-09,
        "3.0": 1.5647573527032153e-08,
        "43.0": 4.298300644134599e-09,
        "59.0": 7.16624968305735e-10,
        "75.0": 9.008750676326917e-11,
        "99.0": 2.5893127117590295e-12
    },
    "probability_distribution_items": [
        [
            12.0,
            0.9270600042588368
        ],
        [
            20.0,
            0.051770693353136284
        ],
        [
            36.0,
            0.002437352019574489
        ],
        [
            28.0,
            0.0027413376318330446
        ],
        [
            44.0,
            0.000377239370158165
        ],
        [
            60.0,
            2.1134223808079807e-05
        ],
        [
            84.0,
            1.0432380252914873e-06
        ],
        [
            52.0,
            8.996149347584967e-06
        ],
        [
            76.0,
            9.208813977248799e-07
        ],
        [
            68.0,
            3.9278558756405294e-07
        ],
        [
            100.0,
            7.366603587460852e-08
        ],
        [
            92.0,
            3.309129142543758e-08
        ],
        [
            124.0,
            4.926994016421713e-09
        ],
        [
            156.0,
            2.8261978013340413e-10
        ],
        [
            17.0,
            0.010260778570571484
        ],
        [
            9.0,
            0.0032326282692203686
        ],
        [
            25.0,
            0.0014176590305901647
        ],
        [
            33.0,
            7.189185780929957e-05
        ],
        [
            41.0,
            0.000115258309360774
        ],
        [
            49.0,
            7.009629325340737e-06
        ],
        [
            65.0,
            4.057003355661917e-07
        ],
        [
            57.0,
            1.3338872423540421e-06
        ],
        [
            81.0,
            1.1528082649602894e-08
        ],
        [
            73.0,
            6.399481868085256e-08
        ],
        [
            89.0,
            1.6073459833639846e-08
        ],
        [
            105.0,
            1.5636298872748576e-09
        ],
        [
            97.0,
            2.3642279944182688e-09
        ],
        [
            113.0,
            7.818149436382441e-10
        ],
        [
            137.0,
            1.0354361166552153e-10
        ],
        [
            22.0,
            0.00024555355451944726
        ],
        [
            14.0,
            0.00013147769806357278
        ],
        [
            6.0,
            1.4102239309616184e-05
        ],
        [
            30.0,
            9.638472969277932e-06
        ],
        [
            46.0,
            6.811386157242307e-07
        ],
        [
            38.0,
            3.7174067682509843e-07
        ],
        [
            62.0,
            1.3011211580972413e-08
        ],
        [
            54.0,
            5.96413817434341e-08
        ],
        [
            70.0,
            4.948343320339195e-09
        ],
        [
            86.0,
            2.0945966427735147e-10
        ],
        [
            78.0,
            2.314964640911246e-09
        ],
        [
            94.0,
            4.1891932855501706e-10
        ],
        [
            118.0,
            2.4205046650752972e-11
        ],
        [
            27.0,
            3.1833070199144374e-05
        ],
        [
            19.0,
            3.860274286361227e-05
        ],
        [
            11.0,
            1.3248623873412268e-06
        ],
        [
            35.0,
            2.387549697288538e-08
        ],
        [
            51.0,
            1.7385741568284684e-09
        ],
        [
            3.0,
            1.5647573527032153e-08
        ],
        [
            43.0,
            4.298300644134599e-09
        ],
        [
            59.0,
            7.16624968305735e-10
        ],
        [
            75.0,
            9.008750676326917e-11
        ],
        [
            99.0,
            2.5893127117590295e-12
        ]
    ],
    "approximation_ratio": 4.199653682929765,
    "approximation_ratio_offset": 0.9372616924915732,
    "noise": false,
    "p": 3
}