{
    "expected_value": 1.0846121494120158,
    "optimal_gammas": [
        5.48847459183529,
        1.5998988453814948,
        3.953825471418609
    ],
    "optimal_betas": [
        2.0653922508980456,
        2.4656486988754236,
        2.3689711539925637
    ],
    "problem_identifier": "{'W': [1], 'W_max': 1, 'A': 12, 'B': 4, 'C': 48}",
    "now": "2021-05-12 02:42:44",
    "execution_time": "0:33:38.378098",
    "nfev": 5052,
    "message": "Maximum number of iterations has been exceeded.",
    "success": false,
    "nit": 50,
    "problem": {
        "W": [
            1
        ],
        "W_max": 1,
        "A": 12,
        "B": 4,
        "C": 48
    },
    "optimal_cost": 1.0,
    "probability_distribution": {
        "12.0": 0.006247613991198496,
        "3.0": 0.00752255582411254,
        "16.0": 5.6218924040491194e-05,
        "1.0": 0.9861736112606485
    },
    "probability_distribution_items": [
        [
            12.0,
            0.006247613991198496
        ],
        [
            3.0,
            0.00752255582411254
        ],
        [
            16.0,
            5.6218924040491194e-05
        ],
        [
            1.0,
            0.9861736112606485
        ]
    ],
    "approximation_ratio": 1.084612149412016,
    "approximation_ratio_offset": 0.9943591900391989,
    "noise": false,
    "p": 3
}