{
    "expected_value": 2.0569,
    "optimal_gammas": [
        2.472548037413908,
        2.3754998296969227,
        3.0090923506804845,
        1.3237378270494016,
        2.3478443928383834,
        1.218419905773931
    ],
    "optimal_betas": [
        0.4812499385676828,
        0.2525225424183887,
        0.4192008832605804,
        0.40609780966964654,
        0.100727139702121,
        1.3729618916523805
    ],
    "problem_identifier": "{'W': [1], 'W_max': 1, 'A': 8, 'B': 4, 'C': 12}",
    "now": "2021-05-03 21:40:59",
    "execution_time": "4:14:10.323298",
    "problem": {
        "W": [
            1
        ],
        "W_max": 1,
        "A": 8,
        "B": 4,
        "C": 12
    },
    "probability_distribution": {
        "3.0": 0.4222,
        "2.0": 0.049,
        "6.0": 0.0437,
        "1.0": 0.4851
    },
    "probability_distribution_items": [
        [
            3.0,
            0.4222
        ],
        [
            2.0,
            0.049
        ],
        [
            6.0,
            0.0437
        ],
        [
            1.0,
            0.4851
        ]
    ],
    "approximation_ratio": 0.7842399999999999,
    "noise": true,
    "p": 6
}