{
    "expected_value": 27.4104,
    "optimal_gammas": [
        2.2670292701442643
    ],
    "optimal_betas": [
        1.2138841749121043
    ],
    "problem_identifier": "{'W': [1, 1], 'W_max': 2, 'A': 8, 'B': 4, 'C': 80}",
    "now": "2021-05-03 18:34:10",
    "execution_time": "0:03:42.113054",
    "probability_distribution": {
        "40.0": 0.0187,
        "22.0": 0.0321,
        "49.0": 0.0658,
        "23.0": 0.034600000000000006,
        "1.0": 0.0216,
        "31.0": 0.0104,
        "45.0": 0.0079,
        "5.0": 0.0045,
        "17.0": 0.0017000000000000001,
        "43.0": 0.0355,
        "21.0": 0.026300000000000004,
        "3.0": 0.025599999999999998,
        "25.0": 0.019100000000000002,
        "11.0": 0.0027,
        "29.0": 0.0346,
        "51.0": 0.0024000000000000002,
        "8.0": 0.0039,
        "62.0": 0.0063,
        "32.0": 0.033600000000000005,
        "6.0": 0.09539999999999998,
        "44.0": 0.03859999999999999,
        "54.0": 0.0114,
        "14.0": 0.0063999999999999994,
        "28.0": 0.032600000000000004,
        "30.0": 0.0235,
        "58.0": 0.0042,
        "10.0": 0.009399999999999999,
        "46.0": 0.0089,
        "24.0": 0.0281,
        "42.0": 0.0073,
        "4.0": 0.0349,
        "52.0": 0.0462,
        "12.0": 0.024399999999999998,
        "26.0": 0.045,
        "71.0": 0.0019000000000000002,
        "41.0": 0.0088,
        "15.0": 0.028699999999999996,
        "55.0": 0.0057,
        "33.0": 0.0108,
        "47.0": 0.04,
        "2.0": 0.0029,
        "65.0": 0.0021,
        "35.0": 0.015099999999999997,
        "9.0": 0.0222,
        "53.0": 0.0049,
        "13.0": 0.0040999999999999995,
        "27.0": 0.033,
        "84.0": 0.0001,
        "64.0": 0.0017000000000000001,
        "38.0": 0.0144
    },
    "approximation_ratio": 0.6725855421686747
}