{
    "expected_value": 1.0000000001512552,
    "optimal_gammas": [
        0.785398509861748,
        0.9817466322133069,
        2.1598434473396653
    ],
    "optimal_betas": [
        0.8373682774914111,
        1.5707938633751177,
        0.7854016395165212
    ],
    "problem_identifier": "{'W': [1], 'W_max': 1, 'A': 8, 'B': 4, 'C': 12}",
    "now": "2021-05-03 19:58:24",
    "execution_time": "2:31:35.017223",
    "problem": {
        "W": [
            1
        ],
        "W_max": 1,
        "A": 8,
        "B": 4,
        "C": 12
    },
    "probability_distribution": {
        "3.0": 3.396369815157652e-11,
        "2.0": 1.9901229822075195e-11,
        "6.0": 1.2685435929095344e-11,
        "1.0": 0.9999999999334497
    },
    "probability_distribution_items": [
        [
            3.0,
            3.396369815157652e-11
        ],
        [
            2.0,
            1.9901229822075195e-11
        ],
        [
            6.0,
            1.2685435929095344e-11
        ],
        [
            1.0,
            0.9999999999334497
        ]
    ],
    "approximation_ratio": 0.9999999999697489,
    "noise": false,
    "p": 3
}