{
    "expected_value": 10.40205376805602,
    "optimal_gammas": [
        4.154931747308569
    ],
    "optimal_betas": [
        2.2769158730379195
    ],
    "problem_identifier": "{'W': [1, 1, 1], 'W_max': 1, 'A': 12, 'B': 4, 'C': 12}",
    "now": "2021-05-07 22:55:19",
    "execution_time": "0:04:31.819424",
    "nfev": 948,
    "message": "Optimization terminated successfully.",
    "success": true,
    "nit": 29,
    "problem": {
        "W": [
            1,
            1,
            1
        ],
        "W_max": 1,
        "A": 12,
        "B": 4,
        "C": 12
    },
    "optimal_cost": 3.0,
    "probability_distribution": {
        "9.0": 0.7243915398718171,
        "15.0": 0.0409818999133386,
        "27.0": 0.004100418922788112,
        "21.0": 0.015764604521405705,
        "33.0": 0.0017670500469404923,
        "45.0": 0.0005258823501662379,
        "63.0": 5.6634441492082784e-06,
        "39.0": 0.000365050193218143,
        "57.0": 3.535611248658594e-05,
        "51.0": 2.5581680986605987e-05,
        "75.0": 1.2514713622401225e-05,
        "69.0": 7.487355040791453e-06,
        "93.0": 3.6520946005692784e-07,
        "117.0": 9.188497153765162e-09,
        "13.0": 0.13821177998193215,
        "7.0": 0.03278391493518231,
        "19.0": 0.012355311369574424,
        "25.0": 0.0021588072685073327,
        "31.0": 0.0009092557863184104,
        "37.0": 0.00046015387123376074,
        "49.0": 6.299507801121006e-05,
        "43.0": 7.177991789807954e-05,
        "61.0": 3.52324922994431e-06,
        "55.0": 2.0357275222791133e-05,
        "67.0": 2.7398588799872375e-06,
        "79.0": 6.943787797405523e-07,
        "73.0": 9.717779029972814e-07,
        "85.0": 3.4718938987027647e-07,
        "103.0": 1.915165585312468e-08,
        "17.0": 0.01164008740633676,
        "11.0": 0.011286490353879233,
        "5.0": 0.0008593437348675767,
        "23.0": 0.0009059637411887123,
        "35.0": 0.00016559398809189868,
        "29.0": 7.486874164150033e-05,
        "47.0": 4.7084661003202515e-06,
        "41.0": 2.4289874870452722e-05,
        "53.0": 2.794434942335042e-06,
        "65.0": 4.2138988854201136e-08,
        "59.0": 1.6199660196448983e-06,
        "71.0": 8.427797770840215e-08,
        "89.0": 1.8940352484633665e-08,
        "3.0": 8.019321113591022e-06
    },
    "probability_distribution_items": [
        [
            9.0,
            0.7243915398718171
        ],
        [
            15.0,
            0.0409818999133386
        ],
        [
            27.0,
            0.004100418922788112
        ],
        [
            21.0,
            0.015764604521405705
        ],
        [
            33.0,
            0.0017670500469404923
        ],
        [
            45.0,
            0.0005258823501662379
        ],
        [
            63.0,
            5.6634441492082784e-06
        ],
        [
            39.0,
            0.000365050193218143
        ],
        [
            57.0,
            3.535611248658594e-05
        ],
        [
            51.0,
            2.5581680986605987e-05
        ],
        [
            75.0,
            1.2514713622401225e-05
        ],
        [
            69.0,
            7.487355040791453e-06
        ],
        [
            93.0,
            3.6520946005692784e-07
        ],
        [
            117.0,
            9.188497153765162e-09
        ],
        [
            13.0,
            0.13821177998193215
        ],
        [
            7.0,
            0.03278391493518231
        ],
        [
            19.0,
            0.012355311369574424
        ],
        [
            25.0,
            0.0021588072685073327
        ],
        [
            31.0,
            0.0009092557863184104
        ],
        [
            37.0,
            0.00046015387123376074
        ],
        [
            49.0,
            6.299507801121006e-05
        ],
        [
            43.0,
            7.177991789807954e-05
        ],
        [
            61.0,
            3.52324922994431e-06
        ],
        [
            55.0,
            2.0357275222791133e-05
        ],
        [
            67.0,
            2.7398588799872375e-06
        ],
        [
            79.0,
            6.943787797405523e-07
        ],
        [
            73.0,
            9.717779029972814e-07
        ],
        [
            85.0,
            3.4718938987027647e-07
        ],
        [
            103.0,
            1.915165585312468e-08
        ],
        [
            17.0,
            0.01164008740633676
        ],
        [
            11.0,
            0.011286490353879233
        ],
        [
            5.0,
            0.0008593437348675767
        ],
        [
            23.0,
            0.0009059637411887123
        ],
        [
            35.0,
            0.00016559398809189868
        ],
        [
            29.0,
            7.486874164150033e-05
        ],
        [
            47.0,
            4.7084661003202515e-06
        ],
        [
            41.0,
            2.4289874870452722e-05
        ],
        [
            53.0,
            2.794434942335042e-06
        ],
        [
            65.0,
            4.2138988854201136e-08
        ],
        [
            59.0,
            1.6199660196448983e-06
        ],
        [
            71.0,
            8.427797770840215e-08
        ],
        [
            89.0,
            1.8940352484633665e-08
        ],
        [
            3.0,
            8.019321113591022e-06
        ]
    ],
    "approximation_ratio": 3.4673512560186945,
    "approximation_ratio_offset": 0.9350697037889818,
    "noise": false,
    "p": 1
}