{
    "expected_value": 392.893,
    "optimal_gammas": [
        5.401840076868476
    ],
    "optimal_betas": [
        2.7903265857967936
    ],
    "problem_identifier": "{'W': [1, 1], 'W_max': 2, 'A': 56, 'B': 4, 'C': 1456}",
    "now": "2021-05-04 17:26:15",
    "execution_time": "0:12:58.506686",
    "nfev": 1878,
    "message": "Optimization terminated successfully.",
    "success": true,
    "nit": 59,
    "problem": {
        "W": [
            1,
            1
        ],
        "W_max": 2,
        "A": 56,
        "B": 4,
        "C": 1456
    },
    "probability_distribution": {
        "728.0": 0.0667,
        "378.0": 0.040100000000000004,
        "785.0": 0.0242,
        "379.0": 0.045899999999999996,
        "1.0": 0.039099999999999996,
        "435.0": 0.0081,
        "757.0": 0.0047,
        "29.0": 0.0055,
        "113.0": 0.0033,
        "743.0": 0.0274,
        "365.0": 0.0293,
        "15.0": 0.039099999999999996,
        "393.0": 0.015799999999999998,
        "71.0": 0.0031000000000000003,
        "421.0": 0.0024,
        "799.0": 0.0027,
        "56.0": 0.008799999999999999,
        "858.0": 0.0042,
        "424.0": 0.012299999999999998,
        "18.0": 0.0345,
        "508.0": 0.0021,
        "802.0": 0.0052,
        "74.0": 0.0016999999999999997,
        "396.0": 0.0088,
        "186.0": 0.0007,
        "480.0": 0.0016,
        "756.0": 0.0036,
        "842.0": 0.0162,
        "436.0": 0.0225,
        "58.0": 0.0258,
        "758.0": 0.035500000000000004,
        "30.0": 0.0315,
        "380.0": 0.0643,
        "730.0": 0.0181,
        "28.0": 0.0027,
        "800.0": 0.0068,
        "422.0": 0.009099999999999999,
        "72.0": 0.0069,
        "394.0": 0.017300000000000003,
        "744.0": 0.0127,
        "16.0": 0.0085,
        "366.0": 0.008299999999999998,
        "434.0": 0.005600000000000001,
        "915.0": 0.0025,
        "481.0": 0.0106,
        "75.0": 0.032799999999999996,
        "509.0": 0.0023,
        "803.0": 0.0025,
        "397.0": 0.0202,
        "131.0": 0.0028,
        "425.0": 0.0047,
        "747.0": 0.0118,
        "2.0": 0.0054,
        "873.0": 0.0035,
        "439.0": 0.0166,
        "33.0": 0.0315,
        "495.0": 0.0022,
        "789.0": 0.0027,
        "61.0": 0.004399999999999999,
        "383.0": 0.0245,
        "145.0": 0.0024000000000000002,
        "761.0": 0.0119,
        "840.0": 0.0008,
        "988.0": 0.0014,
        "554.0": 0.002,
        "148.0": 0.003,
        "848.0": 0.0026,
        "120.0": 0.0019,
        "442.0": 0.0238,
        "764.0": 0.0365
    },
    "probability_distribution_items": [
        [
            728.0,
            0.0667
        ],
        [
            378.0,
            0.040100000000000004
        ],
        [
            785.0,
            0.0242
        ],
        [
            379.0,
            0.045899999999999996
        ],
        [
            1.0,
            0.039099999999999996
        ],
        [
            435.0,
            0.0081
        ],
        [
            757.0,
            0.0047
        ],
        [
            29.0,
            0.0055
        ],
        [
            113.0,
            0.0033
        ],
        [
            743.0,
            0.0274
        ],
        [
            365.0,
            0.0293
        ],
        [
            15.0,
            0.039099999999999996
        ],
        [
            393.0,
            0.015799999999999998
        ],
        [
            71.0,
            0.0031000000000000003
        ],
        [
            421.0,
            0.0024
        ],
        [
            799.0,
            0.0027
        ],
        [
            56.0,
            0.008799999999999999
        ],
        [
            858.0,
            0.0042
        ],
        [
            424.0,
            0.012299999999999998
        ],
        [
            18.0,
            0.0345
        ],
        [
            508.0,
            0.0021
        ],
        [
            802.0,
            0.0052
        ],
        [
            74.0,
            0.0016999999999999997
        ],
        [
            396.0,
            0.0088
        ],
        [
            186.0,
            0.0007
        ],
        [
            480.0,
            0.0016
        ],
        [
            756.0,
            0.0036
        ],
        [
            842.0,
            0.0162
        ],
        [
            436.0,
            0.0225
        ],
        [
            58.0,
            0.0258
        ],
        [
            758.0,
            0.035500000000000004
        ],
        [
            30.0,
            0.0315
        ],
        [
            380.0,
            0.0643
        ],
        [
            730.0,
            0.0181
        ],
        [
            28.0,
            0.0027
        ],
        [
            800.0,
            0.0068
        ],
        [
            422.0,
            0.009099999999999999
        ],
        [
            72.0,
            0.0069
        ],
        [
            394.0,
            0.017300000000000003
        ],
        [
            744.0,
            0.0127
        ],
        [
            16.0,
            0.0085
        ],
        [
            366.0,
            0.008299999999999998
        ],
        [
            434.0,
            0.005600000000000001
        ],
        [
            915.0,
            0.0025
        ],
        [
            481.0,
            0.0106
        ],
        [
            75.0,
            0.032799999999999996
        ],
        [
            509.0,
            0.0023
        ],
        [
            803.0,
            0.0025
        ],
        [
            397.0,
            0.0202
        ],
        [
            131.0,
            0.0028
        ],
        [
            425.0,
            0.0047
        ],
        [
            747.0,
            0.0118
        ],
        [
            2.0,
            0.0054
        ],
        [
            873.0,
            0.0035
        ],
        [
            439.0,
            0.0166
        ],
        [
            33.0,
            0.0315
        ],
        [
            495.0,
            0.0022
        ],
        [
            789.0,
            0.0027
        ],
        [
            61.0,
            0.004399999999999999
        ],
        [
            383.0,
            0.0245
        ],
        [
            145.0,
            0.0024000000000000002
        ],
        [
            761.0,
            0.0119
        ],
        [
            840.0,
            0.0008
        ],
        [
            988.0,
            0.0014
        ],
        [
            554.0,
            0.002
        ],
        [
            148.0,
            0.003
        ],
        [
            848.0,
            0.0026
        ],
        [
            120.0,
            0.0019
        ],
        [
            442.0,
            0.0238
        ],
        [
            764.0,
            0.0365
        ]
    ],
    "approximation_ratio": 0.5927916919959473,
    "noise": true,
    "p": 1
}