{
    "expected_value": 11.1665,
    "optimal_gammas": [
        5.363746839755503,
        3.97042826567023
    ],
    "optimal_betas": [
        2.7863733644180946,
        0.43400294125327776
    ],
    "problem_identifier": "{'W': [1, 1], 'W_max': 2, 'A': 8, 'B': 4, 'C': 16}",
    "now": "2021-05-04 22:30:57",
    "execution_time": "1:44:49.964528",
    "nfev": 7185,
    "message": "Optimization terminated successfully.",
    "success": true,
    "nit": 117,
    "problem": {
        "W": [
            1,
            1
        ],
        "W_max": 2,
        "A": 8,
        "B": 4,
        "C": 16
    },
    "probability_distribution": {
        "8.0": 0.055799999999999995,
        "6.0": 0.0767,
        "17.0": 0.0216,
        "7.0": 0.0553,
        "1.0": 0.0088,
        "15.0": 0.044399999999999995,
        "13.0": 0.07680000000000001,
        "5.0": 0.0707,
        "11.0": 0.06169999999999999,
        "3.0": 0.03749999999999999,
        "9.0": 0.026899999999999997,
        "19.0": 0.015,
        "30.0": 0.007,
        "16.0": 0.0393,
        "28.0": 0.009699999999999999,
        "22.0": 0.022899999999999997,
        "14.0": 0.057699999999999994,
        "12.0": 0.08570000000000003,
        "24.0": 0.0103,
        "26.0": 0.0014,
        "10.0": 0.052399999999999995,
        "4.0": 0.059399999999999994,
        "20.0": 0.007,
        "39.0": 0.0021000000000000003,
        "25.0": 0.008900000000000002,
        "29.0": 0.0102,
        "23.0": 0.017299999999999996,
        "2.0": 0.0186,
        "33.0": 0.0015,
        "27.0": 0.0084,
        "21.0": 0.0171,
        "52.0": 0.0009,
        "38.0": 0.006699999999999999,
        "32.0": 0.0043
    },
    "probability_distribution_items": [
        [
            8.0,
            0.055799999999999995
        ],
        [
            6.0,
            0.0767
        ],
        [
            17.0,
            0.0216
        ],
        [
            7.0,
            0.0553
        ],
        [
            1.0,
            0.0088
        ],
        [
            15.0,
            0.044399999999999995
        ],
        [
            13.0,
            0.07680000000000001
        ],
        [
            5.0,
            0.0707
        ],
        [
            11.0,
            0.06169999999999999
        ],
        [
            3.0,
            0.03749999999999999
        ],
        [
            9.0,
            0.026899999999999997
        ],
        [
            19.0,
            0.015
        ],
        [
            30.0,
            0.007
        ],
        [
            16.0,
            0.0393
        ],
        [
            28.0,
            0.009699999999999999
        ],
        [
            22.0,
            0.022899999999999997
        ],
        [
            14.0,
            0.057699999999999994
        ],
        [
            12.0,
            0.08570000000000003
        ],
        [
            24.0,
            0.0103
        ],
        [
            26.0,
            0.0014
        ],
        [
            10.0,
            0.052399999999999995
        ],
        [
            4.0,
            0.059399999999999994
        ],
        [
            20.0,
            0.007
        ],
        [
            39.0,
            0.0021000000000000003
        ],
        [
            25.0,
            0.008900000000000002
        ],
        [
            29.0,
            0.0102
        ],
        [
            23.0,
            0.017299999999999996
        ],
        [
            2.0,
            0.0186
        ],
        [
            33.0,
            0.0015
        ],
        [
            27.0,
            0.0084
        ],
        [
            21.0,
            0.0171
        ],
        [
            52.0,
            0.0009
        ],
        [
            38.0,
            0.006699999999999999
        ],
        [
            32.0,
            0.0043
        ]
    ],
    "approximation_ratio": 0.788113725490196,
    "noise": true,
    "p": 2
}