{
    "expected_value": 11.438952247001753,
    "optimal_gammas": [
        5.557682302827349
    ],
    "optimal_betas": [
        2.780333551808712
    ],
    "problem_identifier": "{'W': [1, 1], 'W_max': 2, 'A': 8, 'B': 4, 'C': 16}",
    "now": "2021-05-05 11:32:15",
    "execution_time": "0:04:28.721162",
    "nfev": 777,
    "message": "Optimization terminated successfully.",
    "success": true,
    "nit": 24,
    "problem": {
        "W": [
            1,
            1
        ],
        "W_max": 2,
        "A": 8,
        "B": 4,
        "C": 16
    },
    "probability_distribution": {
        "8.0": 0.0575078343999571,
        "6.0": 0.09786970444931531,
        "12.0": 0.1501208410287311,
        "4.0": 0.03200840839723776,
        "14.0": 0.03350296328005475,
        "24.0": 0.03192047709704622,
        "17.0": 0.09140064472837432,
        "7.0": 0.04359154901763543,
        "1.0": 0.050806378525806245,
        "15.0": 0.04616769442481101,
        "13.0": 0.02808999845771238,
        "5.0": 0.025053001186879448,
        "11.0": 0.0365190916075364,
        "3.0": 0.055584890533849116,
        "9.0": 0.030898451894153467,
        "19.0": 0.04550899628483721,
        "30.0": 0.0029070460639599883,
        "16.0": 0.022270335849436763,
        "28.0": 0.00046179147413254347,
        "22.0": 0.0525326827568039,
        "26.0": 0.00013896329308351338,
        "10.0": 0.05112988905932343,
        "20.0": 0.006866894082087114,
        "39.0": 0.0001528680140213912,
        "25.0": 0.0011417618900870458,
        "29.0": 0.00015597315329697774,
        "23.0": 0.001822678863543551,
        "2.0": 0.0009178788273639647,
        "33.0": 0.00015286801402139105,
        "27.0": 0.00015597315329697768,
        "21.0": 0.0018046640491998227,
        "52.0": 1.747074853735044e-05,
        "38.0": 0.0002701831127762841,
        "32.0": 0.0005491522810905447
    },
    "probability_distribution_items": [
        [
            8.0,
            0.0575078343999571
        ],
        [
            6.0,
            0.09786970444931531
        ],
        [
            12.0,
            0.1501208410287311
        ],
        [
            4.0,
            0.03200840839723776
        ],
        [
            14.0,
            0.03350296328005475
        ],
        [
            24.0,
            0.03192047709704622
        ],
        [
            17.0,
            0.09140064472837432
        ],
        [
            7.0,
            0.04359154901763543
        ],
        [
            1.0,
            0.050806378525806245
        ],
        [
            15.0,
            0.04616769442481101
        ],
        [
            13.0,
            0.02808999845771238
        ],
        [
            5.0,
            0.025053001186879448
        ],
        [
            11.0,
            0.0365190916075364
        ],
        [
            3.0,
            0.055584890533849116
        ],
        [
            9.0,
            0.030898451894153467
        ],
        [
            19.0,
            0.04550899628483721
        ],
        [
            30.0,
            0.0029070460639599883
        ],
        [
            16.0,
            0.022270335849436763
        ],
        [
            28.0,
            0.00046179147413254347
        ],
        [
            22.0,
            0.0525326827568039
        ],
        [
            26.0,
            0.00013896329308351338
        ],
        [
            10.0,
            0.05112988905932343
        ],
        [
            20.0,
            0.006866894082087114
        ],
        [
            39.0,
            0.0001528680140213912
        ],
        [
            25.0,
            0.0011417618900870458
        ],
        [
            29.0,
            0.00015597315329697774
        ],
        [
            23.0,
            0.001822678863543551
        ],
        [
            2.0,
            0.0009178788273639647
        ],
        [
            33.0,
            0.00015286801402139105
        ],
        [
            27.0,
            0.00015597315329697768
        ],
        [
            21.0,
            0.0018046640491998227
        ],
        [
            52.0,
            1.747074853735044e-05
        ],
        [
            38.0,
            0.0002701831127762841
        ],
        [
            32.0,
            0.0005491522810905447
        ]
    ],
    "approximation_ratio": 0.7953146618234946,
    "noise": false,
    "p": 1
}