{
    "expected_value": 413.918,
    "optimal_gammas": [
        4.928024672041519,
        5.599555996040037,
        0.5612365629375082,
        1.9031100954800872,
        0.7602358954657435,
        5.3475776218228805,
        1.0954930106705008
    ],
    "optimal_betas": [
        3.045648240413722,
        3.1090197244510973,
        1.2289507843770688,
        0.455947405495553,
        2.5589869024455174,
        1.9206679617090137,
        1.5772114011307612
    ],
    "problem_identifier": "{'W': [1, 1], 'W_max': 2, 'A': 56, 'B': 4, 'C': 1456}",
    "now": "2021-05-04 19:11:48",
    "execution_time": "0:26:42.242456",
    "nfev": 900,
    "message": "Optimization terminated successfully.",
    "success": true,
    "nit": 1,
    "problem": {
        "W": [
            1,
            1
        ],
        "W_max": 2,
        "A": 56,
        "B": 4,
        "C": 1456
    },
    "probability_distribution": {
        "728.0": 0.0052,
        "378.0": 0.0165,
        "785.0": 0.0149,
        "379.0": 0.0322,
        "1.0": 0.0088,
        "435.0": 0.027499999999999997,
        "757.0": 0.0127,
        "29.0": 0.014499999999999999,
        "113.0": 0.0066,
        "743.0": 0.024999999999999998,
        "365.0": 0.015,
        "15.0": 0.0282,
        "393.0": 0.0305,
        "71.0": 0.006999999999999999,
        "421.0": 0.0176,
        "799.0": 0.008799999999999999,
        "56.0": 0.0088,
        "858.0": 0.0071,
        "424.0": 0.015099999999999999,
        "18.0": 0.0085,
        "508.0": 0.0154,
        "802.0": 0.019999999999999997,
        "74.0": 0.015199999999999998,
        "396.0": 0.0151,
        "186.0": 0.0091,
        "480.0": 0.0143,
        "756.0": 0.0077,
        "842.0": 0.0036,
        "436.0": 0.0149,
        "58.0": 0.0066,
        "758.0": 0.0155,
        "30.0": 0.0162,
        "380.0": 0.047900000000000005,
        "730.0": 0.012,
        "28.0": 0.0068000000000000005,
        "800.0": 0.0060999999999999995,
        "422.0": 0.0133,
        "72.0": 0.0077,
        "394.0": 0.028800000000000003,
        "744.0": 0.0259,
        "16.0": 0.0199,
        "366.0": 0.0154,
        "434.0": 0.0147,
        "915.0": 0.0059,
        "481.0": 0.0158,
        "75.0": 0.0211,
        "509.0": 0.014899999999999998,
        "803.0": 0.0157,
        "397.0": 0.0154,
        "131.0": 0.0086,
        "425.0": 0.015799999999999998,
        "747.0": 0.0076,
        "2.0": 0.0092,
        "873.0": 0.0085,
        "439.0": 0.0357,
        "33.0": 0.0095,
        "495.0": 0.017499999999999998,
        "789.0": 0.0169,
        "61.0": 0.016900000000000002,
        "383.0": 0.0149,
        "145.0": 0.0089,
        "761.0": 0.0096,
        "840.0": 0.0041,
        "988.0": 0.0041,
        "554.0": 0.0168,
        "148.0": 0.0086,
        "848.0": 0.0071,
        "120.0": 0.008799999999999999,
        "442.0": 0.015300000000000001,
        "764.0": 0.0042
    },
    "probability_distribution_items": [
        [
            728.0,
            0.0052
        ],
        [
            378.0,
            0.0165
        ],
        [
            785.0,
            0.0149
        ],
        [
            379.0,
            0.0322
        ],
        [
            1.0,
            0.0088
        ],
        [
            435.0,
            0.027499999999999997
        ],
        [
            757.0,
            0.0127
        ],
        [
            29.0,
            0.014499999999999999
        ],
        [
            113.0,
            0.0066
        ],
        [
            743.0,
            0.024999999999999998
        ],
        [
            365.0,
            0.015
        ],
        [
            15.0,
            0.0282
        ],
        [
            393.0,
            0.0305
        ],
        [
            71.0,
            0.006999999999999999
        ],
        [
            421.0,
            0.0176
        ],
        [
            799.0,
            0.008799999999999999
        ],
        [
            56.0,
            0.0088
        ],
        [
            858.0,
            0.0071
        ],
        [
            424.0,
            0.015099999999999999
        ],
        [
            18.0,
            0.0085
        ],
        [
            508.0,
            0.0154
        ],
        [
            802.0,
            0.019999999999999997
        ],
        [
            74.0,
            0.015199999999999998
        ],
        [
            396.0,
            0.0151
        ],
        [
            186.0,
            0.0091
        ],
        [
            480.0,
            0.0143
        ],
        [
            756.0,
            0.0077
        ],
        [
            842.0,
            0.0036
        ],
        [
            436.0,
            0.0149
        ],
        [
            58.0,
            0.0066
        ],
        [
            758.0,
            0.0155
        ],
        [
            30.0,
            0.0162
        ],
        [
            380.0,
            0.047900000000000005
        ],
        [
            730.0,
            0.012
        ],
        [
            28.0,
            0.0068000000000000005
        ],
        [
            800.0,
            0.0060999999999999995
        ],
        [
            422.0,
            0.0133
        ],
        [
            72.0,
            0.0077
        ],
        [
            394.0,
            0.028800000000000003
        ],
        [
            744.0,
            0.0259
        ],
        [
            16.0,
            0.0199
        ],
        [
            366.0,
            0.0154
        ],
        [
            434.0,
            0.0147
        ],
        [
            915.0,
            0.0059
        ],
        [
            481.0,
            0.0158
        ],
        [
            75.0,
            0.0211
        ],
        [
            509.0,
            0.014899999999999998
        ],
        [
            803.0,
            0.0157
        ],
        [
            397.0,
            0.0154
        ],
        [
            131.0,
            0.0086
        ],
        [
            425.0,
            0.015799999999999998
        ],
        [
            747.0,
            0.0076
        ],
        [
            2.0,
            0.0092
        ],
        [
            873.0,
            0.0085
        ],
        [
            439.0,
            0.0357
        ],
        [
            33.0,
            0.0095
        ],
        [
            495.0,
            0.017499999999999998
        ],
        [
            789.0,
            0.0169
        ],
        [
            61.0,
            0.016900000000000002
        ],
        [
            383.0,
            0.0149
        ],
        [
            145.0,
            0.0089
        ],
        [
            761.0,
            0.0096
        ],
        [
            840.0,
            0.0041
        ],
        [
            988.0,
            0.0041
        ],
        [
            554.0,
            0.0168
        ],
        [
            148.0,
            0.0086
        ],
        [
            848.0,
            0.0071
        ],
        [
            120.0,
            0.008799999999999999
        ],
        [
            442.0,
            0.015300000000000001
        ],
        [
            764.0,
            0.0042
        ]
    ],
    "approximation_ratio": 0.5764326241134753,
    "noise": true,
    "p": 7
}