{
    "expected_value": 1.000000000001544,
    "optimal_gammas": [
        0.1963496693318299,
        1.3744468644907075
    ],
    "optimal_betas": [
        1.5707959675828063,
        0.7853985640763766
    ],
    "problem_identifier": "{'W': [1], 'W_max': 1, 'A': 8, 'B': 4, 'C': 12}",
    "now": "2021-05-03 20:46:50",
    "execution_time": "0:52:59.548888",
    "problem": {
        "W": [
            1
        ],
        "W_max": 1,
        "A": 8,
        "B": 4,
        "C": 12
    },
    "probability_distribution": {
        "3.0": 1.7144178309972872e-13,
        "2.0": 5.663915794739258e-13,
        "6.0": 1.2698246914853441e-13,
        "1.0": 0.9999999999991351
    },
    "probability_distribution_items": [
        [
            3.0,
            1.7144178309972872e-13
        ],
        [
            2.0,
            5.663915794739258e-13
        ],
        [
            6.0,
            1.2698246914853441e-13
        ],
        [
            1.0,
            0.9999999999991351
        ]
    ],
    "approximation_ratio": 0.9999999999996912,
    "noise": false,
    "p": 2
}