{
    "expected_value": 29.8908080907142,
    "optimal_gammas": [
        2.3321164876211617,
        5.329396865605628
    ],
    "optimal_betas": [
        1.6125168148623148,
        2.347909252397916
    ],
    "problem_identifier": "{'W': [1, 1], 'W_max': 2, 'A': 32, 'B': 4, 'C': 64}",
    "now": "2021-05-08 01:16:04",
    "execution_time": "0:40:39.661192",
    "nfev": 3285,
    "message": "Maximum number of iterations has been exceeded.",
    "success": false,
    "nit": 50,
    "problem": {
        "W": [
            1,
            1
        ],
        "W_max": 2,
        "A": 32,
        "B": 4,
        "C": 64
    },
    "optimal_cost": 1.0,
    "probability_distribution": {
        "32.0": 0.4650654672205544,
        "24.0": 0.385614737245345,
        "48.0": 0.04959790329171072,
        "16.0": 0.039239861656592656,
        "56.0": 0.021784582789605485,
        "96.0": 0.0013365550501750467,
        "65.0": 0.0008556971556712841,
        "25.0": 0.006521402985896652,
        "1.0": 0.00016830063701044062,
        "57.0": 0.0011488504063179342,
        "49.0": 0.0012279612477784777,
        "17.0": 0.008644486179634113,
        "41.0": 0.0017666713875210019,
        "9.0": 0.002411633630123289,
        "33.0": 0.0009603274067974335,
        "73.0": 8.214217032865683e-06,
        "108.0": 0.0012620696114394989,
        "52.0": 0.0006025886614587816,
        "12.0": 1.5476871971750947e-05,
        "100.0": 0.000534469812451078,
        "76.0": 0.0001762745875164949,
        "44.0": 0.00011735944884403731,
        "36.0": 7.449729577507824e-06,
        "84.0": 3.05927643117974e-05,
        "98.0": 0.001605110880464896,
        "58.0": 0.002010750389146077,
        "34.0": 0.0008545606482715611,
        "50.0": 0.0020101643890455103,
        "18.0": 0.0008297410570132462,
        "26.0": 0.0024798046769682206,
        "74.0": 0.0001286711411809014,
        "42.0": 5.957794270008727e-05,
        "10.0": 6.933078007651665e-05,
        "141.0": 4.0217975258051466e-05,
        "85.0": 7.381607371586101e-05,
        "45.0": 3.393623900675182e-05,
        "101.0": 3.116294203867276e-05,
        "77.0": 2.7913382712262633e-05,
        "37.0": 2.925972830710348e-05,
        "53.0": 3.7415023126587384e-06,
        "2.0": 0.00038023391732229875,
        "117.0": 4.021797525805169e-05,
        "61.0": 7.584761878056221e-05,
        "21.0": 8.593242558697747e-06,
        "93.0": 3.116294203867277e-05,
        "69.0": 2.6848573278205957e-05,
        "29.0": 4.5618796729500655e-06,
        "184.0": 9.376274826880195e-06,
        "128.0": 1.934026763386585e-05,
        "88.0": 2.7159674941656677e-06,
        "104.0": 1.1163793765222611e-05,
        "72.0": 1.751085178354058e-06,
        "64.0": 1.4927186351567727e-06
    },
    "probability_distribution_items": [
        [
            32.0,
            0.4650654672205544
        ],
        [
            24.0,
            0.385614737245345
        ],
        [
            48.0,
            0.04959790329171072
        ],
        [
            16.0,
            0.039239861656592656
        ],
        [
            56.0,
            0.021784582789605485
        ],
        [
            96.0,
            0.0013365550501750467
        ],
        [
            65.0,
            0.0008556971556712841
        ],
        [
            25.0,
            0.006521402985896652
        ],
        [
            1.0,
            0.00016830063701044062
        ],
        [
            57.0,
            0.0011488504063179342
        ],
        [
            49.0,
            0.0012279612477784777
        ],
        [
            17.0,
            0.008644486179634113
        ],
        [
            41.0,
            0.0017666713875210019
        ],
        [
            9.0,
            0.002411633630123289
        ],
        [
            33.0,
            0.0009603274067974335
        ],
        [
            73.0,
            8.214217032865683e-06
        ],
        [
            108.0,
            0.0012620696114394989
        ],
        [
            52.0,
            0.0006025886614587816
        ],
        [
            12.0,
            1.5476871971750947e-05
        ],
        [
            100.0,
            0.000534469812451078
        ],
        [
            76.0,
            0.0001762745875164949
        ],
        [
            44.0,
            0.00011735944884403731
        ],
        [
            36.0,
            7.449729577507824e-06
        ],
        [
            84.0,
            3.05927643117974e-05
        ],
        [
            98.0,
            0.001605110880464896
        ],
        [
            58.0,
            0.002010750389146077
        ],
        [
            34.0,
            0.0008545606482715611
        ],
        [
            50.0,
            0.0020101643890455103
        ],
        [
            18.0,
            0.0008297410570132462
        ],
        [
            26.0,
            0.0024798046769682206
        ],
        [
            74.0,
            0.0001286711411809014
        ],
        [
            42.0,
            5.957794270008727e-05
        ],
        [
            10.0,
            6.933078007651665e-05
        ],
        [
            141.0,
            4.0217975258051466e-05
        ],
        [
            85.0,
            7.381607371586101e-05
        ],
        [
            45.0,
            3.393623900675182e-05
        ],
        [
            101.0,
            3.116294203867276e-05
        ],
        [
            77.0,
            2.7913382712262633e-05
        ],
        [
            37.0,
            2.925972830710348e-05
        ],
        [
            53.0,
            3.7415023126587384e-06
        ],
        [
            2.0,
            0.00038023391732229875
        ],
        [
            117.0,
            4.021797525805169e-05
        ],
        [
            61.0,
            7.584761878056221e-05
        ],
        [
            21.0,
            8.593242558697747e-06
        ],
        [
            93.0,
            3.116294203867277e-05
        ],
        [
            69.0,
            2.6848573278205957e-05
        ],
        [
            29.0,
            4.5618796729500655e-06
        ],
        [
            184.0,
            9.376274826880195e-06
        ],
        [
            128.0,
            1.934026763386585e-05
        ],
        [
            88.0,
            2.7159674941656677e-06
        ],
        [
            104.0,
            1.1163793765222611e-05
        ],
        [
            72.0,
            1.751085178354058e-06
        ],
        [
            64.0,
            1.4927186351567727e-06
        ]
    ],
    "approximation_ratio": 29.89080809071416,
    "approximation_ratio_offset": 0.8421267317447314,
    "noise": false,
    "p": 2
}