{
    "expected_value": 13.73174764885621,
    "optimal_gammas": [
        4.24533049637342,
        3.814402818720623,
        3.129850622001756,
        4.340200295108551,
        2.7145042397409593,
        1.239468137190092,
        2.8919448549953013
    ],
    "optimal_betas": [
        3.1373976246572575,
        2.0659410765765487,
        1.6117976366678648,
        0.5873782303378211,
        1.7634050565128203,
        3.0456478500225064,
        1.874465784272072
    ],
    "problem_identifier": "{'W': [1, 1], 'W_max': 2, 'A': 32, 'B': 4, 'C': 32}",
    "now": "2021-05-08 00:35:39",
    "execution_time": "2:01:26.395511",
    "nfev": 17400,
    "message": "Maximum number of iterations has been exceeded.",
    "success": false,
    "nit": 50,
    "problem": {
        "W": [
            1,
            1
        ],
        "W_max": 2,
        "A": 32,
        "B": 4,
        "C": 32
    },
    "optimal_cost": 1.0,
    "probability_distribution": {
        "16.0": 0.44927618305486977,
        "32.0": 0.0007617490956600586,
        "48.0": 0.00010333273612675259,
        "80.0": 8.007805371176616e-07,
        "49.0": 0.003410099007326071,
        "17.0": 0.06339260016280476,
        "1.0": 0.14449644383456192,
        "33.0": 0.0006542933872948515,
        "65.0": 6.22309559003135e-05,
        "25.0": 0.0076331438233016215,
        "9.0": 0.2019667099447093,
        "41.0": 0.0004569023078937703,
        "57.0": 0.0019589112719832326,
        "92.0": 7.977485765389477e-05,
        "44.0": 0.0021448309717093115,
        "12.0": 0.015330597577620557,
        "60.0": 0.0003047397941101386,
        "28.0": 0.00042378079575493884,
        "108.0": 2.940479568564874e-06,
        "76.0": 9.274252043763216e-05,
        "82.0": 0.00028431053117563036,
        "50.0": 0.00044117769761499025,
        "34.0": 0.01268525619974454,
        "18.0": 0.034860591084928096,
        "58.0": 0.00015431873299469797,
        "42.0": 0.0006601677561853487,
        "26.0": 0.03663313049396461,
        "10.0": 0.00939587182398568,
        "125.0": 1.5363259019026017e-05,
        "77.0": 9.183178736067642e-05,
        "45.0": 0.0017670554258503736,
        "93.0": 3.096596043384906e-05,
        "61.0": 0.00023739438738201696,
        "29.0": 0.0031331599687728093,
        "2.0": 0.0007678416439025663,
        "101.0": 1.536325901902572e-05,
        "53.0": 0.0013065641969649813,
        "21.0": 0.001968618467402198,
        "85.0": 7.493914361621172e-05,
        "37.0": 0.001910285721816337,
        "168.0": 3.0141468095565532e-05,
        "120.0": 1.5697057649339603e-05,
        "88.0": 0.0001706188164817106,
        "72.0": 5.1846359815294535e-05,
        "56.0": 0.0004194862555516738,
        "40.0": 0.0003251951404484985
    },
    "probability_distribution_items": [
        [
            16.0,
            0.44927618305486977
        ],
        [
            32.0,
            0.0007617490956600586
        ],
        [
            48.0,
            0.00010333273612675259
        ],
        [
            80.0,
            8.007805371176616e-07
        ],
        [
            49.0,
            0.003410099007326071
        ],
        [
            17.0,
            0.06339260016280476
        ],
        [
            1.0,
            0.14449644383456192
        ],
        [
            33.0,
            0.0006542933872948515
        ],
        [
            65.0,
            6.22309559003135e-05
        ],
        [
            25.0,
            0.0076331438233016215
        ],
        [
            9.0,
            0.2019667099447093
        ],
        [
            41.0,
            0.0004569023078937703
        ],
        [
            57.0,
            0.0019589112719832326
        ],
        [
            92.0,
            7.977485765389477e-05
        ],
        [
            44.0,
            0.0021448309717093115
        ],
        [
            12.0,
            0.015330597577620557
        ],
        [
            60.0,
            0.0003047397941101386
        ],
        [
            28.0,
            0.00042378079575493884
        ],
        [
            108.0,
            2.940479568564874e-06
        ],
        [
            76.0,
            9.274252043763216e-05
        ],
        [
            82.0,
            0.00028431053117563036
        ],
        [
            50.0,
            0.00044117769761499025
        ],
        [
            34.0,
            0.01268525619974454
        ],
        [
            18.0,
            0.034860591084928096
        ],
        [
            58.0,
            0.00015431873299469797
        ],
        [
            42.0,
            0.0006601677561853487
        ],
        [
            26.0,
            0.03663313049396461
        ],
        [
            10.0,
            0.00939587182398568
        ],
        [
            125.0,
            1.5363259019026017e-05
        ],
        [
            77.0,
            9.183178736067642e-05
        ],
        [
            45.0,
            0.0017670554258503736
        ],
        [
            93.0,
            3.096596043384906e-05
        ],
        [
            61.0,
            0.00023739438738201696
        ],
        [
            29.0,
            0.0031331599687728093
        ],
        [
            2.0,
            0.0007678416439025663
        ],
        [
            101.0,
            1.536325901902572e-05
        ],
        [
            53.0,
            0.0013065641969649813
        ],
        [
            21.0,
            0.001968618467402198
        ],
        [
            85.0,
            7.493914361621172e-05
        ],
        [
            37.0,
            0.001910285721816337
        ],
        [
            168.0,
            3.0141468095565532e-05
        ],
        [
            120.0,
            1.5697057649339603e-05
        ],
        [
            88.0,
            0.0001706188164817106
        ],
        [
            72.0,
            5.1846359815294535e-05
        ],
        [
            56.0,
            0.0004194862555516738
        ],
        [
            40.0,
            0.0003251951404484985
        ]
    ],
    "approximation_ratio": 13.73174764885627,
    "approximation_ratio_offset": 0.9237619901266092,
    "noise": false,
    "p": 7
}