{
    "expected_value": 81.543,
    "optimal_gammas": [
        2.8763418237439535,
        2.0642025705318545,
        3.5070469449325974,
        4.328298967702434,
        2.8387918491531807
    ],
    "optimal_betas": [
        0.3993536444435295,
        2.891360248000557,
        1.4665284065637227,
        1.7206250449266434,
        1.7891122754271849
    ],
    "problem_identifier": "{'W': [1, 1], 'W_max': 2, 'A': 24, 'B': 4, 'C': 240}",
    "now": "2021-05-04 17:20:37",
    "execution_time": "0:36:01.187786",
    "nfev": 1669,
    "message": "Optimization terminated successfully.",
    "success": true,
    "nit": 8,
    "problem": {
        "W": [
            1,
            1
        ],
        "W_max": 2,
        "A": 24,
        "B": 4,
        "C": 240
    },
    "probability_distribution": {
        "120.0": 0.0024,
        "66.0": 0.0141,
        "145.0": 0.01,
        "67.0": 0.028900000000000002,
        "1.0": 0.0072,
        "91.0": 0.0202,
        "133.0": 0.0138,
        "13.0": 0.015,
        "49.0": 0.0031,
        "127.0": 0.0201,
        "61.0": 0.0155,
        "7.0": 0.026299999999999997,
        "73.0": 0.0231,
        "31.0": 0.0044,
        "85.0": 0.016399999999999998,
        "151.0": 0.008,
        "24.0": 0.0072,
        "178.0": 0.0038,
        "88.0": 0.0149,
        "10.0": 0.0154,
        "124.0": 0.0063,
        "154.0": 0.021699999999999997,
        "34.0": 0.0127,
        "76.0": 0.0235,
        "82.0": 0.004,
        "112.0": 0.013000000000000001,
        "132.0": 0.0056,
        "170.0": 0.0008,
        "92.0": 0.0109,
        "26.0": 0.0048000000000000004,
        "134.0": 0.0173,
        "14.0": 0.017,
        "68.0": 0.0577,
        "122.0": 0.0146,
        "12.0": 0.0074,
        "152.0": 0.0029,
        "86.0": 0.01,
        "32.0": 0.0052,
        "74.0": 0.031100000000000003,
        "128.0": 0.0359,
        "8.0": 0.029500000000000002,
        "62.0": 0.018600000000000002,
        "90.0": 0.013499999999999998,
        "203.0": 0.0033,
        "113.0": 0.01,
        "35.0": 0.029599999999999998,
        "125.0": 0.0115,
        "155.0": 0.022,
        "77.0": 0.029699999999999997,
        "59.0": 0.004,
        "89.0": 0.0162,
        "131.0": 0.0115,
        "2.0": 0.0118,
        "185.0": 0.0038,
        "95.0": 0.0279,
        "17.0": 0.0103,
        "119.0": 0.0115,
        "149.0": 0.022199999999999998,
        "29.0": 0.0212,
        "71.0": 0.0288,
        "65.0": 0.0049,
        "137.0": 0.0133,
        "168.0": 0.0031,
        "236.0": 0.0014,
        "146.0": 0.0105,
        "176.0": 0.0089,
        "56.0": 0.0097,
        "98.0": 0.0296,
        "140.0": 0.0095
    },
    "probability_distribution_items": [
        [
            120.0,
            0.0024
        ],
        [
            66.0,
            0.0141
        ],
        [
            145.0,
            0.01
        ],
        [
            67.0,
            0.028900000000000002
        ],
        [
            1.0,
            0.0072
        ],
        [
            91.0,
            0.0202
        ],
        [
            133.0,
            0.0138
        ],
        [
            13.0,
            0.015
        ],
        [
            49.0,
            0.0031
        ],
        [
            127.0,
            0.0201
        ],
        [
            61.0,
            0.0155
        ],
        [
            7.0,
            0.026299999999999997
        ],
        [
            73.0,
            0.0231
        ],
        [
            31.0,
            0.0044
        ],
        [
            85.0,
            0.016399999999999998
        ],
        [
            151.0,
            0.008
        ],
        [
            24.0,
            0.0072
        ],
        [
            178.0,
            0.0038
        ],
        [
            88.0,
            0.0149
        ],
        [
            10.0,
            0.0154
        ],
        [
            124.0,
            0.0063
        ],
        [
            154.0,
            0.021699999999999997
        ],
        [
            34.0,
            0.0127
        ],
        [
            76.0,
            0.0235
        ],
        [
            82.0,
            0.004
        ],
        [
            112.0,
            0.013000000000000001
        ],
        [
            132.0,
            0.0056
        ],
        [
            170.0,
            0.0008
        ],
        [
            92.0,
            0.0109
        ],
        [
            26.0,
            0.0048000000000000004
        ],
        [
            134.0,
            0.0173
        ],
        [
            14.0,
            0.017
        ],
        [
            68.0,
            0.0577
        ],
        [
            122.0,
            0.0146
        ],
        [
            12.0,
            0.0074
        ],
        [
            152.0,
            0.0029
        ],
        [
            86.0,
            0.01
        ],
        [
            32.0,
            0.0052
        ],
        [
            74.0,
            0.031100000000000003
        ],
        [
            128.0,
            0.0359
        ],
        [
            8.0,
            0.029500000000000002
        ],
        [
            62.0,
            0.018600000000000002
        ],
        [
            90.0,
            0.013499999999999998
        ],
        [
            203.0,
            0.0033
        ],
        [
            113.0,
            0.01
        ],
        [
            35.0,
            0.029599999999999998
        ],
        [
            125.0,
            0.0115
        ],
        [
            155.0,
            0.022
        ],
        [
            77.0,
            0.029699999999999997
        ],
        [
            59.0,
            0.004
        ],
        [
            89.0,
            0.0162
        ],
        [
            131.0,
            0.0115
        ],
        [
            2.0,
            0.0118
        ],
        [
            185.0,
            0.0038
        ],
        [
            95.0,
            0.0279
        ],
        [
            17.0,
            0.0103
        ],
        [
            119.0,
            0.0115
        ],
        [
            149.0,
            0.022199999999999998
        ],
        [
            29.0,
            0.0212
        ],
        [
            71.0,
            0.0288
        ],
        [
            65.0,
            0.0049
        ],
        [
            137.0,
            0.0133
        ],
        [
            168.0,
            0.0031
        ],
        [
            236.0,
            0.0014
        ],
        [
            146.0,
            0.0105
        ],
        [
            176.0,
            0.0089
        ],
        [
            56.0,
            0.0097
        ],
        [
            98.0,
            0.0296
        ],
        [
            140.0,
            0.0095
        ]
    ],
    "approximation_ratio": 0.6460191489361703,
    "noise": true,
    "p": 5
}