{
    "expected_value": 30.273057147656726,
    "optimal_gammas": [
        2.9658069903633724,
        4.966522247776565,
        1.5711897751985822
    ],
    "optimal_betas": [
        2.8261888374326403,
        0.12214018550303589,
        2.8769864758786583
    ],
    "problem_identifier": "{'W': [1, 1], 'W_max': 2, 'A': 32, 'B': 4, 'C': 64}",
    "now": "2021-05-08 11:04:47",
    "execution_time": "2:15:25.783392",
    "nfev": 4989,
    "message": "Maximum number of iterations has been exceeded.",
    "success": false,
    "nit": 50,
    "problem": {
        "W": [
            1,
            1
        ],
        "W_max": 2,
        "A": 32,
        "B": 4,
        "C": 64
    },
    "optimal_cost": 1.0,
    "probability_distribution": {
        "32.0": 0.06505132347438168,
        "24.0": 0.024035192729227682,
        "48.0": 0.0028824308341863698,
        "16.0": 0.0019170104724466897,
        "56.0": 0.0025898515699025832,
        "96.0": 2.293565617996584e-05,
        "65.0": 0.006393041555429305,
        "25.0": 0.1174602686647503,
        "1.0": 0.02110477182401418,
        "57.0": 0.007369206165057047,
        "49.0": 0.014474407180103033,
        "17.0": 0.125951640278259,
        "41.0": 0.01587930817049931,
        "9.0": 0.0320191517821443,
        "33.0": 0.005350229366944299,
        "73.0": 0.0005461554222988005,
        "108.0": 0.002878817183215148,
        "52.0": 0.029196809759182856,
        "12.0": 0.09448282345047311,
        "100.0": 0.0016434528415209086,
        "76.0": 0.018274046304607126,
        "44.0": 0.004747171412562583,
        "36.0": 0.027073680278846348,
        "84.0": 0.003043668486115765,
        "98.0": 0.0001315331741848382,
        "58.0": 0.0003659961380291753,
        "34.0": 0.054267962052535645,
        "50.0": 0.011253049724354664,
        "18.0": 0.05145235931993193,
        "26.0": 0.017904892166701776,
        "74.0": 0.0008743582827706356,
        "42.0": 0.07746536761325337,
        "10.0": 0.03687156405899056,
        "141.0": 0.00032881314736012043,
        "85.0": 0.0012516151281839968,
        "45.0": 0.017977589935072494,
        "101.0": 0.0007359093367162625,
        "77.0": 0.007644616610211626,
        "37.0": 0.02595589396119541,
        "53.0": 0.01717969393991164,
        "2.0": 0.008305913817566101,
        "117.0": 0.0003288131473601195,
        "61.0": 0.00999427014110216,
        "21.0": 0.0002931480842407711,
        "93.0": 0.0007359093367162635,
        "69.0": 0.0074958792946425695,
        "29.0": 0.016559753721788115,
        "184.0": 3.279121225084369e-05,
        "128.0": 0.0006337697227727669,
        "88.0": 0.00043620652021383194,
        "104.0": 0.001454514560456536,
        "72.0": 0.0028091688317233446,
        "64.0": 0.0048712521574134846
    },
    "probability_distribution_items": [
        [
            32.0,
            0.06505132347438168
        ],
        [
            24.0,
            0.024035192729227682
        ],
        [
            48.0,
            0.0028824308341863698
        ],
        [
            16.0,
            0.0019170104724466897
        ],
        [
            56.0,
            0.0025898515699025832
        ],
        [
            96.0,
            2.293565617996584e-05
        ],
        [
            65.0,
            0.006393041555429305
        ],
        [
            25.0,
            0.1174602686647503
        ],
        [
            1.0,
            0.02110477182401418
        ],
        [
            57.0,
            0.007369206165057047
        ],
        [
            49.0,
            0.014474407180103033
        ],
        [
            17.0,
            0.125951640278259
        ],
        [
            41.0,
            0.01587930817049931
        ],
        [
            9.0,
            0.0320191517821443
        ],
        [
            33.0,
            0.005350229366944299
        ],
        [
            73.0,
            0.0005461554222988005
        ],
        [
            108.0,
            0.002878817183215148
        ],
        [
            52.0,
            0.029196809759182856
        ],
        [
            12.0,
            0.09448282345047311
        ],
        [
            100.0,
            0.0016434528415209086
        ],
        [
            76.0,
            0.018274046304607126
        ],
        [
            44.0,
            0.004747171412562583
        ],
        [
            36.0,
            0.027073680278846348
        ],
        [
            84.0,
            0.003043668486115765
        ],
        [
            98.0,
            0.0001315331741848382
        ],
        [
            58.0,
            0.0003659961380291753
        ],
        [
            34.0,
            0.054267962052535645
        ],
        [
            50.0,
            0.011253049724354664
        ],
        [
            18.0,
            0.05145235931993193
        ],
        [
            26.0,
            0.017904892166701776
        ],
        [
            74.0,
            0.0008743582827706356
        ],
        [
            42.0,
            0.07746536761325337
        ],
        [
            10.0,
            0.03687156405899056
        ],
        [
            141.0,
            0.00032881314736012043
        ],
        [
            85.0,
            0.0012516151281839968
        ],
        [
            45.0,
            0.017977589935072494
        ],
        [
            101.0,
            0.0007359093367162625
        ],
        [
            77.0,
            0.007644616610211626
        ],
        [
            37.0,
            0.02595589396119541
        ],
        [
            53.0,
            0.01717969393991164
        ],
        [
            2.0,
            0.008305913817566101
        ],
        [
            117.0,
            0.0003288131473601195
        ],
        [
            61.0,
            0.00999427014110216
        ],
        [
            21.0,
            0.0002931480842407711
        ],
        [
            93.0,
            0.0007359093367162635
        ],
        [
            69.0,
            0.0074958792946425695
        ],
        [
            29.0,
            0.016559753721788115
        ],
        [
            184.0,
            3.279121225084369e-05
        ],
        [
            128.0,
            0.0006337697227727669
        ],
        [
            88.0,
            0.00043620652021383194
        ],
        [
            104.0,
            0.001454514560456536
        ],
        [
            72.0,
            0.0028091688317233446
        ],
        [
            64.0,
            0.0048712521574134846
        ]
    ],
    "approximation_ratio": 30.273057147656797,
    "approximation_ratio_offset": 0.8400379390838426,
    "noise": false,
    "p": 3
}