{
    "expected_value": 123.0043,
    "optimal_gammas": [
        4.412890012742482
    ],
    "optimal_betas": [
        0.30647774610784917
    ],
    "problem_identifier": "{'W': [1, 1], 'W_max': 2, 'A': 40, 'B': 4, 'C': 400}",
    "now": "2021-05-04 17:43:58",
    "execution_time": "0:11:31.377607",
    "nfev": 1545,
    "message": "Optimization terminated successfully.",
    "success": true,
    "nit": 48,
    "problem": {
        "W": [
            1,
            1
        ],
        "W_max": 2,
        "A": 40,
        "B": 4,
        "C": 400
    },
    "probability_distribution": {
        "200.0": 0.0338,
        "110.0": 0.041999999999999996,
        "241.0": 0.022000000000000002,
        "111.0": 0.062299999999999994,
        "1.0": 0.020700000000000003,
        "151.0": 0.0146,
        "221.0": 0.0143,
        "21.0": 0.015100000000000002,
        "81.0": 0.0016,
        "211.0": 0.0328,
        "101.0": 0.0466,
        "11.0": 0.0324,
        "121.0": 0.020399999999999998,
        "51.0": 0.0007,
        "141.0": 0.0029000000000000002,
        "251.0": 0.001,
        "40.0": 0.0052,
        "294.0": 0.0017000000000000001,
        "144.0": 0.0165,
        "14.0": 0.03,
        "204.0": 0.001,
        "254.0": 0.0046,
        "54.0": 0.0069,
        "124.0": 0.0152,
        "134.0": 0.0006000000000000001,
        "184.0": 0.0011,
        "220.0": 0.0063,
        "282.0": 0.0067,
        "152.0": 0.0237,
        "42.0": 0.0091,
        "222.0": 0.0194,
        "22.0": 0.019200000000000002,
        "112.0": 0.064,
        "202.0": 0.0133,
        "20.0": 0.0051,
        "252.0": 0.0066,
        "142.0": 0.0154,
        "52.0": 0.0051,
        "122.0": 0.0306,
        "212.0": 0.0212,
        "12.0": 0.025500000000000002,
        "102.0": 0.0137,
        "150.0": 0.0029,
        "335.0": 0.0011,
        "185.0": 0.011,
        "55.0": 0.025500000000000002,
        "205.0": 0.0018,
        "255.0": 0.0125,
        "125.0": 0.0316,
        "95.0": 0.0012,
        "145.0": 0.007,
        "215.0": 0.0104,
        "2.0": 0.0129,
        "305.0": 0.0018,
        "155.0": 0.017,
        "25.0": 0.017,
        "195.0": 0.0029,
        "245.0": 0.0122,
        "45.0": 0.0109,
        "115.0": 0.0286,
        "105.0": 0.0011,
        "225.0": 0.0092,
        "280.0": 0.0001,
        "388.0": 0.0003,
        "238.0": 0.0021999999999999997,
        "108.0": 0.0017,
        "288.0": 0.0051,
        "88.0": 0.0029,
        "158.0": 0.023,
        "228.0": 0.0152
    },
    "probability_distribution_items": [
        [
            200.0,
            0.0338
        ],
        [
            110.0,
            0.041999999999999996
        ],
        [
            241.0,
            0.022000000000000002
        ],
        [
            111.0,
            0.062299999999999994
        ],
        [
            1.0,
            0.020700000000000003
        ],
        [
            151.0,
            0.0146
        ],
        [
            221.0,
            0.0143
        ],
        [
            21.0,
            0.015100000000000002
        ],
        [
            81.0,
            0.0016
        ],
        [
            211.0,
            0.0328
        ],
        [
            101.0,
            0.0466
        ],
        [
            11.0,
            0.0324
        ],
        [
            121.0,
            0.020399999999999998
        ],
        [
            51.0,
            0.0007
        ],
        [
            141.0,
            0.0029000000000000002
        ],
        [
            251.0,
            0.001
        ],
        [
            40.0,
            0.0052
        ],
        [
            294.0,
            0.0017000000000000001
        ],
        [
            144.0,
            0.0165
        ],
        [
            14.0,
            0.03
        ],
        [
            204.0,
            0.001
        ],
        [
            254.0,
            0.0046
        ],
        [
            54.0,
            0.0069
        ],
        [
            124.0,
            0.0152
        ],
        [
            134.0,
            0.0006000000000000001
        ],
        [
            184.0,
            0.0011
        ],
        [
            220.0,
            0.0063
        ],
        [
            282.0,
            0.0067
        ],
        [
            152.0,
            0.0237
        ],
        [
            42.0,
            0.0091
        ],
        [
            222.0,
            0.0194
        ],
        [
            22.0,
            0.019200000000000002
        ],
        [
            112.0,
            0.064
        ],
        [
            202.0,
            0.0133
        ],
        [
            20.0,
            0.0051
        ],
        [
            252.0,
            0.0066
        ],
        [
            142.0,
            0.0154
        ],
        [
            52.0,
            0.0051
        ],
        [
            122.0,
            0.0306
        ],
        [
            212.0,
            0.0212
        ],
        [
            12.0,
            0.025500000000000002
        ],
        [
            102.0,
            0.0137
        ],
        [
            150.0,
            0.0029
        ],
        [
            335.0,
            0.0011
        ],
        [
            185.0,
            0.011
        ],
        [
            55.0,
            0.025500000000000002
        ],
        [
            205.0,
            0.0018
        ],
        [
            255.0,
            0.0125
        ],
        [
            125.0,
            0.0316
        ],
        [
            95.0,
            0.0012
        ],
        [
            145.0,
            0.007
        ],
        [
            215.0,
            0.0104
        ],
        [
            2.0,
            0.0129
        ],
        [
            305.0,
            0.0018
        ],
        [
            155.0,
            0.017
        ],
        [
            25.0,
            0.017
        ],
        [
            195.0,
            0.0029
        ],
        [
            245.0,
            0.0122
        ],
        [
            45.0,
            0.0109
        ],
        [
            115.0,
            0.0286
        ],
        [
            105.0,
            0.0011
        ],
        [
            225.0,
            0.0092
        ],
        [
            280.0,
            0.0001
        ],
        [
            388.0,
            0.0003
        ],
        [
            238.0,
            0.0021999999999999997
        ],
        [
            108.0,
            0.0017
        ],
        [
            288.0,
            0.0051
        ],
        [
            88.0,
            0.0029
        ],
        [
            158.0,
            0.023
        ],
        [
            228.0,
            0.0152
        ]
    ],
    "approximation_ratio": 0.6780682170542636,
    "noise": true,
    "p": 1
}