{
    "expected_value": 82.5418,
    "optimal_gammas": [
        3.9232464273382446,
        2.3653736742696845,
        3.95316327075817,
        2.5966735692871854,
        0.1131318556461754
    ],
    "optimal_betas": [
        0.4769988605386955,
        1.259233999317035,
        2.050396760051884,
        1.7218863354810179,
        1.693464364128431
    ],
    "problem_identifier": "{'W': [1, 1], 'W_max': 2, 'A': 24, 'B': 4, 'C': 240}",
    "now": "2021-05-04 22:26:55",
    "execution_time": "0:24:07.060430",
    "nfev": 1091,
    "message": "Optimization terminated successfully.",
    "success": true,
    "nit": 4,
    "problem": {
        "W": [
            1,
            1
        ],
        "W_max": 2,
        "A": 24,
        "B": 4,
        "C": 240
    },
    "probability_distribution": {
        "120.0": 0.0038,
        "66.0": 0.0151,
        "145.0": 0.0131,
        "67.0": 0.035199999999999995,
        "1.0": 0.0081,
        "91.0": 0.0246,
        "133.0": 0.0115,
        "13.0": 0.013300000000000001,
        "49.0": 0.0048000000000000004,
        "127.0": 0.0263,
        "61.0": 0.0188,
        "7.0": 0.0264,
        "73.0": 0.0313,
        "31.0": 0.0062,
        "85.0": 0.0116,
        "151.0": 0.0054,
        "24.0": 0.0048000000000000004,
        "178.0": 0.006699999999999999,
        "88.0": 0.0194,
        "10.0": 0.0129,
        "124.0": 0.010199999999999999,
        "154.0": 0.024900000000000002,
        "34.0": 0.014100000000000001,
        "76.0": 0.0169,
        "82.0": 0.0054,
        "112.0": 0.009999999999999998,
        "132.0": 0.006200000000000001,
        "170.0": 0.0031,
        "92.0": 0.014,
        "26.0": 0.005900000000000001,
        "134.0": 0.015,
        "14.0": 0.0155,
        "68.0": 0.0604,
        "122.0": 0.0116,
        "12.0": 0.0073,
        "152.0": 0.0067,
        "86.0": 0.0156,
        "32.0": 0.0083,
        "74.0": 0.0364,
        "128.0": 0.0304,
        "8.0": 0.0292,
        "62.0": 0.0181,
        "90.0": 0.01,
        "203.0": 0.0066,
        "113.0": 0.015,
        "35.0": 0.0241,
        "125.0": 0.0101,
        "155.0": 0.0144,
        "77.0": 0.0191,
        "59.0": 0.0055,
        "89.0": 0.016399999999999998,
        "131.0": 0.0098,
        "2.0": 0.009600000000000001,
        "185.0": 0.0062,
        "95.0": 0.0329,
        "17.0": 0.009899999999999999,
        "119.0": 0.0121,
        "149.0": 0.0173,
        "29.0": 0.0185,
        "71.0": 0.022,
        "65.0": 0.0059,
        "137.0": 0.011300000000000001,
        "168.0": 0.0021,
        "236.0": 0.0019,
        "146.0": 0.0127,
        "176.0": 0.0097,
        "56.0": 0.008,
        "98.0": 0.019999999999999997,
        "140.0": 0.0044
    },
    "probability_distribution_items": [
        [
            120.0,
            0.0038
        ],
        [
            66.0,
            0.0151
        ],
        [
            145.0,
            0.0131
        ],
        [
            67.0,
            0.035199999999999995
        ],
        [
            1.0,
            0.0081
        ],
        [
            91.0,
            0.0246
        ],
        [
            133.0,
            0.0115
        ],
        [
            13.0,
            0.013300000000000001
        ],
        [
            49.0,
            0.0048000000000000004
        ],
        [
            127.0,
            0.0263
        ],
        [
            61.0,
            0.0188
        ],
        [
            7.0,
            0.0264
        ],
        [
            73.0,
            0.0313
        ],
        [
            31.0,
            0.0062
        ],
        [
            85.0,
            0.0116
        ],
        [
            151.0,
            0.0054
        ],
        [
            24.0,
            0.0048000000000000004
        ],
        [
            178.0,
            0.006699999999999999
        ],
        [
            88.0,
            0.0194
        ],
        [
            10.0,
            0.0129
        ],
        [
            124.0,
            0.010199999999999999
        ],
        [
            154.0,
            0.024900000000000002
        ],
        [
            34.0,
            0.014100000000000001
        ],
        [
            76.0,
            0.0169
        ],
        [
            82.0,
            0.0054
        ],
        [
            112.0,
            0.009999999999999998
        ],
        [
            132.0,
            0.006200000000000001
        ],
        [
            170.0,
            0.0031
        ],
        [
            92.0,
            0.014
        ],
        [
            26.0,
            0.005900000000000001
        ],
        [
            134.0,
            0.015
        ],
        [
            14.0,
            0.0155
        ],
        [
            68.0,
            0.0604
        ],
        [
            122.0,
            0.0116
        ],
        [
            12.0,
            0.0073
        ],
        [
            152.0,
            0.0067
        ],
        [
            86.0,
            0.0156
        ],
        [
            32.0,
            0.0083
        ],
        [
            74.0,
            0.0364
        ],
        [
            128.0,
            0.0304
        ],
        [
            8.0,
            0.0292
        ],
        [
            62.0,
            0.0181
        ],
        [
            90.0,
            0.01
        ],
        [
            203.0,
            0.0066
        ],
        [
            113.0,
            0.015
        ],
        [
            35.0,
            0.0241
        ],
        [
            125.0,
            0.0101
        ],
        [
            155.0,
            0.0144
        ],
        [
            77.0,
            0.0191
        ],
        [
            59.0,
            0.0055
        ],
        [
            89.0,
            0.016399999999999998
        ],
        [
            131.0,
            0.0098
        ],
        [
            2.0,
            0.009600000000000001
        ],
        [
            185.0,
            0.0062
        ],
        [
            95.0,
            0.0329
        ],
        [
            17.0,
            0.009899999999999999
        ],
        [
            119.0,
            0.0121
        ],
        [
            149.0,
            0.0173
        ],
        [
            29.0,
            0.0185
        ],
        [
            71.0,
            0.022
        ],
        [
            65.0,
            0.0059
        ],
        [
            137.0,
            0.011300000000000001
        ],
        [
            168.0,
            0.0021
        ],
        [
            236.0,
            0.0019
        ],
        [
            146.0,
            0.0127
        ],
        [
            176.0,
            0.0097
        ],
        [
            56.0,
            0.008
        ],
        [
            98.0,
            0.019999999999999997
        ],
        [
            140.0,
            0.0044
        ]
    ],
    "approximation_ratio": 0.6456868085106383,
    "noise": true,
    "p": 5
}