{
    "expected_value": 9.015570573125904,
    "optimal_gammas": [
        4.734009549515015,
        1.0255855483161123
    ],
    "optimal_betas": [
        1.5697033818557111,
        0.7860447436771565
    ],
    "problem_identifier": "{'W': [1, 1, 1], 'W_max': 1, 'A': 12, 'B': 4, 'C': 12}",
    "now": "2021-05-07 11:39:22",
    "execution_time": "5:49:22.749104",
    "nfev": 11425,
    "message": "Optimization terminated successfully.",
    "success": true,
    "nit": 188,
    "problem": {
        "W": [
            1,
            1,
            1
        ],
        "W_max": 1,
        "A": 12,
        "B": 4,
        "C": 12
    },
    "optimal_cost": 3.0,
    "probability_distribution": {
        "9.0": 0.9973889916906303,
        "15.0": 0.0024102932498857674,
        "27.0": 2.363623421623747e-05,
        "21.0": 7.125330082849149e-07,
        "33.0": 1.2090291641906925e-08,
        "45.0": 2.25967041699802e-11,
        "63.0": 1.215324620621233e-13,
        "39.0": 2.9661717675181375e-12,
        "57.0": 6.18218383383434e-14,
        "51.0": 1.3920900540251129e-14,
        "75.0": 2.879877939040104e-16,
        "69.0": 2.5343125771893802e-17,
        "93.0": 3.6546344294042275e-19,
        "117.0": 8.94698216400498e-22,
        "13.0": 0.00017038486457543995,
        "7.0": 5.5501109217425545e-06,
        "19.0": 3.5432730843320796e-07,
        "25.0": 2.8853460267219177e-10,
        "31.0": 3.816692647147218e-09,
        "37.0": 3.417805408731301e-12,
        "49.0": 2.5037754213165505e-14,
        "43.0": 9.534206380223353e-14,
        "61.0": 4.297041321956679e-18,
        "55.0": 3.538819118619302e-16,
        "67.0": 8.485162983915262e-17,
        "79.0": 4.699273600470022e-21,
        "73.0": 1.936109907369262e-18,
        "85.0": 2.349636915115362e-21,
        "103.0": 1.158471794666177e-23,
        "17.0": 5.437072248155023e-08,
        "11.0": 6.258983120311898e-09,
        "5.0": 3.588498685260955e-11,
        "23.0": 9.782423382917815e-11,
        "35.0": 1.224059267506457e-12,
        "29.0": 9.558915014453122e-15,
        "47.0": 4.3252100142147483e-19,
        "41.0": 1.343233737838741e-16,
        "53.0": 2.142523318273165e-19,
        "65.0": 5.828563537409466e-24,
        "59.0": 5.008271235014364e-21,
        "71.0": 1.1657126192626892e-23,
        "89.0": 5.583954414396134e-27,
        "3.0": 1.2334549848271814e-16
    },
    "probability_distribution_items": [
        [
            9.0,
            0.9973889916906303
        ],
        [
            15.0,
            0.0024102932498857674
        ],
        [
            27.0,
            2.363623421623747e-05
        ],
        [
            21.0,
            7.125330082849149e-07
        ],
        [
            33.0,
            1.2090291641906925e-08
        ],
        [
            45.0,
            2.25967041699802e-11
        ],
        [
            63.0,
            1.215324620621233e-13
        ],
        [
            39.0,
            2.9661717675181375e-12
        ],
        [
            57.0,
            6.18218383383434e-14
        ],
        [
            51.0,
            1.3920900540251129e-14
        ],
        [
            75.0,
            2.879877939040104e-16
        ],
        [
            69.0,
            2.5343125771893802e-17
        ],
        [
            93.0,
            3.6546344294042275e-19
        ],
        [
            117.0,
            8.94698216400498e-22
        ],
        [
            13.0,
            0.00017038486457543995
        ],
        [
            7.0,
            5.5501109217425545e-06
        ],
        [
            19.0,
            3.5432730843320796e-07
        ],
        [
            25.0,
            2.8853460267219177e-10
        ],
        [
            31.0,
            3.816692647147218e-09
        ],
        [
            37.0,
            3.417805408731301e-12
        ],
        [
            49.0,
            2.5037754213165505e-14
        ],
        [
            43.0,
            9.534206380223353e-14
        ],
        [
            61.0,
            4.297041321956679e-18
        ],
        [
            55.0,
            3.538819118619302e-16
        ],
        [
            67.0,
            8.485162983915262e-17
        ],
        [
            79.0,
            4.699273600470022e-21
        ],
        [
            73.0,
            1.936109907369262e-18
        ],
        [
            85.0,
            2.349636915115362e-21
        ],
        [
            103.0,
            1.158471794666177e-23
        ],
        [
            17.0,
            5.437072248155023e-08
        ],
        [
            11.0,
            6.258983120311898e-09
        ],
        [
            5.0,
            3.588498685260955e-11
        ],
        [
            23.0,
            9.782423382917815e-11
        ],
        [
            35.0,
            1.224059267506457e-12
        ],
        [
            29.0,
            9.558915014453122e-15
        ],
        [
            47.0,
            4.3252100142147483e-19
        ],
        [
            41.0,
            1.343233737838741e-16
        ],
        [
            53.0,
            2.142523318273165e-19
        ],
        [
            65.0,
            5.828563537409466e-24
        ],
        [
            59.0,
            5.008271235014364e-21
        ],
        [
            71.0,
            1.1657126192626892e-23
        ],
        [
            89.0,
            5.583954414396134e-27
        ],
        [
            3.0,
            1.2334549848271814e-16
        ]
    ],
    "approximation_ratio": 3.0051901910420096,
    "approximation_ratio_offset": 0.9472318370778419,
    "noise": false,
    "p": 2
}