{
    "expected_value": 393.3305869237212,
    "optimal_gammas": [
        1.9203699954602045
    ],
    "optimal_betas": [
        0.5753662399456337
    ],
    "problem_identifier": "{'W': [1, 1], 'W_max': 2, 'A': 56, 'B': 4, 'C': 1456}",
    "now": "2021-05-05 19:18:11",
    "execution_time": "0:12:57.750779",
    "nfev": 1077,
    "message": "Optimization terminated successfully.",
    "success": true,
    "nit": 34,
    "problem": {
        "W": [
            1,
            1
        ],
        "W_max": 2,
        "A": 56,
        "B": 4,
        "C": 1456
    },
    "probability_distribution": {
        "728.0": 0.15069388974936224,
        "378.0": 0.040798680112731446,
        "56.0": 0.05801224524587954,
        "756.0": 0.0021401990476135136,
        "28.0": 0.0006189934722838556,
        "434.0": 0.007880785607584512,
        "840.0": 0.005619610019134763,
        "785.0": 0.03884470163904266,
        "379.0": 0.03706248256555261,
        "1.0": 0.09741704489112729,
        "435.0": 0.007422255512552781,
        "757.0": 0.0009837342289303228,
        "29.0": 0.0022418974774543465,
        "113.0": 0.00410460180125697,
        "743.0": 0.020990517922882906,
        "365.0": 0.023893304873406532,
        "15.0": 0.09965894236858164,
        "393.0": 0.015845508872427274,
        "71.0": 0.004104601801256968,
        "421.0": 0.004745924332271592,
        "799.0": 0.018837917945090092,
        "858.0": 0.0013854819157386993,
        "424.0": 0.0454882155167855,
        "18.0": 0.04746521477941176,
        "508.0": 0.00019112267638432762,
        "802.0": 0.01142605539160229,
        "74.0": 0.003775680480537595,
        "396.0": 0.006400928798369572,
        "186.0": 0.0002453094682558891,
        "480.0": 0.009083166543625726,
        "842.0": 0.0004846102565395488,
        "436.0": 0.0014918299613732445,
        "58.0": 0.005877484602494721,
        "758.0": 0.016278492187128353,
        "30.0": 0.006229122413616655,
        "380.0": 0.01656282112362817,
        "730.0": 0.01579388193058881,
        "800.0": 0.0013187429238421273,
        "422.0": 0.0016317893270318632,
        "72.0": 0.0068303721197613635,
        "394.0": 0.009473095814520317,
        "744.0": 0.03371174142709088,
        "16.0": 0.007540371191006511,
        "366.0": 0.007841306487488459,
        "915.0": 0.00011495616298461158,
        "481.0": 0.0027887135730965437,
        "75.0": 0.00439966287231885,
        "509.0": 0.00011492153895841878,
        "803.0": 0.0020948646781091995,
        "397.0": 0.0036234661313636497,
        "131.0": 0.00046135126197002134,
        "425.0": 0.014552380965461843,
        "747.0": 0.015254943868602166,
        "2.0": 0.00035163781112193407,
        "873.0": 0.00011495616298461155,
        "439.0": 0.017341094538558376,
        "33.0": 0.0029106647883473265,
        "495.0": 0.00011492153895841894,
        "789.0": 0.002094864678109201,
        "61.0": 0.0014889980839715258,
        "383.0": 0.0036234661313636505,
        "145.0": 0.0004613512619700219,
        "761.0": 0.01525494386860216,
        "988.0": 2.2698760719524693e-06,
        "554.0": 0.00023553506900419178,
        "148.0": 0.0002401488453526675,
        "848.0": 0.0018139675973018088,
        "120.0": 0.0014854721076109432,
        "442.0": 0.006849993478384833,
        "764.0": 0.0037657762861744355
    },
    "probability_distribution_items": [
        [
            728.0,
            0.15069388974936224
        ],
        [
            378.0,
            0.040798680112731446
        ],
        [
            56.0,
            0.05801224524587954
        ],
        [
            756.0,
            0.0021401990476135136
        ],
        [
            28.0,
            0.0006189934722838556
        ],
        [
            434.0,
            0.007880785607584512
        ],
        [
            840.0,
            0.005619610019134763
        ],
        [
            785.0,
            0.03884470163904266
        ],
        [
            379.0,
            0.03706248256555261
        ],
        [
            1.0,
            0.09741704489112729
        ],
        [
            435.0,
            0.007422255512552781
        ],
        [
            757.0,
            0.0009837342289303228
        ],
        [
            29.0,
            0.0022418974774543465
        ],
        [
            113.0,
            0.00410460180125697
        ],
        [
            743.0,
            0.020990517922882906
        ],
        [
            365.0,
            0.023893304873406532
        ],
        [
            15.0,
            0.09965894236858164
        ],
        [
            393.0,
            0.015845508872427274
        ],
        [
            71.0,
            0.004104601801256968
        ],
        [
            421.0,
            0.004745924332271592
        ],
        [
            799.0,
            0.018837917945090092
        ],
        [
            858.0,
            0.0013854819157386993
        ],
        [
            424.0,
            0.0454882155167855
        ],
        [
            18.0,
            0.04746521477941176
        ],
        [
            508.0,
            0.00019112267638432762
        ],
        [
            802.0,
            0.01142605539160229
        ],
        [
            74.0,
            0.003775680480537595
        ],
        [
            396.0,
            0.006400928798369572
        ],
        [
            186.0,
            0.0002453094682558891
        ],
        [
            480.0,
            0.009083166543625726
        ],
        [
            842.0,
            0.0004846102565395488
        ],
        [
            436.0,
            0.0014918299613732445
        ],
        [
            58.0,
            0.005877484602494721
        ],
        [
            758.0,
            0.016278492187128353
        ],
        [
            30.0,
            0.006229122413616655
        ],
        [
            380.0,
            0.01656282112362817
        ],
        [
            730.0,
            0.01579388193058881
        ],
        [
            800.0,
            0.0013187429238421273
        ],
        [
            422.0,
            0.0016317893270318632
        ],
        [
            72.0,
            0.0068303721197613635
        ],
        [
            394.0,
            0.009473095814520317
        ],
        [
            744.0,
            0.03371174142709088
        ],
        [
            16.0,
            0.007540371191006511
        ],
        [
            366.0,
            0.007841306487488459
        ],
        [
            915.0,
            0.00011495616298461158
        ],
        [
            481.0,
            0.0027887135730965437
        ],
        [
            75.0,
            0.00439966287231885
        ],
        [
            509.0,
            0.00011492153895841878
        ],
        [
            803.0,
            0.0020948646781091995
        ],
        [
            397.0,
            0.0036234661313636497
        ],
        [
            131.0,
            0.00046135126197002134
        ],
        [
            425.0,
            0.014552380965461843
        ],
        [
            747.0,
            0.015254943868602166
        ],
        [
            2.0,
            0.00035163781112193407
        ],
        [
            873.0,
            0.00011495616298461155
        ],
        [
            439.0,
            0.017341094538558376
        ],
        [
            33.0,
            0.0029106647883473265
        ],
        [
            495.0,
            0.00011492153895841894
        ],
        [
            789.0,
            0.002094864678109201
        ],
        [
            61.0,
            0.0014889980839715258
        ],
        [
            383.0,
            0.0036234661313636505
        ],
        [
            145.0,
            0.0004613512619700219
        ],
        [
            761.0,
            0.01525494386860216
        ],
        [
