{
    "expected_value": 58.8637,
    "optimal_gammas": [
        3.081517545984708
    ],
    "optimal_betas": [
        0.3297068766330804
    ],
    "problem_identifier": "{'W': [1, 1], 'W_max': 2, 'A': 8, 'B': 4, 'C': 208}",
    "now": "2021-05-04 01:08:58",
    "execution_time": "0:10:24.892237",
    "probability_distribution": {
        "104.0": 0.0107,
        "54.0": 0.0416,
        "113.0": 0.0124,
        "55.0": 0.0555,
        "1.0": 0.0077,
        "63.0": 0.0129,
        "109.0": 0.0266,
        "5.0": 0.0258,
        "17.0": 0.0004,
        "107.0": 0.0373,
        "53.0": 0.0415,
        "3.0": 0.0302,
        "57.0": 0.020100000000000003,
        "11.0": 0.0004,
        "61.0": 0.0375,
        "115.0": 0.0005,
        "8.0": 0.0022,
        "126.0": 0.0015,
        "64.0": 0.0411,
        "6.0": 0.039599999999999996,
        "76.0": 0.0023,
        "118.0": 0.014599999999999998,
        "14.0": 0.0166,
        "60.0": 0.024300000000000002,
        "30.0": 0.00030000000000000003,
        "72.0": 0.0017,
        "108.0": 0.050499999999999996,
        "122.0": 0.0013,
        "10.0": 0.0035,
        "110.0": 0.0244,
        "56.0": 0.04680000000000001,
        "106.0": 0.020999999999999998,
        "4.0": 0.0492,
        "116.0": 0.0107,
        "62.0": 0.013200000000000002,
        "12.0": 0.0024,
        "58.0": 0.0268,
        "135.0": 0.0004,
        "73.0": 0.0087,
        "15.0": 0.0272,
        "77.0": 0.0033,
        "119.0": 0.0235,
        "23.0": 0.0005,
        "65.0": 0.0082,
        "111.0": 0.0054,
        "2.0": 0.019700000000000002,
        "129.0": 0.0007999999999999999,
        "67.0": 0.017499999999999998,
        "9.0": 0.0068000000000000005,
        "75.0": 0.0033,
        "117.0": 0.0223,
        "13.0": 0.022,
        "59.0": 0.033100000000000004,
        "25.0": 0.0007999999999999999,
        "148.0": 0.0001,
        "86.0": 0.0021,
        "28.0": 0.0016,
        "128.0": 0.0091,
        "24.0": 0.0068000000000000005,
        "70.0": 0.0217
    },
    "approximation_ratio": 0.5995639455782312
}