{
    "expected_value": 25.5312344056463,
    "optimal_gammas": [
        4.180036730049968,
        3.7373350078218275
    ],
    "optimal_betas": [
        0.4905364192248548,
        1.3290450195598376
    ],
    "problem_identifier": "{'W': [1, 1, 1], 'W_max': 1, 'A': 12, 'B': 4, 'C': 48}",
    "now": "2021-05-08 01:52:24",
    "execution_time": "0:43:14.332750",
    "nfev": 3245,
    "message": "Maximum number of iterations has been exceeded.",
    "success": false,
    "nit": 50,
    "problem": {
        "W": [
            1,
            1,
            1
        ],
        "W_max": 1,
        "A": 12,
        "B": 4,
        "C": 48
    },
    "optimal_cost": 3.0,
    "probability_distribution": {
        "36.0": 0.009341890950250495,
        "27.0": 0.05884287204883398,
        "24.0": 0.038288771212153336,
        "42.0": 0.01657873310265327,
        "18.0": 0.024057524000963438,
        "39.0": 0.009967386249030822,
        "15.0": 0.14335947547045644,
        "60.0": 0.0004975513899566045,
        "63.0": 0.001142211224225383,
        "90.0": 7.759102758319079e-05,
        "81.0": 0.0002900621979302261,
        "33.0": 0.013093537202525436,
        "78.0": 0.0003560264931643508,
        "30.0": 0.018944506152479085,
        "54.0": 0.000391584610348358,
        "9.0": 0.0021757220149977163,
        "57.0": 0.00027138955860117164,
        "99.0": 5.8622145681135966e-05,
        "75.0": 0.0002645761217379717,
        "51.0": 0.0008601585362244029,
        "102.0": 0.00010353416288219568,
        "129.0": 1.4413189933212698e-05,
        "144.0": 6.204825844048273e-07,
        "96.0": 1.3275740985625539e-05,
        "147.0": 2.4785586785697873e-06,
        "72.0": 6.4130391789247515e-06,
        "123.0": 5.0954904764561284e-06,
        "174.0": 6.220708289555449e-07,
        "225.0": 1.128729969446355e-08,
        "40.0": 0.014827698345341953,
        "25.0": 0.014590533940516478,
        "16.0": 0.15910935771542736,
        "13.0": 0.005542190083327988,
        "31.0": 0.04548208759571,
        "7.0": 0.009122881521498786,
        "28.0": 0.0995999834634195,
        "37.0": 0.005320234230974297,
        "52.0": 0.0008585760979413587,
        "49.0": 0.0003394975248145975,
        "55.0": 0.0003511848361589468,
        "76.0": 0.0005045688134552092,
        "46.0": 0.0036387768466286177,
        "79.0": 0.00045004382488617956,
        "70.0": 0.00028219187558509905,
        "22.0": 0.05717484300158709,
        "67.0": 0.00031401343526362145,
        "43.0": 0.007357902000513201,
        "91.0": 5.008713668295059e-05,
        "88.0": 3.9081947212007134e-05,
        "19.0": 0.0028681483528391104,
        "64.0": 0.00021310239694391232,
        "94.0": 3.2262580232171253e-05,
        "115.0": 5.247059000168984e-06,
        "97.0": 2.7671335575547185e-05,
        "136.0": 1.46583376042835e-06,
        "133.0": 3.9007968090695255e-07,
        "73.0": 6.148510957503933e-05,
        "109.0": 8.39487008022498e-07,
        "100.0": 2.014564596245969e-05,
        "139.0": 7.576989059459349e-07,
        "160.0": 2.1603071910109965e-07,
        "127.0": 1.772812264128021e-06,
        "166.0": 1.0801535955054841e-07,
        "211.0": 1.2330588135643046e-08,
        "44.0": 0.02646975700167727,
        "29.0": 0.101576855848877,
        "20.0": 0.01568488196483369,
        "17.0": 0.0008003344669109632,
        "38.0": 0.0019762095419226487,
        "14.0": 0.005931002408801985,
        "5.0": 0.0011199579250308223,
        "26.0": 0.0003748450234648659,
        "41.0": 0.00213715082572708,
        "62.0": 5.498119947292693e-06,
        "35.0": 0.051022882534711045,
        "11.0": 0.0005380321969214746,
        "32.0": 0.003918214432162174,
        "77.0": 0.0004367376262226213,
        "68.0": 0.0001825973453023493,
        "65.0": 2.7942798724346538e-05,
        "83.0": 6.48294343302539e-06,
        "59.0": 5.9074548305238734e-05,
        "80.0": 1.1553427439227118e-05,
        "56.0": 0.00014814295475376214,
        "101.0": 9.70523516955731e-07,
        "53.0": 6.461518807248279e-05,
        "74.0": 9.880300292771715e-05,
        "50.0": 8.36495196978131e-05,
        "89.0": 1.4411412032965726e-05,
        "86.0": 4.081941373460945e-06,
        "128.0": 3.517271338504047e-07,
        "125.0": 2.9552832016132123e-07,
        "146.0": 3.7563498947859365e-08,
        "92.0": 5.700271421781775e-06,
        "113.0": 6.54574354068145e-07,
        "131.0": 1.7626703764332195e-07,
        "107.0": 2.9311529239816905e-07,
        "152.0": 7.512699789571873e-08,
        "197.0": 1.4030998327108788e-09,
        "48.0": 0.019897656854863558,
        "21.0": 0.00013881986897506442,
        "45.0": 1.7207248372383834e-05,
        "66.0": 2.8843199933286257e-05,
        "3.0": 1.889730235673456e-05,
        "120.0": 1.0088153116738871e-07,
        "117.0": 6.66240428311993e-08,
        "93.0": 1.016293781813383e-07,
        "138.0": 1.850556258280111e-08,
        "183.0": 2.047028609028461e-09
    },