{
    "expected_value": 17.066651246827618,
    "optimal_gammas": [
        4.166148376283596,
        4.5671042050945525,
        2.2703274192064913
    ],
    "optimal_betas": [
        0.8092128263801897,
        1.5740116171950023,
        2.8990347101430483
    ],
    "problem_identifier": "{'W': [1, 1, 1], 'W_max': 1, 'A': 12, 'B': 4, 'C': 24}",
    "now": "2021-05-08 03:48:55",
    "execution_time": "1:22:43.294475",
    "nfev": 4905,
    "message": "Maximum number of iterations has been exceeded.",
    "success": false,
    "nit": 50,
    "problem": {
        "W": [
            1,
            1,
            1
        ],
        "W_max": 1,
        "A": 12,
        "B": 4,
        "C": 24
    },
    "optimal_cost": 3.0,
    "probability_distribution": {
        "18.0": 0.10859453002406379,
        "15.0": 0.23467167176243406,
        "27.0": 0.012860662011341614,
        "24.0": 0.026558546108567227,
        "12.0": 0.11950156989661029,
        "36.0": 0.001997046159174278,
        "42.0": 0.0005996064905732367,
        "30.0": 0.001474231817651839,
        "51.0": 0.0003553767980836725,
        "72.0": 4.1161847082891604e-05,
        "45.0": 0.0002785796952110236,
        "21.0": 0.01687379716958987,
        "48.0": 0.00026547703546274496,
        "57.0": 3.739689444879412e-05,
        "9.0": 0.007967343554896252,
        "63.0": 5.5668032808199655e-05,
        "39.0": 0.0008403831928058452,
        "60.0": 4.200773998727286e-05,
        "93.0": 1.6899058176325228e-06,
        "90.0": 8.12526836246265e-07,
        "66.0": 1.4078262069650724e-05,
        "99.0": 1.1592413033001204e-06,
        "54.0": 6.117057854133941e-06,
        "87.0": 3.9439119816236625e-06,
        "120.0": 3.0269384638967935e-07,
        "153.0": 8.96801468876592e-09,
        "22.0": 0.12146504411799243,
        "13.0": 0.06616266341100767,
        "10.0": 0.05053380480983064,
        "19.0": 0.14156384727348098,
        "7.0": 0.005001165989820484,
        "25.0": 0.002927510618999857,
        "34.0": 0.0009416432047570967,
        "37.0": 7.814640350315886e-05,
        "31.0": 0.003540338702417497,
        "43.0": 0.00038391863009254045,
        "58.0": 2.9434506454170027e-05,
        "28.0": 0.0073509406901691105,
        "40.0": 0.00016980170227420813,
        "16.0": 0.022525759309170244,
        "46.0": 0.00032941606451894235,
        "55.0": 7.732648792203086e-05,
        "64.0": 7.090183153886628e-06,
        "52.0": 3.320789226381166e-06,
        "79.0": 2.918250103210443e-06,
        "61.0": 1.791270282863332e-05,
        "82.0": 1.062034219995012e-06,
        "85.0": 3.2039980025137243e-07,
        "49.0": 2.5286961740347227e-05,
        "73.0": 1.011543031253728e-06,
        "70.0": 7.115965567645666e-06,
        "91.0": 1.1853176708460682e-06,
        "106.0": 2.1803951556817866e-07,
        "76.0": 2.1994108301695525e-06,
        "112.0": 1.0901975778409038e-07,
        "139.0": 1.0373927158535804e-08,
        "26.0": 0.01647229361285115,
        "17.0": 0.013284663725471796,
        "14.0": 0.003947210341928782,
        "20.0": 0.0010774734557690744,
        "8.0": 0.0014005719268419417,
        "5.0": 0.000201223109465597,
        "29.0": 0.00036447987806806966,
        "44.0": 3.431240985454844e-05,
        "23.0": 0.006577748635389878,
        "11.0": 0.00010058081161630791,
        "41.0": 0.00010860481963329401,
        "38.0": 0.00010831125198216589,
        "47.0": 1.801464339379985e-05,
        "35.0": 4.92353380525392e-05,
        "50.0": 6.478222024949865e-06,
        "65.0": 1.0069517741470104e-06,
        "32.0": 2.396640788040851e-05,
        "53.0": 1.6658718404227944e-05,
        "56.0": 2.7664498158266494e-06,
        "74.0": 8.790365167778824e-07,
        "77.0": 8.967946527895043e-07,
        "92.0": 7.867036149175248e-08,
        "62.0": 3.3421690691237078e-06,
        "83.0": 2.4386928471430794e-07,
        "71.0": 3.8693098258258725e-07,
        "98.0": 1.5734072298350526e-07,
        "125.0": 9.511692640735681e-09,
        "33.0": 2.9667190064120197e-06,
        "3.0": 1.5524889989063319e-06,
        "69.0": 1.2395103600277397e-07,
        "84.0": 6.571015222407147e-08,
        "111.0": 4.385003319643669e-09
    },