{
    "expected_value": 61.7819,
    "optimal_gammas": [
        4.990625537342526,
        2.933200894999076,
        3.2687862142291784,
        1.377257552538923,
        4.684342479734427,
        5.692677437853048,
        3.877053370030384
    ],
    "optimal_betas": [
        0.9184609101513369,
        1.215240448772192,
        1.2583669371265929,
        1.2609308753196196,
        2.733979204790195,
        0.21964195094890537,
        0.2186678242021758
    ],
    "problem_identifier": "{'W': [1, 1], 'W_max': 2, 'A': 8, 'B': 4, 'C': 208}",
    "now": "2021-05-04 20:01:51",
    "execution_time": "0:18:21.055362",
    "nfev": 735,
    "message": "Optimization terminated successfully.",
    "success": true,
    "nit": 1,
    "problem": {
        "W": [
            1,
            1
        ],
        "W_max": 2,
        "A": 8,
        "B": 4,
        "C": 208
    },
    "probability_distribution": {
        "104.0": 0.0101,
        "54.0": 0.0396,
        "113.0": 0.021299999999999996,
        "55.0": 0.0373,
        "1.0": 0.009399999999999999,
        "63.0": 0.036800000000000006,
        "109.0": 0.0172,
        "5.0": 0.0186,
        "17.0": 0.0081,
        "107.0": 0.033600000000000005,
        "53.0": 0.027299999999999998,
        "3.0": 0.0267,
        "57.0": 0.0356,
        "11.0": 0.0089,
        "61.0": 0.023,
        "115.0": 0.006500000000000001,
        "8.0": 0.0106,
        "126.0": 0.0125,
        "64.0": 0.0424,
        "6.0": 0.021800000000000003,
        "76.0": 0.0171,
        "118.0": 0.018400000000000003,
        "14.0": 0.015,
        "60.0": 0.010700000000000001,
        "30.0": 0.0046,
        "72.0": 0.0123,
        "108.0": 0.0276,
        "122.0": 0.0057,
        "10.0": 0.0078,
        "110.0": 0.017499999999999998,
        "56.0": 0.0418,
        "106.0": 0.010499999999999999,
        "4.0": 0.035699999999999996,
        "116.0": 0.0143,
        "62.0": 0.0344,
        "12.0": 0.006,
        "58.0": 0.0315,
        "135.0": 0.0115,
        "73.0": 0.014499999999999999,
        "15.0": 0.0209,
        "77.0": 0.013999999999999999,
        "119.0": 0.015200000000000002,
        "23.0": 0.0049,
        "65.0": 0.0103,
        "111.0": 0.0034,
        "2.0": 0.0093,
        "129.0": 0.0093,
        "67.0": 0.022099999999999998,
        "9.0": 0.006,
        "75.0": 0.0153,
        "117.0": 0.0127,
        "13.0": 0.0134,
        "59.0": 0.0095,
        "25.0": 0.004,
        "120.0": 0.0035,
        "148.0": 0.0036,
        "86.0": 0.013,
        "28.0": 0.0057,
        "128.0": 0.0055,
        "24.0": 0.0068000000000000005,
        "70.0": 0.0074
    },
    "probability_distribution_items": [
        [
            104.0,
            0.0101
        ],
        [
            54.0,
            0.0396
        ],
        [
            113.0,
            0.021299999999999996
        ],
        [
            55.0,
            0.0373
        ],
        [
            1.0,
            0.009399999999999999
        ],
        [
            63.0,
            0.036800000000000006
        ],
        [
            109.0,
            0.0172
        ],
        [
            5.0,
            0.0186
        ],
        [
            17.0,
            0.0081
        ],
        [
            107.0,
            0.033600000000000005
        ],
        [
            53.0,
            0.027299999999999998
        ],
        [
            3.0,
            0.0267
        ],
        [
            57.0,
            0.0356
        ],
        [
            11.0,
            0.0089
        ],
        [
            61.0,
            0.023
        ],
        [
            115.0,
            0.006500000000000001
        ],
        [
            8.0,
            0.0106
        ],
        [
            126.0,
            0.0125
        ],
        [
            64.0,
            0.0424
        ],
        [
            6.0,
            0.021800000000000003
        ],
        [
            76.0,
            0.0171
        ],
        [
            118.0,
            0.018400000000000003
        ],
        [
            14.0,
            0.015
        ],
        [
            60.0,
            0.010700000000000001
        ],
        [
            30.0,
            0.0046
        ],
        [
            72.0,
            0.0123
        ],
        [
            108.0,
            0.0276
        ],
        [
            122.0,
            0.0057
        ],
        [
            10.0,
            0.0078
        ],
        [
            110.0,
            0.017499999999999998
        ],
        [
            56.0,
            0.0418
        ],
        [
            106.0,
            0.010499999999999999
        ],
        [
            4.0,
            0.035699999999999996
        ],
        [
            116.0,
            0.0143
        ],
        [
            62.0,
            0.0344
        ],
        [
            12.0,
            0.006
        ],
        [
            58.0,
            0.0315
        ],
        [
            135.0,
            0.0115
        ],
        [
            73.0,
            0.014499999999999999
        ],
        [
            15.0,
            0.0209
        ],
        [
            77.0,
            0.013999999999999999
        ],
        [
            119.0,
            0.015200000000000002
        ],
        [
            23.0,
            0.0049
        ],
        [
            65.0,
            0.0103
        ],
        [
            111.0,
            0.0034
        ],
        [
            2.0,
            0.0093
        ],
        [
            129.0,
            0.0093
        ],
        [
            67.0,
            0.022099999999999998
        ],
        [
            9.0,
            0.006
        ],
        [
            75.0,
            0.0153
        ],
        [
            117.0,
            0.0127
        ],
        [
            13.0,
            0.0134
        ],
        [
            59.0,
            0.0095
        ],
        [
            25.0,
            0.004
        ],
        [
            120.0,
            0.0035
        ],
        [
            148.0,
            0.0036
        ],
        [
            86.0,
            0.013
        ],
        [
            28.0,
            0.0057
        ],
        [
            128.0,
            0.0055
        ],
        [
            24.0,
            0.0068000000000000005
        ],
        [
            70.0,
            0.0074
        ]
    ],
    "approximation_ratio": 0.5773571428571428,
    "noise": true,
    "p": 7
}