{
    "expected_value": 36.9502,
    "optimal_gammas": [
        3.509945722790709,
        1.5637358220434154
    ],
    "optimal_betas": [
        1.8990902346355831,
        1.2323052487568869
    ],
    "problem_identifier": "{'W': [1, 1], 'W_max': 2, 'A': 32, 'B': 4, 'C': 64}",
    "now": "2021-05-07 01:04:31",
    "execution_time": "2:03:13.490420",
    "nfev": 10055,
    "message": "Optimization terminated successfully.",
    "success": true,
    "nit": 164,
    "problem": {
        "W": [
            1,
            1
        ],
        "W_max": 2,
        "A": 32,
        "B": 4,
        "C": 64
    },
    "probability_distribution": {
        "32.0": 0.023500000000000004,
        "24.0": 0.0233,
        "65.0": 0.0161,
        "25.0": 0.048499999999999995,
        "1.0": 0.0232,
        "57.0": 0.0147,
        "49.0": 0.018099999999999998,
        "17.0": 0.0512,
        "41.0": 0.027899999999999998,
        "9.0": 0.0315,
        "33.0": 0.0213,
        "73.0": 0.0027,
        "108.0": 0.005,
        "52.0": 0.0228,
        "12.0": 0.0439,
        "100.0": 0.0021,
        "76.0": 0.0095,
        "44.0": 0.0088,
        "36.0": 0.024599999999999997,
        "84.0": 0.0033,
        "48.0": 0.0057,
        "98.0": 0.0033,
        "58.0": 0.0185,
        "34.0": 0.0572,
        "50.0": 0.0319,
        "18.0": 0.032600000000000004,
        "26.0": 0.05529999999999999,
        "16.0": 0.0041,
        "74.0": 0.004999999999999999,
        "42.0": 0.033600000000000005,
        "10.0": 0.0271,
        "56.0": 0.0211,
        "141.0": 0.0021,
        "85.0": 0.0105,
        "45.0": 0.0482,
        "101.0": 0.0056,
        "77.0": 0.0156,
        "37.0": 0.0489,
        "53.0": 0.022699999999999998,
        "2.0": 0.0086,
        "117.0": 0.0021000000000000003,
        "61.0": 0.0194,
        "21.0": 0.0152,
        "93.0": 0.0032,
        "69.0": 0.0108,
        "29.0": 0.0335,
        "96.0": 0.0004,
        "184.0": 0.0001,
        "128.0": 0.0036999999999999997,
        "88.0": 0.0051,
        "104.0": 0.0035,
        "72.0": 0.0031,
        "64.0": 0.020300000000000002
    },
    "probability_distribution_items": [
        [
            32.0,
            0.023500000000000004
        ],
        [
            24.0,
            0.0233
        ],
        [
            65.0,
            0.0161
        ],
        [
            25.0,
            0.048499999999999995
        ],
        [
            1.0,
            0.0232
        ],
        [
            57.0,
            0.0147
        ],
        [
            49.0,
            0.018099999999999998
        ],
        [
            17.0,
            0.0512
        ],
        [
            41.0,
            0.027899999999999998
        ],
        [
            9.0,
            0.0315
        ],
        [
            33.0,
            0.0213
        ],
        [
            73.0,
            0.0027
        ],
        [
            108.0,
            0.005
        ],
        [
            52.0,
            0.0228
        ],
        [
            12.0,
            0.0439
        ],
        [
            100.0,
            0.0021
        ],
        [
            76.0,
            0.0095
        ],
        [
            44.0,
            0.0088
        ],
        [
            36.0,
            0.024599999999999997
        ],
        [
            84.0,
            0.0033
        ],
        [
            48.0,
            0.0057
        ],
        [
            98.0,
            0.0033
        ],
        [
            58.0,
            0.0185
        ],
        [
            34.0,
            0.0572
        ],
        [
            50.0,
            0.0319
        ],
        [
            18.0,
            0.032600000000000004
        ],
        [
            26.0,
            0.05529999999999999
        ],
        [
            16.0,
            0.0041
        ],
        [
            74.0,
            0.004999999999999999
        ],
        [
            42.0,
            0.033600000000000005
        ],
        [
            10.0,
            0.0271
        ],
        [
            56.0,
            0.0211
        ],
        [
            141.0,
            0.0021
        ],
        [
            85.0,
            0.0105
        ],
        [
            45.0,
            0.0482
        ],
        [
            101.0,
            0.0056
        ],
        [
            77.0,
            0.0156
        ],
        [
            37.0,
            0.0489
        ],
        [
            53.0,
            0.022699999999999998
        ],
        [
            2.0,
            0.0086
        ],
        [
            117.0,
            0.0021000000000000003
        ],
        [
            61.0,
            0.0194
        ],
        [
            21.0,
            0.0152
        ],
        [
            93.0,
            0.0032
        ],
        [
            69.0,
            0.0108
        ],
        [
            29.0,
            0.0335
        ],
        [
            96.0,
            0.0004
        ],
        [
            184.0,
            0.0001
        ],
        [
            128.0,
            0.0036999999999999997
        ],
        [
            88.0,
            0.0051
        ],
        [
            104.0,
            0.0035
        ],
        [
            72.0,
            0.0031
        ],
        [
            64.0,
            0.020300000000000002
        ]
    ],
    "approximation_ratio": 0.7903622950819672,
    "noise": true,
    "p": 2
}