{
    "expected_value": 29.620143809968656,
    "optimal_gammas": [
        2.6772940256879374,
        5.176694921927279
    ],
    "optimal_betas": [
        1.5901479322730387,
        0.7796715917555704
    ],
    "problem_identifier": "{'W': [1, 1], 'W_max': 2, 'A': 32, 'B': 4, 'C': 64}",
    "now": "2021-05-07 23:32:56",
    "execution_time": "0:23:53.668542",
    "nfev": 3205,
    "message": "Maximum number of iterations has been exceeded.",
    "success": false,
    "nit": 50,
    "problem": {
        "W": [
            1,
            1
        ],
        "W_max": 2,
        "A": 32,
        "B": 4,
        "C": 64
    },
    "optimal_cost": 1.0,
    "probability_distribution": {
        "32.0": 0.48399197735472704,
        "24.0": 0.3967725831424607,
        "48.0": 0.05168077039038038,
        "16.0": 0.03630669880465722,
        "56.0": 0.01622490652174954,
        "96.0": 0.000747377377079249,
        "65.0": 0.0022689218321940885,
        "25.0": 0.001989159055251587,
        "1.0": 8.130863849981639e-05,
        "57.0": 0.0009348515378235642,
        "49.0": 0.0006371238137989222,
        "17.0": 0.0022310416160100325,
        "41.0": 0.002786854071226768,
        "9.0": 0.0003522539277536606,
        "33.0": 0.0008497603814910013,
        "73.0": 5.037689938281832e-06,
        "108.0": 2.535047580522755e-05,
        "52.0": 0.0005225412454193454,
        "12.0": 0.0003007077066789403,
        "100.0": 1.0943609855997923e-05,
        "76.0": 0.00013276620204935696,
        "44.0": 0.00011763749038296474,
        "36.0": 0.00013222277883918434,
        "84.0": 2.268654499609724e-05,
        "98.0": 1.80202428369685e-05,
        "58.0": 8.592785094032601e-06,
        "34.0": 5.863583309594016e-05,
        "50.0": 2.9331939089167968e-05,
        "18.0": 4.868423144747364e-05,
        "26.0": 2.4738714884029546e-05,
        "74.0": 0.00016809186931908833,
        "42.0": 9.124464194515377e-05,
        "10.0": 7.572139170512381e-05,
        "141.0": 2.880484185332114e-05,
        "85.0": 2.6281507571042343e-05,
        "45.0": 6.804600167379814e-05,
        "101.0": 1.0056789281762393e-05,
        "77.0": 8.457671268501573e-06,
        "37.0": 3.567832535496066e-05,
        "53.0": 3.5269316133744566e-06,
        "2.0": 1.3600946037337812e-06,
        "117.0": 2.8804841853321372e-05,
        "61.0": 2.6794339633944613e-05,
        "21.0": 6.144601005320032e-05,
        "93.0": 1.0056789281762362e-05,
        "69.0": 7.662233440553743e-06,
        "29.0": 3.129699545688695e-05,
        "184.0": 8.36614904099424e-07,
        "128.0": 4.340916434160328e-08,
        "88.0": 6.608818155269586e-07,
        "104.0": 5.945074930840944e-07,
        "72.0": 2.779409152855912e-07,
        "64.0": 7.694142818172131e-07
    },
    "probability_distribution_items": [
        [
            32.0,
            0.48399197735472704
        ],
        [
            24.0,
            0.3967725831424607
        ],
        [
            48.0,
            0.05168077039038038
        ],
        [
            16.0,
            0.03630669880465722
        ],
        [
            56.0,
            0.01622490652174954
        ],
        [
            96.0,
            0.000747377377079249
        ],
        [
            65.0,
            0.0022689218321940885
        ],
        [
            25.0,
            0.001989159055251587
        ],
        [
            1.0,
            8.130863849981639e-05
        ],
        [
            57.0,
            0.0009348515378235642
        ],
        [
            49.0,
            0.0006371238137989222
        ],
        [
            17.0,
            0.0022310416160100325
        ],
        [
            41.0,
            0.002786854071226768
        ],
        [
            9.0,
            0.0003522539277536606
        ],
        [
            33.0,
            0.0008497603814910013
        ],
        [
            73.0,
            5.037689938281832e-06
        ],
        [
            108.0,
            2.535047580522755e-05
        ],
        [
            52.0,
            0.0005225412454193454
        ],
        [
            12.0,
            0.0003007077066789403
        ],
        [
            100.0,
            1.0943609855997923e-05
        ],
        [
            76.0,
            0.00013276620204935696
        ],
        [
            44.0,
            0.00011763749038296474
        ],
        [
            36.0,
            0.00013222277883918434
        ],
        [
            84.0,
            2.268654499609724e-05
        ],
        [
            98.0,
            1.80202428369685e-05
        ],
        [
            58.0,
            8.592785094032601e-06
        ],
        [
            34.0,
            5.863583309594016e-05
        ],
        [
            50.0,
            2.9331939089167968e-05
        ],
        [
            18.0,
            4.868423144747364e-05
        ],
        [
            26.0,
            2.4738714884029546e-05
        ],
        [
            74.0,
            0.00016809186931908833
        ],
        [
            42.0,
            9.124464194515377e-05
        ],
        [
            10.0,
            7.572139170512381e-05
        ],
        [
            141.0,
            2.880484185332114e-05
        ],
        [
            85.0,
            2.6281507571042343e-05
        ],
        [
            45.0,
            6.804600167379814e-05
        ],
        [
            101.0,
            1.0056789281762393e-05
        ],
        [
            77.0,
            8.457671268501573e-06
        ],
        [
            37.0,
            3.567832535496066e-05
        ],
        [
            53.0,
            3.5269316133744566e-06
        ],
        [
            2.0,
            1.3600946037337812e-06
        ],
        [
            117.0,
            2.8804841853321372e-05
        ],
        [
            61.0,
            2.6794339633944613e-05
        ],
        [
            21.0,
            6.144601005320032e-05
        ],
        [
            93.0,
            1.0056789281762362e-05
        ],
        [
            69.0,
            7.662233440553743e-06
        ],
        [
            29.0,
            3.129699545688695e-05
        ],
        [
            184.0,
            8.36614904099424e-07
        ],
        [
            128.0,
            4.340916434160328e-08
        ],
        [
            88.0,
            6.608818155269586e-07
        ],
        [
            104.0,
            5.945074930840944e-07
        ],
        [
            72.0,
            2.779409152855912e-07
        ],
        [
            64.0,
            7.694142818172131e-07
        ]
    ],
    "approximation_ratio": 29.62014380996874,
    "approximation_ratio_offset": 0.8436057715302254,
    "noise": false,
    "p": 2
}