{
    "expected_value": 42.9522,
    "optimal_gammas": [
        0.9133118884470917
    ],
    "optimal_betas": [
        0.3459381004257133
    ],
    "problem_identifier": "{'W': [1, 1], 'W_max': 2, 'A': 8, 'B': 4, 'C': 144}",
    "now": "2021-05-03 19:54:21",
    "execution_time": "0:08:26.290749",
    "problem": {
        "W": [
            1,
            1
        ],
        "W_max": 2,
        "A": 8,
        "B": 4,
        "C": 144
    },
    "probability_distribution": {
        "72.0": 0.049,
        "38.0": 0.0445,
        "81.0": 0.036199999999999996,
        "39.0": 0.0615,
        "1.0": 0.0223,
        "47.0": 0.011699999999999999,
        "77.0": 0.009,
        "5.0": 0.0101,
        "17.0": 0.0018,
        "75.0": 0.0286,
        "37.0": 0.0521,
        "3.0": 0.0317,
        "41.0": 0.0164,
        "11.0": 0.0024,
        "45.0": 0.040600000000000004,
        "83.0": 0.0028,
        "8.0": 0.0094,
        "94.0": 0.006999999999999999,
        "48.0": 0.0371,
        "6.0": 0.0637,
        "60.0": 0.0034000000000000002,
        "86.0": 0.0104,
        "14.0": 0.0053,
        "44.0": 0.0172,
        "30.0": 0.0006000000000000001,
        "56.0": 0.0024999999999999996,
        "76.0": 0.024399999999999998,
        "90.0": 0.0043,
        "10.0": 0.0091,
        "78.0": 0.0177,
        "40.0": 0.051899999999999995,
        "74.0": 0.0139,
        "4.0": 0.024,
        "84.0": 0.027,
        "46.0": 0.0138,
        "12.0": 0.0052,
        "42.0": 0.025300000000000003,
        "103.0": 0.0031,
        "57.0": 0.007299999999999999,
        "15.0": 0.0248,
        "61.0": 0.0052,
        "87.0": 0.0069,
        "23.0": 0.002,
        "49.0": 0.0056,
        "79.0": 0.013600000000000001,
        "2.0": 0.0093,
        "97.0": 0.0021,
        "51.0": 0.015399999999999999,
        "9.0": 0.0199,
        "59.0": 0.0049,
        "85.0": 0.0087,
        "13.0": 0.0077,
        "43.0": 0.0371,
        "25.0": 0.0024000000000000002,
        "88.0": 0.0006,
        "116.0": 0.0007,
        "70.0": 0.002,
        "28.0": 0.006,
        "96.0": 0.0015999999999999999,
        "24.0": 0.0015999999999999999,
        "54.0": 0.017599999999999998
    },
    "probability_distribution_items": [
        [
            72.0,
            0.049
        ],
        [
            38.0,
            0.0445
        ],
        [
            81.0,
            0.036199999999999996
        ],
        [
            39.0,
            0.0615
        ],
        [
            1.0,
            0.0223
        ],
        [
            47.0,
            0.011699999999999999
        ],
        [
            77.0,
            0.009
        ],
        [
            5.0,
            0.0101
        ],
        [
            17.0,
            0.0018
        ],
        [
            75.0,
            0.0286
        ],
        [
            37.0,
            0.0521
        ],
        [
            3.0,
            0.0317
        ],
        [
            41.0,
            0.0164
        ],
        [
            11.0,
            0.0024
        ],
        [
            45.0,
            0.040600000000000004
        ],
        [
            83.0,
            0.0028
        ],
        [
            8.0,
            0.0094
        ],
        [
            94.0,
            0.006999999999999999
        ],
        [
            48.0,
            0.0371
        ],
        [
            6.0,
            0.0637
        ],
        [
            60.0,
            0.0034000000000000002
        ],
        [
            86.0,
            0.0104
        ],
        [
            14.0,
            0.0053
        ],
        [
            44.0,
            0.0172
        ],
        [
            30.0,
            0.0006000000000000001
        ],
        [
            56.0,
            0.0024999999999999996
        ],
        [
            76.0,
            0.024399999999999998
        ],
        [
            90.0,
            0.0043
        ],
        [
            10.0,
            0.0091
        ],
        [
            78.0,
            0.0177
        ],
        [
            40.0,
            0.051899999999999995
        ],
        [
            74.0,
            0.0139
        ],
        [
            4.0,
            0.024
        ],
        [
            84.0,
            0.027
        ],
        [
            46.0,
            0.0138
        ],
        [
            12.0,
            0.0052
        ],
        [
            42.0,
            0.025300000000000003
        ],
        [
            103.0,
            0.0031
        ],
        [
            57.0,
            0.007299999999999999
        ],
        [
            15.0,
            0.0248
        ],
        [
            61.0,
            0.0052
        ],
        [
            87.0,
            0.0069
        ],
        [
            23.0,
            0.002
        ],
        [
            49.0,
            0.0056
        ],
        [
            79.0,
            0.013600000000000001
        ],
        [
            2.0,
            0.0093
        ],
        [
            97.0,
            0.0021
        ],
        [
            51.0,
            0.015399999999999999
        ],
        [
            9.0,
            0.0199
        ],
        [
            59.0,
            0.0049
        ],
        [
            85.0,
            0.0087
        ],
        [
            13.0,
            0.0077
        ],
        [
            43.0,
            0.0371
        ],
        [
            25.0,
            0.0024000000000000002
        ],
        [
            88.0,
            0.0006
        ],
        [
            116.0,
            0.0007
        ],
        [
            70.0,
            0.002
        ],
        [
            28.0,
            0.006
        ],
        [
            96.0,
            0.0015999999999999999
        ],
        [
            24.0,
            0.0015999999999999999
        ],
        [
            54.0,
            0.017599999999999998
        ]
    ],
    "approximation_ratio": 0.631275652173913,
    "noise": true,
    "p": 1
}