{
    "expected_value": 26.3418,
    "optimal_gammas": [
        3.9069100017345466,
        3.890244683221625
    ],
    "optimal_betas": [
        0.5429928391823837,
        0.2518938280962735
    ],
    "problem_identifier": "{'W': [1, 1], 'W_max': 2, 'A': 32, 'B': 4, 'C': 32}",
    "now": "2021-05-07 03:40:49",
    "execution_time": "4:32:54.029285",
    "nfev": 17720,
    "message": "Optimization terminated successfully.",
    "success": true,
    "nit": 292,
    "problem": {
        "W": [
            1,
            1
        ],
        "W_max": 2,
        "A": 32,
        "B": 4,
        "C": 32
    },
    "probability_distribution": {
        "16.0": 0.1058,
        "49.0": 0.04859999999999999,
        "17.0": 0.049300000000000004,
        "1.0": 0.0195,
        "33.0": 0.0034,
        "65.0": 0.0013,
        "25.0": 0.0557,
        "9.0": 0.07710000000000002,
        "41.0": 0.0054,
        "57.0": 0.0019,
        "32.0": 0.0084,
        "92.0": 0.009600000000000001,
        "44.0": 0.0447,
        "12.0": 0.14179999999999998,
        "60.0": 0.008199999999999999,
        "28.0": 0.025599999999999998,
        "108.0": 0.0005,
        "76.0": 0.0014,
        "82.0": 0.0015,
        "50.0": 0.0039,
        "34.0": 0.009600000000000001,
        "18.0": 0.0256,
        "58.0": 0.015200000000000002,
        "42.0": 0.0253,
        "26.0": 0.04869999999999999,
        "10.0": 0.029700000000000004,
        "48.0": 0.002,
        "125.0": 0.0015999999999999999,
        "77.0": 0.005,
        "45.0": 0.023,
        "93.0": 0.0018,
        "61.0": 0.0032,
        "29.0": 0.0442,
        "2.0": 0.0021,
        "101.0": 0.0018,
        "53.0": 0.015499999999999998,
        "21.0": 0.0441,
        "85.0": 0.0044,
        "37.0": 0.027,
        "80.0": 0.0005,
        "168.0": 0.0001,
        "120.0": 0.0018,
        "88.0": 0.0053,
        "72.0": 0.0009,
        "56.0": 0.014499999999999999,
        "40.0": 0.0335
    },
    "probability_distribution_items": [
        [
            16.0,
            0.1058
        ],
        [
            49.0,
            0.04859999999999999
        ],
        [
            17.0,
            0.049300000000000004
        ],
        [
            1.0,
            0.0195
        ],
        [
            33.0,
            0.0034
        ],
        [
            65.0,
            0.0013
        ],
        [
            25.0,
            0.0557
        ],
        [
            9.0,
            0.07710000000000002
        ],
        [
            41.0,
            0.0054
        ],
        [
            57.0,
            0.0019
        ],
        [
            32.0,
            0.0084
        ],
        [
            92.0,
            0.009600000000000001
        ],
        [
            44.0,
            0.0447
        ],
        [
            12.0,
            0.14179999999999998
        ],
        [
            60.0,
            0.008199999999999999
        ],
        [
            28.0,
            0.025599999999999998
        ],
        [
            108.0,
            0.0005
        ],
        [
            76.0,
            0.0014
        ],
        [
            82.0,
            0.0015
        ],
        [
            50.0,
            0.0039
        ],
        [
            34.0,
            0.009600000000000001
        ],
        [
            18.0,
            0.0256
        ],
        [
            58.0,
            0.015200000000000002
        ],
        [
            42.0,
            0.0253
        ],
        [
            26.0,
            0.04869999999999999
        ],
        [
            10.0,
            0.029700000000000004
        ],
        [
            48.0,
            0.002
        ],
        [
            125.0,
            0.0015999999999999999
        ],
        [
            77.0,
            0.005
        ],
        [
            45.0,
            0.023
        ],
        [
            93.0,
            0.0018
        ],
        [
            61.0,
            0.0032
        ],
        [
            29.0,
            0.0442
        ],
        [
            2.0,
            0.0021
        ],
        [
            101.0,
            0.0018
        ],
        [
            53.0,
            0.015499999999999998
        ],
        [
            21.0,
            0.0441
        ],
        [
            85.0,
            0.0044
        ],
        [
            37.0,
            0.027
        ],
        [
            80.0,
            0.0005
        ],
        [
            168.0,
            0.0001
        ],
        [
            120.0,
            0.0018
        ],
        [
            88.0,
            0.0053
        ],
        [
            72.0,
            0.0009
        ],
        [
            56.0,
            0.014499999999999999
        ],
        [
            40.0,
            0.0335
        ]
    ],
    "approximation_ratio": 0.8368778443113772,
    "noise": true,
    "p": 2
}