{
    "expected_value": 16.382047593304222,
    "optimal_gammas": [
        3.6814997860445104,
        2.70970719635833
    ],
    "optimal_betas": [
        0.5541482330978287,
        1.7764107641983056
    ],
    "problem_identifier": "{'W': [1, 1, 1], 'W_max': 1, 'A': 12, 'B': 4, 'C': 24}",
    "now": "2021-05-07 07:52:58",
    "execution_time": "4:05:28.306243",
    "nfev": 8575,
    "message": "Optimization terminated successfully.",
    "success": true,
    "nit": 140,
    "problem": {
        "W": [
            1,
            1,
            1
        ],
        "W_max": 1,
        "A": 12,
        "B": 4,
        "C": 24
    },
    "optimal_cost": 3.0,
    "probability_distribution": {
        "18.0": 0.03161172178533238,
        "15.0": 0.12612484207799768,
        "27.0": 0.010926304158032932,
        "24.0": 0.018993186825985116,
        "12.0": 0.14323689513570517,
        "36.0": 0.003088696471172537,
        "42.0": 0.0003935739678940178,
        "30.0": 0.002323664090045619,
        "51.0": 0.00039841379983279344,
        "72.0": 4.959763708562608e-05,
        "45.0": 0.0002794252972271311,
        "21.0": 0.010911622602956484,
        "48.0": 0.0005501590640906654,
        "57.0": 3.1546969376324565e-05,
        "9.0": 0.0043357148217577,
        "63.0": 8.483892733543888e-05,
        "39.0": 0.0006839127613113188,
        "60.0": 1.865362580960188e-05,
        "93.0": 2.6406112225191618e-06,
        "90.0": 2.4473307192118315e-06,
        "66.0": 8.339944136368551e-05,
        "99.0": 1.5534533401015556e-06,
        "54.0": 3.9133374565224804e-05,
        "87.0": 9.525744263877956e-06,
        "120.0": 1.913896851247634e-07,
        "153.0": 5.1095637063320624e-09,
        "22.0": 0.07725239256519316,
        "13.0": 0.09365793051387608,
        "10.0": 0.12226768577143372,
        "19.0": 0.1933222645986789,
        "7.0": 0.00420366422888143,
        "25.0": 0.0035375490845013374,
        "34.0": 0.0009745133219277306,
        "37.0": 0.00017631244574286238,
        "31.0": 0.005047300610937932,
        "43.0": 0.000820800619223493,
        "58.0": 3.006143386929457e-05,
        "28.0": 0.005478152109486491,
        "40.0": 0.0004204609665092948,
        "16.0": 0.05310907315550024,
        "46.0": 0.0005173918357352744,
        "55.0": 0.00014775605590913314,
        "64.0": 3.0873405732050508e-06,
        "52.0": 1.490512050193609e-06,
        "79.0": 4.919405604869056e-06,
        "61.0": 3.384562103279019e-05,
        "82.0": 3.359019028885427e-06,
        "85.0": 4.759469192407759e-07,
        "49.0": 4.306341832542601e-05,
        "73.0": 1.7082675180047929e-06,
        "70.0": 2.947668094839536e-06,
        "91.0": 2.0260472255133103e-06,
        "106.0": 1.194265853913969e-07,
        "76.0": 1.8712614475967552e-06,
        "112.0": 5.971329269569896e-08,
        "139.0": 3.156554365771209e-09,
        "26.0": 0.018057284858248507,
        "17.0": 0.033509965924747184,
        "14.0": 0.009499449161712631,
        "20.0": 0.001951397203621594,
        "8.0": 0.0035267321224770496,
        "5.0": 0.000745828407683098,
        "29.0": 0.0005169785922524566,
        "44.0": 6.303636823605303e-05,
        "23.0": 0.016239591902425275,
        "11.0": 8.257312209972354e-05,
        "41.0": 0.00017337815305342293,
        "38.0": 0.00023344629829452336,
        "47.0": 2.0334213659291047e-05,
        "35.0": 1.634001756009457e-05,
        "50.0": 1.006273565572051e-05,
        "65.0": 1.2994954166378242e-06,
        "32.0": 6.287953485654937e-05,
        "53.0": 1.6515943695856814e-05,
        "56.0": 4.76148522337823e-06,
        "74.0": 6.382857525254724e-07,
        "77.0": 8.556532657763502e-07,
        "92.0": 6.021811587814718e-08,
        "62.0": 6.591153941385904e-06,
        "83.0": 2.3587682017322377e-07,
        "71.0": 4.143836582642619e-07,
        "98.0": 1.2043623175629343e-07,
        "125.0": 8.121470339768964e-09,
        "33.0": 4.3367132270608095e-06,
        "3.0": 1.0706071904484437e-05,
        "69.0": 8.40916454409092e-08,
        "84.0": 1.3303719870826648e-07,
        "111.0": 7.820521073397114e-09
    },