{
    "expected_value": 192.7852,
    "optimal_gammas": [
        2.3295648487468177,
        2.798299523287734,
        3.720149847414585,
        4.0399385481845655,
        3.698180549099196,
        1.2747960898782749
    ],
    "optimal_betas": [
        1.5060292475785289,
        2.5940638432844114,
        1.0417284447782367,
        0.6717789600209,
        1.477520982488224,
        2.772894455931853
    ],
    "problem_identifier": "{'W': [1, 1], 'W_max': 2, 'A': 56, 'B': 4, 'C': 560}",
    "now": "2021-05-04 18:56:26",
    "execution_time": "0:24:38.690820",
    "nfev": 943,
    "message": "Optimization terminated successfully.",
    "success": true,
    "nit": 2,
    "problem": {
        "W": [
            1,
            1
        ],
        "W_max": 2,
        "A": 56,
        "B": 4,
        "C": 560
    },
    "probability_distribution": {
        "280.0": 0.0034,
        "154.0": 0.0183,
        "337.0": 0.0149,
        "155.0": 0.0348,
        "1.0": 0.0072,
        "211.0": 0.030100000000000002,
        "309.0": 0.0191,
        "29.0": 0.0165,
        "113.0": 0.0072,
        "295.0": 0.025599999999999998,
        "141.0": 0.0168,
        "15.0": 0.025699999999999997,
        "169.0": 0.0369,
        "71.0": 0.006999999999999999,
        "197.0": 0.0158,
        "351.0": 0.0067,
        "56.0": 0.0057,
        "410.0": 0.0063,
        "200.0": 0.014199999999999999,
        "18.0": 0.007600000000000001,
        "284.0": 0.014499999999999999,
        "354.0": 0.0234,
        "74.0": 0.0162,
        "172.0": 0.0169,
        "186.0": 0.0049,
        "256.0": 0.0124,
        "308.0": 0.0104,
        "394.0": 0.0038,
        "212.0": 0.014199999999999999,
        "58.0": 0.0063,
        "310.0": 0.0161,
        "30.0": 0.0159,
        "156.0": 0.049499999999999995,
        "282.0": 0.012700000000000001,
        "28.0": 0.0095,
        "352.0": 0.0073,
        "198.0": 0.016900000000000002,
        "72.0": 0.007600000000000001,
        "170.0": 0.0246,
        "296.0": 0.0235,
        "16.0": 0.0233,
        "142.0": 0.015600000000000001,
        "210.0": 0.0174,
        "467.0": 0.0063,
        "257.0": 0.0156,
        "75.0": 0.0229,
        "285.0": 0.012100000000000001,
        "355.0": 0.0146,
        "173.0": 0.014099999999999998,
        "131.0": 0.007,
        "201.0": 0.016,
        "299.0": 0.0083,
        "2.0": 0.008199999999999999,
        "425.0": 0.006699999999999999,
        "215.0": 0.0336,
        "33.0": 0.0075,
        "271.0": 0.0155,
        "341.0": 0.0162,
        "61.0": 0.019100000000000002,
        "159.0": 0.0166,
        "145.0": 0.0055,
        "313.0": 0.008,
        "392.0": 0.0035,
        "540.0": 0.0023,
        "330.0": 0.015399999999999999,
        "148.0": 0.0063,
        "400.0": 0.0094,
        "120.0": 0.009899999999999999,
        "218.0": 0.0131,
        "316.0": 0.0036
    },
    "probability_distribution_items": [
        [
            280.0,
            0.0034
        ],
        [
            154.0,
            0.0183
        ],
        [
            337.0,
            0.0149
        ],
        [
            155.0,
            0.0348
        ],
        [
            1.0,
            0.0072
        ],
        [
            211.0,
            0.030100000000000002
        ],
        [
            309.0,
            0.0191
        ],
        [
            29.0,
            0.0165
        ],
        [
            113.0,
            0.0072
        ],
        [
            295.0,
            0.025599999999999998
        ],
        [
            141.0,
            0.0168
        ],
        [
            15.0,
            0.025699999999999997
        ],
        [
            169.0,
            0.0369
        ],
        [
            71.0,
            0.006999999999999999
        ],
        [
            197.0,
            0.0158
        ],
        [
            351.0,
            0.0067
        ],
        [
            56.0,
            0.0057
        ],
        [
            410.0,
            0.0063
        ],
        [
            200.0,
            0.014199999999999999
        ],
        [
            18.0,
            0.007600000000000001
        ],
        [
            284.0,
            0.014499999999999999
        ],
        [
            354.0,
            0.0234
        ],
        [
            74.0,
            0.0162
        ],
        [
            172.0,
            0.0169
        ],
        [
            186.0,
            0.0049
        ],
        [
            256.0,
            0.0124
        ],
        [
            308.0,
            0.0104
        ],
        [
            394.0,
            0.0038
        ],
        [
            212.0,
            0.014199999999999999
        ],
        [
            58.0,
            0.0063
        ],
        [
            310.0,
            0.0161
        ],
        [
            30.0,
            0.0159
        ],
        [
            156.0,
            0.049499999999999995
        ],
        [
            282.0,
            0.012700000000000001
        ],
        [
            28.0,
            0.0095
        ],
        [
            352.0,
            0.0073
        ],
        [
            198.0,
            0.016900000000000002
        ],
        [
            72.0,
            0.007600000000000001
        ],
        [
            170.0,
            0.0246
        ],
        [
            296.0,
            0.0235
        ],
        [
            16.0,
            0.0233
        ],
        [
            142.0,
            0.015600000000000001
        ],
        [
            210.0,
            0.0174
        ],
        [
            467.0,
            0.0063
        ],
        [
            257.0,
            0.0156
        ],
        [
            75.0,
            0.0229
        ],
        [
            285.0,
            0.012100000000000001
        ],
        [
            355.0,
            0.0146
        ],
        [
            173.0,
            0.014099999999999998
        ],
        [
            131.0,
            0.007
        ],
        [
            201.0,
            0.016
        ],
        [
            299.0,
            0.0083
        ],
        [
            2.0,
            0.008199999999999999
        ],
        [
            425.0,
            0.006699999999999999
        ],
        [
            215.0,
            0.0336
        ],
        [
            33.0,
            0.0075
        ],
        [
            271.0,
            0.0155
        ],
        [
            341.0,
            0.0162
        ],
        [
            61.0,
            0.019100000000000002
        ],
        [
            159.0,
            0.0166
        ],
        [
            145.0,
            0.0055
        ],
        [
            313.0,
            0.008
        ],
        [
            392.0,
            0.0035
        ],
        [
            540.0,
            0.0023
        ],
        [
            330.0,
            0.015399999999999999
        ],
        [
            148.0,
            0.0063
        ],
        [
            400.0,
            0.0094
        ],
        [
            120.0,
            0.009899999999999999
        ],
        [
            218.0,
            0.0131
        ],
        [
            316.0,
            0.0036
        ]
    ],
    "approximation_ratio": 0.6412309833024119,
    "noise": true,
    "p": 6
}