{
    "expected_value": 23.074018756384678,
    "optimal_gammas": [
        4.177493561921625,
        4.318794705892697,
        2.5425954546126808,
        4.262708601259868
    ],
    "optimal_betas": [
        0.5266400154485477,
        1.7321195828495097,
        1.8471175665216124,
        1.4809674397162125
    ],
    "problem_identifier": "{'W': [1, 1, 1], 'W_max': 1, 'A': 12, 'B': 4, 'C': 48}",
    "now": "2021-05-08 03:39:29",
    "execution_time": "1:52:38.958808",
    "nfev": 6975,
    "message": "Maximum number of iterations has been exceeded.",
    "success": false,
    "nit": 50,
    "problem": {
        "W": [
            1,
            1,
            1
        ],
        "W_max": 1,
        "A": 12,
        "B": 4,
        "C": 48
    },
    "optimal_cost": 3.0,
    "probability_distribution": {
        "36.0": 0.0005543906600598839,
        "27.0": 0.012426444813789182,
        "24.0": 0.004604458332320424,
        "42.0": 0.007908811306874205,
        "18.0": 0.007914827510534145,
        "39.0": 0.0015394609606373837,
        "15.0": 0.13839036999763565,
        "60.0": 6.370603395564543e-05,
        "63.0": 0.00014348988737078423,
        "90.0": 1.0144900111791727e-05,
        "81.0": 0.0003472636867411447,
        "33.0": 0.005392024356674954,
        "78.0": 0.00012216373174175543,
        "30.0": 0.01925860571250093,
        "54.0": 9.103071140485099e-05,
        "9.0": 0.00031165751507895997,
        "57.0": 0.000585840183824754,
        "99.0": 1.168750175456116e-05,
        "75.0": 0.00033976854829611034,
        "51.0": 0.0011694605639305954,
        "102.0": 5.246816081998418e-05,
        "129.0": 1.9105327199892874e-06,
        "144.0": 4.0316355146945846e-07,
        "96.0": 6.71156850830571e-05,
        "147.0": 9.806017720314385e-07,
        "72.0": 3.719862900516667e-05,
        "123.0": 3.823769503945778e-06,
        "174.0": 1.735302464231344e-07,
        "225.0": 2.538185842521524e-09,
        "40.0": 0.008384841621406947,
        "25.0": 0.005027130967657268,
        "16.0": 0.28198515391583906,
        "13.0": 0.007451635470169821,
        "31.0": 0.04183181003036207,
        "7.0": 0.014371661137603733,
        "28.0": 0.09903661000657143,
        "37.0": 0.00784881638239024,
        "52.0": 0.0014398292949714825,
        "49.0": 0.0002787801200452464,
        "55.0": 0.0004233747727291648,
        "76.0": 0.0010468472255694074,
        "46.0": 0.003586165642778929,
        "79.0": 0.00034872650655668646,
        "70.0": 0.0004589157091018881,
        "22.0": 0.11952241132973711,
        "67.0": 0.00028071149438725255,
        "43.0": 0.00858752170580847,
        "91.0": 0.00010383032588831937,
        "88.0": 0.0001497803701088276,
        "19.0": 0.006110277100190204,
        "64.0": 0.0002141727627206206,
        "94.0": 3.856929223596621e-05,
        "115.0": 1.768344488780467e-05,
        "97.0": 5.745838980828958e-05,
        "136.0": 5.862387579943125e-06,
        "133.0": 1.524279451729032e-06,
        "73.0": 8.768543264297738e-05,
        "109.0": 6.692648624251302e-06,
        "100.0": 2.816802719280802e-05,
        "139.0": 3.864309553669639e-06,
        "160.0": 8.003794876607155e-07,
        "127.0": 2.5569491447568366e-06,
        "166.0": 4.0018974383036033e-07,
        "211.0": 1.570994676028263e-08,
        "44.0": 0.010740086073371864,
        "29.0": 0.09709894121703015,
        "20.0": 0.013657711457595879,
        "17.0": 0.0004446339451231934,
        "38.0": 0.004704805175093207,
        "14.0": 0.005546794643517204,
        "5.0": 0.0012757374670929144,
        "26.0": 0.00030528863716826484,
        "41.0": 0.0019977583223684627,
        "62.0": 2.2841826477097142e-05,
        "35.0": 0.04823639513091366,
        "11.0": 0.0003707200748676677,
        "32.0": 0.0007375714012187056,
        "77.0": 0.00030889678178968807,
        "68.0": 0.00024149779957125339,
        "65.0": 0.00015371300763668692,
        "83.0": 7.050780837414187e-05,
        "59.0": 0.0001655118927852879,
        "80.0": 8.557301932873753e-05,
        "56.0": 0.0002608093772141603,
        "101.0": 8.302762066594566e-06,
        "53.0": 0.00015125425154407677,
        "74.0": 0.0001345745087041901,
        "50.0": 0.00011391056784557407,
        "89.0": 0.00011138077102414994,
        "86.0": 2.5922657320069143e-05,
        "128.0": 1.007761037474363e-05,
        "125.0": 4.638300448436689e-06,
        "146.0": 8.469687059505665e-07,
        "92.0": 3.3860118840692154e-05,
        "113.0": 2.3592060615144214e-06,
        "131.0": 2.664380882043635e-06,
        "107.0": 3.2163488600934004e-06,
        "152.0": 1.693937411901132e-06,
        "197.0": 1.3949098919844987e-07,
        "48.0": 0.0027471513097367594,
        "21.0": 1.7894626534438576e-05,
        "45.0": 5.569930698119022e-05,
        "66.0": 4.565712722668374e-05,
        "3.0": 8.150916330383746e-06,
        "120.0": 1.5231761701918723e-06,
        "117.0": 1.3083753621925683e-06,
        "93.0": 1.4484759130827947e-06,
        "138.0": 4.0964541369795875e-07,
        "183.0": 1.512416951020291e-07
    },