{
    "expected_value": 1.0000000000014952,
    "optimal_gammas": [
        5.574475249424059,
        4.88475126941552,
        5.220705666438647,
        1.2083466886699517,
        3.5676468974642175,
        3.942020465462072,
        0.17354733122575428
    ],
    "optimal_betas": [
        2.7008146434557103,
        2.073458720907003,
        0.12785047516746378,
        2.5285836066056477,
        2.732878324870036,
        2.9859560358529222,
        1.1272209853482638
    ],
    "problem_identifier": "{'W': [1], 'W_max': 1, 'A': 8, 'B': 4, 'C': 8}",
    "now": "2021-05-07 23:03:08",
    "execution_time": "0:40:21.589165",
    "nfev": 11115,
    "message": "Maximum number of iterations has been exceeded.",
    "success": false,
    "nit": 50,
    "problem": {
        "W": [
            1
        ],
        "W_max": 1,
        "A": 8,
        "B": 4,
        "C": 8
    },
    "optimal_cost": 1.0,
    "probability_distribution": {
        "2.0": 6.631448275382862e-13,
        "5.0": 2.0803967469543934e-13,
        "1.0": 0.9999999999991288
    },
    "probability_distribution_items": [
        [
            2.0,
            6.631448275382862e-13
        ],
        [
            5.0,
            2.0803967469543934e-13
        ],
        [
            1.0,
            0.9999999999991288
        ]
    ],
    "approximation_ratio": 1.0000000000014955,
    "approximation_ratio_offset": 0.9999999999996261,
    "noise": false,
    "p": 7
}