{
    "expected_value": 176.9604,
    "optimal_gammas": [
        1.5643178723009539,
        0.1039320251692355,
        1.7955044569735945,
        1.7217913197151016,
        1.9514404138787416
    ],
    "optimal_betas": [
        0.5283032665968228,
        1.0382051380855883,
        1.3549640333148436,
        0.6296102418403784,
        0.058965770193944333
    ],
    "problem_identifier": "{'W': [1, 1], 'W_max': 2, 'A': 24, 'B': 4, 'C': 624}",
    "now": "2021-05-04 18:25:45",
    "execution_time": "0:09:48.049138",
    "nfev": 531,
    "message": "Optimization terminated successfully.",
    "success": true,
    "nit": 1,
    "problem": {
        "W": [
            1,
            1
        ],
        "W_max": 2,
        "A": 24,
        "B": 4,
        "C": 624
    },
    "probability_distribution": {
        "312.0": 0.008,
        "162.0": 0.025500000000000002,
        "337.0": 0.0137,
        "163.0": 0.0318,
        "1.0": 0.0087,
        "187.0": 0.0359,
        "325.0": 0.0191,
        "13.0": 0.0202,
        "49.0": 0.0091,
        "319.0": 0.0281,
        "157.0": 0.0183,
        "7.0": 0.0279,
        "169.0": 0.03559999999999999,
        "31.0": 0.0076,
        "181.0": 0.0139,
        "343.0": 0.0044,
        "24.0": 0.009600000000000001,
        "370.0": 0.008,
        "184.0": 0.0187,
        "10.0": 0.0069,
        "220.0": 0.0178,
        "346.0": 0.0225,
        "34.0": 0.0204,
        "172.0": 0.0144,
        "82.0": 0.0077,
        "208.0": 0.0147,
        "324.0": 0.0106,
        "362.0": 0.0034,
        "188.0": 0.016300000000000002,
        "26.0": 0.0063,
        "326.0": 0.012,
        "14.0": 0.0158,
        "164.0": 0.0449,
        "314.0": 0.0117,
        "12.0": 0.0128,
        "344.0": 0.0086,
        "182.0": 0.0161,
        "32.0": 0.0069,
        "170.0": 0.0313,
        "320.0": 0.021,
        "8.0": 0.0224,
        "158.0": 0.012900000000000002,
        "186.0": 0.0174,
        "395.0": 0.006699999999999999,
        "209.0": 0.0168,
        "35.0": 0.0206,
        "221.0": 0.016999999999999998,
        "347.0": 0.013699999999999999,
        "173.0": 0.0097,
        "59.0": 0.0066,
        "185.0": 0.0114,
        "323.0": 0.0045000000000000005,
        "2.0": 0.0079,
        "377.0": 0.0075,
        "191.0": 0.029800000000000004,
        "17.0": 0.0058,
        "215.0": 0.015099999999999999,
        "341.0": 0.0156,
        "29.0": 0.014600000000000002,
        "167.0": 0.0125,
        "65.0": 0.0071,
        "329.0": 0.0039,
        "360.0": 0.002,
        "428.0": 0.0041,
        "242.0": 0.015000000000000001,
        "68.0": 0.0051,
        "368.0": 0.0078,
        "56.0": 0.0085,
        "194.0": 0.0098,
        "332.0": 0.002
    },
    "probability_distribution_items": [
        [
            312.0,
            0.008
        ],
        [
            162.0,
            0.025500000000000002
        ],
        [
            337.0,
            0.0137
        ],
        [
            163.0,
            0.0318
        ],
        [
            1.0,
            0.0087
        ],
        [
            187.0,
            0.0359
        ],
        [
            325.0,
            0.0191
        ],
        [
            13.0,
            0.0202
        ],
        [
            49.0,
            0.0091
        ],
        [
            319.0,
            0.0281
        ],
        [
            157.0,
            0.0183
        ],
        [
            7.0,
            0.0279
        ],
        [
            169.0,
            0.03559999999999999
        ],
        [
            31.0,
            0.0076
        ],
        [
            181.0,
            0.0139
        ],
        [
            343.0,
            0.0044
        ],
        [
            24.0,
            0.009600000000000001
        ],
        [
            370.0,
            0.008
        ],
        [
            184.0,
            0.0187
        ],
        [
            10.0,
            0.0069
        ],
        [
            220.0,
            0.0178
        ],
        [
            346.0,
            0.0225
        ],
        [
            34.0,
            0.0204
        ],
        [
            172.0,
            0.0144
        ],
        [
            82.0,
            0.0077
        ],
        [
            208.0,
            0.0147
        ],
        [
            324.0,
            0.0106
        ],
        [
            362.0,
            0.0034
        ],
        [
            188.0,
            0.016300000000000002
        ],
        [
            26.0,
            0.0063
        ],
        [
            326.0,
            0.012
        ],
        [
            14.0,
            0.0158
        ],
        [
            164.0,
            0.0449
        ],
        [
            314.0,
            0.0117
        ],
        [
            12.0,
            0.0128
        ],
        [
            344.0,
            0.0086
        ],
        [
            182.0,
            0.0161
        ],
        [
            32.0,
            0.0069
        ],
        [
            170.0,
            0.0313
        ],
        [
            320.0,
            0.021
        ],
        [
            8.0,
            0.0224
        ],
        [
            158.0,
            0.012900000000000002
        ],
        [
            186.0,
            0.0174
        ],
        [
            395.0,
            0.006699999999999999
        ],
        [
            209.0,
            0.0168
        ],
        [
            35.0,
            0.0206
        ],
        [
            221.0,
            0.016999999999999998
        ],
        [
            347.0,
            0.013699999999999999
        ],
        [
            173.0,
            0.0097
        ],
        [
            59.0,
            0.0066
        ],
        [
            185.0,
            0.0114
        ],
        [
            323.0,
            0.0045000000000000005
        ],
        [
            2.0,
            0.0079
        ],
        [
            377.0,
            0.0075
        ],
        [
            191.0,
            0.029800000000000004
        ],
        [
            17.0,
            0.0058
        ],
        [
            215.0,
            0.015099999999999999
        ],
        [
            341.0,
            0.0156
        ],
        [
            29.0,
            0.014600000000000002
        ],
        [
            167.0,
            0.0125
        ],
        [
            65.0,
            0.0071
        ],
        [
            329.0,
            0.0039
        ],
        [
            360.0,
            0.002
        ],
        [
            428.0,
            0.0041
        ],
        [
            242.0,
            0.015000000000000001
        ],
        [
            68.0,
            0.0051
        ],
        [
            368.0,
            0.0078
        ],
        [
            56.0,
            0.0085
        ],
        [
            194.0,
            0.0098
        ],
        [
            332.0,
            0.002
        ]
    ],
    "approximation_ratio": 0.5752147540983606,
    "noise": true,
    "p": 5
}