{
    "expected_value": 19.08157966843599,
    "optimal_gammas": [
        3.7962795406525993,
        4.49576306457339,
        0.5488158969353492,
        1.620319263695786
    ],
    "optimal_betas": [
        1.617946468913571,
        1.6544631488133146,
        0.5522437475416384,
        2.8851238835131467
    ],
    "problem_identifier": "{'W': [1, 1], 'W_max': 2, 'A': 32, 'B': 4, 'C': 32}",
    "now": "2021-05-08 01:12:31",
    "execution_time": "1:25:14.297067",
    "nfev": 7479,
    "message": "Maximum number of iterations has been exceeded.",
    "success": false,
    "nit": 50,
    "problem": {
        "W": [
            1,
            1
        ],
        "W_max": 2,
        "A": 32,
        "B": 4,
        "C": 32
    },
    "optimal_cost": 1.0,
    "probability_distribution": {
        "16.0": 0.5900156546794145,
        "32.0": 0.04854085176494355,
        "48.0": 0.005115090785934995,
        "80.0": 3.1768205141360894e-05,
        "49.0": 0.0066968247048893766,
        "17.0": 0.09629313149483933,
        "1.0": 0.006741788188842335,
        "33.0": 0.02032734046876486,
        "65.0": 3.793676593917501e-05,
        "25.0": 0.03133709038591005,
        "9.0": 0.09751124814817345,
        "41.0": 0.0011596358004405168,
        "57.0": 8.904728875109918e-05,
        "92.0": 0.001322184462641813,
        "44.0": 0.02445816022149295,
        "12.0": 0.0079911718139482,
        "60.0": 0.00649294262422702,
        "28.0": 0.005118624697705613,
        "108.0": 5.858354175078994e-06,
        "76.0": 0.0003123988901390038,
        "82.0": 0.003024007420743357,
        "50.0": 0.0021643344403210587,
        "34.0": 0.0080252454474764,
        "18.0": 0.010149578703603678,
        "58.0": 0.00011881788559312666,
        "42.0": 0.0006255834115309762,
        "26.0": 0.007357696217025954,
        "10.0": 0.006831480378695919,
        "125.0": 0.00012160330565948798,
        "77.0": 0.0003478326338890227,
        "45.0": 0.0018763680394045814,
        "93.0": 0.0001381846779099606,
        "61.0": 0.0013473154783887051,
        "29.0": 0.0010669306381246243,
        "2.0": 0.0014616728260074588,
        "101.0": 0.00012160330565948844,
        "53.0": 0.0017511060156141839,
        "21.0": 0.0012104318241277956,
        "85.0": 0.00014722135435804568,
        "37.0": 0.0016678722736168726,
        "168.0": 2.375475716027904e-05,
        "120.0": 5.762547610671145e-05,
        "88.0": 0.0003861860063350505,
        "72.0": 4.1836335172228924e-05,
        "56.0": 0.000265485709888738,
        "40.0": 7.147569127311151e-05
    },
    "probability_distribution_items": [
        [
            16.0,
            0.5900156546794145
        ],
        [
            32.0,
            0.04854085176494355
        ],
        [
            48.0,
            0.005115090785934995
        ],
        [
            80.0,
            3.1768205141360894e-05
        ],
        [
            49.0,
            0.0066968247048893766
        ],
        [
            17.0,
            0.09629313149483933
        ],
        [
            1.0,
            0.006741788188842335
        ],
        [
            33.0,
            0.02032734046876486
        ],
        [
            65.0,
            3.793676593917501e-05
        ],
        [
            25.0,
            0.03133709038591005
        ],
        [
            9.0,
            0.09751124814817345
        ],
        [
            41.0,
            0.0011596358004405168
        ],
        [
            57.0,
            8.904728875109918e-05
        ],
        [
            92.0,
            0.001322184462641813
        ],
        [
            44.0,
            0.02445816022149295
        ],
        [
            12.0,
            0.0079911718139482
        ],
        [
            60.0,
            0.00649294262422702
        ],
        [
            28.0,
            0.005118624697705613
        ],
        [
            108.0,
            5.858354175078994e-06
        ],
        [
            76.0,
            0.0003123988901390038
        ],
        [
            82.0,
            0.003024007420743357
        ],
        [
            50.0,
            0.0021643344403210587
        ],
        [
            34.0,
            0.0080252454474764
        ],
        [
            18.0,
            0.010149578703603678
        ],
        [
            58.0,
            0.00011881788559312666
        ],
        [
            42.0,
            0.0006255834115309762
        ],
        [
            26.0,
            0.007357696217025954
        ],
        [
            10.0,
            0.006831480378695919
        ],
        [
            125.0,
            0.00012160330565948798
        ],
        [
            77.0,
            0.0003478326338890227
        ],
        [
            45.0,
            0.0018763680394045814
        ],
        [
            93.0,
            0.0001381846779099606
        ],
        [
            61.0,
            0.0013473154783887051
        ],
        [
            29.0,
            0.0010669306381246243
        ],
        [
            2.0,
            0.0014616728260074588
        ],
        [
            101.0,
            0.00012160330565948844
        ],
        [
            53.0,
            0.0017511060156141839
        ],
        [
            21.0,
            0.0012104318241277956
        ],
        [
            85.0,
            0.00014722135435804568
        ],
        [
            37.0,
            0.0016678722736168726
        ],
        [
            168.0,
            2.375475716027904e-05
        ],
        [
            120.0,
            5.762547610671145e-05
        ],
        [
            88.0,
            0.0003861860063350505
        ],
        [
            72.0,
            4.1836335172228924e-05
        ],
        [
            56.0,
            0.000265485709888738
        ],
        [
            40.0,
            7.147569127311151e-05
        ]
    ],
    "approximation_ratio": 19.08157966843601,
    "approximation_ratio_offset": 0.8917270678536766,
    "noise": false,
    "p": 4
}