{
    "expected_value": 179.3787,
    "optimal_gammas": [
        2.362307839919594,
        0.07150704834738919,
        1.9417854009760946,
        0.4547036118541654,
        1.1310783591280495,
        5.615649687231837,
        4.319760205569308
    ],
    "optimal_betas": [
        1.5683141592662788,
        1.1694826189284422,
        2.9488193172844754,
        1.9923952316379998,
        2.2412406320600056,
        1.7658110990377114,
        1.0223457427609048
    ],
    "problem_identifier": "{'W': [1, 1], 'W_max': 2, 'A': 24, 'B': 4, 'C': 624}",
    "now": "2021-05-04 19:33:52",
    "execution_time": "0:17:48.380348",
    "nfev": 735,
    "message": "Optimization terminated successfully.",
    "success": true,
    "nit": 1,
    "problem": {
        "W": [
            1,
            1
        ],
        "W_max": 2,
        "A": 24,
        "B": 4,
        "C": 624
    },
    "probability_distribution": {
        "312.0": 0.0036,
        "162.0": 0.0157,
        "337.0": 0.0155,
        "163.0": 0.0338,
        "1.0": 0.0065,
        "187.0": 0.0313,
        "325.0": 0.0141,
        "13.0": 0.013999999999999999,
        "49.0": 0.0077,
        "319.0": 0.0223,
        "157.0": 0.014600000000000002,
        "7.0": 0.0252,
        "169.0": 0.0306,
        "31.0": 0.0071,
        "181.0": 0.0172,
        "343.0": 0.0064,
        "24.0": 0.0068000000000000005,
        "370.0": 0.0083,
        "184.0": 0.015300000000000001,
        "10.0": 0.0073,
        "220.0": 0.015099999999999999,
        "346.0": 0.024399999999999998,
        "34.0": 0.016399999999999998,
        "172.0": 0.015099999999999999,
        "82.0": 0.008,
        "208.0": 0.0159,
        "324.0": 0.0081,
        "362.0": 0.0039,
        "188.0": 0.0146,
        "26.0": 0.006500000000000001,
        "326.0": 0.014700000000000001,
        "14.0": 0.0173,
        "164.0": 0.049999999999999996,
        "314.0": 0.0118,
        "12.0": 0.0077,
        "344.0": 0.0063,
        "182.0": 0.0178,
        "32.0": 0.0062,
        "170.0": 0.029900000000000003,
        "320.0": 0.025900000000000003,
        "8.0": 0.0252,
        "158.0": 0.0167,
        "186.0": 0.0149,
        "395.0": 0.0086,
        "209.0": 0.0158,
        "35.0": 0.024300000000000002,
        "221.0": 0.014700000000000001,
        "347.0": 0.016800000000000002,
        "173.0": 0.015299999999999998,
        "59.0": 0.0064,
        "185.0": 0.015,
        "323.0": 0.0068000000000000005,
        "2.0": 0.0089,
        "377.0": 0.0077,
        "191.0": 0.0337,
        "17.0": 0.0085,
        "215.0": 0.015099999999999999,
        "341.0": 0.0161,
        "29.0": 0.0182,
        "167.0": 0.017800000000000003,
        "65.0": 0.0048000000000000004,
        "329.0": 0.0073,
        "360.0": 0.0029,
        "428.0": 0.003,
        "242.0": 0.0146,
        "68.0": 0.0089,
        "368.0": 0.0066,
        "56.0": 0.0088,
        "194.0": 0.014600000000000002,
        "332.0": 0.0031
    },
    "probability_distribution_items": [
        [
            312.0,
            0.0036
        ],
        [
            162.0,
            0.0157
        ],
        [
            337.0,
            0.0155
        ],
        [
            163.0,
            0.0338
        ],
        [
            1.0,
            0.0065
        ],
        [
            187.0,
            0.0313
        ],
        [
            325.0,
            0.0141
        ],
        [
            13.0,
            0.013999999999999999
        ],
        [
            49.0,
            0.0077
        ],
        [
            319.0,
            0.0223
        ],
        [
            157.0,
            0.014600000000000002
        ],
        [
            7.0,
            0.0252
        ],
        [
            169.0,
            0.0306
        ],
        [
            31.0,
            0.0071
        ],
        [
            181.0,
            0.0172
        ],
        [
            343.0,
            0.0064
        ],
        [
            24.0,
            0.0068000000000000005
        ],
        [
            370.0,
            0.0083
        ],
        [
            184.0,
            0.015300000000000001
        ],
        [
            10.0,
            0.0073
        ],
        [
            220.0,
            0.015099999999999999
        ],
        [
            346.0,
            0.024399999999999998
        ],
        [
            34.0,
            0.016399999999999998
        ],
        [
            172.0,
            0.015099999999999999
        ],
        [
            82.0,
            0.008
        ],
        [
            208.0,
            0.0159
        ],
        [
            324.0,
            0.0081
        ],
        [
            362.0,
            0.0039
        ],
        [
            188.0,
            0.0146
        ],
        [
            26.0,
            0.006500000000000001
        ],
        [
            326.0,
            0.014700000000000001
        ],
        [
            14.0,
            0.0173
        ],
        [
            164.0,
            0.049999999999999996
        ],
        [
            314.0,
            0.0118
        ],
        [
            12.0,
            0.0077
        ],
        [
            344.0,
            0.0063
        ],
        [
            182.0,
            0.0178
        ],
        [
            32.0,
            0.0062
        ],
        [
            170.0,
            0.029900000000000003
        ],
        [
            320.0,
            0.025900000000000003
        ],
        [
            8.0,
            0.0252
        ],
        [
            158.0,
            0.0167
        ],
        [
            186.0,
            0.0149
        ],
        [
            395.0,
            0.0086
        ],
        [
            209.0,
            0.0158
        ],
        [
            35.0,
            0.024300000000000002
        ],
        [
            221.0,
            0.014700000000000001
        ],
        [
            347.0,
            0.016800000000000002
        ],
        [
            173.0,
            0.015299999999999998
        ],
        [
            59.0,
            0.0064
        ],
        [
            185.0,
            0.015
        ],
        [
            323.0,
            0.0068000000000000005
        ],
        [
            2.0,
            0.0089
        ],
        [
            377.0,
            0.0077
        ],
        [
            191.0,
            0.0337
        ],
        [
            17.0,
            0.0085
        ],
        [
            215.0,
            0.015099999999999999
        ],
        [
            341.0,
            0.0161
        ],
        [
            29.0,
            0.0182
        ],
        [
            167.0,
            0.017800000000000003
        ],
        [
            65.0,
            0.0048000000000000004
        ],
        [
            329.0,
            0.0073
        ],
        [
            360.0,
            0.0029
        ],
        [
            428.0,
            0.003
        ],
        [
            242.0,
            0.0146
        ],
        [
            68.0,
            0.0089
        ],
        [
            368.0,
            0.0066
        ],
        [
            56.0,
            0.0088
        ],
        [
            194.0,
            0.014600000000000002
        ],
        [
            332.0,
            0.0031
        ]
    ],
    "approximation_ratio": 0.5791133489461359,
    "noise": true,
    "p": 7
}