{
    "expected_value": 51.8175,
    "optimal_gammas": [
        0.01745114626668065,
        0.641896221123498
    ],
    "optimal_betas": [
        1.1743184667501683,
        0.6766869861382193
    ],
    "problem_identifier": "{'W': [1, 1], 'W_max': 2, 'A': 8, 'B': 4, 'C': 208}",
    "now": "2021-05-04 07:45:50",
    "execution_time": "1:32:10.150466",
    "probability_distribution": {
        "104.0": 0.0071,
        "54.0": 0.0322,
        "113.0": 0.0206,
        "55.0": 0.032799999999999996,
        "1.0": 0.0216,
        "63.0": 0.022,
        "109.0": 0.007899999999999999,
        "5.0": 0.0069,
        "17.0": 0.0125,
        "107.0": 0.0158,
        "53.0": 0.0154,
        "3.0": 0.029899999999999996,
        "57.0": 0.0245,
        "11.0": 0.0127,
        "61.0": 0.027200000000000002,
        "115.0": 0.0057,
        "8.0": 0.0229,
        "126.0": 0.0085,
        "64.0": 0.037599999999999995,
        "6.0": 0.0449,
        "76.0": 0.012,
        "118.0": 0.0207,
        "14.0": 0.0071,
        "60.0": 0.017,
        "30.0": 0.008799999999999999,
        "72.0": 0.0102,
        "108.0": 0.026899999999999997,
        "122.0": 0.0042,
        "10.0": 0.0269,
        "110.0": 0.0143,
        "56.0": 0.0514,
        "106.0": 0.0107,
        "4.0": 0.0266,
        "116.0": 0.013000000000000001,
        "62.0": 0.0307,
        "12.0": 0.0116,
        "58.0": 0.0329,
        "135.0": 0.0068000000000000005,
        "73.0": 0.0134,
        "15.0": 0.0268,
        "77.0": 0.010299999999999998,
        "119.0": 0.008199999999999999,
        "23.0": 0.011099999999999999,
        "65.0": 0.011600000000000001,
        "111.0": 0.006699999999999999,
        "2.0": 0.005,
        "129.0": 0.0052,
        "67.0": 0.025799999999999997,
        "9.0": 0.0196,
        "75.0": 0.011000000000000001,
        "117.0": 0.006200000000000001,
        "13.0": 0.0070999999999999995,
        "59.0": 0.0145,
        "25.0": 0.0117,
        "120.0": 0.0035,
        "148.0": 0.0026,
        "86.0": 0.011899999999999999,
        "28.0": 0.022600000000000002,
        "128.0": 0.0038000000000000004,
        "24.0": 0.004,
        "70.0": 0.0169
    },
    "approximation_ratio": 0.626595918367347
}