{
    "expected_value": 28.7235,
    "optimal_gammas": [
        2.6487180607400043
    ],
    "optimal_betas": [
        1.2463578828066464
    ],
    "problem_identifier": "{'W': [1, 1], 'W_max': 2, 'A': 24, 'B': 4, 'C': 48}",
    "now": "2021-05-04 06:55:46",
    "execution_time": "0:07:01.056759",
    "probability_distribution": {
        "24.0": 0.011699999999999999,
        "18.0": 0.0048000000000000004,
        "49.0": 0.0219,
        "19.0": 0.035300000000000005,
        "1.0": 0.009899999999999999,
        "43.0": 0.0128,
        "37.0": 0.0101,
        "13.0": 0.0399,
        "31.0": 0.03319999999999999,
        "7.0": 0.0159,
        "25.0": 0.0188,
        "55.0": 0.001,
        "82.0": 0.0052,
        "40.0": 0.0411,
        "10.0": 0.07680000000000001,
        "76.0": 0.0033,
        "58.0": 0.0132,
        "34.0": 0.0157,
        "28.0": 0.0432,
        "64.0": 0.0035000000000000005,
        "36.0": 0.0007999999999999999,
        "74.0": 0.0017,
        "44.0": 0.024,
        "26.0": 0.0729,
        "38.0": 0.0362,
        "14.0": 0.0445,
        "20.0": 0.025200000000000004,
        "12.0": 0.0007,
        "56.0": 0.0171,
        "32.0": 0.057600000000000005,
        "8.0": 0.0447,
        "42.0": 0.0015,
        "107.0": 0.0013,
        "65.0": 0.0078000000000000005,
        "35.0": 0.050699999999999995,
        "77.0": 0.0033,
        "59.0": 0.0127,
        "29.0": 0.0497,
        "41.0": 0.034699999999999995,
        "2.0": 0.004,
        "89.0": 0.0011,
        "47.0": 0.0171,
        "17.0": 0.010499999999999999,
        "71.0": 0.0021,
        "53.0": 0.0063999999999999994,
        "23.0": 0.0378,
        "72.0": 0.0004,
        "140.0": 0.0001,
        "98.0": 0.0019,
        "68.0": 0.0026,
        "80.0": 0.0019,
        "50.0": 0.0097
    },
    "approximation_ratio": 0.7953287769784173
}