{
    "expected_value": 25.95463962580713,
    "optimal_gammas": [
        0.21553956215055867
    ],
    "optimal_betas": [
        0.330343902638642
    ],
    "problem_identifier": "{'W': [1, 1], 'W_max': 2, 'A': 32, 'B': 4, 'C': 32}",
    "now": "2021-05-06 19:21:31",
    "execution_time": "0:07:26.775671",
    "nfev": 1230,
    "message": "Optimization terminated successfully.",
    "success": true,
    "nit": 39,
    "problem": {
        "W": [
            1,
            1
        ],
        "W_max": 2,
        "A": 32,
        "B": 4,
        "C": 32
    },
    "probability_distribution": {
        "16.0": 0.08187558494686158,
        "32.0": 0.020669299813374512,
        "48.0": 0.005739264273669954,
        "80.0": 0.0005842444061028109,
        "49.0": 0.021628973485669764,
        "17.0": 0.12944515599660056,
        "1.0": 0.0013796681781564003,
        "33.0": 0.04427273458875675,
        "65.0": 0.0009226773286996741,
        "25.0": 0.05579181087376795,
        "9.0": 0.12948268051642567,
        "41.0": 0.012183285573435607,
        "57.0": 0.00019143261425390835,
        "92.0": 0.008372513300224965,
        "44.0": 0.05390953482227454,
        "12.0": 0.01643007347599668,
        "60.0": 0.02114684540850396,
        "28.0": 0.020615575441049264,
        "108.0": 0.00047249007748291326,
        "76.0": 0.0050993762969499205,
        "82.0": 1.245732579240403e-05,
        "50.0": 0.0014488987883367033,
        "34.0": 0.019353015874584274,
        "18.0": 0.04389776385081702,
        "58.0": 0.0008200155200155598,
        "42.0": 0.009140772880855337,
        "26.0": 0.0921830069369946,
        "10.0": 0.07945412968397937,
        "125.0": 0.0002167892480546095,
        "77.0": 0.0003510342627489715,
        "45.0": 0.010934484372994293,
        "93.0": 0.006190920659928797,
        "61.0": 0.011904603067318952,
        "29.0": 0.01951631052143274,
        "2.0": 0.018159621875171374,
        "101.0": 0.00021678924805460924,
        "53.0": 0.013985927636789484,
        "21.0": 0.019053788519639632,
        "85.0": 0.006386931307072998,
        "37.0": 0.009470705420921623,
        "168.0": 0.0001991725111874806,
        "120.0": 0.0013543838921713479,
        "88.0": 0.001519228646288114,
        "72.0": 9.341104161519822e-05,
        "56.0": 0.0024310613307845846,
        "40.0": 0.0014915541581930502
    },
    "probability_distribution_items": [
        [
            16.0,
            0.08187558494686158
        ],
        [
            32.0,
            0.020669299813374512
        ],
        [
            48.0,
            0.005739264273669954
        ],
        [
            80.0,
            0.0005842444061028109
        ],
        [
            49.0,
            0.021628973485669764
        ],
        [
            17.0,
            0.12944515599660056
        ],
        [
            1.0,
            0.0013796681781564003
        ],
        [
            33.0,
            0.04427273458875675
        ],
        [
            65.0,
            0.0009226773286996741
        ],
        [
            25.0,
            0.05579181087376795
        ],
        [
            9.0,
            0.12948268051642567
        ],
        [
            41.0,
            0.012183285573435607
        ],
        [
            57.0,
            0.00019143261425390835
        ],
        [
            92.0,
            0.008372513300224965
        ],
        [
            44.0,
            0.05390953482227454
        ],
        [
            12.0,
            0.01643007347599668
        ],
        [
            60.0,
            0.02114684540850396
        ],
        [
            28.0,
            0.020615575441049264
        ],
        [
            108.0,
            0.00047249007748291326
        ],
        [
            76.0,
            0.0050993762969499205
        ],
        [
            82.0,
            1.245732579240403e-05
        ],
        [
            50.0,
            0.0014488987883367033
        ],
        [
            34.0,
            0.019353015874584274
        ],
        [
            18.0,
            0.04389776385081702
        ],
        [
            58.0,
            0.0008200155200155598
        ],
        [
            42.0,
            0.009140772880855337
        ],
        [
            26.0,
            0.0921830069369946
        ],
        [
            10.0,
            0.07945412968397937
        ],
        [
            125.0,
            0.0002167892480546095
        ],
        [
            77.0,
            0.0003510342627489715
        ],
        [
            45.0,
            0.010934484372994293
        ],
        [
            93.0,
            0.006190920659928797
        ],
        [
            61.0,
            0.011904603067318952
        ],
        [
            29.0,
            0.01951631052143274
        ],
        [
            2.0,
            0.018159621875171374
        ],
        [
            101.0,
            0.00021678924805460924
        ],
        [
            53.0,
            0.013985927636789484
        ],
        [
            21.0,
            0.019053788519639632
        ],
        [
            85.0,
            0.006386931307072998
        ],
        [
            37.0,
            0.009470705420921623
        ],
        [
            168.0,
            0.0001991725111874806
        ],
        [
            120.0,
            0.0013543838921713479
        ],
        [
            88.0,
            0.001519228646288114
        ],
        [
            72.0,
            9.341104161519822e-05
        ],
        [
            56.0,
            0.0024310613307845846
        ],
        [
            40.0,
            0.0014915541581930502
        ]
    ],
    "approximation_ratio": 0.8505710202047476,
    "noise": false,
    "p": 1
}