{
    "expected_value": 25.9138,
    "optimal_gammas": [
        0.8850035905562311,
        2.5147571944190332
    ],
    "optimal_betas": [
        0.6348677063133995,
        0.35907681306623435
    ],
    "problem_identifier": "{'W': [1, 1], 'W_max': 2, 'A': 8, 'B': 4, 'C': 80}",
    "now": "2021-05-04 05:43:21",
    "execution_time": "1:21:12.187715",
    "probability_distribution": {
        "40.0": 0.04139999999999999,
        "22.0": 0.04479999999999999,
        "49.0": 0.031400000000000004,
        "23.0": 0.049800000000000004,
        "1.0": 0.0172,
        "31.0": 0.013600000000000001,
        "45.0": 0.0113,
        "5.0": 0.0111,
        "17.0": 0.0028,
        "43.0": 0.0292,
        "21.0": 0.0385,
        "3.0": 0.036699999999999997,
        "25.0": 0.0237,
        "11.0": 0.0021999999999999997,
        "29.0": 0.030200000000000005,
        "51.0": 0.0027,
        "8.0": 0.0065,
        "62.0": 0.0072,
        "32.0": 0.0392,
        "6.0": 0.1026,
        "44.0": 0.0314,
        "54.0": 0.014599999999999997,
        "14.0": 0.007799999999999999,
        "28.0": 0.0325,
        "30.0": 0.0233,
        "58.0": 0.0031,
        "10.0": 0.0078000000000000005,
        "46.0": 0.014300000000000002,
        "24.0": 0.0352,
        "42.0": 0.0093,
        "4.0": 0.028999999999999998,
        "52.0": 0.0351,
        "12.0": 0.007299999999999999,
        "26.0": 0.0262,
        "71.0": 0.003,
        "41.0": 0.010700000000000001,
        "15.0": 0.0264,
        "55.0": 0.0065,
        "33.0": 0.007099999999999999,
        "47.0": 0.0101,
        "2.0": 0.0071,
        "65.0": 0.003,
        "35.0": 0.019000000000000003,
        "9.0": 0.0177,
        "53.0": 0.0082,
        "13.0": 0.0108,
        "27.0": 0.028599999999999997,
        "56.0": 0.0003,
        "84.0": 0.0007,
        "64.0": 0.0021,
        "38.0": 0.0197
    },
    "approximation_ratio": 0.6916265060240964
}