{
    "expected_value": 28.0274,
    "optimal_gammas": [
        1.0045537008793035
    ],
    "optimal_betas": [
        0.34115155826431276
    ],
    "problem_identifier": "{'W': [1, 1], 'W_max': 2, 'A': 32, 'B': 4, 'C': 32}",
    "now": "2021-05-06 19:46:46",
    "execution_time": "0:08:05.274145",
    "nfev": 1071,
    "message": "Optimization terminated successfully.",
    "success": true,
    "nit": 30,
    "problem": {
        "W": [
            1,
            1
        ],
        "W_max": 2,
        "A": 32,
        "B": 4,
        "C": 32
    },
    "optimal_cost": 1.0,
    "probability_distribution": {
        "16.0": 0.0472,
        "49.0": 0.05140000000000001,
        "17.0": 0.0546,
        "1.0": 0.0185,
        "33.0": 0.0077,
        "65.0": 0.0018999999999999998,
        "25.0": 0.0645,
        "9.0": 0.0769,
        "41.0": 0.0053,
        "57.0": 0.0012,
        "32.0": 0.006199999999999999,
        "92.0": 0.006300000000000001,
        "44.0": 0.0409,
        "12.0": 0.0668,
        "60.0": 0.0093,
        "28.0": 0.025599999999999998,
        "108.0": 0.0007,
        "76.0": 0.0015,
        "82.0": 0.0038,
        "50.0": 0.0117,
        "34.0": 0.0166,
        "18.0": 0.055200000000000006,
        "58.0": 0.017099999999999997,
        "42.0": 0.041400000000000006,
        "26.0": 0.0736,
        "10.0": 0.0555,
        "48.0": 0.0021,
        "125.0": 0.0019,
        "77.0": 0.0086,
        "45.0": 0.0338,
        "93.0": 0.0033,
        "61.0": 0.0051,
        "29.0": 0.05450000000000001,
        "2.0": 0.0063,
        "101.0": 0.0015,
        "53.0": 0.0199,
        "21.0": 0.0436,
        "85.0": 0.0024000000000000002,
        "37.0": 0.026799999999999997,
        "80.0": 0.0003,
        "168.0": 0.0001,
        "120.0": 0.0009,
        "88.0": 0.0029,
        "72.0": 0.00039999999999999996,
        "56.0": 0.010499999999999999,
        "40.0": 0.0137
    },
    "probability_distribution_items": [
        [
            16.0,
            0.0472
        ],
        [
            49.0,
            0.05140000000000001
        ],
        [
            17.0,
            0.0546
        ],
        [
            1.0,
            0.0185
        ],
        [
            33.0,
            0.0077
        ],
        [
            65.0,
            0.0018999999999999998
        ],
        [
            25.0,
            0.0645
        ],
        [
            9.0,
            0.0769
        ],
        [
            41.0,
            0.0053
        ],
        [
            57.0,
            0.0012
        ],
        [
            32.0,
            0.006199999999999999
        ],
        [
            92.0,
            0.006300000000000001
        ],
        [
            44.0,
            0.0409
        ],
        [
            12.0,
            0.0668
        ],
        [
            60.0,
            0.0093
        ],
        [
            28.0,
            0.025599999999999998
        ],
        [
            108.0,
            0.0007
        ],
        [
            76.0,
            0.0015
        ],
        [
            82.0,
            0.0038
        ],
        [
            50.0,
            0.0117
        ],
        [
            34.0,
            0.0166
        ],
        [
            18.0,
            0.055200000000000006
        ],
        [
            58.0,
            0.017099999999999997
        ],
        [
            42.0,
            0.041400000000000006
        ],
        [
            26.0,
            0.0736
        ],
        [
            10.0,
            0.0555
        ],
        [
            48.0,
            0.0021
        ],
        [
            125.0,
            0.0019
        ],
        [
            77.0,
            0.0086
        ],
        [
            45.0,
            0.0338
        ],
        [
            93.0,
            0.0033
        ],
        [
            61.0,
            0.0051
        ],
        [
            29.0,
            0.05450000000000001
        ],
        [
            2.0,
            0.0063
        ],
        [
            101.0,
            0.0015
        ],
        [
            53.0,
            0.0199
        ],
        [
            21.0,
            0.0436
        ],
        [
            85.0,
            0.0024000000000000002
        ],
        [
            37.0,
            0.026799999999999997
        ],
        [
            80.0,
            0.0003
        ],
        [
            168.0,
            0.0001
        ],
        [
            120.0,
            0.0009
        ],
        [
            88.0,
            0.0029
        ],
        [
            72.0,
            0.00039999999999999996
        ],
        [
            56.0,
            0.010499999999999999
        ],
        [
            40.0,
            0.0137
        ]
    ],
    "approximation_ratio": 29.3153,
    "approximation_ratio_offset": 0.8304473053892215,
    "noise": true,
    "p": 1
}