{
    "expected_value": 38.4795,
    "optimal_gammas": [
        3.1167794482885327,
        0.8979419084939642
    ],
    "optimal_betas": [
        0.5117997163765369,
        0.5206974448691764
    ],
    "problem_identifier": "{'W': [1, 1], 'W_max': 2, 'A': 8, 'B': 4, 'C': 144}",
    "now": "2021-05-04 03:34:11",
    "execution_time": "1:27:59.366143",
    "problem": {
        "W": [
            1,
            1
        ],
        "W_max": 2,
        "A": 8,
        "B": 4,
        "C": 144
    },
    "probability_distribution": {
        "72.0": 0.0139,
        "38.0": 0.0352,
        "81.0": 0.0271,
        "39.0": 0.039799999999999995,
        "1.0": 0.0303,
        "47.0": 0.017800000000000003,
        "77.0": 0.005900000000000001,
        "5.0": 0.0078,
        "17.0": 0.0047,
        "75.0": 0.023400000000000004,
        "37.0": 0.028,
        "3.0": 0.043,
        "41.0": 0.023899999999999998,
        "11.0": 0.0051,
        "45.0": 0.0234,
        "83.0": 0.0034999999999999996,
        "8.0": 0.014,
        "94.0": 0.0127,
        "48.0": 0.043,
        "6.0": 0.0784,
        "60.0": 0.0077,
        "86.0": 0.0121,
        "14.0": 0.0058,
        "44.0": 0.0195,
        "30.0": 0.0034000000000000002,
        "56.0": 0.0045,
        "76.0": 0.027,
        "90.0": 0.0056,
        "10.0": 0.0125,
        "78.0": 0.0129,
        "40.0": 0.0266,
        "74.0": 0.005,
        "4.0": 0.0275,
        "84.0": 0.0267,
        "46.0": 0.031400000000000004,
        "12.0": 0.0162,
        "42.0": 0.0386,
        "103.0": 0.0082,
        "57.0": 0.017,
        "15.0": 0.03560000000000001,
        "61.0": 0.0063,
        "87.0": 0.0056,
        "23.0": 0.0038,
        "49.0": 0.006,
        "79.0": 0.006699999999999999,
        "2.0": 0.0026,
        "97.0": 0.0082,
        "51.0": 0.0231,
        "9.0": 0.0314,
        "59.0": 0.007599999999999999,
        "85.0": 0.005399999999999999,
        "13.0": 0.006699999999999999,
        "43.0": 0.0156,
        "25.0": 0.0057,
        "88.0": 0.0027,
        "116.0": 0.0037,
        "70.0": 0.0062,
        "28.0": 0.0116,
        "96.0": 0.0025,
        "24.0": 0.0026,
        "54.0": 0.011300000000000001
    },
    "probability_distribution_items": [
        [
            72.0,
            0.0139
        ],
        [
            38.0,
            0.0352
        ],
        [
            81.0,
            0.0271
        ],
        [
            39.0,
            0.039799999999999995
        ],
        [
            1.0,
            0.0303
        ],
        [
            47.0,
            0.017800000000000003
        ],
        [
            77.0,
            0.005900000000000001
        ],
        [
            5.0,
            0.0078
        ],
        [
            17.0,
            0.0047
        ],
        [
            75.0,
            0.023400000000000004
        ],
        [
            37.0,
            0.028
        ],
        [
            3.0,
            0.043
        ],
        [
            41.0,
            0.023899999999999998
        ],
        [
            11.0,
            0.0051
        ],
        [
            45.0,
            0.0234
        ],
        [
            83.0,
            0.0034999999999999996
        ],
        [
            8.0,
            0.014
        ],
        [
            94.0,
            0.0127
        ],
        [
            48.0,
            0.043
        ],
        [
            6.0,
            0.0784
        ],
        [
            60.0,
            0.0077
        ],
        [
            86.0,
            0.0121
        ],
        [
            14.0,
            0.0058
        ],
        [
            44.0,
            0.0195
        ],
        [
            30.0,
            0.0034000000000000002
        ],
        [
            56.0,
            0.0045
        ],
        [
            76.0,
            0.027
        ],
        [
            90.0,
            0.0056
        ],
        [
            10.0,
            0.0125
        ],
        [
            78.0,
            0.0129
        ],
        [
            40.0,
            0.0266
        ],
        [
            74.0,
            0.005
        ],
        [
            4.0,
            0.0275
        ],
        [
            84.0,
            0.0267
        ],
        [
            46.0,
            0.031400000000000004
        ],
        [
            12.0,
            0.0162
        ],
        [
            42.0,
            0.0386
        ],
        [
            103.0,
            0.0082
        ],
        [
            57.0,
            0.017
        ],
        [
            15.0,
            0.03560000000000001
        ],
        [
            61.0,
            0.0063
        ],
        [
            87.0,
            0.0056
        ],
        [
            23.0,
            0.0038
        ],
        [
            49.0,
            0.006
        ],
        [
            79.0,
            0.006699999999999999
        ],
        [
            2.0,
            0.0026
        ],
        [
            97.0,
            0.0082
        ],
        [
            51.0,
            0.0231
        ],
        [
            9.0,
            0.0314
        ],
        [
            59.0,
            0.007599999999999999
        ],
        [
            85.0,
            0.005399999999999999
        ],
        [
            13.0,
            0.006699999999999999
        ],
        [
            43.0,
            0.0156
        ],
        [
            25.0,
            0.0057
        ],
        [
            88.0,
            0.0027
        ],
        [
            116.0,
            0.0037
        ],
        [
            70.0,
            0.0062
        ],
        [
            28.0,
            0.0116
        ],
        [
            96.0,
            0.0025
        ],
        [
            24.0,
            0.0026
        ],
        [
            54.0,
            0.011300000000000001
        ]
    ],
    "approximation_ratio": 0.6505982608695653,
    "noise": true,
    "p": 2
}