{
    "expected_value": 169.02338245196856,
    "optimal_gammas": [
        4.364353649926984
    ],
    "optimal_betas": [
        2.518006116129572
    ],
    "problem_identifier": "{'W': [1, 1], 'W_max': 2, 'A': 56, 'B': 4, 'C': 560}",
    "now": "2021-05-05 17:33:47",
    "execution_time": "0:10:09.671234",
    "nfev": 1794,
    "message": "Optimization terminated successfully.",
    "success": true,
    "nit": 57,
    "problem": {
        "W": [
            1,
            1
        ],
        "W_max": 2,
        "A": 56,
        "B": 4,
        "C": 560
    },
    "probability_distribution": {
        "280.0": 0.14730694987252213,
        "154.0": 0.05991522486971846,
        "56.0": 0.050513297871751524,
        "308.0": 0.003788652529672449,
        "28.0": 0.0023036100353119324,
        "210.0": 0.010150118345095688,
        "392.0": 0.0044338819322636835,
        "337.0": 0.042025828773844295,
        "155.0": 0.036976861268146165,
        "1.0": 0.08934005742093143,
        "211.0": 0.008887889492450203,
        "309.0": 0.0010557909275603235,
        "29.0": 0.0027641898178460992,
        "113.0": 0.005264849738325478,
        "295.0": 0.027715221889794247,
        "141.0": 0.018758330866226098,
        "15.0": 0.09210424723877751,
        "169.0": 0.023753380390980686,
        "71.0": 0.005264849738325477,
        "197.0": 0.0033530395033895964,
        "351.0": 0.015366397811610394,
        "410.0": 0.00013354495171110796,
        "200.0": 0.04137384324370378,
        "18.0": 0.05301998449784286,
        "284.0": 3.082110505735389e-05,
        "354.0": 0.012320113678855178,
        "74.0": 0.005118843831399681,
        "172.0": 0.01097730431487146,
        "186.0": 6.4459795067314e-07,
        "256.0": 0.007483191046702083,
        "394.0": 0.00045986338103031594,
        "212.0": 0.0013237932066157865,
        "58.0": 0.006316816719522648,
        "310.0": 0.013280145283388788,
        "30.0": 0.006368348618295147,
        "156.0": 0.011605482428515106,
        "282.0": 0.012820281902358467,
        "352.0": 0.0024642627402681142,
        "198.0": 0.0020109230210681446,
        "72.0": 0.009412614202536028,
        "170.0": 0.008207507143813624,
        "296.0": 0.030723109739557438,
        "16.0": 0.009539831904264834,
        "142.0": 0.006196584122745478,
        "467.0": 5.592219490740636e-05,
        "257.0": 0.0031405701124072516,
        "75.0": 0.004794834402356585,
        "285.0": 1.3118686998292852e-05,
        "355.0": 0.0018013053299446153,
        "173.0": 0.003232399565120973,
        "131.0": 5.8373422644483164e-05,
        "201.0": 0.012361799587882959,
        "299.0": 0.0160331958560117,
        "2.0": 5.1531898772493006e-05,
        "425.0": 5.5922194907406333e-05,
        "215.0": 0.015502369700290215,
        "33.0": 0.004021739535468808,
        "271.0": 1.3118686998292864e-05,
        "341.0": 0.0018013053299446155,
        "61.0": 0.0007730948668877774,
        "159.0": 0.0032323995651209743,
        "145.0": 5.8373422644483354e-05,
        "313.0": 0.016033195856011713,
        "540.0": 1.8712098372198086e-06,
        "330.0": 4.4764946687514574e-05,
        "148.0": 9.136989399987895e-05,
        "400.0": 0.0015882990429393678,
        "120.0": 0.001104521065627331,
        "218.0": 0.006975811157865924,
        "316.0": 0.004928266451103448
    },
    "probability_distribution_items": [
        [
            280.0,
            0.14730694987252213
        ],
        [
            154.0,
            0.05991522486971846
        ],
        [
            56.0,
            0.050513297871751524
        ],
        [
            308.0,
            0.003788652529672449
        ],
        [
            28.0,
            0.0023036100353119324
        ],
        [
            210.0,
            0.010150118345095688
        ],
        [
            392.0,
            0.0044338819322636835
        ],
        [
            337.0,
            0.042025828773844295
        ],
        [
            155.0,
            0.036976861268146165
        ],
        [
            1.0,
            0.08934005742093143
        ],
        [
            211.0,
            0.008887889492450203
        ],
        [
            309.0,
            0.0010557909275603235
        ],
        [
            29.0,
            0.0027641898178460992
        ],
        [
            113.0,
            0.005264849738325478
        ],
        [
            295.0,
            0.027715221889794247
        ],
        [
            141.0,
            0.018758330866226098
        ],
        [
            15.0,
            0.09210424723877751
        ],
        [
            169.0,
            0.023753380390980686
        ],
        [
            71.0,
            0.005264849738325477
        ],
        [
            197.0,
            0.0033530395033895964
        ],
        [
            351.0,
            0.015366397811610394
        ],
        [
            410.0,
            0.00013354495171110796
        ],
        [
            200.0,
            0.04137384324370378
        ],
        [
            18.0,
            0.05301998449784286
        ],
        [
            284.0,
            3.082110505735389e-05
        ],
        [
            354.0,
            0.012320113678855178
        ],
        [
            74.0,
            0.005118843831399681
        ],
        [
            172.0,
            0.01097730431487146
        ],
        [
            186.0,
            6.4459795067314e-07
        ],
        [
            256.0,
            0.007483191046702083
        ],
        [
            394.0,
            0.00045986338103031594
        ],
        [
            212.0,
            0.0013237932066157865
        ],
        [
            58.0,
            0.006316816719522648
        ],
        [
            310.0,
            0.013280145283388788
        ],
        [
            30.0,
            0.006368348618295147
        ],
        [
            156.0,
            0.011605482428515106
        ],
        [
            282.0,
            0.012820281902358467
        ],
        [
            352.0,
            0.0024642627402681142
        ],
        [
            198.0,
            0.0020109230210681446
        ],
        [
            72.0,
            0.009412614202536028
        ],
        [
            170.0,
            0.008207507143813624
        ],
        [
            296.0,
            0.030723109739557438
        ],
        [
            16.0,
            0.009539831904264834
        ],
        [
            142.0,
            0.006196584122745478
        ],
        [
            467.0,
            5.592219490740636e-05
        ],
        [
            257.0,
            0.0031405701124072516
        ],
        [
            75.0,
            0.004794834402356585
        ],
        [
            285.0,
            1.3118686998292852e-05
        ],
        [
            355.0,
            0.0018013053299446153
        ],
        [
            173.0,
            0.003232399565120973
        ],
        [
            131.0,
            5.8373422644483164e-05
        ],
        [
            201.0,
            0.012361799587882959
        ],
        [
            299.0,
            0.0160331958560117
        ],
        [
            2.0,
            5.1531898772493006e-05
        ],
        [
            425.0,
            5.5922194907406333e-05
        ],
        [
            215.0,
            0.015502369700290215
        ],
        [
            33.0,
            0.004021739535468808
        ],
        [
            271.0,
            1.3118686998292864e-05
        ],
        [
            341.0,
            0.0018013053299446155
        ],
        [
            61.0,
            0.0007730948668877774
        ],
        [
            159.0,
            0.0032323995651209743
        ],
        [
            145.0,
            5.8373422644483354e-05
        ],
        [
            313.0,
            0.016033195856011713
        ],
