{
    "expected_value": 16.268500935980008,
    "optimal_gammas": [
        2.0861749510606415,
        4.192115902934294,
        2.105834625719719,
        1.040919048974579
    ],
    "optimal_betas": [
        1.5714922117872996,
        2.134123806373261,
        1.6263091921892807,
        2.8431220702872095
    ],
    "problem_identifier": "{'W': [1, 1], 'W_max': 2, 'A': 32, 'B': 4, 'C': 32}",
    "now": "2021-05-07 22:56:48",
    "execution_time": "0:23:25.928565",
    "nfev": 6975,
    "message": "Maximum number of iterations has been exceeded.",
    "success": false,
    "nit": 50,
    "problem": {
        "W": [
            1,
            1
        ],
        "W_max": 2,
        "A": 32,
        "B": 4,
        "C": 32
    },
    "optimal_cost": 1.0,
    "probability_distribution": {
        "16.0": 0.941681689955998,
        "32.0": 0.010664064935345548,
        "48.0": 0.0002806733614130971,
        "80.0": 8.292510233443862e-07,
        "49.0": 0.00046471842242899687,
        "17.0": 0.015024644873395686,
        "1.0": 0.002630509758778706,
        "33.0": 0.001423527874002804,
        "65.0": 6.582517331397961e-06,
        "25.0": 0.002273987906272812,
        "9.0": 0.01725218425857063,
        "41.0": 2.1450493300042765e-05,
        "57.0": 2.360787794131423e-06,
        "92.0": 7.610902748176537e-05,
        "44.0": 0.003179839606992441,
        "12.0": 0.0013641425262553117,
        "60.0": 0.00023721588795139683,
        "28.0": 0.00020027995130649992,
        "108.0": 3.233298565667394e-07,
        "76.0": 1.168301663088628e-06,
        "82.0": 0.00019935270066917806,
        "50.0": 0.0007078361561150668,
        "34.0": 0.0004366129942001613,
        "18.0": 0.0010576753629355652,
        "58.0": 6.549705796153574e-05,
        "42.0": 2.2024610312556086e-05,
        "26.0": 0.00019412469103944005,
        "10.0": 5.9363724732700224e-05,
        "125.0": 1.2484133493048299e-05,
        "77.0": 0.0001148915557519453,
        "45.0": 3.5632441772795687e-05,
        "93.0": 3.696674483562399e-06,
        "61.0": 2.387150068069675e-05,
        "29.0": 1.777836053199757e-05,
        "2.0": 4.187865209479782e-05,
        "101.0": 1.2484133493048075e-05,
        "53.0": 0.00014260717089124703,
        "21.0": 3.106191168227804e-05,
        "85.0": 4.286758807044267e-06,
        "37.0": 1.7914691840429866e-05,
        "168.0": 3.7025076617124558e-06,
        "120.0": 1.3586285551728944e-06,
        "88.0": 3.2914634748149986e-06,
        "72.0": 9.999750657973892e-08,
        "56.0": 3.373652431654411e-06,
        "40.0": 7.954397191493403e-07
    },
    "probability_distribution_items": [
        [
            16.0,
            0.941681689955998
        ],
        [
            32.0,
            0.010664064935345548
        ],
        [
            48.0,
            0.0002806733614130971
        ],
        [
            80.0,
            8.292510233443862e-07
        ],
        [
            49.0,
            0.00046471842242899687
        ],
        [
            17.0,
            0.015024644873395686
        ],
        [
            1.0,
            0.002630509758778706
        ],
        [
            33.0,
            0.001423527874002804
        ],
        [
            65.0,
            6.582517331397961e-06
        ],
        [
            25.0,
            0.002273987906272812
        ],
        [
            9.0,
            0.01725218425857063
        ],
        [
            41.0,
            2.1450493300042765e-05
        ],
        [
            57.0,
            2.360787794131423e-06
        ],
        [
            92.0,
            7.610902748176537e-05
        ],
        [
            44.0,
            0.003179839606992441
        ],
        [
            12.0,
            0.0013641425262553117
        ],
        [
            60.0,
            0.00023721588795139683
        ],
        [
            28.0,
            0.00020027995130649992
        ],
        [
            108.0,
            3.233298565667394e-07
        ],
        [
            76.0,
            1.168301663088628e-06
        ],
        [
            82.0,
            0.00019935270066917806
        ],
        [
            50.0,
            0.0007078361561150668
        ],
        [
            34.0,
            0.0004366129942001613
        ],
        [
            18.0,
            0.0010576753629355652
        ],
        [
            58.0,
            6.549705796153574e-05
        ],
        [
            42.0,
            2.2024610312556086e-05
        ],
        [
            26.0,
            0.00019412469103944005
        ],
        [
            10.0,
            5.9363724732700224e-05
        ],
        [
            125.0,
            1.2484133493048299e-05
        ],
        [
            77.0,
            0.0001148915557519453
        ],
        [
            45.0,
            3.5632441772795687e-05
        ],
        [
            93.0,
            3.696674483562399e-06
        ],
        [
            61.0,
            2.387150068069675e-05
        ],
        [
            29.0,
            1.777836053199757e-05
        ],
        [
            2.0,
            4.187865209479782e-05
        ],
        [
            101.0,
            1.2484133493048075e-05
        ],
        [
            53.0,
            0.00014260717089124703
        ],
        [
            21.0,
            3.106191168227804e-05
        ],
        [
            85.0,
            4.286758807044267e-06
        ],
        [
            37.0,
            1.7914691840429866e-05
        ],
        [
            168.0,
            3.7025076617124558e-06
        ],
        [
            120.0,
            1.3586285551728944e-06
        ],
        [
            88.0,
            3.2914634748149986e-06
        ],
        [
            72.0,
            9.999750657973892e-08
        ],
        [
            56.0,
            3.373652431654411e-06
        ],
        [
            40.0,
            7.954397191493403e-07
        ]
    ],
    "approximation_ratio": 16.26850093598003,
    "approximation_ratio_offset": 0.9085718506827544,
    "noise": false,
    "p": 4
}