{
    "expected_value": 19.331674692873733,
    "optimal_gammas": [
        2.9462879300219926,
        4.330012117780613,
        2.374836430913314
    ],
    "optimal_betas": [
        0.9413685897263108,
        0.9298845117360582,
        0.6441673019332732
    ],
    "problem_identifier": "{'W': [1, 1], 'W_max': 2, 'A': 32, 'B': 4, 'C': 32}",
    "now": "2021-05-07 23:13:58",
    "execution_time": "0:27:55.543386",
    "nfev": 5087,
    "message": "Maximum number of iterations has been exceeded.",
    "success": false,
    "nit": 50,
    "problem": {
        "W": [
            1,
            1
        ],
        "W_max": 2,
        "A": 32,
        "B": 4,
        "C": 32
    },
    "optimal_cost": 1.0,
    "probability_distribution": {
        "16.0": 0.4284968312541209,
        "32.0": 0.03002564617285491,
        "48.0": 0.0014769106658908471,
        "80.0": 9.861707518251227e-05,
        "49.0": 0.030443579591208084,
        "17.0": 0.0806974579583969,
        "1.0": 0.04750368442343038,
        "33.0": 0.014140506612670078,
        "65.0": 0.000391641069517943,
        "25.0": 0.06749412766691348,
        "9.0": 0.10437013970399717,
        "41.0": 0.0007826259639770712,
        "57.0": 0.0005299763203357475,
        "92.0": 0.0038096738096897315,
        "44.0": 0.013633866498458734,
        "12.0": 0.05379279197703149,
        "60.0": 0.0024320743139620207,
        "28.0": 0.027540369050430405,
        "108.0": 9.279984835391369e-05,
        "76.0": 0.00020596576997701852,
        "82.0": 0.001002518444953715,
        "50.0": 0.00044196130488264435,
        "34.0": 0.006280129611701388,
        "18.0": 0.015804412313381835,
        "58.0": 1.7593935729111104e-05,
        "42.0": 0.005058456873837915,
        "26.0": 0.018391586640617966,
        "10.0": 0.012923200833452131,
        "125.0": 0.0007180556031765831,
        "77.0": 0.0008295110534424961,
        "45.0": 0.0017820363376212698,
        "93.0": 0.0006066721182557857,
        "61.0": 0.00023536415183310957,
        "29.0": 0.009871125080319025,
        "2.0": 0.00044396877520334215,
        "101.0": 0.0007180556031765853,
        "53.0": 0.0018994201633697394,
        "21.0": 0.0038389774019261793,
        "85.0": 0.0009553394899109962,
        "37.0": 0.006630971686264782,
        "168.0": 1.83583422244107e-05,
        "120.0": 0.00015416650136128418,
        "88.0": 0.000826910508510813,
        "72.0": 9.02944473140908e-06,
        "56.0": 0.0007314730462974803,
        "40.0": 0.0018514189874176959
    },
    "probability_distribution_items": [
        [
            16.0,
            0.4284968312541209
        ],
        [
            32.0,
            0.03002564617285491
        ],
        [
            48.0,
            0.0014769106658908471
        ],
        [
            80.0,
            9.861707518251227e-05
        ],
        [
            49.0,
            0.030443579591208084
        ],
        [
            17.0,
            0.0806974579583969
        ],
        [
            1.0,
            0.04750368442343038
        ],
        [
            33.0,
            0.014140506612670078
        ],
        [
            65.0,
            0.000391641069517943
        ],
        [
            25.0,
            0.06749412766691348
        ],
        [
            9.0,
            0.10437013970399717
        ],
        [
            41.0,
            0.0007826259639770712
        ],
        [
            57.0,
            0.0005299763203357475
        ],
        [
            92.0,
            0.0038096738096897315
        ],
        [
            44.0,
            0.013633866498458734
        ],
        [
            12.0,
            0.05379279197703149
        ],
        [
            60.0,
            0.0024320743139620207
        ],
        [
            28.0,
            0.027540369050430405
        ],
        [
            108.0,
            9.279984835391369e-05
        ],
        [
            76.0,
            0.00020596576997701852
        ],
        [
            82.0,
            0.001002518444953715
        ],
        [
            50.0,
            0.00044196130488264435
        ],
        [
            34.0,
            0.006280129611701388
        ],
        [
            18.0,
            0.015804412313381835
        ],
        [
            58.0,
            1.7593935729111104e-05
        ],
        [
            42.0,
            0.005058456873837915
        ],
        [
            26.0,
            0.018391586640617966
        ],
        [
            10.0,
            0.012923200833452131
        ],
        [
            125.0,
            0.0007180556031765831
        ],
        [
            77.0,
            0.0008295110534424961
        ],
        [
            45.0,
            0.0017820363376212698
        ],
        [
            93.0,
            0.0006066721182557857
        ],
        [
            61.0,
            0.00023536415183310957
        ],
        [
            29.0,
            0.009871125080319025
        ],
        [
            2.0,
            0.00044396877520334215
        ],
        [
            101.0,
            0.0007180556031765853
        ],
        [
            53.0,
            0.0018994201633697394
        ],
        [
            21.0,
            0.0038389774019261793
        ],
        [
            85.0,
            0.0009553394899109962
        ],
        [
            37.0,
            0.006630971686264782
        ],
        [
            168.0,
            1.83583422244107e-05
        ],
        [
            120.0,
            0.00015416650136128418
        ],
        [
            88.0,
            0.000826910508510813
        ],
        [
            72.0,
            9.02944473140908e-06
        ],
        [
            56.0,
            0.0007314730462974803
        ],
        [
            40.0,
            0.0018514189874176959
        ]
    ],
    "approximation_ratio": 19.331674692873715,
    "approximation_ratio_offset": 0.8902294928570436,
    "noise": false,
    "p": 3
}