{
    "expected_value": 13.685515430981642,
    "optimal_gammas": [
        1.9874266659898026,
        0.9908016387311998,
        3.3045224473280084,
        5.717363129434772,
        0.1682249459779232,
        0.39294674859798195,
        5.903827965157803
    ],
    "optimal_betas": [
        1.8718481502357731,
        1.7296024110386543,
        0.6750477435827429,
        1.372906705143965,
        1.8450606165250407,
        2.977871513666227,
        2.5517677766454563
    ],
    "problem_identifier": "{'W': [1, 1], 'W_max': 2, 'A': 32, 'B': 4, 'C': 32}",
    "now": "2021-05-08 05:28:17",
    "execution_time": "4:52:38.386653",
    "nfev": 17280,
    "message": "Maximum number of iterations has been exceeded.",
    "success": false,
    "nit": 50,
    "problem": {
        "W": [
            1,
            1
        ],
        "W_max": 2,
        "A": 32,
        "B": 4,
        "C": 32
    },
    "optimal_cost": 1.0,
    "probability_distribution": {
        "16.0": 0.551729165153472,
        "32.0": 0.002995772173214702,
        "48.0": 0.0007936336670103921,
        "80.0": 4.274618290481872e-05,
        "49.0": 0.0014025454062590035,
        "17.0": 0.04533829975657426,
        "1.0": 0.13698276169003246,
        "33.0": 0.000354996538819318,
        "65.0": 2.4333096119259957e-05,
        "25.0": 0.00559653333517505,
        "9.0": 0.17838482155266677,
        "41.0": 0.00010652483597245769,
        "57.0": 1.5056763989824535e-05,
        "92.0": 0.00043857732403851255,
        "44.0": 0.0013554133926228396,
        "12.0": 0.00411165493808305,
        "60.0": 0.0004245876522750903,
        "28.0": 0.00048733887735338165,
        "108.0": 8.043063497965162e-05,
        "76.0": 0.00019214541005767028,
        "82.0": 0.00012233436873288335,
        "50.0": 0.0026692336319882656,
        "34.0": 0.010275130676844673,
        "18.0": 0.022867214070330103,
        "58.0": 0.0005365625573481459,
        "42.0": 0.00023027978909495145,
        "26.0": 0.022852113359998448,
        "10.0": 0.005041527197466673,
        "125.0": 1.336298463919858e-05,
        "77.0": 5.1118163607374916e-05,
        "45.0": 0.000651150698784932,
        "93.0": 5.571306681335603e-07,
        "61.0": 0.00027703684866418215,
        "29.0": 0.0008050265935367557,
        "2.0": 0.0003640843436224521,
        "101.0": 1.3362984639198831e-05,
        "53.0": 0.0005313436135332932,
        "21.0": 0.0004410439870289976,
        "85.0": 2.861339169664197e-05,
        "37.0": 0.0007838884430024448,
        "168.0": 3.8877624466531685e-07,
        "120.0": 1.1673396523590558e-05,
        "88.0": 0.00011417676941274532,
        "72.0": 1.914095130609077e-05,
        "56.0": 0.00011432124142468696,
        "40.0": 0.0003279756482401662
    },
    "probability_distribution_items": [
        [
            16.0,
            0.551729165153472
        ],
        [
            32.0,
            0.002995772173214702
        ],
        [
            48.0,
            0.0007936336670103921
        ],
        [
            80.0,
            4.274618290481872e-05
        ],
        [
            49.0,
            0.0014025454062590035
        ],
        [
            17.0,
            0.04533829975657426
        ],
        [
            1.0,
            0.13698276169003246
        ],
        [
            33.0,
            0.000354996538819318
        ],
        [
            65.0,
            2.4333096119259957e-05
        ],
        [
            25.0,
            0.00559653333517505
        ],
        [
            9.0,
            0.17838482155266677
        ],
        [
            41.0,
            0.00010652483597245769
        ],
        [
            57.0,
            1.5056763989824535e-05
        ],
        [
            92.0,
            0.00043857732403851255
        ],
        [
            44.0,
            0.0013554133926228396
        ],
        [
            12.0,
            0.00411165493808305
        ],
        [
            60.0,
            0.0004245876522750903
        ],
        [
            28.0,
            0.00048733887735338165
        ],
        [
            108.0,
            8.043063497965162e-05
        ],
        [
            76.0,
            0.00019214541005767028
        ],
        [
            82.0,
            0.00012233436873288335
        ],
        [
            50.0,
            0.0026692336319882656
        ],
        [
            34.0,
            0.010275130676844673
        ],
        [
            18.0,
            0.022867214070330103
        ],
        [
            58.0,
            0.0005365625573481459
        ],
        [
            42.0,
            0.00023027978909495145
        ],
        [
            26.0,
            0.022852113359998448
        ],
        [
            10.0,
            0.005041527197466673
        ],
        [
            125.0,
            1.336298463919858e-05
        ],
        [
            77.0,
            5.1118163607374916e-05
        ],
        [
            45.0,
            0.000651150698784932
        ],
        [
            93.0,
            5.571306681335603e-07
        ],
        [
            61.0,
            0.00027703684866418215
        ],
        [
            29.0,
            0.0008050265935367557
        ],
        [
            2.0,
            0.0003640843436224521
        ],
        [
            101.0,
            1.3362984639198831e-05
        ],
        [
            53.0,
            0.0005313436135332932
        ],
        [
            21.0,
            0.0004410439870289976
        ],
        [
            85.0,
            2.861339169664197e-05
        ],
        [
            37.0,
            0.0007838884430024448
        ],
        [
            168.0,
            3.8877624466531685e-07
        ],
        [
            120.0,
            1.1673396523590558e-05
        ],
        [
            88.0,
            0.00011417676941274532
        ],
        [
            72.0,
            1.914095130609077e-05
        ],
        [
            56.0,
            0.00011432124142468696
        ],
        [
            40.0,
            0.0003279756482401662
        ]
    ],
    "approximation_ratio": 13.685515430981631,
    "approximation_ratio_offset": 0.9240388297546009,
    "noise": false,
    "p": 7
}