{
    "expected_value": 61.8633,
    "optimal_gammas": [
        2.928766886839494
    ],
    "optimal_betas": [
        2.814204635674611
    ],
    "problem_identifier": "{'W': [1, 1], 'W_max': 2, 'A': 56, 'B': 4, 'C': 112}",
    "now": "2021-05-04 19:13:44",
    "execution_time": "0:09:26.338541",
    "nfev": 1023,
    "message": "Optimization terminated successfully.",
    "success": true,
    "nit": 31,
    "problem": {
        "W": [
            1,
            1
        ],
        "W_max": 2,
        "A": 56,
        "B": 4,
        "C": 112
    },
    "probability_distribution": {
        "56.0": 0.0178,
        "42.0": 0.0138,
        "113.0": 0.019100000000000002,
        "43.0": 0.05090000000000001,
        "1.0": 0.0082,
        "99.0": 0.0131,
        "85.0": 0.016100000000000003,
        "29.0": 0.06219999999999999,
        "71.0": 0.043000000000000003,
        "15.0": 0.0235,
        "57.0": 0.0223,
        "127.0": 0.001,
        "186.0": 0.0044,
        "88.0": 0.0536,
        "18.0": 0.056,
        "172.0": 0.0036,
        "130.0": 0.0202,
        "74.0": 0.0225,
        "60.0": 0.044800000000000006,
        "144.0": 0.0031000000000000003,
        "84.0": 0.0024,
        "170.0": 0.0011,
        "100.0": 0.0055,
        "58.0": 0.072,
        "86.0": 0.0364,
        "30.0": 0.0356,
        "44.0": 0.020300000000000002,
        "28.0": 0.001,
        "128.0": 0.011300000000000001,
        "72.0": 0.0606,
        "16.0": 0.0582,
        "98.0": 0.0009,
        "243.0": 0.0009,
        "145.0": 0.0057,
        "75.0": 0.030199999999999998,
        "173.0": 0.0037,
        "131.0": 0.013799999999999998,
        "61.0": 0.03730000000000001,
        "89.0": 0.018699999999999998,
        "2.0": 0.0067,
        "201.0": 0.0007,
        "103.0": 0.0101,
        "33.0": 0.007299999999999999,
        "159.0": 0.0032,
        "117.0": 0.01,
        "47.0": 0.0297,
        "218.0": 0.0017000000000000001,
        "148.0": 0.0016,
        "176.0": 0.0025,
        "120.0": 0.0006000000000000001,
        "106.0": 0.0057,
        "92.0": 0.0054
    },
    "probability_distribution_items": [
        [
            56.0,
            0.0178
        ],
        [
            42.0,
            0.0138
        ],
        [
            113.0,
            0.019100000000000002
        ],
        [
            43.0,
            0.05090000000000001
        ],
        [
            1.0,
            0.0082
        ],
        [
            99.0,
            0.0131
        ],
        [
            85.0,
            0.016100000000000003
        ],
        [
            29.0,
            0.06219999999999999
        ],
        [
            71.0,
            0.043000000000000003
        ],
        [
            15.0,
            0.0235
        ],
        [
            57.0,
            0.0223
        ],
        [
            127.0,
            0.001
        ],
        [
            186.0,
            0.0044
        ],
        [
            88.0,
            0.0536
        ],
        [
            18.0,
            0.056
        ],
        [
            172.0,
            0.0036
        ],
        [
            130.0,
            0.0202
        ],
        [
            74.0,
            0.0225
        ],
        [
            60.0,
            0.044800000000000006
        ],
        [
            144.0,
            0.0031000000000000003
        ],
        [
            84.0,
            0.0024
        ],
        [
            170.0,
            0.0011
        ],
        [
            100.0,
            0.0055
        ],
        [
            58.0,
            0.072
        ],
        [
            86.0,
            0.0364
        ],
        [
            30.0,
            0.0356
        ],
        [
            44.0,
            0.020300000000000002
        ],
        [
            28.0,
            0.001
        ],
        [
            128.0,
            0.011300000000000001
        ],
        [
            72.0,
            0.0606
        ],
        [
            16.0,
            0.0582
        ],
        [
            98.0,
            0.0009
        ],
        [
            243.0,
            0.0009
        ],
        [
            145.0,
            0.0057
        ],
        [
            75.0,
            0.030199999999999998
        ],
        [
            173.0,
            0.0037
        ],
        [
            131.0,
            0.013799999999999998
        ],
        [
            61.0,
            0.03730000000000001
        ],
        [
            89.0,
            0.018699999999999998
        ],
        [
            2.0,
            0.0067
        ],
        [
            201.0,
            0.0007
        ],
        [
            103.0,
            0.0101
        ],
        [
            33.0,
            0.007299999999999999
        ],
        [
            159.0,
            0.0032
        ],
        [
            117.0,
            0.01
        ],
        [
            47.0,
            0.0297
        ],
        [
            218.0,
            0.0017000000000000001
        ],
        [
            148.0,
            0.0016
        ],
        [
            176.0,
            0.0025
        ],
        [
            120.0,
            0.0006000000000000001
        ],
        [
            106.0,
            0.0057
        ],
        [
            92.0,
            0.0054
        ]
    ],
    "approximation_ratio": 0.7434603305785124,
    "noise": true,
    "p": 1
}