{
    "expected_value": 194.76,
    "optimal_gammas": [
        5.393514713689635,
        1.6982691478467324,
        0.13458769589899866,
        3.8992432966385646,
        4.7116592910844695,
        2.710852578726974,
        4.105897900007276
    ],
    "optimal_betas": [
        2.556156939066992,
        3.1338841672316784,
        0.3121798766109114,
        2.2025716272491307,
        1.718228164268055,
        1.8723384861013643,
        3.026800280971574
    ],
    "problem_identifier": "{'W': [1, 1], 'W_max': 2, 'A': 56, 'B': 4, 'C': 560}",
    "now": "2021-05-04 20:24:11",
    "execution_time": "0:23:15.730525",
    "nfev": 825,
    "message": "Optimization terminated successfully.",
    "success": true,
    "nit": 1,
    "problem": {
        "W": [
            1,
            1
        ],
        "W_max": 2,
        "A": 56,
        "B": 4,
        "C": 560
    },
    "probability_distribution": {
        "280.0": 0.005,
        "154.0": 0.0151,
        "337.0": 0.019299999999999998,
        "155.0": 0.035399999999999994,
        "1.0": 0.0103,
        "211.0": 0.0382,
        "309.0": 0.015300000000000001,
        "29.0": 0.0166,
        "113.0": 0.0108,
        "295.0": 0.0208,
        "141.0": 0.0133,
        "15.0": 0.0242,
        "169.0": 0.033999999999999996,
        "71.0": 0.0092,
        "197.0": 0.0177,
        "351.0": 0.0076,
        "56.0": 0.0097,
        "410.0": 0.008,
        "200.0": 0.0161,
        "18.0": 0.010499999999999999,
        "284.0": 0.0157,
        "354.0": 0.0244,
        "74.0": 0.0173,
        "172.0": 0.017800000000000003,
        "186.0": 0.009399999999999999,
        "256.0": 0.015000000000000001,
        "308.0": 0.0077,
        "394.0": 0.0033,
        "212.0": 0.014600000000000002,
        "58.0": 0.009999999999999998,
        "310.0": 0.0149,
        "30.0": 0.0149,
        "156.0": 0.0468,
        "282.0": 0.011800000000000001,
        "28.0": 0.0072,
        "352.0": 0.0075,
        "198.0": 0.0165,
        "72.0": 0.0086,
        "170.0": 0.032100000000000004,
        "296.0": 0.024799999999999996,
        "16.0": 0.026,
        "142.0": 0.0172,
        "210.0": 0.017400000000000002,
        "467.0": 0.0054,
        "257.0": 0.011899999999999999,
        "75.0": 0.0202,
        "285.0": 0.014499999999999999,
        "355.0": 0.0124,
        "173.0": 0.014599999999999998,
        "131.0": 0.0077,
        "201.0": 0.0154,
        "299.0": 0.008199999999999999,
        "2.0": 0.006200000000000001,
        "425.0": 0.006699999999999999,
        "215.0": 0.0272,
        "33.0": 0.0060999999999999995,
        "271.0": 0.012600000000000002,
        "341.0": 0.013000000000000001,
        "61.0": 0.0136,
        "159.0": 0.0143,
        "145.0": 0.0074,
        "313.0": 0.007599999999999999,
        "392.0": 0.006,
        "540.0": 0.0028,
        "330.0": 0.0119,
        "148.0": 0.0072,
        "400.0": 0.0058,
        "120.0": 0.0056,
        "218.0": 0.0138,
        "316.0": 0.0039
    },
    "probability_distribution_items": [
        [
            280.0,
            0.005
        ],
        [
            154.0,
            0.0151
        ],
        [
            337.0,
            0.019299999999999998
        ],
        [
            155.0,
            0.035399999999999994
        ],
        [
            1.0,
            0.0103
        ],
        [
            211.0,
            0.0382
        ],
        [
            309.0,
            0.015300000000000001
        ],
        [
            29.0,
            0.0166
        ],
        [
            113.0,
            0.0108
        ],
        [
            295.0,
            0.0208
        ],
        [
            141.0,
            0.0133
        ],
        [
            15.0,
            0.0242
        ],
        [
            169.0,
            0.033999999999999996
        ],
        [
            71.0,
            0.0092
        ],
        [
            197.0,
            0.0177
        ],
        [
            351.0,
            0.0076
        ],
        [
            56.0,
            0.0097
        ],
        [
            410.0,
            0.008
        ],
        [
            200.0,
            0.0161
        ],
        [
            18.0,
            0.010499999999999999
        ],
        [
            284.0,
            0.0157
        ],
        [
            354.0,
            0.0244
        ],
        [
            74.0,
            0.0173
        ],
        [
            172.0,
            0.017800000000000003
        ],
        [
            186.0,
            0.009399999999999999
        ],
        [
            256.0,
            0.015000000000000001
        ],
        [
            308.0,
            0.0077
        ],
        [
            394.0,
            0.0033
        ],
        [
            212.0,
            0.014600000000000002
        ],
        [
            58.0,
            0.009999999999999998
        ],
        [
            310.0,
            0.0149
        ],
        [
            30.0,
            0.0149
        ],
        [
            156.0,
            0.0468
        ],
        [
            282.0,
            0.011800000000000001
        ],
        [
            28.0,
            0.0072
        ],
        [
            352.0,
            0.0075
        ],
        [
            198.0,
            0.0165
        ],
        [
            72.0,
            0.0086
        ],
        [
            170.0,
            0.032100000000000004
        ],
        [
            296.0,
            0.024799999999999996
        ],
        [
            16.0,
            0.026
        ],
        [
            142.0,
            0.0172
        ],
        [
            210.0,
            0.017400000000000002
        ],
        [
            467.0,
            0.0054
        ],
        [
            257.0,
            0.011899999999999999
        ],
        [
            75.0,
            0.0202
        ],
        [
            285.0,
            0.014499999999999999
        ],
        [
            355.0,
            0.0124
        ],
        [
            173.0,
            0.014599999999999998
        ],
        [
            131.0,
            0.0077
        ],
        [
            201.0,
            0.0154
        ],
        [
            299.0,
            0.008199999999999999
        ],
        [
            2.0,
            0.006200000000000001
        ],
        [
            425.0,
            0.006699999999999999
        ],
        [
            215.0,
            0.0272
        ],
        [
            33.0,
            0.0060999999999999995
        ],
        [
            271.0,
            0.012600000000000002
        ],
        [
            341.0,
            0.013000000000000001
        ],
        [
            61.0,
            0.0136
        ],
        [
            159.0,
            0.0143
        ],
        [
            145.0,
            0.0074
        ],
        [
            313.0,
            0.007599999999999999
        ],
        [
            392.0,
            0.006
        ],
        [
            540.0,
            0.0028
        ],
        [
            330.0,
            0.0119
        ],
        [
            148.0,
            0.0072
        ],
        [
            400.0,
            0.0058
        ],
        [
            120.0,
            0.0056
        ],
        [
            218.0,
            0.0138
        ],
        [
            316.0,
            0.0039
        ]
    ],
    "approximation_ratio": 0.6388343228200372,
    "noise": true,
    "p": 7
}