{
    "expected_value": 11.6996,
    "optimal_gammas": [
        0.6928130300195325
    ],
    "optimal_betas": [
        0.3331024320839861
    ],
    "problem_identifier": "{'W': [1, 1], 'W_max': 2, 'A': 8, 'B': 4, 'C': 16}",
    "now": "2021-05-03 18:38:41",
    "execution_time": "0:03:30.559846",
    "problem": {
        "W": [
            1,
            1
        ],
        "W_max": 2,
        "A": 8,
        "B": 4,
        "C": 16
    },
    "probability_distribution": {
        "8.0": 0.045000000000000005,
        "6.0": 0.131,
        "17.0": 0.0713,
        "7.0": 0.034300000000000004,
        "1.0": 0.015899999999999997,
        "15.0": 0.05809999999999999,
        "13.0": 0.0359,
        "5.0": 0.0408,
        "11.0": 0.0752,
        "3.0": 0.0258,
        "9.0": 0.0351,
        "19.0": 0.017,
        "30.0": 0.0131,
        "16.0": 0.0422,
        "28.0": 0.0068,
        "22.0": 0.020700000000000003,
        "14.0": 0.04189999999999999,
        "12.0": 0.095,
        "24.0": 0.005699999999999999,
        "26.0": 0.0028,
        "10.0": 0.0672,
        "4.0": 0.0447,
        "20.0": 0.0405,
        "39.0": 0.0039,
        "25.0": 0.0083,
        "29.0": 0.0021,
        "23.0": 0.0079,
        "2.0": 0.0024000000000000002,
        "33.0": 0.0022,
        "27.0": 0.0019,
        "21.0": 0.0036,
        "52.0": 0.0002,
        "38.0": 0.0009,
        "32.0": 0.0006
    },
    "probability_distribution_items": [
        [
            8.0,
            0.045000000000000005
        ],
        [
            6.0,
            0.131
        ],
        [
            17.0,
            0.0713
        ],
        [
            7.0,
            0.034300000000000004
        ],
        [
            1.0,
            0.015899999999999997
        ],
        [
            15.0,
            0.05809999999999999
        ],
        [
            13.0,
            0.0359
        ],
        [
            5.0,
            0.0408
        ],
        [
            11.0,
            0.0752
        ],
        [
            3.0,
            0.0258
        ],
        [
            9.0,
            0.0351
        ],
        [
            19.0,
            0.017
        ],
        [
            30.0,
            0.0131
        ],
        [
            16.0,
            0.0422
        ],
        [
            28.0,
            0.0068
        ],
        [
            22.0,
            0.020700000000000003
        ],
        [
            14.0,
            0.04189999999999999
        ],
        [
            12.0,
            0.095
        ],
        [
            24.0,
            0.005699999999999999
        ],
        [
            26.0,
            0.0028
        ],
        [
            10.0,
            0.0672
        ],
        [
            4.0,
            0.0447
        ],
        [
            20.0,
            0.0405
        ],
        [
            39.0,
            0.0039
        ],
        [
            25.0,
            0.0083
        ],
        [
            29.0,
            0.0021
        ],
        [
            23.0,
            0.0079
        ],
        [
            2.0,
            0.0024000000000000002
        ],
        [
            33.0,
            0.0022
        ],
        [
            27.0,
            0.0019
        ],
        [
            21.0,
            0.0036
        ],
        [
            52.0,
            0.0002
        ],
        [
            38.0,
            0.0009
        ],
        [
            32.0,
            0.0006
        ]
    ],
    "approximation_ratio": 0.7874901960784314,
    "noise": true,
    "p": 1
}