{
    "expected_value": 38.4593,
    "optimal_gammas": [
        0.028160499768189684,
        5.383835616407465,
        0.61226319349637
    ],
    "optimal_betas": [
        2.515795471005502,
        1.074247063307034,
        1.3081361687417847
    ],
    "problem_identifier": "{'W': [1, 1], 'W_max': 2, 'A': 8, 'B': 4, 'C': 144}",
    "now": "2021-05-05 07:17:06",
    "execution_time": "14:32:30.053244",
    "nfev": 53788,
    "message": "Optimization terminated successfully.",
    "success": true,
    "nit": 594,
    "problem": {
        "W": [
            1,
            1
        ],
        "W_max": 2,
        "A": 8,
        "B": 4,
        "C": 144
    },
    "probability_distribution": {
        "72.0": 0.0121,
        "38.0": 0.034600000000000006,
        "81.0": 0.0242,
        "39.0": 0.03830000000000001,
        "1.0": 0.030199999999999998,
        "47.0": 0.0153,
        "77.0": 0.008,
        "5.0": 0.0086,
        "17.0": 0.0040999999999999995,
        "75.0": 0.0186,
        "37.0": 0.0264,
        "3.0": 0.0327,
        "41.0": 0.0239,
        "11.0": 0.0022,
        "45.0": 0.0322,
        "83.0": 0.0042,
        "8.0": 0.005,
        "94.0": 0.0074,
        "48.0": 0.0364,
        "6.0": 0.0785,
        "60.0": 0.0060999999999999995,
        "86.0": 0.015600000000000001,
        "14.0": 0.0103,
        "44.0": 0.030600000000000002,
        "30.0": 0.0014,
        "56.0": 0.0059,
        "76.0": 0.032600000000000004,
        "90.0": 0.0026,
        "10.0": 0.0103,
        "78.0": 0.0109,
        "40.0": 0.034699999999999995,
        "74.0": 0.0083,
        "4.0": 0.0283,
        "84.0": 0.0275,
        "46.0": 0.0228,
        "12.0": 0.013500000000000002,
        "42.0": 0.037599999999999995,
        "103.0": 0.0046,
        "57.0": 0.0155,
        "15.0": 0.0351,
        "61.0": 0.0062,
        "87.0": 0.0082,
        "23.0": 0.004,
        "49.0": 0.009899999999999999,
        "79.0": 0.01,
        "2.0": 0.0033,
        "97.0": 0.0038000000000000004,
        "51.0": 0.028200000000000003,
        "9.0": 0.027,
        "59.0": 0.0060999999999999995,
        "85.0": 0.0101,
        "13.0": 0.0092,
        "43.0": 0.027000000000000003,
        "25.0": 0.0048000000000000004,
        "88.0": 0.001,
        "116.0": 0.0011,
        "70.0": 0.0065,
        "28.0": 0.0074,
        "96.0": 0.0039,
        "24.0": 0.0035,
        "54.0": 0.0217
    },
    "probability_distribution_items": [
        [
            72.0,
            0.0121
        ],
        [
            38.0,
            0.034600000000000006
        ],
        [
            81.0,
            0.0242
        ],
        [
            39.0,
            0.03830000000000001
        ],
        [
            1.0,
            0.030199999999999998
        ],
        [
            47.0,
            0.0153
        ],
        [
            77.0,
            0.008
        ],
        [
            5.0,
            0.0086
        ],
        [
            17.0,
            0.0040999999999999995
        ],
        [
            75.0,
            0.0186
        ],
        [
            37.0,
            0.0264
        ],
        [
            3.0,
            0.0327
        ],
        [
            41.0,
            0.0239
        ],
        [
            11.0,
            0.0022
        ],
        [
            45.0,
            0.0322
        ],
        [
            83.0,
            0.0042
        ],
        [
            8.0,
            0.005
        ],
        [
            94.0,
            0.0074
        ],
        [
            48.0,
            0.0364
        ],
        [
            6.0,
            0.0785
        ],
        [
            60.0,
            0.0060999999999999995
        ],
        [
            86.0,
            0.015600000000000001
        ],
        [
            14.0,
            0.0103
        ],
        [
            44.0,
            0.030600000000000002
        ],
        [
            30.0,
            0.0014
        ],
        [
            56.0,
            0.0059
        ],
        [
            76.0,
            0.032600000000000004
        ],
        [
            90.0,
            0.0026
        ],
        [
            10.0,
            0.0103
        ],
        [
            78.0,
            0.0109
        ],
        [
            40.0,
            0.034699999999999995
        ],
        [
            74.0,
            0.0083
        ],
        [
            4.0,
            0.0283
        ],
        [
            84.0,
            0.0275
        ],
        [
            46.0,
            0.0228
        ],
        [
            12.0,
            0.013500000000000002
        ],
        [
            42.0,
            0.037599999999999995
        ],
        [
            103.0,
            0.0046
        ],
        [
            57.0,
            0.0155
        ],
        [
            15.0,
            0.0351
        ],
        [
            61.0,
            0.0062
        ],
        [
            87.0,
            0.0082
        ],
        [
            23.0,
            0.004
        ],
        [
            49.0,
            0.009899999999999999
        ],
        [
            79.0,
            0.01
        ],
        [
            2.0,
            0.0033
        ],
        [
            97.0,
            0.0038000000000000004
        ],
        [
            51.0,
            0.028200000000000003
        ],
        [
            9.0,
            0.027
        ],
        [
            59.0,
            0.0060999999999999995
        ],
        [
            85.0,
            0.0101
        ],
        [
            13.0,
            0.0092
        ],
        [
            43.0,
            0.027000000000000003
        ],
        [
            25.0,
            0.0048000000000000004
        ],
        [
            88.0,
            0.001
        ],
        [
            116.0,
            0.0011
        ],
        [
            70.0,
            0.0065
        ],
        [
            28.0,
            0.0074
        ],
        [
            96.0,
            0.0039
        ],
        [
            24.0,
            0.0035
        ],
        [
            54.0,
            0.0217
        ]
    ],
    "approximation_ratio": 0.6533617391304348,
    "noise": true,
    "p": 3
}