{
    "expected_value": 54.149129133998834,
    "optimal_gammas": [
        3.131343379112109
    ],
    "optimal_betas": [
        0.3072662159014752
    ],
    "problem_identifier": "{'W': [1, 1], 'W_max': 2, 'A': 32, 'B': 4, 'C': 128}",
    "now": "2021-05-07 22:36:59",
    "execution_time": "0:01:58.107561",
    "nfev": 1338,
    "message": "Optimization terminated successfully.",
    "success": true,
    "nit": 42,
    "problem": {
        "W": [
            1,
            1
        ],
        "W_max": 2,
        "A": 32,
        "B": 4,
        "C": 128
    },
    "optimal_cost": 1.0,
    "probability_distribution": {
        "64.0": 0.0019107838808464469,
        "40.0": 0.010542809760424854,
        "32.0": 0.0014853151240609088,
        "80.0": 0.007560742998513235,
        "16.0": 0.006670431847311204,
        "72.0": 0.003920121162559498,
        "128.0": 0.0003385763944131772,
        "97.0": 0.007916324575309878,
        "41.0": 0.04969942411339527,
        "1.0": 0.008724957528741983,
        "73.0": 0.052592033142700584,
        "81.0": 0.031055743330855128,
        "17.0": 0.03195883596880829,
        "65.0": 0.014637868382468902,
        "33.0": 0.01728795385552887,
        "9.0": 0.04068379349755029,
        "49.0": 0.03761753626955956,
        "105.0": 0.0062239691576264754,
        "140.0": 0.00022242490964003,
        "68.0": 0.013094281771049628,
        "12.0": 0.018811701406941737,
        "116.0": 0.0017220723420279416,
        "108.0": 0.06087521135349406,
        "44.0": 0.03342078890151804,
        "52.0": 0.09191439622508557,
        "100.0": 0.02055512565896392,
        "130.0": 2.0552359218224637e-05,
        "74.0": 0.09607017408118645,
        "34.0": 0.0673179708992895,
        "82.0": 0.005998202663923478,
        "18.0": 0.0033285594265616554,
        "42.0": 0.02302336231918534,
        "66.0": 0.012942862578507928,
        "106.0": 0.0004094093393991045,
        "50.0": 0.0737543069263692,
        "10.0": 0.054599224548198565,
        "173.0": 6.685397609433244e-05,
        "101.0": 0.003459134641996992,
        "45.0": 0.01725171063628644,
        "117.0": 0.0006076798501323584,
        "109.0": 0.0039837012648404726,
        "53.0": 0.014868039498581804,
        "77.0": 0.021960598053878393,
        "69.0": 0.006610894801442928,
        "2.0": 0.0027996831798386378,
        "149.0": 6.685397609433248e-05,
        "21.0": 0.0002871896983037543,
        "37.0": 0.0020964814394008767,
        "85.0": 0.015266590025146604,
        "216.0": 1.7424722713455675e-05,
        "144.0": 0.00017014803964312544,
        "88.0": 0.0015054456123059462,
        "136.0": 7.372188206455109e-05
    },
    "probability_distribution_items": [
        [
            64.0,
            0.0019107838808464469
        ],
        [
            40.0,
            0.010542809760424854
        ],
        [
            32.0,
            0.0014853151240609088
        ],
        [
            80.0,
            0.007560742998513235
        ],
        [
            16.0,
            0.006670431847311204
        ],
        [
            72.0,
            0.003920121162559498
        ],
        [
            128.0,
            0.0003385763944131772
        ],
        [
            97.0,
            0.007916324575309878
        ],
        [
            41.0,
            0.04969942411339527
        ],
        [
            1.0,
            0.008724957528741983
        ],
        [
            73.0,
            0.052592033142700584
        ],
        [
            81.0,
            0.031055743330855128
        ],
        [
            17.0,
            0.03195883596880829
        ],
        [
            65.0,
            0.014637868382468902
        ],
        [
            33.0,
            0.01728795385552887
        ],
        [
            9.0,
            0.04068379349755029
        ],
        [
            49.0,
            0.03761753626955956
        ],
        [
            105.0,
            0.0062239691576264754
        ],
        [
            140.0,
            0.00022242490964003
        ],
        [
            68.0,
            0.013094281771049628
        ],
        [
            12.0,
            0.018811701406941737
        ],
        [
            116.0,
            0.0017220723420279416
        ],
        [
            108.0,
            0.06087521135349406
        ],
        [
            44.0,
            0.03342078890151804
        ],
        [
            52.0,
            0.09191439622508557
        ],
        [
            100.0,
            0.02055512565896392
        ],
        [
            130.0,
            2.0552359218224637e-05
        ],
        [
            74.0,
            0.09607017408118645
        ],
        [
            34.0,
            0.0673179708992895
        ],
        [
            82.0,
            0.005998202663923478
        ],
        [
            18.0,
            0.0033285594265616554
        ],
        [
            42.0,
            0.02302336231918534
        ],
        [
            66.0,
            0.012942862578507928
        ],
        [
            106.0,
            0.0004094093393991045
        ],
        [
            50.0,
            0.0737543069263692
        ],
        [
            10.0,
            0.054599224548198565
        ],
        [
            173.0,
            6.685397609433244e-05
        ],
        [
            101.0,
            0.003459134641996992
        ],
        [
            45.0,
            0.01725171063628644
        ],
        [
            117.0,
            0.0006076798501323584
        ],
        [
            109.0,
            0.0039837012648404726
        ],
        [
            53.0,
            0.014868039498581804
        ],
        [
            77.0,
            0.021960598053878393
        ],
        [
            69.0,
            0.006610894801442928
        ],
        [
            2.0,
            0.0027996831798386378
        ],
        [
            149.0,
            6.685397609433248e-05
        ],
        [
            21.0,
            0.0002871896983037543
        ],
        [
            37.0,
            0.0020964814394008767
        ],
        [
            85.0,
            0.015266590025146604
        ],
        [
            216.0,
            1.7424722713455675e-05
        ],
        [
            144.0,
            0.00017014803964312544
        ],
        [
            88.0,
            0.0015054456123059462
        ],
        [
            136.0,
            7.372188206455109e-05
        ]
    ],
    "approximation_ratio": 54.149129133998784,
    "approximation_ratio_offset": 0.7527947482139592,
    "noise": false,
    "p": 1
}