{
    "expected_value": 1.0000000000043,
    "optimal_gammas": [
        0.8457649492089626,
        0.29415525790937685,
        1.997171054780529,
        5.49039770292089,
        6.045782183501167,
        2.096376321588965
    ],
    "optimal_betas": [
        2.3197306560871263,
        0.21006479087867785,
        1.8794029722806003,
        2.229256401606925,
        1.8260693569566453,
        1.8176106837320933
    ],
    "problem_identifier": "{'W': [1], 'W_max': 1, 'A': 8, 'B': 4, 'C': 16}",
    "now": "2021-05-08 20:07:55",
    "execution_time": "5:30:26.848178",
    "nfev": 9453,
    "message": "Maximum number of iterations has been exceeded.",
    "success": false,
    "nit": 50,
    "problem": {
        "W": [
            1
        ],
        "W_max": 1,
        "A": 8,
        "B": 4,
        "C": 16
    },
    "optimal_cost": 1.0,
    "probability_distribution": {
        "4.0": 6.848696222493519e-14,
        "2.0": 1.8565478192129355e-12,
        "7.0": 3.7306179126521846e-13,
        "1.0": 0.999999999997702
    },
    "probability_distribution_items": [
        [
            4.0,
            6.848696222493519e-14
        ],
        [
            2.0,
            1.8565478192129355e-12
        ],
        [
            7.0,
            3.7306179126521846e-13
        ],
        [
            1.0,
            0.999999999997702
        ]
    ],
    "approximation_ratio": 1.0000000000043006,
    "approximation_ratio_offset": 0.9999999999992832,
    "noise": false,
    "p": 6
}