{
    "expected_value": 47.88253333095569,
    "optimal_gammas": [
        2.9487315889134775,
        4.201307973611988,
        3.2607032095086765
    ],
    "optimal_betas": [
        1.013810543590237,
        1.5574865522066317,
        2.6358189492530593
    ],
    "problem_identifier": "{'W': [1, 1], 'W_max': 2, 'A': 32, 'B': 4, 'C': 128}",
    "now": "2021-05-08 03:07:02",
    "execution_time": "1:18:00.758427",
    "nfev": 5059,
    "message": "Maximum number of iterations has been exceeded.",
    "success": false,
    "nit": 50,
    "problem": {
        "W": [
            1,
            1
        ],
        "W_max": 2,
        "A": 32,
        "B": 4,
        "C": 128
    },
    "optimal_cost": 1.0,
    "probability_distribution": {
        "64.0": 0.08133106073819488,
        "40.0": 0.30804399130999716,
        "32.0": 0.02330822200870713,
        "80.0": 0.14800913237723115,
        "16.0": 0.14488658461699996,
        "72.0": 0.04423442255494047,
        "128.0": 0.0016525203343438926,
        "97.0": 0.0056464261352594,
        "41.0": 0.032941313427981886,
        "1.0": 0.0031685748821973655,
        "73.0": 0.04468118866359063,
        "81.0": 0.024987715722359777,
        "17.0": 0.024938076891643256,
        "65.0": 0.005129731578011488,
        "33.0": 0.02614322515204026,
        "9.0": 0.028106651773840623,
        "49.0": 0.016195492003882605,
        "105.0": 0.000480088499980993,
        "140.0": 7.053574455906173e-05,
        "68.0": 0.0025269264760356853,
        "12.0": 0.0003472207479492633,
        "116.0": 8.017247099579024e-05,
        "108.0": 0.002237546813437451,
        "44.0": 0.002216372505320874,
        "52.0": 0.0005936250524071013,
        "100.0": 0.00040222967696945146,
        "130.0": 0.0004529131922232645,
        "74.0": 0.0049042180606544685,
        "34.0": 0.0009225612445123756,
        "82.0": 0.001862193082515846,
        "18.0": 0.0015676039995844028,
        "42.0": 0.003495598643059696,
        "66.0": 0.0027518988226601033,
        "106.0": 0.0002651662643954348,
        "50.0": 0.002056951288176441,
        "10.0": 0.003274824823510404,
        "173.0": 0.00015642651234758304,
        "101.0": 0.0008796379464005091,
        "45.0": 0.0007078798279824403,
        "117.0": 0.00034596993466546287,
        "109.0": 0.0008666378410721195,
        "53.0": 0.00012509273462498125,
        "77.0": 0.0005283751350722901,
        "69.0": 0.00012477245774485392,
        "2.0": 0.0013593751108809385,
        "149.0": 0.00015642651234758112,
        "21.0": 4.197782310995194e-05,
        "37.0": 0.0005408092702475073,
        "85.0": 4.463263733358534e-05,
        "216.0": 1.0935680658761245e-05,
        "144.0": 9.817609223993703e-05,
        "88.0": 1.93203646315374e-05,
        "136.0": 8.057653846876389e-05
    },
    "probability_distribution_items": [
        [
            64.0,
            0.08133106073819488
        ],
        [
            40.0,
            0.30804399130999716
        ],
        [
            32.0,
            0.02330822200870713
        ],
        [
            80.0,
            0.14800913237723115
        ],
        [
            16.0,
            0.14488658461699996
        ],
        [
            72.0,
            0.04423442255494047
        ],
        [
            128.0,
            0.0016525203343438926
        ],
        [
            97.0,
            0.0056464261352594
        ],
        [
            41.0,
            0.032941313427981886
        ],
        [
            1.0,
            0.0031685748821973655
        ],
        [
            73.0,
            0.04468118866359063
        ],
        [
            81.0,
            0.024987715722359777
        ],
        [
            17.0,
            0.024938076891643256
        ],
        [
            65.0,
            0.005129731578011488
        ],
        [
            33.0,
            0.02614322515204026
        ],
        [
            9.0,
            0.028106651773840623
        ],
        [
            49.0,
            0.016195492003882605
        ],
        [
            105.0,
            0.000480088499980993
        ],
        [
            140.0,
            7.053574455906173e-05
        ],
        [
            68.0,
            0.0025269264760356853
        ],
        [
            12.0,
            0.0003472207479492633
        ],
        [
            116.0,
            8.017247099579024e-05
        ],
        [
            108.0,
            0.002237546813437451
        ],
        [
            44.0,
            0.002216372505320874
        ],
        [
            52.0,
            0.0005936250524071013
        ],
        [
            100.0,
            0.00040222967696945146
        ],
        [
            130.0,
            0.0004529131922232645
        ],
        [
            74.0,
            0.0049042180606544685
        ],
        [
            34.0,
            0.0009225612445123756
        ],
        [
            82.0,
            0.001862193082515846
        ],
        [
            18.0,
            0.0015676039995844028
        ],
        [
            42.0,
            0.003495598643059696
        ],
        [
            66.0,
            0.0027518988226601033
        ],
        [
            106.0,
            0.0002651662643954348
        ],
        [
            50.0,
            0.002056951288176441
        ],
        [
            10.0,
            0.003274824823510404
        ],
        [
            173.0,
            0.00015642651234758304
        ],
        [
            101.0,
            0.0008796379464005091
        ],
        [
            45.0,
            0.0007078798279824403
        ],
        [
            117.0,
            0.00034596993466546287
        ],
        [
            109.0,
            0.0008666378410721195
        ],
        [
            53.0,
            0.00012509273462498125
        ],
        [
            77.0,
            0.0005283751350722901
        ],
        [
            69.0,
            0.00012477245774485392
        ],
        [
            2.0,
            0.0013593751108809385
        ],
        [
            149.0,
            0.00015642651234758112
        ],
        [
            21.0,
            4.197782310995194e-05
        ],
        [
            37.0,
            0.0005408092702475073
        ],
        [
            85.0,
            4.463263733358534e-05
        ],
        [
            216.0,
            1.0935680658761245e-05
        ],
        [
            144.0,
            9.817609223993703e-05
        ],
        [
            88.0,
            1.93203646315374e-05
        ],
        [
            136.0,
            8.057653846876389e-05
        ]
    ],
    "approximation_ratio": 47.882533330955695,
    "approximation_ratio_offset": 0.7819417054374153,
    "noise": false,
    "p": 3
}