{
    "expected_value": 43.2697,
    "optimal_gammas": [
        5.3720681565827775
    ],
    "optimal_betas": [
        2.825851618192382
    ],
    "problem_identifier": "{'W': [1, 1], 'W_max': 2, 'A': 8, 'B': 4, 'C': 144}",
    "now": "2021-05-04 18:16:57",
    "execution_time": "0:06:39.704028",
    "nfev": 822,
    "message": "Optimization terminated successfully.",
    "success": true,
    "nit": 24,
    "problem": {
        "W": [
            1,
            1
        ],
        "W_max": 2,
        "A": 8,
        "B": 4,
        "C": 144
    },
    "probability_distribution": {
        "72.0": 0.0465,
        "38.0": 0.046400000000000004,
        "81.0": 0.034,
        "39.0": 0.0642,
        "1.0": 0.0264,
        "47.0": 0.0131,
        "77.0": 0.0086,
        "5.0": 0.0101,
        "17.0": 0.0025,
        "75.0": 0.0274,
        "37.0": 0.0501,
        "3.0": 0.0347,
        "41.0": 0.015899999999999997,
        "11.0": 0.0021,
        "45.0": 0.038299999999999994,
        "83.0": 0.0022,
        "8.0": 0.0063999999999999994,
        "94.0": 0.0089,
        "48.0": 0.0361,
        "6.0": 0.05929999999999999,
        "60.0": 0.0032,
        "86.0": 0.0077,
        "14.0": 0.0038,
        "44.0": 0.0149,
        "30.0": 0.0005,
        "56.0": 0.0021,
        "76.0": 0.024700000000000003,
        "90.0": 0.0064,
        "10.0": 0.0108,
        "78.0": 0.0217,
        "40.0": 0.0588,
        "74.0": 0.0167,
        "4.0": 0.0237,
        "84.0": 0.0268,
        "46.0": 0.015799999999999998,
        "12.0": 0.0037999999999999996,
        "42.0": 0.0247,
        "103.0": 0.0027,
        "57.0": 0.0075,
        "15.0": 0.027700000000000002,
        "61.0": 0.0044,
        "87.0": 0.0063999999999999994,
        "23.0": 0.002,
        "49.0": 0.0044,
        "79.0": 0.0114,
        "2.0": 0.0102,
        "97.0": 0.0033,
        "51.0": 0.0152,
        "9.0": 0.0188,
        "59.0": 0.0049,
        "85.0": 0.0072,
        "13.0": 0.0068000000000000005,
        "43.0": 0.0344,
        "25.0": 0.002,
        "88.0": 0.0002,
        "116.0": 0.0004,
        "70.0": 0.0018,
        "28.0": 0.0033,
        "96.0": 0.0029,
        "24.0": 0.0024000000000000002,
        "54.0": 0.0204
    },
    "probability_distribution_items": [
        [
            72.0,
            0.0465
        ],
        [
            38.0,
            0.046400000000000004
        ],
        [
            81.0,
            0.034
        ],
        [
            39.0,
            0.0642
        ],
        [
            1.0,
            0.0264
        ],
        [
            47.0,
            0.0131
        ],
        [
            77.0,
            0.0086
        ],
        [
            5.0,
            0.0101
        ],
        [
            17.0,
            0.0025
        ],
        [
            75.0,
            0.0274
        ],
        [
            37.0,
            0.0501
        ],
        [
            3.0,
            0.0347
        ],
        [
            41.0,
            0.015899999999999997
        ],
        [
            11.0,
            0.0021
        ],
        [
            45.0,
            0.038299999999999994
        ],
        [
            83.0,
            0.0022
        ],
        [
            8.0,
            0.0063999999999999994
        ],
        [
            94.0,
            0.0089
        ],
        [
            48.0,
            0.0361
        ],
        [
            6.0,
            0.05929999999999999
        ],
        [
            60.0,
            0.0032
        ],
        [
            86.0,
            0.0077
        ],
        [
            14.0,
            0.0038
        ],
        [
            44.0,
            0.0149
        ],
        [
            30.0,
            0.0005
        ],
        [
            56.0,
            0.0021
        ],
        [
            76.0,
            0.024700000000000003
        ],
        [
            90.0,
            0.0064
        ],
        [
            10.0,
            0.0108
        ],
        [
            78.0,
            0.0217
        ],
        [
            40.0,
            0.0588
        ],
        [
            74.0,
            0.0167
        ],
        [
            4.0,
            0.0237
        ],
        [
            84.0,
            0.0268
        ],
        [
            46.0,
            0.015799999999999998
        ],
        [
            12.0,
            0.0037999999999999996
        ],
        [
            42.0,
            0.0247
        ],
        [
            103.0,
            0.0027
        ],
        [
            57.0,
            0.0075
        ],
        [
            15.0,
            0.027700000000000002
        ],
        [
            61.0,
            0.0044
        ],
        [
            87.0,
            0.0063999999999999994
        ],
        [
            23.0,
            0.002
        ],
        [
            49.0,
            0.0044
        ],
        [
            79.0,
            0.0114
        ],
        [
            2.0,
            0.0102
        ],
        [
            97.0,
            0.0033
        ],
        [
            51.0,
            0.0152
        ],
        [
            9.0,
            0.0188
        ],
        [
            59.0,
            0.0049
        ],
        [
            85.0,
            0.0072
        ],
        [
            13.0,
            0.0068000000000000005
        ],
        [
            43.0,
            0.0344
        ],
        [
            25.0,
            0.002
        ],
        [
            88.0,
            0.0002
        ],
        [
            116.0,
            0.0004
        ],
        [
            70.0,
            0.0018
        ],
        [
            28.0,
            0.0033
        ],
        [
            96.0,
            0.0029
        ],
        [
            24.0,
            0.0024000000000000002
        ],
        [
            54.0,
            0.0204
        ]
    ],
    "approximation_ratio": 0.6248043478260868,
    "noise": true,
    "p": 1
}