{
    "expected_value": 29.577,
    "optimal_gammas": [
        1.2698794307686152,
        3.63800154102838,
        4.056302017287644,
        3.623242117909356,
        4.538910330367772
    ],
    "optimal_betas": [
        0.18416716680882828,
        1.3745170795608193,
        1.7678094883499627,
        2.732881698255034,
        0.5240428196160107
    ],
    "problem_identifier": "{'W': [1, 1], 'W_max': 2, 'A': 8, 'B': 4, 'C': 80}",
    "now": "2021-05-04 19:04:06",
    "execution_time": "0:38:25.858864",
    "nfev": 1856,
    "message": "Optimization terminated successfully.",
    "success": true,
    "nit": 8,
    "problem": {
        "W": [
            1,
            1
        ],
        "W_max": 2,
        "A": 8,
        "B": 4,
        "C": 80
    },
    "probability_distribution": {
        "40.0": 0.022400000000000003,
        "22.0": 0.039799999999999995,
        "49.0": 0.022800000000000004,
        "23.0": 0.04220000000000001,
        "1.0": 0.008199999999999999,
        "31.0": 0.028999999999999998,
        "45.0": 0.0347,
        "5.0": 0.0167,
        "17.0": 0.0068000000000000005,
        "43.0": 0.041800000000000004,
        "21.0": 0.026199999999999998,
        "3.0": 0.0259,
        "25.0": 0.041,
        "11.0": 0.006500000000000001,
        "29.0": 0.0315,
        "51.0": 0.0052,
        "8.0": 0.0092,
        "62.0": 0.0108,
        "32.0": 0.03780000000000001,
        "6.0": 0.0251,
        "44.0": 0.046400000000000004,
        "54.0": 0.032,
        "14.0": 0.016,
        "28.0": 0.022,
        "30.0": 0.0345,
        "58.0": 0.0045,
        "10.0": 0.005299999999999999,
        "46.0": 0.0154,
        "24.0": 0.051800000000000006,
        "42.0": 0.0126,
        "4.0": 0.03320000000000001,
        "52.0": 0.012700000000000001,
        "12.0": 0.0078,
        "26.0": 0.0318,
        "71.0": 0.009399999999999999,
        "41.0": 0.0126,
        "15.0": 0.0194,
        "55.0": 0.013300000000000001,
        "33.0": 0.0101,
        "47.0": 0.008799999999999999,
        "2.0": 0.009000000000000001,
        "65.0": 0.0093,
        "35.0": 0.026099999999999998,
        "9.0": 0.0081,
        "53.0": 0.0137,
        "13.0": 0.011800000000000001,
        "27.0": 0.014100000000000001,
        "56.0": 0.0027,
        "84.0": 0.0036,
        "64.0": 0.004699999999999999,
        "38.0": 0.013699999999999999
    },
    "probability_distribution_items": [
        [
            40.0,
            0.022400000000000003
        ],
        [
            22.0,
            0.039799999999999995
        ],
        [
            49.0,
            0.022800000000000004
        ],
        [
            23.0,
            0.04220000000000001
        ],
        [
            1.0,
            0.008199999999999999
        ],
        [
            31.0,
            0.028999999999999998
        ],
        [
            45.0,
            0.0347
        ],
        [
            5.0,
            0.0167
        ],
        [
            17.0,
            0.0068000000000000005
        ],
        [
            43.0,
            0.041800000000000004
        ],
        [
            21.0,
            0.026199999999999998
        ],
        [
            3.0,
            0.0259
        ],
        [
            25.0,
            0.041
        ],
        [
            11.0,
            0.006500000000000001
        ],
        [
            29.0,
            0.0315
        ],
        [
            51.0,
            0.0052
        ],
        [
            8.0,
            0.0092
        ],
        [
            62.0,
            0.0108
        ],
        [
            32.0,
            0.03780000000000001
        ],
        [
            6.0,
            0.0251
        ],
        [
            44.0,
            0.046400000000000004
        ],
        [
            54.0,
            0.032
        ],
        [
            14.0,
            0.016
        ],
        [
            28.0,
            0.022
        ],
        [
            30.0,
            0.0345
        ],
        [
            58.0,
            0.0045
        ],
        [
            10.0,
            0.005299999999999999
        ],
        [
            46.0,
            0.0154
        ],
        [
            24.0,
            0.051800000000000006
        ],
        [
            42.0,
            0.0126
        ],
        [
            4.0,
            0.03320000000000001
        ],
        [
            52.0,
            0.012700000000000001
        ],
        [
            12.0,
            0.0078
        ],
        [
            26.0,
            0.0318
        ],
        [
            71.0,
            0.009399999999999999
        ],
        [
            41.0,
            0.0126
        ],
        [
            15.0,
            0.0194
        ],
        [
            55.0,
            0.013300000000000001
        ],
        [
            33.0,
            0.0101
        ],
        [
            47.0,
            0.008799999999999999
        ],
        [
            2.0,
            0.009000000000000001
        ],
        [
            65.0,
            0.0093
        ],
        [
            35.0,
            0.026099999999999998
        ],
        [
            9.0,
            0.0081
        ],
        [
            53.0,
            0.0137
        ],
        [
            13.0,
            0.011800000000000001
        ],
        [
            27.0,
            0.014100000000000001
        ],
        [
            56.0,
            0.0027
        ],
        [
            84.0,
            0.0036
        ],
        [
            64.0,
            0.004699999999999999
        ],
        [
            38.0,
            0.013699999999999999
        ]
    ],
    "approximation_ratio": 0.6479674698795181,
    "noise": true,
    "p": 5
}