{
    "expected_value": 54.8012,
    "optimal_gammas": [
        5.266877117362734
    ],
    "optimal_betas": [
        2.8021945710726572
    ],
    "problem_identifier": "{'W': [1, 1], 'W_max': 2, 'A': 32, 'B': 4, 'C': 128}",
    "now": "2021-05-06 19:48:20",
    "execution_time": "0:14:03.883398",
    "nfev": 1938,
    "message": "Optimization terminated successfully.",
    "success": true,
    "nit": 61,
    "problem": {
        "W": [
            1,
            1
        ],
        "W_max": 2,
        "A": 32,
        "B": 4,
        "C": 128
    },
    "probability_distribution": {
        "64.0": 0.0447,
        "40.0": 0.0414,
        "97.0": 0.012900000000000002,
        "41.0": 0.05969999999999999,
        "1.0": 0.023,
        "73.0": 0.0312,
        "81.0": 0.009,
        "17.0": 0.012299999999999998,
        "65.0": 0.0103,
        "33.0": 0.0395,
        "9.0": 0.0279,
        "49.0": 0.016,
        "105.0": 0.0031,
        "32.0": 0.0069,
        "140.0": 0.009600000000000001,
        "68.0": 0.0171,
        "12.0": 0.0197,
        "116.0": 0.006299999999999999,
        "108.0": 0.0137,
        "44.0": 0.0078,
        "52.0": 0.0122,
        "100.0": 0.0044,
        "80.0": 0.038000000000000006,
        "130.0": 0.0053,
        "74.0": 0.0462,
        "34.0": 0.020799999999999996,
        "82.0": 0.0228,
        "18.0": 0.029599999999999998,
        "42.0": 0.0764,
        "66.0": 0.027500000000000004,
        "16.0": 0.0068000000000000005,
        "106.0": 0.0046,
        "50.0": 0.019299999999999998,
        "10.0": 0.0178,
        "72.0": 0.0081,
        "173.0": 0.0039,
        "101.0": 0.0183,
        "45.0": 0.057,
        "117.0": 0.0061,
        "109.0": 0.015399999999999999,
        "53.0": 0.028900000000000002,
        "77.0": 0.0224,
        "69.0": 0.0036999999999999997,
        "2.0": 0.0152,
        "149.0": 0.0058,
        "21.0": 0.0159,
        "37.0": 0.0092,
        "85.0": 0.0083,
        "128.0": 0.0008,
        "216.0": 0.0008,
        "144.0": 0.0030999999999999995,
        "88.0": 0.0274,
        "136.0": 0.0059
    },
    "probability_distribution_items": [
        [
            64.0,
            0.0447
        ],
        [
            40.0,
            0.0414
        ],
        [
            97.0,
            0.012900000000000002
        ],
        [
            41.0,
            0.05969999999999999
        ],
        [
            1.0,
            0.023
        ],
        [
            73.0,
            0.0312
        ],
        [
            81.0,
            0.009
        ],
        [
            17.0,
            0.012299999999999998
        ],
        [
            65.0,
            0.0103
        ],
        [
            33.0,
            0.0395
        ],
        [
            9.0,
            0.0279
        ],
        [
            49.0,
            0.016
        ],
        [
            105.0,
            0.0031
        ],
        [
            32.0,
            0.0069
        ],
        [
            140.0,
            0.009600000000000001
        ],
        [
            68.0,
            0.0171
        ],
        [
            12.0,
            0.0197
        ],
        [
            116.0,
            0.006299999999999999
        ],
        [
            108.0,
            0.0137
        ],
        [
            44.0,
            0.0078
        ],
        [
            52.0,
            0.0122
        ],
        [
            100.0,
            0.0044
        ],
        [
            80.0,
            0.038000000000000006
        ],
        [
            130.0,
            0.0053
        ],
        [
            74.0,
            0.0462
        ],
        [
            34.0,
            0.020799999999999996
        ],
        [
            82.0,
            0.0228
        ],
        [
            18.0,
            0.029599999999999998
        ],
        [
            42.0,
            0.0764
        ],
        [
            66.0,
            0.027500000000000004
        ],
        [
            16.0,
            0.0068000000000000005
        ],
        [
            106.0,
            0.0046
        ],
        [
            50.0,
            0.019299999999999998
        ],
        [
            10.0,
            0.0178
        ],
        [
            72.0,
            0.0081
        ],
        [
            173.0,
            0.0039
        ],
        [
            101.0,
            0.0183
        ],
        [
            45.0,
            0.057
        ],
        [
            117.0,
            0.0061
        ],
        [
            109.0,
            0.015399999999999999
        ],
        [
            53.0,
            0.028900000000000002
        ],
        [
            77.0,
            0.0224
        ],
        [
            69.0,
            0.0036999999999999997
        ],
        [
            2.0,
            0.0152
        ],
        [
            149.0,
            0.0058
        ],
        [
            21.0,
            0.0159
        ],
        [
            37.0,
            0.0092
        ],
        [
            85.0,
            0.0083
        ],
        [
            128.0,
            0.0008
        ],
        [
            216.0,
            0.0008
        ],
        [
            144.0,
            0.0030999999999999995
        ],
        [
            88.0,
            0.0274
        ],
        [
            136.0,
            0.0059
        ]
    ],
    "approximation_ratio": 0.7431013953488371,
    "noise": true,
    "p": 1
}