{
    "expected_value": 11.3129,
    "optimal_gammas": [
        0.7032129257713055,
        0.6478920420243511
    ],
    "optimal_betas": [
        0.5526536925206099,
        0.28738332340055284
    ],
    "problem_identifier": "{'W': [1, 1], 'W_max': 2, 'A': 8, 'B': 4, 'C': 16}",
    "now": "2021-05-03 18:56:26",
    "execution_time": "0:36:30.181298",
    "problem": {
        "W": [
            1,
            1
        ],
        "W_max": 2,
        "A": 8,
        "B": 4,
        "C": 16
    },
    "probability_distribution": {
        "8.0": 0.06189999999999999,
        "6.0": 0.1618,
        "17.0": 0.060700000000000004,
        "7.0": 0.0415,
        "1.0": 0.0171,
        "15.0": 0.043899999999999995,
        "13.0": 0.034999999999999996,
        "5.0": 0.045200000000000004,
        "11.0": 0.0624,
        "3.0": 0.0259,
        "9.0": 0.031,
        "19.0": 0.0166,
        "30.0": 0.0115,
        "16.0": 0.04839999999999999,
        "28.0": 0.0074,
        "22.0": 0.0207,
        "14.0": 0.048999999999999995,
        "12.0": 0.0735,
        "24.0": 0.0051,
        "26.0": 0.0028,
        "10.0": 0.058399999999999994,
        "4.0": 0.030899999999999997,
        "20.0": 0.0453,
        "39.0": 0.0033,
        "25.0": 0.0093,
        "29.0": 0.0034999999999999996,
        "23.0": 0.0060999999999999995,
        "2.0": 0.0028,
        "33.0": 0.004,
        "27.0": 0.0054,
        "21.0": 0.0052,
        "52.0": 0.0005,
        "38.0": 0.0022999999999999995,
        "32.0": 0.0015999999999999999
    },
    "probability_distribution_items": [
        [
            8.0,
            0.06189999999999999
        ],
        [
            6.0,
            0.1618
        ],
        [
            17.0,
            0.060700000000000004
        ],
        [
            7.0,
            0.0415
        ],
        [
            1.0,
            0.0171
        ],
        [
            15.0,
            0.043899999999999995
        ],
        [
            13.0,
            0.034999999999999996
        ],
        [
            5.0,
            0.045200000000000004
        ],
        [
            11.0,
            0.0624
        ],
        [
            3.0,
            0.0259
        ],
        [
            9.0,
            0.031
        ],
        [
            19.0,
            0.0166
        ],
        [
            30.0,
            0.0115
        ],
        [
            16.0,
            0.04839999999999999
        ],
        [
            28.0,
            0.0074
        ],
        [
            22.0,
            0.0207
        ],
        [
            14.0,
            0.048999999999999995
        ],
        [
            12.0,
            0.0735
        ],
        [
            24.0,
            0.0051
        ],
        [
            26.0,
            0.0028
        ],
        [
            10.0,
            0.058399999999999994
        ],
        [
            4.0,
            0.030899999999999997
        ],
        [
            20.0,
            0.0453
        ],
        [
            39.0,
            0.0033
        ],
        [
            25.0,
            0.0093
        ],
        [
            29.0,
            0.0034999999999999996
        ],
        [
            23.0,
            0.0060999999999999995
        ],
        [
            2.0,
            0.0028
        ],
        [
            33.0,
            0.004
        ],
        [
            27.0,
            0.0054
        ],
        [
            21.0,
            0.0052
        ],
        [
            52.0,
            0.0005
        ],
        [
            38.0,
            0.0022999999999999995
        ],
        [
            32.0,
            0.0015999999999999999
        ]
    ],
    "approximation_ratio": 0.7902450980392157,
    "noise": true,
    "p": 2
}