{
    "expected_value": 25.87500066324034,
    "optimal_gammas": [
        4.592372275406436,
        4.832407992037112,
        3.8352583725189944,
        3.665197361124931
    ],
    "optimal_betas": [
        1.570782873421436,
        0.7866161926688199,
        0.284445167355755,
        1.8529284455191297
    ],
    "problem_identifier": "{'W': [1, 1, 1], 'W_max': 1, 'A': 12, 'B': 4, 'C': 48}",
    "now": "2021-05-08 00:18:30",
    "execution_time": "0:58:48.470030",
    "nfev": 6813,
    "message": "Maximum number of iterations has been exceeded.",
    "success": false,
    "nit": 50,
    "problem": {
        "W": [
            1,
            1,
            1
        ],
        "W_max": 1,
        "A": 12,
        "B": 4,
        "C": 48
    },
    "optimal_cost": 3.0,
    "probability_distribution": {
        "36.0": 0.015628764622186275,
        "27.0": 0.5624848042734224,
        "24.0": 0.42188620203112737,
        "42.0": 2.2347338902579962e-08,
        "18.0": 3.7936084116950094e-08,
        "39.0": 5.818026361388926e-08,
        "15.0": 2.9090117192752424e-08,
        "60.0": 1.1021687711701577e-10,
        "63.0": 1.882223810192757e-10,
        "90.0": 1.0573764821285252e-10,
        "81.0": 3.705119802311777e-10,
        "33.0": 1.0722538577155796e-10,
        "78.0": 2.0672763197722068e-10,
        "30.0": 1.0935850105047588e-10,
        "54.0": 2.9533881870627983e-12,
        "9.0": 1.5255952464354766e-12,
        "57.0": 1.6683617103087844e-11,
        "99.0": 1.9472556382331238e-12,
        "75.0": 1.9611603305320324e-12,
        "51.0": 4.272265347099445e-12,
        "102.0": 1.0760502000512727e-11,
        "129.0": 2.5828189838947607e-12,
        "144.0": 8.245689094186642e-17,
        "96.0": 4.029749093442154e-16,
        "147.0": 7.248142071900043e-16,
        "72.0": 1.190317497509396e-16,
        "123.0": 1.1119426011568014e-15,
        "174.0": 1.7643204102628878e-16,
        "225.0": 2.0677569365229883e-20,
        "40.0": 4.987720729815544e-09,
        "25.0": 9.4902129335905e-09,
        "16.0": 1.459227858143802e-08,
        "13.0": 6.191465966609543e-10,
        "31.0": 2.0211189781660085e-08,
        "7.0": 7.201081267471298e-11,
        "28.0": 2.925927936917045e-08,
        "37.0": 1.3543245287460715e-10,
        "52.0": 2.0421702124294272e-12,
        "49.0": 5.349371661053684e-12,
        "55.0": 5.3069143494636846e-12,
        "76.0": 2.844536929982398e-12,
        "46.0": 2.5962032797144956e-10,
        "79.0": 1.222522368108506e-12,
        "70.0": 5.889122213744493e-13,
        "22.0": 4.0440754569994425e-11,
        "67.0": 5.760860525840806e-12,
        "43.0": 1.4422780228887666e-10,
        "91.0": 1.7655398864956584e-13,
        "88.0": 1.0119120755057122e-13,
        "19.0": 6.351000160717552e-11,
        "64.0": 9.407305718736423e-13,
        "94.0": 9.39921470615811e-13,
        "115.0": 8.997360794965692e-14,
        "97.0": 6.152080608770306e-14,
        "136.0": 5.990299137295477e-18,
        "133.0": 2.358238266126324e-18,
        "73.0": 6.151800048290536e-14,
        "109.0": 3.3011783437656242e-18,
        "100.0": 7.898179777676933e-14,
        "139.0": 3.952641754550107e-18,
        "160.0": 3.298178980235301e-18,
        "127.0": 4.4983120876055034e-14,
        "166.0": 1.6490895392191764e-18,
        "211.0": 5.347314882283573e-22,
        "44.0": 2.282659236518733e-11,
        "29.0": 7.5052649548877e-11,
        "20.0": 1.1102066689606058e-10,
        "17.0": 2.5547957480255033e-12,
        "38.0": 1.8135123297001132e-13,
        "14.0": 3.51258959789248e-13,
        "5.0": 9.149039478259219e-13,
        "26.0": 4.2742033304060276e-12,
        "41.0": 1.8187134775306482e-12,
        "62.0": 6.020144658999961e-17,
        "35.0": 3.9195078031952856e-11,
        "11.0": 9.024538820355322e-13,
        "32.0": 5.932383871274365e-11,
        "77.0": 9.779408641204775e-14,
        "68.0": 2.2444350180390338e-13,
        "65.0": 5.099477218422034e-14,
        "83.0": 9.323441183356044e-18,
        "59.0": 1.166097156555298e-15,
        "80.0": 1.2481859883467698e-16,
        "56.0": 2.8099850536496113e-16,
        "101.0": 1.6512562864163766e-18,
        "53.0": 1.2502175346131222e-15,
        "74.0": 1.0585619628813846e-13,
        "50.0": 2.6946601922137238e-17,
        "89.0": 1.6404876156837163e-17,
        "86.0": 7.201015576578119e-18,
        "128.0": 3.994997788475076e-21,
        "125.0": 3.8914753601487826e-21,
        "146.0": 3.2978444143484605e-22,
        "92.0": 6.821601901202467e-18,
        "113.0": 3.2979322308517782e-18,
        "131.0": 1.5880924602481052e-21,
        "107.0": 1.5027324453857152e-21,
        "152.0": 6.595694692035191e-22,
        "197.0": 4.040390237523212e-24,
        "48.0": 6.262870460091718e-12,
        "21.0": 5.286882411009434e-11,
        "45.0": 1.7645983758010098e-16,
        "66.0": 7.574457383381673e-14,
        "3.0": 1.6007654996112756e-17,
        "120.0": 5.490819025037366e-22,
        "117.0": 4.801010457316273e-22,
        "93.0": 3.4035570223071437e-23,
        "138.0": 8.083318503289687e-24,
        "183.0": 1.1532497022078309e-27
    },