{
    "expected_value": 16.23226012303646,
    "optimal_gammas": [
        2.925233776738995,
        3.755302716374866,
        5.225681454964918,
        3.3389821475749915,
        2.295585115618136
    ],
    "optimal_betas": [
        1.5414632766887606,
        2.230875811914891,
        0.8826864984003917,
        0.6835375665898373,
        2.9940869476937126
    ],
    "problem_identifier": "{'W': [1, 1], 'W_max': 2, 'A': 32, 'B': 4, 'C': 32}",
    "now": "2021-05-08 01:04:44",
    "execution_time": "1:44:17.165087",
    "nfev": 10103,
    "message": "Maximum number of iterations has been exceeded.",
    "success": false,
    "nit": 50,
    "problem": {
        "W": [
            1,
            1
        ],
        "W_max": 2,
        "A": 32,
        "B": 4,
        "C": 32
    },
    "optimal_cost": 1.0,
    "probability_distribution": {
        "16.0": 0.7875859662104384,
        "32.0": 0.014561415632114447,
        "48.0": 1.2483720096241447e-05,
        "80.0": 3.4259198921791846e-06,
        "49.0": 0.0002861554190212734,
        "17.0": 0.07671399936258846,
        "1.0": 0.0040810668571094055,
        "33.0": 0.008638367612894497,
        "65.0": 2.5513848663114346e-05,
        "25.0": 0.010112785658176814,
        "9.0": 0.07959279485348664,
        "41.0": 3.5446009658824236e-05,
        "57.0": 4.076578954477468e-06,
        "92.0": 0.000201361448686285,
        "44.0": 0.003997850662031695,
        "12.0": 0.00018157705808631144,
        "60.0": 0.0005796972254443493,
        "28.0": 4.082075285528269e-05,
        "108.0": 6.069905328859228e-06,
        "76.0": 6.663326163329957e-06,
        "82.0": 0.00035611806058551837,
        "50.0": 0.000802661252183038,
        "34.0": 0.0016672898538160079,
        "18.0": 0.0036328922005829474,
        "58.0": 1.4836946543499083e-05,
        "42.0": 4.816639876962242e-06,
        "26.0": 0.0028858487831951046,
        "10.0": 0.0020933406867399552,
        "125.0": 5.453087585231177e-06,
        "77.0": 0.00010427250995384764,
        "45.0": 6.0112723579661184e-05,
        "93.0": 7.610670955993276e-05,
        "61.0": 0.0001447044273784373,
        "29.0": 4.053361243138729e-05,
        "2.0": 0.0008966056552534181,
        "101.0": 5.453087585231259e-06,
        "53.0": 0.0002621850854111202,
        "21.0": 4.24605805798926e-05,
        "85.0": 7.981092049639758e-05,
        "37.0": 4.1273396415852803e-05,
        "168.0": 9.136024247553318e-07,
        "120.0": 1.5012507305215773e-05,
        "88.0": 2.7130913847358337e-05,
        "72.0": 6.312618750928613e-06,
        "56.0": 4.455280195156811e-05,
        "40.0": 2.176327427686311e-05
    },
    "probability_distribution_items": [
        [
            16.0,
            0.7875859662104384
        ],
        [
            32.0,
            0.014561415632114447
        ],
        [
            48.0,
            1.2483720096241447e-05
        ],
        [
            80.0,
            3.4259198921791846e-06
        ],
        [
            49.0,
            0.0002861554190212734
        ],
        [
            17.0,
            0.07671399936258846
        ],
        [
            1.0,
            0.0040810668571094055
        ],
        [
            33.0,
            0.008638367612894497
        ],
        [
            65.0,
            2.5513848663114346e-05
        ],
        [
            25.0,
            0.010112785658176814
        ],
        [
            9.0,
            0.07959279485348664
        ],
        [
            41.0,
            3.5446009658824236e-05
        ],
        [
            57.0,
            4.076578954477468e-06
        ],
        [
            92.0,
            0.000201361448686285
        ],
        [
            44.0,
            0.003997850662031695
        ],
        [
            12.0,
            0.00018157705808631144
        ],
        [
            60.0,
            0.0005796972254443493
        ],
        [
            28.0,
            4.082075285528269e-05
        ],
        [
            108.0,
            6.069905328859228e-06
        ],
        [
            76.0,
            6.663326163329957e-06
        ],
        [
            82.0,
            0.00035611806058551837
        ],
        [
            50.0,
            0.000802661252183038
        ],
        [
            34.0,
            0.0016672898538160079
        ],
        [
            18.0,
            0.0036328922005829474
        ],
        [
            58.0,
            1.4836946543499083e-05
        ],
        [
            42.0,
            4.816639876962242e-06
        ],
        [
            26.0,
            0.0028858487831951046
        ],
        [
            10.0,
            0.0020933406867399552
        ],
        [
            125.0,
            5.453087585231177e-06
        ],
        [
            77.0,
            0.00010427250995384764
        ],
        [
            45.0,
            6.0112723579661184e-05
        ],
        [
            93.0,
            7.610670955993276e-05
        ],
        [
            61.0,
            0.0001447044273784373
        ],
        [
            29.0,
            4.053361243138729e-05
        ],
        [
            2.0,
            0.0008966056552534181
        ],
        [
            101.0,
            5.453087585231259e-06
        ],
        [
            53.0,
            0.0002621850854111202
        ],
        [
            21.0,
            4.24605805798926e-05
        ],
        [
            85.0,
            7.981092049639758e-05
        ],
        [
            37.0,
            4.1273396415852803e-05
        ],
        [
            168.0,
            9.136024247553318e-07
        ],
        [
            120.0,
            1.5012507305215773e-05
        ],
        [
            88.0,
            2.7130913847358337e-05
        ],
        [
            72.0,
            6.312618750928613e-06
        ],
        [
            56.0,
            4.455280195156811e-05
        ],
        [
            40.0,
            2.176327427686311e-05
        ]
    ],
    "approximation_ratio": 16.232260123036497,
    "approximation_ratio_offset": 0.9087888615387036,
    "noise": false,
    "p": 5
}