{
    "expected_value": 1.0000000000999376,
    "optimal_gammas": [
        2.552545741107181,
        0.5890504179698174
    ],
    "optimal_betas": [
        1.5707960919713106,
        0.7853987270399301
    ],
    "problem_identifier": "{'W': [1], 'W_max': 1, 'A': 8, 'B': 4, 'C': 12}",
    "now": "2021-05-03 17:29:45",
    "execution_time": "0:02:56.674179",
    "problem": {
        "W": [
            1
        ],
        "W_max": 1,
        "A": 8,
        "B": 4,
        "C": 12
    },
    "probability_distribution": {
        "3.0": 4.915376060141361e-11,
        "2.0": 6.196409394761337e-13,
        "6.0": 2.0196510507048752e-13,
        "1.0": 0.9999999999500246
    },
    "probability_distribution_items": [
        [
            3.0,
            4.915376060141361e-11
        ],
        [
            2.0,
            6.196409394761337e-13
        ],
        [
            6.0,
            2.0196510507048752e-13
        ],
        [
            1.0,
            0.9999999999500246
        ]
    ],
    "approximation_ratio": 0.9999999999800127,
    "noise": false,
    "p": 2
}