{
    "expected_value": 25.875000000072266,
    "optimal_gammas": [
        4.188790018896296,
        0.010908397527276785,
        6.272276985618122
    ],
    "optimal_betas": [
        2.9233728024564964,
        1.5707918191589167,
        2.356194364893443
    ],
    "problem_identifier": "{'W': [1, 1, 1], 'W_max': 1, 'A': 12, 'B': 4, 'C': 48}",
    "now": "2021-05-07 23:38:33",
    "execution_time": "0:33:27.166053",
    "nfev": 5045,
    "message": "Maximum number of iterations has been exceeded.",
    "success": false,
    "nit": 50,
    "problem": {
        "W": [
            1,
            1,
            1
        ],
        "W_max": 1,
        "A": 12,
        "B": 4,
        "C": 48
    },
    "optimal_cost": 3.0,
    "probability_distribution": {
        "36.0": 0.015624980931578,
        "27.0": 0.5625000762709593,
        "24.0": 0.42187494279310295,
        "42.0": 2.94740691910724e-13,
        "18.0": 2.2779324033345603e-13,
        "39.0": 4.744623434302038e-13,
        "15.0": 2.370006893885738e-13,
        "60.0": 1.788212074076485e-14,
        "63.0": 3.55699030362096e-14,
        "90.0": 1.188945025942066e-15,
        "81.0": 1.175328061131221e-13,
        "33.0": 5.1714092342465386e-14,
        "78.0": 9.70753755644016e-14,
        "30.0": 6.844726897485129e-14,
        "54.0": 1.1006324376875755e-14,
        "9.0": 3.283500210938805e-15,
        "57.0": 2.818433057262982e-14,
        "99.0": 4.325776886578981e-15,
        "75.0": 4.325886025041158e-15,
        "51.0": 4.353652835253627e-15,
        "102.0": 1.3236786771617122e-14,
        "129.0": 3.0261658955312256e-17,
        "144.0": 5.74527161327497e-26,
        "96.0": 1.2008847566818981e-25,
        "147.0": 1.3243859140119194e-25,
        "72.0": 2.9668677739961403e-27,
        "123.0": 1.1227161384019162e-26,
        "174.0": 6.109286167218315e-27,
        "225.0": 1.351051126359433e-28,
        "40.0": 1.556406354318433e-13,
        "25.0": 6.412108099775246e-14,
        "16.0": 1.8033186482978117e-13,
        "13.0": 6.394329474597312e-14,
        "31.0": 3.7226021344460415e-13,
        "7.0": 3.55572527954512e-14,
        "28.0": 4.2569143761393615e-13,
        "37.0": 8.078595791688271e-14,
        "52.0": 3.169046209810974e-15,
        "49.0": 4.542399684862133e-15,
        "55.0": 5.058054896710906e-15,
        "76.0": 2.1618609588251575e-13,
        "46.0": 1.0230781487356793e-13,
        "79.0": 3.846530898660841e-13,
        "70.0": 1.0808551361519131e-13,
        "22.0": 9.158066042388318e-14,
        "67.0": 1.7047091156937324e-13,
        "43.0": 7.146480541714599e-14,
        "91.0": 2.309281369176402e-16,
        "88.0": 3.3761220670908907e-16,
        "19.0": 4.531698701355343e-14,
        "64.0": 1.4525780125174348e-15,
        "94.0": 3.4770555953237474e-16,
        "115.0": 1.3586945573588492e-18,
        "97.0": 1.144396118353456e-16,
        "136.0": 8.094042218336862e-26,
        "133.0": 5.796822230543994e-26,
        "73.0": 1.1443961177222125e-16,
        "109.0": 4.111946794876933e-27,
        "100.0": 3.3761834028511953e-16,
        "139.0": 1.1591842587658561e-25,
        "160.0": 5.2551390936484546e-27,
        "127.0": 6.793473110826046e-19,
        "166.0": 2.6259028010979838e-27,
        "211.0": 1.8050397663107715e-29,
        "44.0": 7.082074577907602e-15,
        "29.0": 1.1409159424130132e-14,
        "20.0": 1.988585367972546e-14,
        "17.0": 1.290113313650783e-14,
        "38.0": 4.773232850220678e-16,
        "14.0": 9.478237897158063e-16,
        "5.0": 1.4516272954281284e-15,
        "26.0": 4.473201879084216e-15,
        "41.0": 2.903253199206089e-15,
        "62.0": 3.67633916325548e-27,
        "35.0": 1.2821906778916107e-14,
        "11.0": 1.451625901831379e-15,
        "32.0": 1.3355897269549612e-14,
        "77.0": 2.280017587450307e-16,
        "68.0": 2.314197883384094e-16,
        "65.0": 3.3789583649971687e-16,
        "83.0": 7.912307969608418e-26,
        "59.0": 1.4400160192990653e-25,
        "80.0": 2.6829059740990615e-25,
        "56.0": 8.146308704252522e-26,
        "101.0": 3.6981254486182894e-27,
        "53.0": 1.1634806192669067e-25,
        "74.0": 1.1468983783910658e-16,
        "50.0": 3.469431881999137e-26,
        "89.0": 1.3421396464576758e-25,
        "86.0": 1.1997545525549606e-25,
        "128.0": 7.18726929702299e-26,
        "125.0": 1.4688113088262636e-25,
        "146.0": 3.8189249939570983e-28,
        "92.0": 1.199690549293595e-25,
        "113.0": 5.2440611351301476e-27,
        "131.0": 7.343318038333896e-26,
        "107.0": 5.412386062623778e-28,
        "152.0": 7.629855950564621e-28,
        "197.0": 7.716657491770496e-32,
        "48.0": 2.0461183493139223e-17,
        "21.0": 5.944725128456195e-16,
        "45.0": 6.2399721468708304e-27,
        "66.0": 6.670863889369303e-19,
        "3.0": 4.313690249239299e-28,
        "120.0": 1.88566032264745e-28,
        "117.0": 5.655142810748077e-28,
        "93.0": 8.977428399704283e-30,
        "138.0": 1.4721641091068403e-31,
        "183.0": 4.279223302720142e-34
    },