{
    "expected_value": 58.3263,
    "optimal_gammas": [
        0.6620537211732835
    ],
    "optimal_betas": [
        0.318268160270839
    ],
    "problem_identifier": "{'W': [1, 1], 'W_max': 2, 'A': 8, 'B': 4, 'C': 208}",
    "now": "2021-05-04 00:31:25",
    "execution_time": "0:04:01.903507",
    "problem": {
        "W": [
            1,
            1
        ],
        "W_max": 2,
        "A": 8,
        "B": 4,
        "C": 208
    },
    "probability_distribution": {
        "104.0": 0.0341,
        "54.0": 0.040499999999999994,
        "113.0": 0.050699999999999995,
        "55.0": 0.05820000000000001,
        "1.0": 0.018000000000000002,
        "63.0": 0.0116,
        "109.0": 0.008300000000000002,
        "5.0": 0.0078000000000000005,
        "17.0": 0.0019000000000000002,
        "107.0": 0.0422,
        "53.0": 0.0533,
        "3.0": 0.029699999999999997,
        "57.0": 0.0168,
        "11.0": 0.0024000000000000002,
        "61.0": 0.037700000000000004,
        "115.0": 0.002,
        "8.0": 0.0055,
        "126.0": 0.0054,
        "64.0": 0.0392,
        "6.0": 0.0769,
        "76.0": 0.0031999999999999997,
        "118.0": 0.0086,
        "14.0": 0.007,
        "60.0": 0.024,
        "30.0": 0.0005,
        "72.0": 0.0017,
        "108.0": 0.029699999999999997,
        "122.0": 0.0028,
        "10.0": 0.0052,
        "110.0": 0.0125,
        "56.0": 0.0393,
        "106.0": 0.010100000000000001,
        "4.0": 0.029400000000000003,
        "116.0": 0.0268,
        "62.0": 0.024,
        "12.0": 0.0079,
        "58.0": 0.0372,
        "135.0": 0.0024000000000000002,
        "73.0": 0.0055,
        "15.0": 0.023600000000000003,
        "77.0": 0.0049,
        "119.0": 0.0078,
        "23.0": 0.002,
        "65.0": 0.0077,
        "111.0": 0.018500000000000003,
        "2.0": 0.0069,
        "129.0": 0.0013,
        "67.0": 0.014099999999999998,
        "9.0": 0.0169,
        "75.0": 0.0043,
        "117.0": 0.007699999999999999,
        "13.0": 0.0058,
        "59.0": 0.0365,
        "25.0": 0.0021,
        "120.0": 0.0001,
        "148.0": 0.0004,
        "86.0": 0.0012,
        "28.0": 0.0054,
        "128.0": 0.0011,
        "24.0": 0.0007999999999999999,
        "70.0": 0.0109
    },
    "probability_distribution_items": [
        [
            104.0,
            0.0341
        ],
        [
            54.0,
            0.040499999999999994
        ],
        [
            113.0,
            0.050699999999999995
        ],
        [
            55.0,
            0.05820000000000001
        ],
        [
            1.0,
            0.018000000000000002
        ],
        [
            63.0,
            0.0116
        ],
        [
            109.0,
            0.008300000000000002
        ],
        [
            5.0,
            0.0078000000000000005
        ],
        [
            17.0,
            0.0019000000000000002
        ],
        [
            107.0,
            0.0422
        ],
        [
            53.0,
            0.0533
        ],
        [
            3.0,
            0.029699999999999997
        ],
        [
            57.0,
            0.0168
        ],
        [
            11.0,
            0.0024000000000000002
        ],
        [
            61.0,
            0.037700000000000004
        ],
        [
            115.0,
            0.002
        ],
        [
            8.0,
            0.0055
        ],
        [
            126.0,
            0.0054
        ],
        [
            64.0,
            0.0392
        ],
        [
            6.0,
            0.0769
        ],
        [
            76.0,
            0.0031999999999999997
        ],
        [
            118.0,
            0.0086
        ],
        [
            14.0,
            0.007
        ],
        [
            60.0,
            0.024
        ],
        [
            30.0,
            0.0005
        ],
        [
            72.0,
            0.0017
        ],
        [
            108.0,
            0.029699999999999997
        ],
        [
            122.0,
            0.0028
        ],
        [
            10.0,
            0.0052
        ],
        [
            110.0,
            0.0125
        ],
        [
            56.0,
            0.0393
        ],
        [
            106.0,
            0.010100000000000001
        ],
        [
            4.0,
            0.029400000000000003
        ],
        [
            116.0,
            0.0268
        ],
        [
            62.0,
            0.024
        ],
        [
            12.0,
            0.0079
        ],
        [
            58.0,
            0.0372
        ],
        [
            135.0,
            0.0024000000000000002
        ],
        [
            73.0,
            0.0055
        ],
        [
            15.0,
            0.023600000000000003
        ],
        [
            77.0,
            0.0049
        ],
        [
            119.0,
            0.0078
        ],
        [
            23.0,
            0.002
        ],
        [
            65.0,
            0.0077
        ],
        [
            111.0,
            0.018500000000000003
        ],
        [
            2.0,
            0.0069
        ],
        [
            129.0,
            0.0013
        ],
        [
            67.0,
            0.014099999999999998
        ],
        [
            9.0,
            0.0169
        ],
        [
            75.0,
            0.0043
        ],
        [
            117.0,
            0.007699999999999999
        ],
        [
            13.0,
            0.0058
        ],
        [
            59.0,
            0.0365
        ],
        [
            25.0,
            0.0021
        ],
        [
            120.0,
            0.0001
        ],
        [
            148.0,
            0.0004
        ],
        [
            86.0,
            0.0012
        ],
        [
            28.0,
            0.0054
        ],
        [
            128.0,
            0.0011
        ],
        [
            24.0,
            0.0007999999999999999
        ],
        [
            70.0,
            0.0109
        ]
    ],
    "approximation_ratio": 0.5997972789115645,
    "noise": true,
    "p": 1
}