{
    "expected_value": 217.7869,
    "optimal_gammas": [
        6.256417347720326,
        5.3018402579298325,
        3.587534990750231,
        6.1204755714740315,
        6.259959194169315,
        3.8332755489727215,
        1.6457724733996877
    ],
    "optimal_betas": [
        0.43824015637542524,
        0.7778488011589144,
        0.9281774164255343,
        0.098657716740995,
        1.3960961646320769,
        0.7237090850534665,
        1.9907764379182509
    ],
    "problem_identifier": "{'W': [1, 1], 'W_max': 2, 'A': 40, 'B': 4, 'C': 720}",
    "now": "2021-05-04 17:39:09",
    "execution_time": "0:27:50.039827",
    "nfev": 945,
    "message": "Optimization terminated successfully.",
    "success": true,
    "nit": 1,
    "problem": {
        "W": [
            1,
            1
        ],
        "W_max": 2,
        "A": 40,
        "B": 4,
        "C": 720
    },
    "probability_distribution": {
        "360.0": 0.0034,
        "190.0": 0.0146,
        "401.0": 0.014199999999999999,
        "191.0": 0.0268,
        "1.0": 0.0084,
        "231.0": 0.0295,
        "381.0": 0.0152,
        "21.0": 0.0145,
        "81.0": 0.0083,
        "371.0": 0.0208,
        "181.0": 0.0138,
        "11.0": 0.024300000000000002,
        "201.0": 0.030600000000000002,
        "51.0": 0.0053,
        "221.0": 0.016,
        "411.0": 0.0075,
        "40.0": 0.007,
        "454.0": 0.004999999999999999,
        "224.0": 0.0123,
        "14.0": 0.007,
        "284.0": 0.0139,
        "414.0": 0.0259,
        "54.0": 0.016399999999999998,
        "204.0": 0.0199,
        "134.0": 0.007,
        "264.0": 0.018099999999999998,
        "380.0": 0.0072,
        "442.0": 0.0039,
        "232.0": 0.0128,
        "42.0": 0.0075,
        "382.0": 0.0161,
        "22.0": 0.0146,
        "192.0": 0.0533,
        "362.0": 0.0124,
        "20.0": 0.0068000000000000005,
        "412.0": 0.0048000000000000004,
        "222.0": 0.0148,
        "52.0": 0.008400000000000001,
        "202.0": 0.0269,
        "372.0": 0.0236,
        "12.0": 0.0232,
        "182.0": 0.0184,
        "230.0": 0.0157,
        "495.0": 0.0054,
        "265.0": 0.013500000000000002,
        "55.0": 0.025600000000000005,
        "285.0": 0.0131,
        "415.0": 0.019000000000000003,
        "205.0": 0.0164,
        "95.0": 0.0075,
        "225.0": 0.0182,
        "375.0": 0.01,
        "2.0": 0.0078,
        "465.0": 0.006,
        "235.0": 0.034100000000000005,
        "25.0": 0.0081,
        "275.0": 0.0152,
        "405.0": 0.016900000000000002,
        "45.0": 0.016300000000000002,
        "195.0": 0.018500000000000003,
        "105.0": 0.0083,
        "385.0": 0.0087,
        "440.0": 0.0042,
        "548.0": 0.0036,
        "318.0": 0.016100000000000003,
        "108.0": 0.0086,
        "448.0": 0.0085,
        "88.0": 0.0074,
        "238.0": 0.021400000000000002,
        "388.0": 0.0055
    },
    "probability_distribution_items": [
        [
            360.0,
            0.0034
        ],
        [
            190.0,
            0.0146
        ],
        [
            401.0,
            0.014199999999999999
        ],
        [
            191.0,
            0.0268
        ],
        [
            1.0,
            0.0084
        ],
        [
            231.0,
            0.0295
        ],
        [
            381.0,
            0.0152
        ],
        [
            21.0,
            0.0145
        ],
        [
            81.0,
            0.0083
        ],
        [
            371.0,
            0.0208
        ],
        [
            181.0,
            0.0138
        ],
        [
            11.0,
            0.024300000000000002
        ],
        [
            201.0,
            0.030600000000000002
        ],
        [
            51.0,
            0.0053
        ],
        [
            221.0,
            0.016
        ],
        [
            411.0,
            0.0075
        ],
        [
            40.0,
            0.007
        ],
        [
            454.0,
            0.004999999999999999
        ],
        [
            224.0,
            0.0123
        ],
        [
            14.0,
            0.007
        ],
        [
            284.0,
            0.0139
        ],
        [
            414.0,
            0.0259
        ],
        [
            54.0,
            0.016399999999999998
        ],
        [
            204.0,
            0.0199
        ],
        [
            134.0,
            0.007
        ],
        [
            264.0,
            0.018099999999999998
        ],
        [
            380.0,
            0.0072
        ],
        [
            442.0,
            0.0039
        ],
        [
            232.0,
            0.0128
        ],
        [
            42.0,
            0.0075
        ],
        [
            382.0,
            0.0161
        ],
        [
            22.0,
            0.0146
        ],
        [
            192.0,
            0.0533
        ],
        [
            362.0,
            0.0124
        ],
        [
            20.0,
            0.0068000000000000005
        ],
        [
            412.0,
            0.0048000000000000004
        ],
        [
            222.0,
            0.0148
        ],
        [
            52.0,
            0.008400000000000001
        ],
        [
            202.0,
            0.0269
        ],
        [
            372.0,
            0.0236
        ],
        [
            12.0,
            0.0232
        ],
        [
            182.0,
            0.0184
        ],
        [
            230.0,
            0.0157
        ],
        [
            495.0,
            0.0054
        ],
        [
            265.0,
            0.013500000000000002
        ],
        [
            55.0,
            0.025600000000000005
        ],
        [
            285.0,
            0.0131
        ],
        [
            415.0,
            0.019000000000000003
        ],
        [
            205.0,
            0.0164
        ],
        [
            95.0,
            0.0075
        ],
        [
            225.0,
            0.0182
        ],
        [
            375.0,
            0.01
        ],
        [
            2.0,
            0.0078
        ],
        [
            465.0,
            0.006
        ],
        [
            235.0,
            0.034100000000000005
        ],
        [
            25.0,
            0.0081
        ],
        [
            275.0,
            0.0152
        ],
        [
            405.0,
            0.016900000000000002
        ],
        [
            45.0,
            0.016300000000000002
        ],
        [
            195.0,
            0.018500000000000003
        ],
        [
            105.0,
            0.0083
        ],
        [
            385.0,
            0.0087
        ],
        [
            440.0,
            0.0042
        ],
        [
            548.0,
            0.0036
        ],
        [
            318.0,
            0.016100000000000003
        ],
        [
            108.0,
            0.0086
        ],
        [
            448.0,
            0.0085
        ],
        [
            88.0,
            0.0074
        ],
        [
            238.0,
            0.021400000000000002
        ],
        [
            388.0,
            0.0055
        ]
    ],
    "approximation_ratio": 0.5919705667276052,
    "noise": true,
    "p": 7
}