{
    "expected_value": 145.8464,
    "optimal_gammas": [
        3.137246508328499,
        3.629292738003073
    ],
    "optimal_betas": [
        0.40105987586496705,
        0.6759022939324889
    ],
    "problem_identifier": "{'W': [1, 1], 'W_max': 2, 'A': 24, 'B': 4, 'C': 624}",
    "now": "2021-05-05 03:44:58",
    "execution_time": "5:41:02.264950",
    "nfev": 23000,
    "message": "Optimization terminated successfully.",
    "success": true,
    "nit": 380,
    "problem": {
        "W": [
            1,
            1
        ],
        "W_max": 2,
        "A": 24,
        "B": 4,
        "C": 624
    },
    "probability_distribution": {
        "312.0": 0.0111,
        "162.0": 0.0274,
        "337.0": 0.0119,
        "163.0": 0.0252,
        "1.0": 0.0193,
        "187.0": 0.023,
        "325.0": 0.0073,
        "13.0": 0.0063999999999999994,
        "49.0": 0.0139,
        "319.0": 0.015,
        "157.0": 0.014599999999999998,
        "7.0": 0.0355,
        "169.0": 0.0253,
        "31.0": 0.0129,
        "181.0": 0.0066,
        "343.0": 0.0039,
        "24.0": 0.032799999999999996,
        "370.0": 0.0088,
        "184.0": 0.015099999999999999,
        "10.0": 0.013,
        "220.0": 0.0097,
        "346.0": 0.02,
        "34.0": 0.0081,
        "172.0": 0.0156,
        "82.0": 0.0072,
        "208.0": 0.009899999999999999,
        "324.0": 0.0050999999999999995,
        "362.0": 0.0067,
        "188.0": 0.0195,
        "26.0": 0.0254,
        "326.0": 0.0158,
        "14.0": 0.036199999999999996,
        "164.0": 0.060599999999999994,
        "314.0": 0.0086,
        "12.0": 0.009500000000000001,
        "344.0": 0.0083,
        "182.0": 0.012899999999999998,
        "32.0": 0.0098,
        "170.0": 0.0229,
        "320.0": 0.015,
        "8.0": 0.0165,
        "158.0": 0.013399999999999999,
        "186.0": 0.0177,
        "395.0": 0.0051,
        "209.0": 0.0133,
        "35.0": 0.028500000000000004,
        "221.0": 0.0089,
        "347.0": 0.0061,
        "173.0": 0.0138,
        "59.0": 0.0109,
        "185.0": 0.009699999999999999,
        "323.0": 0.0056,
        "2.0": 0.0072,
        "377.0": 0.0059,
        "191.0": 0.022899999999999997,
        "17.0": 0.0184,
        "215.0": 0.0093,
        "341.0": 0.0055,
        "29.0": 0.0059,
        "167.0": 0.0137,
        "65.0": 0.014100000000000001,
        "329.0": 0.0053,
        "360.0": 0.0031,
        "428.0": 0.003,
        "242.0": 0.0165,
        "68.0": 0.0264,
        "368.0": 0.0052,
        "56.0": 0.0049,
        "194.0": 0.0206,
        "332.0": 0.0068
    },
    "probability_distribution_items": [
        [
            312.0,
            0.0111
        ],
        [
            162.0,
            0.0274
        ],
        [
            337.0,
            0.0119
        ],
        [
            163.0,
            0.0252
        ],
        [
            1.0,
            0.0193
        ],
        [
            187.0,
            0.023
        ],
        [
            325.0,
            0.0073
        ],
        [
            13.0,
            0.0063999999999999994
        ],
        [
            49.0,
            0.0139
        ],
        [
            319.0,
            0.015
        ],
        [
            157.0,
            0.014599999999999998
        ],
        [
            7.0,
            0.0355
        ],
        [
            169.0,
            0.0253
        ],
        [
            31.0,
            0.0129
        ],
        [
            181.0,
            0.0066
        ],
        [
            343.0,
            0.0039
        ],
        [
            24.0,
            0.032799999999999996
        ],
        [
            370.0,
            0.0088
        ],
        [
            184.0,
            0.015099999999999999
        ],
        [
            10.0,
            0.013
        ],
        [
            220.0,
            0.0097
        ],
        [
            346.0,
            0.02
        ],
        [
            34.0,
            0.0081
        ],
        [
            172.0,
            0.0156
        ],
        [
            82.0,
            0.0072
        ],
        [
            208.0,
            0.009899999999999999
        ],
        [
            324.0,
            0.0050999999999999995
        ],
        [
            362.0,
            0.0067
        ],
        [
            188.0,
            0.0195
        ],
        [
            26.0,
            0.0254
        ],
        [
            326.0,
            0.0158
        ],
        [
            14.0,
            0.036199999999999996
        ],
        [
            164.0,
            0.060599999999999994
        ],
        [
            314.0,
            0.0086
        ],
        [
            12.0,
            0.009500000000000001
        ],
        [
            344.0,
            0.0083
        ],
        [
            182.0,
            0.012899999999999998
        ],
        [
            32.0,
            0.0098
        ],
        [
            170.0,
            0.0229
        ],
        [
            320.0,
            0.015
        ],
        [
            8.0,
            0.0165
        ],
        [
            158.0,
            0.013399999999999999
        ],
        [
            186.0,
            0.0177
        ],
        [
            395.0,
            0.0051
        ],
        [
            209.0,
            0.0133
        ],
        [
            35.0,
            0.028500000000000004
        ],
        [
            221.0,
            0.0089
        ],
        [
            347.0,
            0.0061
        ],
        [
            173.0,
            0.0138
        ],
        [
            59.0,
            0.0109
        ],
        [
            185.0,
            0.009699999999999999
        ],
        [
            323.0,
            0.0056
        ],
        [
            2.0,
            0.0072
        ],
        [
            377.0,
            0.0059
        ],
        [
            191.0,
            0.022899999999999997
        ],
        [
            17.0,
            0.0184
        ],
        [
            215.0,
            0.0093
        ],
        [
            341.0,
            0.0055
        ],
        [
            29.0,
            0.0059
        ],
        [
            167.0,
            0.0137
        ],
        [
            65.0,
            0.014100000000000001
        ],
        [
            329.0,
            0.0053
        ],
        [
            360.0,
            0.0031
        ],
        [
            428.0,
            0.003
        ],
        [
            242.0,
            0.0165
        ],
        [
            68.0,
            0.0264
        ],
        [
            368.0,
            0.0052
        ],
        [
            56.0,
            0.0049
        ],
        [
            194.0,
            0.0206
        ],
        [
            332.0,
            0.0068
        ]
    ],
    "approximation_ratio": 0.636735362997658,
    "noise": true,
    "p": 2
}