{
    "expected_value": 61.4722,
    "optimal_gammas": [
        2.212943915849208,
        2.734549482257769,
        2.1161007120916917,
        1.0495237226143828,
        2.219754756835827
    ],
    "optimal_betas": [
        0.9380487530888378,
        1.363803389430427,
        0.11931696120691138,
        1.1504455126543267,
        0.32589491509158425
    ],
    "problem_identifier": "{'W': [1, 1], 'W_max': 2, 'A': 8, 'B': 4, 'C': 208}",
    "now": "2021-05-04 03:56:18",
    "execution_time": "0:11:56.538921",
    "problem": {
        "W": [
            1,
            1
        ],
        "W_max": 2,
        "A": 8,
        "B": 4,
        "C": 208
    },
    "probability_distribution": {
        "104.0": 0.0041,
        "54.0": 0.033299999999999996,
        "113.0": 0.022699999999999998,
        "55.0": 0.03459999999999999,
        "1.0": 0.0086,
        "63.0": 0.03,
        "109.0": 0.016,
        "5.0": 0.016,
        "17.0": 0.0065,
        "107.0": 0.0256,
        "53.0": 0.0172,
        "3.0": 0.025500000000000002,
        "57.0": 0.0303,
        "11.0": 0.0057,
        "61.0": 0.031599999999999996,
        "115.0": 0.0055,
        "8.0": 0.009000000000000001,
        "126.0": 0.008199999999999999,
        "64.0": 0.0377,
        "6.0": 0.0265,
        "76.0": 0.013500000000000002,
        "118.0": 0.018900000000000004,
        "14.0": 0.0154,
        "60.0": 0.0161,
        "30.0": 0.0058,
        "72.0": 0.013099999999999999,
        "108.0": 0.031,
        "122.0": 0.0042,
        "10.0": 0.0077,
        "110.0": 0.0181,
        "56.0": 0.04650000000000001,
        "106.0": 0.0143,
        "4.0": 0.030000000000000002,
        "116.0": 0.0151,
        "62.0": 0.032,
        "12.0": 0.0069,
        "58.0": 0.0281,
        "135.0": 0.0068000000000000005,
        "73.0": 0.0163,
        "15.0": 0.026000000000000002,
        "77.0": 0.0153,
        "119.0": 0.016399999999999998,
        "23.0": 0.004399999999999999,
        "65.0": 0.013,
        "111.0": 0.0078,
        "2.0": 0.0104,
        "129.0": 0.0076,
        "67.0": 0.025500000000000002,
        "9.0": 0.008400000000000001,
        "75.0": 0.0145,
        "117.0": 0.0149,
        "13.0": 0.014,
        "59.0": 0.0162,
        "25.0": 0.0046,
        "120.0": 0.0036,
        "148.0": 0.0017,
        "86.0": 0.0152,
        "28.0": 0.0087,
        "128.0": 0.0091,
        "24.0": 0.0089,
        "70.0": 0.0194
    },
    "probability_distribution_items": [
        [
            104.0,
            0.0041
        ],
        [
            54.0,
            0.033299999999999996
        ],
        [
            113.0,
            0.022699999999999998
        ],
        [
            55.0,
            0.03459999999999999
        ],
        [
            1.0,
            0.0086
        ],
        [
            63.0,
            0.03
        ],
        [
            109.0,
            0.016
        ],
        [
            5.0,
            0.016
        ],
        [
            17.0,
            0.0065
        ],
        [
            107.0,
            0.0256
        ],
        [
            53.0,
            0.0172
        ],
        [
            3.0,
            0.025500000000000002
        ],
        [
            57.0,
            0.0303
        ],
        [
            11.0,
            0.0057
        ],
        [
            61.0,
            0.031599999999999996
        ],
        [
            115.0,
            0.0055
        ],
        [
            8.0,
            0.009000000000000001
        ],
        [
            126.0,
            0.008199999999999999
        ],
        [
            64.0,
            0.0377
        ],
        [
            6.0,
            0.0265
        ],
        [
            76.0,
            0.013500000000000002
        ],
        [
            118.0,
            0.018900000000000004
        ],
        [
            14.0,
            0.0154
        ],
        [
            60.0,
            0.0161
        ],
        [
            30.0,
            0.0058
        ],
        [
            72.0,
            0.013099999999999999
        ],
        [
            108.0,
            0.031
        ],
        [
            122.0,
            0.0042
        ],
        [
            10.0,
            0.0077
        ],
        [
            110.0,
            0.0181
        ],
        [
            56.0,
            0.04650000000000001
        ],
        [
            106.0,
            0.0143
        ],
        [
            4.0,
            0.030000000000000002
        ],
        [
            116.0,
            0.0151
        ],
        [
            62.0,
            0.032
        ],
        [
            12.0,
            0.0069
        ],
        [
            58.0,
            0.0281
        ],
        [
            135.0,
            0.0068000000000000005
        ],
        [
            73.0,
            0.0163
        ],
        [
            15.0,
            0.026000000000000002
        ],
        [
            77.0,
            0.0153
        ],
        [
            119.0,
            0.016399999999999998
        ],
        [
            23.0,
            0.004399999999999999
        ],
        [
            65.0,
            0.013
        ],
        [
            111.0,
            0.0078
        ],
        [
            2.0,
            0.0104
        ],
        [
            129.0,
            0.0076
        ],
        [
            67.0,
            0.025500000000000002
        ],
        [
            9.0,
            0.008400000000000001
        ],
        [
            75.0,
            0.0145
        ],
        [
            117.0,
            0.0149
        ],
        [
            13.0,
            0.014
        ],
        [
            59.0,
            0.0162
        ],
        [
            25.0,
            0.0046
        ],
        [
            120.0,
            0.0036
        ],
        [
            148.0,
            0.0017
        ],
        [
            86.0,
            0.0152
        ],
        [
            28.0,
            0.0087
        ],
        [
            128.0,
            0.0091
        ],
        [
            24.0,
            0.0089
        ],
        [
            70.0,
            0.0194
        ]
    ],
    "approximation_ratio": 0.5800455782312925,
    "noise": true,
    "p": 5
}