{
    "expected_value": 1.0000000000009284,
    "optimal_gammas": [
        2.3792312025776603,
        2.4051325139580526,
        1.4192921772793987,
        4.875461037237662
    ],
    "optimal_betas": [
        0.30424040309339234,
        0.8268557803015624,
        1.9841740001678612,
        2.118268934198106
    ],
    "problem_identifier": "{'W': [1], 'W_max': 1, 'A': 8, 'B': 4, 'C': 16}",
    "now": "2021-05-08 17:45:23",
    "execution_time": "3:26:38.596173",
    "nfev": 6318,
    "message": "Maximum number of iterations has been exceeded.",
    "success": false,
    "nit": 50,
    "problem": {
        "W": [
            1
        ],
        "W_max": 1,
        "A": 8,
        "B": 4,
        "C": 16
    },
    "optimal_cost": 1.0,
    "probability_distribution": {
        "4.0": 2.2983618756612253e-13,
        "2.0": 1.1541794112302634e-13,
        "7.0": 2.0561154346096005e-14,
        "1.0": 0.9999999999996343
    },
    "probability_distribution_items": [
        [
            4.0,
            2.2983618756612253e-13
        ],
        [
            2.0,
            1.1541794112302634e-13
        ],
        [
            7.0,
            2.0561154346096005e-14
        ],
        [
            1.0,
            0.9999999999996343
        ]
    ],
    "approximation_ratio": 1.0000000000009284,
    "approximation_ratio_offset": 0.9999999999998453,
    "noise": false,
    "p": 4
}