{
    "expected_value": 11.5357,
    "optimal_gammas": [
        2.441004248809647,
        2.4789460055072814
    ],
    "optimal_betas": [
        1.0132475335171858,
        1.2705165193688925
    ],
    "problem_identifier": "{'W': [1, 1], 'W_max': 2, 'A': 8, 'B': 4, 'C': 16}",
    "now": "2021-05-03 17:51:09",
    "execution_time": "0:24:17.027118",
    "probability_distribution": {
        "8.0": 0.04509999999999999,
        "6.0": 0.17149999999999999,
        "17.0": 0.0581,
        "7.0": 0.033800000000000004,
        "1.0": 0.0191,
        "15.0": 0.0579,
        "13.0": 0.0419,
        "5.0": 0.0283,
        "11.0": 0.055600000000000004,
        "3.0": 0.022400000000000003,
        "9.0": 0.0349,
        "19.0": 0.020000000000000004,
        "30.0": 0.0111,
        "16.0": 0.037399999999999996,
        "28.0": 0.008,
        "22.0": 0.0297,
        "14.0": 0.038099999999999995,
        "12.0": 0.10049999999999999,
        "24.0": 0.004699999999999999,
        "26.0": 0.0023,
        "10.0": 0.0606,
        "4.0": 0.0299,
        "20.0": 0.0471,
        "39.0": 0.0040999999999999995,
        "25.0": 0.010799999999999999,
        "29.0": 0.0036999999999999997,
        "23.0": 0.006999999999999999,
        "2.0": 0.0015999999999999999,
        "33.0": 0.0036,
        "27.0": 0.0037999999999999996,
        "21.0": 0.0045000000000000005,
        "52.0": 0.0005,
        "38.0": 0.0013,
        "32.0": 0.0011
    },
    "approximation_ratio": 0.7818823529411765
}