{
    "expected_value": 24.3023,
    "optimal_gammas": [
        0.05009083821716498,
        0.6746103038606921
    ],
    "optimal_betas": [
        0.854802587112735,
        0.4114690253753157
    ],
    "problem_identifier": "{'W': [1, 1], 'W_max': 2, 'A': 8, 'B': 4, 'C': 80}",
    "now": "2021-05-03 19:24:44",
    "execution_time": "0:37:04.043934",
    "problem": {
        "W": [
            1,
            1
        ],
        "W_max": 2,
        "A": 8,
        "B": 4,
        "C": 80
    },
    "probability_distribution": {
        "40.0": 0.0098,
        "22.0": 0.0336,
        "49.0": 0.031799999999999995,
        "23.0": 0.0533,
        "1.0": 0.0233,
        "31.0": 0.0171,
        "45.0": 0.017400000000000002,
        "5.0": 0.0116,
        "17.0": 0.0043,
        "43.0": 0.026000000000000002,
        "21.0": 0.037099999999999994,
        "3.0": 0.037500000000000006,
        "25.0": 0.025500000000000005,
        "11.0": 0.0016,
        "29.0": 0.0306,
        "51.0": 0.003,
        "8.0": 0.006999999999999999,
        "62.0": 0.0060999999999999995,
        "32.0": 0.0541,
        "6.0": 0.10320000000000001,
        "44.0": 0.03540000000000001,
        "54.0": 0.015599999999999996,
        "14.0": 0.011699999999999999,
        "28.0": 0.038700000000000005,
        "30.0": 0.0259,
        "58.0": 0.0039,
        "10.0": 0.0069,
        "46.0": 0.009899999999999999,
        "24.0": 0.034600000000000006,
        "42.0": 0.0083,
        "4.0": 0.0304,
        "52.0": 0.013,
        "12.0": 0.016800000000000002,
        "26.0": 0.0431,
        "71.0": 0.0025,
        "41.0": 0.009999999999999998,
        "15.0": 0.028300000000000002,
        "55.0": 0.0087,
        "33.0": 0.0066,
        "47.0": 0.0075,
        "2.0": 0.0065,
        "65.0": 0.003,
        "35.0": 0.02,
        "9.0": 0.0186,
        "53.0": 0.0112,
        "13.0": 0.006999999999999999,
        "27.0": 0.029699999999999997,
        "56.0": 0.0004,
        "84.0": 0.0004,
        "64.0": 0.0018,
        "38.0": 0.0097
    },
    "probability_distribution_items": [
        [
            40.0,
            0.0098
        ],
        [
            22.0,
            0.0336
        ],
        [
            49.0,
            0.031799999999999995
        ],
        [
            23.0,
            0.0533
        ],
        [
            1.0,
            0.0233
        ],
        [
            31.0,
            0.0171
        ],
        [
            45.0,
            0.017400000000000002
        ],
        [
            5.0,
            0.0116
        ],
        [
            17.0,
            0.0043
        ],
        [
            43.0,
            0.026000000000000002
        ],
        [
            21.0,
            0.037099999999999994
        ],
        [
            3.0,
            0.037500000000000006
        ],
        [
            25.0,
            0.025500000000000005
        ],
        [
            11.0,
            0.0016
        ],
        [
            29.0,
            0.0306
        ],
        [
            51.0,
            0.003
        ],
        [
            8.0,
            0.006999999999999999
        ],
        [
            62.0,
            0.0060999999999999995
        ],
        [
            32.0,
            0.0541
        ],
        [
            6.0,
            0.10320000000000001
        ],
        [
            44.0,
            0.03540000000000001
        ],
        [
            54.0,
            0.015599999999999996
        ],
        [
            14.0,
            0.011699999999999999
        ],
        [
            28.0,
            0.038700000000000005
        ],
        [
            30.0,
            0.0259
        ],
        [
            58.0,
            0.0039
        ],
        [
            10.0,
            0.0069
        ],
        [
            46.0,
            0.009899999999999999
        ],
        [
            24.0,
            0.034600000000000006
        ],
        [
            42.0,
            0.0083
        ],
        [
            4.0,
            0.0304
        ],
        [
            52.0,
            0.013
        ],
        [
            12.0,
            0.016800000000000002
        ],
        [
            26.0,
            0.0431
        ],
        [
            71.0,
            0.0025
        ],
        [
            41.0,
            0.009999999999999998
        ],
        [
            15.0,
            0.028300000000000002
        ],
        [
            55.0,
            0.0087
        ],
        [
            33.0,
            0.0066
        ],
        [
            47.0,
            0.0075
        ],
        [
            2.0,
            0.0065
        ],
        [
            65.0,
            0.003
        ],
        [
            35.0,
            0.02
        ],
        [
            9.0,
            0.0186
        ],
        [
            53.0,
            0.0112
        ],
        [
            13.0,
            0.006999999999999999
        ],
        [
            27.0,
            0.029699999999999997
        ],
        [
            56.0,
            0.0004
        ],
        [
            84.0,
            0.0004
        ],
        [
            64.0,
            0.0018
        ],
        [
            38.0,
            0.0097
        ]
    ],
    "approximation_ratio": 0.705633734939759,
    "noise": true,
    "p": 2
}