{
    "expected_value": 28.7688,
    "optimal_gammas": [
        2.6475401053515677
    ],
    "optimal_betas": [
        1.2206389616576403
    ],
    "problem_identifier": "{'W': [1, 1], 'W_max': 2, 'A': 24, 'B': 4, 'C': 48}",
    "now": "2021-05-04 17:31:15",
    "execution_time": "0:06:38.305237",
    "nfev": 993,
    "message": "Optimization terminated successfully.",
    "success": true,
    "nit": 29,
    "problem": {
        "W": [
            1,
            1
        ],
        "W_max": 2,
        "A": 24,
        "B": 4,
        "C": 48
    },
    "probability_distribution": {
        "24.0": 0.009600000000000001,
        "18.0": 0.0047,
        "49.0": 0.021500000000000002,
        "19.0": 0.030800000000000004,
        "1.0": 0.0103,
        "43.0": 0.010799999999999999,
        "37.0": 0.0087,
        "13.0": 0.032100000000000004,
        "31.0": 0.0269,
        "7.0": 0.0157,
        "25.0": 0.013300000000000003,
        "55.0": 0.0021000000000000003,
        "82.0": 0.0057,
        "40.0": 0.037,
        "10.0": 0.086,
        "76.0": 0.0036,
        "58.0": 0.013800000000000002,
        "34.0": 0.0143,
        "28.0": 0.045700000000000005,
        "64.0": 0.0024000000000000002,
        "36.0": 0.0005,
        "74.0": 0.0018,
        "44.0": 0.026799999999999997,
        "26.0": 0.0682,
        "38.0": 0.0319,
        "14.0": 0.039799999999999995,
        "20.0": 0.0187,
        "56.0": 0.019499999999999997,
        "32.0": 0.068,
        "8.0": 0.049100000000000005,
        "42.0": 0.001,
        "107.0": 0.0014,
        "65.0": 0.0078000000000000005,
        "35.0": 0.059199999999999996,
        "77.0": 0.002,
        "59.0": 0.011100000000000002,
        "29.0": 0.05,
        "41.0": 0.043300000000000005,
        "12.0": 0.0002,
        "2.0": 0.0037,
        "89.0": 0.0018,
        "47.0": 0.0164,
        "17.0": 0.0159,
        "71.0": 0.0022,
        "53.0": 0.0092,
        "23.0": 0.0378,
        "140.0": 0.0002,
        "98.0": 0.0015999999999999999,
        "68.0": 0.0028,
        "80.0": 0.0014,
        "50.0": 0.011700000000000002
    },
    "probability_distribution_items": [
        [
            24.0,
            0.009600000000000001
        ],
        [
            18.0,
            0.0047
        ],
        [
            49.0,
            0.021500000000000002
        ],
        [
            19.0,
            0.030800000000000004
        ],
        [
            1.0,
            0.0103
        ],
        [
            43.0,
            0.010799999999999999
        ],
        [
            37.0,
            0.0087
        ],
        [
            13.0,
            0.032100000000000004
        ],
        [
            31.0,
            0.0269
        ],
        [
            7.0,
            0.0157
        ],
        [
            25.0,
            0.013300000000000003
        ],
        [
            55.0,
            0.0021000000000000003
        ],
        [
            82.0,
            0.0057
        ],
        [
            40.0,
            0.037
        ],
        [
            10.0,
            0.086
        ],
        [
            76.0,
            0.0036
        ],
        [
            58.0,
            0.013800000000000002
        ],
        [
            34.0,
            0.0143
        ],
        [
            28.0,
            0.045700000000000005
        ],
        [
            64.0,
            0.0024000000000000002
        ],
        [
            36.0,
            0.0005
        ],
        [
            74.0,
            0.0018
        ],
        [
            44.0,
            0.026799999999999997
        ],
        [
            26.0,
            0.0682
        ],
        [
            38.0,
            0.0319
        ],
        [
            14.0,
            0.039799999999999995
        ],
        [
            20.0,
            0.0187
        ],
        [
            56.0,
            0.019499999999999997
        ],
        [
            32.0,
            0.068
        ],
        [
            8.0,
            0.049100000000000005
        ],
        [
            42.0,
            0.001
        ],
        [
            107.0,
            0.0014
        ],
        [
            65.0,
            0.0078000000000000005
        ],
        [
            35.0,
            0.059199999999999996
        ],
        [
            77.0,
            0.002
        ],
        [
            59.0,
            0.011100000000000002
        ],
        [
            29.0,
            0.05
        ],
        [
            41.0,
            0.043300000000000005
        ],
        [
            12.0,
            0.0002
        ],
        [
            2.0,
            0.0037
        ],
        [
            89.0,
            0.0018
        ],
        [
            47.0,
            0.0164
        ],
        [
            17.0,
            0.0159
        ],
        [
            71.0,
            0.0022
        ],
        [
            53.0,
            0.0092
        ],
        [
            23.0,
            0.0378
        ],
        [
            140.0,
            0.0002
        ],
        [
            98.0,
            0.0015999999999999999
        ],
        [
            68.0,
            0.0028
        ],
        [
            80.0,
            0.0014
        ],
        [
            50.0,
            0.011700000000000002
        ]
    ],
    "approximation_ratio": 0.793568345323741,
    "noise": true,
    "p": 1
}