{
    "expected_value": 61.7635,
    "optimal_gammas": [
        3.355635878208062
    ],
    "optimal_betas": [
        0.3227014192023099
    ],
    "problem_identifier": "{'W': [1, 1], 'W_max': 2, 'A': 56, 'B': 4, 'C': 112}",
    "now": "2021-05-04 18:18:16",
    "execution_time": "0:13:18.644231",
    "nfev": 1653,
    "message": "Optimization terminated successfully.",
    "success": true,
    "nit": 52,
    "problem": {
        "W": [
            1,
            1
        ],
        "W_max": 2,
        "A": 56,
        "B": 4,
        "C": 112
    },
    "probability_distribution": {
        "56.0": 0.016,
        "42.0": 0.014499999999999999,
        "113.0": 0.021,
        "43.0": 0.047700000000000006,
        "1.0": 0.0098,
        "99.0": 0.0151,
        "85.0": 0.015500000000000002,
        "29.0": 0.0659,
        "71.0": 0.041400000000000006,
        "15.0": 0.0269,
        "57.0": 0.0228,
        "127.0": 0.0007,
        "186.0": 0.0062,
        "88.0": 0.0457,
        "18.0": 0.0552,
        "172.0": 0.004,
        "130.0": 0.0173,
        "74.0": 0.0208,
        "60.0": 0.0412,
        "144.0": 0.0029,
        "84.0": 0.003,
        "170.0": 0.0009,
        "100.0": 0.007300000000000001,
        "58.0": 0.06659999999999999,
        "86.0": 0.0411,
        "30.0": 0.0359,
        "44.0": 0.0209,
        "28.0": 0.0006,
        "128.0": 0.014499999999999999,
        "72.0": 0.0609,
        "16.0": 0.051199999999999996,
        "98.0": 0.0013,
        "243.0": 0.0014,
        "145.0": 0.0072,
        "75.0": 0.0304,
        "173.0": 0.0021999999999999997,
        "131.0": 0.0144,
        "61.0": 0.038099999999999995,
        "89.0": 0.0183,
        "2.0": 0.0063999999999999994,
        "201.0": 0.0015,
        "103.0": 0.013099999999999999,
        "33.0": 0.007699999999999999,
        "159.0": 0.0008,
        "117.0": 0.011800000000000001,
        "47.0": 0.0328,
        "218.0": 0.0009,
        "148.0": 0.0018999999999999998,
        "176.0": 0.001,
        "120.0": 0.0009000000000000001,
        "106.0": 0.0071,
        "92.0": 0.0073
    },
    "probability_distribution_items": [
        [
            56.0,
            0.016
        ],
        [
            42.0,
            0.014499999999999999
        ],
        [
            113.0,
            0.021
        ],
        [
            43.0,
            0.047700000000000006
        ],
        [
            1.0,
            0.0098
        ],
        [
            99.0,
            0.0151
        ],
        [
            85.0,
            0.015500000000000002
        ],
        [
            29.0,
            0.0659
        ],
        [
            71.0,
            0.041400000000000006
        ],
        [
            15.0,
            0.0269
        ],
        [
            57.0,
            0.0228
        ],
        [
            127.0,
            0.0007
        ],
        [
            186.0,
            0.0062
        ],
        [
            88.0,
            0.0457
        ],
        [
            18.0,
            0.0552
        ],
        [
            172.0,
            0.004
        ],
        [
            130.0,
            0.0173
        ],
        [
            74.0,
            0.0208
        ],
        [
            60.0,
            0.0412
        ],
        [
            144.0,
            0.0029
        ],
        [
            84.0,
            0.003
        ],
        [
            170.0,
            0.0009
        ],
        [
            100.0,
            0.007300000000000001
        ],
        [
            58.0,
            0.06659999999999999
        ],
        [
            86.0,
            0.0411
        ],
        [
            30.0,
            0.0359
        ],
        [
            44.0,
            0.0209
        ],
        [
            28.0,
            0.0006
        ],
        [
            128.0,
            0.014499999999999999
        ],
        [
            72.0,
            0.0609
        ],
        [
            16.0,
            0.051199999999999996
        ],
        [
            98.0,
            0.0013
        ],
        [
            243.0,
            0.0014
        ],
        [
            145.0,
            0.0072
        ],
        [
            75.0,
            0.0304
        ],
        [
            173.0,
            0.0021999999999999997
        ],
        [
            131.0,
            0.0144
        ],
        [
            61.0,
            0.038099999999999995
        ],
        [
            89.0,
            0.0183
        ],
        [
            2.0,
            0.0063999999999999994
        ],
        [
            201.0,
            0.0015
        ],
        [
            103.0,
            0.013099999999999999
        ],
        [
            33.0,
            0.007699999999999999
        ],
        [
            159.0,
            0.0008
        ],
        [
            117.0,
            0.011800000000000001
        ],
        [
            47.0,
            0.0328
        ],
        [
            218.0,
            0.0009
        ],
        [
            148.0,
            0.0018999999999999998
        ],
        [
            176.0,
            0.001
        ],
        [
            120.0,
            0.0009000000000000001
        ],
        [
            106.0,
            0.0071
        ],
        [
            92.0,
            0.0073
        ]
    ],
    "approximation_ratio": 0.740802479338843,
    "noise": true,
    "p": 1
}