{
    "expected_value": 26.879,
    "optimal_gammas": [
        0.36999191273884025,
        0.34985159541816113
    ],
    "optimal_betas": [
        0.3447066564464296,
        0.18865086642005235
    ],
    "problem_identifier": "{'W': [1, 1], 'W_max': 2, 'A': 32, 'B': 4, 'C': 32}",
    "now": "2021-05-06 20:03:42",
    "execution_time": "1:18:43.652510",
    "nfev": 7515,
    "message": "Optimization terminated successfully.",
    "success": true,
    "nit": 122,
    "problem": {
        "W": [
            1,
            1
        ],
        "W_max": 2,
        "A": 32,
        "B": 4,
        "C": 32
    },
    "optimal_cost": 1.0,
    "probability_distribution": {
        "16.0": 0.0827,
        "49.0": 0.0324,
        "17.0": 0.07640000000000001,
        "1.0": 0.010100000000000001,
        "33.0": 0.013300000000000001,
        "65.0": 0.0006000000000000001,
        "25.0": 0.04940000000000001,
        "9.0": 0.0961,
        "41.0": 0.0043,
        "57.0": 0.0007,
        "32.0": 0.0101,
        "92.0": 0.0103,
        "44.0": 0.0657,
        "12.0": 0.0716,
        "60.0": 0.012499999999999999,
        "28.0": 0.031200000000000002,
        "108.0": 0.0005,
        "76.0": 0.0018999999999999998,
        "82.0": 0.0012,
        "50.0": 0.0085,
        "34.0": 0.0082,
        "18.0": 0.040100000000000004,
        "58.0": 0.006500000000000001,
        "42.0": 0.024700000000000003,
        "26.0": 0.0716,
        "10.0": 0.050499999999999996,
        "48.0": 0.0018999999999999998,
        "125.0": 0.0014,
        "77.0": 0.0047,
        "45.0": 0.019000000000000006,
        "93.0": 0.0045,
        "61.0": 0.0097,
        "29.0": 0.039900000000000005,
        "2.0": 0.0079,
        "101.0": 0.0017,
        "53.0": 0.025300000000000003,
        "21.0": 0.043399999999999994,
        "85.0": 0.0057,
        "37.0": 0.0189,
        "80.0": 0.0001,
        "168.0": 0.0002,
        "120.0": 0.002,
        "88.0": 0.0057,
        "72.0": 0.0018,
        "56.0": 0.0138,
        "40.0": 0.0113
    },
    "probability_distribution_items": [
        [
            16.0,
            0.0827
        ],
        [
            49.0,
            0.0324
        ],
        [
            17.0,
            0.07640000000000001
        ],
        [
            1.0,
            0.010100000000000001
        ],
        [
            33.0,
            0.013300000000000001
        ],
        [
            65.0,
            0.0006000000000000001
        ],
        [
            25.0,
            0.04940000000000001
        ],
        [
            9.0,
            0.0961
        ],
        [
            41.0,
            0.0043
        ],
        [
            57.0,
            0.0007
        ],
        [
            32.0,
            0.0101
        ],
        [
            92.0,
            0.0103
        ],
        [
            44.0,
            0.0657
        ],
        [
            12.0,
            0.0716
        ],
        [
            60.0,
            0.012499999999999999
        ],
        [
            28.0,
            0.031200000000000002
        ],
        [
            108.0,
            0.0005
        ],
        [
            76.0,
            0.0018999999999999998
        ],
        [
            82.0,
            0.0012
        ],
        [
            50.0,
            0.0085
        ],
        [
            34.0,
            0.0082
        ],
        [
            18.0,
            0.040100000000000004
        ],
        [
            58.0,
            0.006500000000000001
        ],
        [
            42.0,
            0.024700000000000003
        ],
        [
            26.0,
            0.0716
        ],
        [
            10.0,
            0.050499999999999996
        ],
        [
            48.0,
            0.0018999999999999998
        ],
        [
            125.0,
            0.0014
        ],
        [
            77.0,
            0.0047
        ],
        [
            45.0,
            0.019000000000000006
        ],
        [
            93.0,
            0.0045
        ],
        [
            61.0,
            0.0097
        ],
        [
            29.0,
            0.039900000000000005
        ],
        [
            2.0,
            0.0079
        ],
        [
            101.0,
            0.0017
        ],
        [
            53.0,
            0.025300000000000003
        ],
        [
            21.0,
            0.043399999999999994
        ],
        [
            85.0,
            0.0057
        ],
        [
            37.0,
            0.0189
        ],
        [
            80.0,
            0.0001
        ],
        [
            168.0,
            0.0002
        ],
        [
            120.0,
            0.002
        ],
        [
            88.0,
            0.0057
        ],
        [
            72.0,
            0.0018
        ],
        [
            56.0,
            0.0138
        ],
        [
            40.0,
            0.0113
        ]
    ],
    "approximation_ratio": 28.5667,
    "approximation_ratio_offset": 0.8349299401197605,
    "noise": true,
    "p": 2
}