{
    "expected_value": 55.4212,
    "optimal_gammas": [
        6.072651018697096
    ],
    "optimal_betas": [
        0.31636676916435635
    ],
    "problem_identifier": "{'W': [1, 1], 'W_max': 2, 'A': 32, 'B': 4, 'C': 128}",
    "now": "2021-05-06 19:26:57",
    "execution_time": "0:07:26.702432",
    "nfev": 1080,
    "message": "Optimization terminated successfully.",
    "success": true,
    "nit": 33,
    "problem": {
        "W": [
            1,
            1
        ],
        "W_max": 2,
        "A": 32,
        "B": 4,
        "C": 128
    },
    "optimal_cost": 1.0,
    "probability_distribution": {
        "64.0": 0.0032,
        "40.0": 0.0095,
        "97.0": 0.006699999999999999,
        "41.0": 0.034100000000000005,
        "1.0": 0.0013,
        "73.0": 0.0489,
        "81.0": 0.0243,
        "17.0": 0.020499999999999997,
        "65.0": 0.0040999999999999995,
        "33.0": 0.0334,
        "9.0": 0.0277,
        "49.0": 0.0248,
        "105.0": 0.00030000000000000003,
        "32.0": 0.0008,
        "140.0": 0.0040999999999999995,
        "68.0": 0.0495,
        "12.0": 0.0172,
        "116.0": 0.0127,
        "108.0": 0.0623,
        "44.0": 0.0678,
        "52.0": 0.0364,
        "100.0": 0.005,
        "80.0": 0.0068,
        "130.0": 0.0006,
        "74.0": 0.1001,
        "34.0": 0.0204,
        "82.0": 0.0064,
        "18.0": 0.0066,
        "42.0": 0.012199999999999999,
        "66.0": 0.035500000000000004,
        "16.0": 0.0024999999999999996,
        "106.0": 0.005,
        "50.0": 0.0535,
        "10.0": 0.09670000000000001,
        "72.0": 0.0023,
        "173.0": 0.0011,
        "101.0": 0.0214,
        "45.0": 0.0369,
        "117.0": 0.006200000000000001,
        "109.0": 0.024100000000000003,
        "53.0": 0.0167,
        "77.0": 0.013000000000000001,
        "69.0": 0.006999999999999999,
        "2.0": 0.0066,
        "149.0": 0.0009,
        "21.0": 0.0017000000000000001,
        "37.0": 0.012799999999999999,
        "85.0": 0.0029000000000000002,
        "128.0": 0.0002,
        "216.0": 0.0003,
        "144.0": 0.0015,
        "88.0": 0.0017000000000000001,
        "136.0": 0.0018
    },
    "probability_distribution_items": [
        [
            64.0,
            0.0032
        ],
        [
            40.0,
            0.0095
        ],
        [
            97.0,
            0.006699999999999999
        ],
        [
            41.0,
            0.034100000000000005
        ],
        [
            1.0,
            0.0013
        ],
        [
            73.0,
            0.0489
        ],
        [
            81.0,
            0.0243
        ],
        [
            17.0,
            0.020499999999999997
        ],
        [
            65.0,
            0.0040999999999999995
        ],
        [
            33.0,
            0.0334
        ],
        [
            9.0,
            0.0277
        ],
        [
            49.0,
            0.0248
        ],
        [
            105.0,
            0.00030000000000000003
        ],
        [
            32.0,
            0.0008
        ],
        [
            140.0,
            0.0040999999999999995
        ],
        [
            68.0,
            0.0495
        ],
        [
            12.0,
            0.0172
        ],
        [
            116.0,
            0.0127
        ],
        [
            108.0,
            0.0623
        ],
        [
            44.0,
            0.0678
        ],
        [
            52.0,
            0.0364
        ],
        [
            100.0,
            0.005
        ],
        [
            80.0,
            0.0068
        ],
        [
            130.0,
            0.0006
        ],
        [
            74.0,
            0.1001
        ],
        [
            34.0,
            0.0204
        ],
        [
            82.0,
            0.0064
        ],
        [
            18.0,
            0.0066
        ],
        [
            42.0,
            0.012199999999999999
        ],
        [
            66.0,
            0.035500000000000004
        ],
        [
            16.0,
            0.0024999999999999996
        ],
        [
            106.0,
            0.005
        ],
        [
            50.0,
            0.0535
        ],
        [
            10.0,
            0.09670000000000001
        ],
        [
            72.0,
            0.0023
        ],
        [
            173.0,
            0.0011
        ],
        [
            101.0,
            0.0214
        ],
        [
            45.0,
            0.0369
        ],
        [
            117.0,
            0.006200000000000001
        ],
        [
            109.0,
            0.024100000000000003
        ],
        [
            53.0,
            0.0167
        ],
        [
            77.0,
            0.013000000000000001
        ],
        [
            69.0,
            0.006999999999999999
        ],
        [
            2.0,
            0.0066
        ],
        [
            149.0,
            0.0009
        ],
        [
            21.0,
            0.0017000000000000001
        ],
        [
            37.0,
            0.012799999999999999
        ],
        [
            85.0,
            0.0029000000000000002
        ],
        [
            128.0,
            0.0002
        ],
        [
            216.0,
            0.0003
        ],
        [
            144.0,
            0.0015
        ],
        [
            88.0,
            0.0017000000000000001
        ],
        [
            136.0,
            0.0018
        ]
    ],
    "approximation_ratio": 56.8436,
    "approximation_ratio_offset": 0.7402623255813953,
    "noise": true,
    "p": 1
}