{
    "expected_value": 45.9528,
    "optimal_gammas": [
        1.909607520841347,
        1.519851501853083,
        0.06195218899417254,
        1.3975761079572413,
        1.2783081872363304,
        2.30530985205181
    ],
    "optimal_betas": [
        0.5274000477026679,
        1.3286558337621808,
        1.530571683141068,
        1.2146003890312949,
        1.5077430076330045,
        0.31649703757756503
    ],
    "problem_identifier": "{'W': [1, 1], 'W_max': 2, 'A': 8, 'B': 4, 'C': 144}",
    "now": "2021-05-04 00:39:10",
    "execution_time": "0:15:54.565063",
    "probability_distribution": {
        "72.0": 0.0046,
        "38.0": 0.0324,
        "81.0": 0.021,
        "39.0": 0.033,
        "1.0": 0.0075,
        "47.0": 0.028900000000000002,
        "77.0": 0.0172,
        "5.0": 0.0166,
        "17.0": 0.0063999999999999994,
        "75.0": 0.0237,
        "37.0": 0.019299999999999998,
        "3.0": 0.028500000000000004,
        "41.0": 0.0306,
        "11.0": 0.006,
        "45.0": 0.028800000000000003,
        "83.0": 0.0075,
        "8.0": 0.0055,
        "94.0": 0.0068000000000000005,
        "48.0": 0.029400000000000003,
        "6.0": 0.023700000000000002,
        "60.0": 0.0154,
        "86.0": 0.021200000000000004,
        "14.0": 0.0172,
        "44.0": 0.013499999999999998,
        "30.0": 0.0057,
        "56.0": 0.0115,
        "76.0": 0.038200000000000005,
        "90.0": 0.0035,
        "10.0": 0.0059,
        "78.0": 0.0166,
        "40.0": 0.05229999999999999,
        "74.0": 0.014699999999999998,
        "4.0": 0.0359,
        "84.0": 0.011,
        "46.0": 0.0306,
        "12.0": 0.0069,
        "42.0": 0.034,
        "103.0": 0.0069,
        "57.0": 0.0154,
        "15.0": 0.0249,
        "61.0": 0.014499999999999999,
        "87.0": 0.0179,
        "23.0": 0.006500000000000001,
        "49.0": 0.0116,
        "79.0": 0.0055,
        "2.0": 0.0103,
        "97.0": 0.0068000000000000005,
        "51.0": 0.0326,
        "9.0": 0.0063,
        "59.0": 0.015300000000000001,
        "85.0": 0.0199,
        "13.0": 0.0172,
        "43.0": 0.015099999999999999,
        "25.0": 0.0059,
        "88.0": 0.0032,
        "116.0": 0.0033,
        "70.0": 0.0144,
        "28.0": 0.006,
        "96.0": 0.0086,
        "24.0": 0.0068000000000000005,
        "54.0": 0.013600000000000001
    },
    "approximation_ratio": 0.6047713043478261
}