{
    "expected_value": 167.3186330323693,
    "optimal_gammas": [
        3.8259551237432055
    ],
    "optimal_betas": [
        0.49287111961724145
    ],
    "problem_identifier": "{'W': [1, 1], 'W_max': 2, 'A': 56, 'B': 4, 'C': 560}",
    "now": "2021-05-05 18:04:02",
    "execution_time": "0:15:53.234389",
    "nfev": 1977,
    "message": "Optimization terminated successfully.",
    "success": true,
    "nit": 63,
    "problem": {
        "W": [
            1,
            1
        ],
        "W_max": 2,
        "A": 56,
        "B": 4,
        "C": 560
    },
    "probability_distribution": {
        "280.0": 0.12884063904947432,
        "154.0": 0.02396151315252172,
        "56.0": 0.053204932575542256,
        "308.0": 0.0010925419027047036,
        "28.0": 1.589938443651468e-05,
        "210.0": 0.004861779404409926,
        "392.0": 0.00544656309808637,
        "337.0": 0.04474146362903887,
        "155.0": 0.03398684620876356,
        "1.0": 0.1057003536045872,
        "211.0": 0.0070802605268694046,
        "309.0": 0.0021354323097293937,
        "29.0": 0.00011290155935179097,
        "113.0": 0.0046425416449995816,
        "295.0": 0.025324003426676452,
        "141.0": 0.02414961488745962,
        "15.0": 0.10581325516393905,
        "169.0": 0.012034103867146682,
        "71.0": 0.0046425416449995816,
        "197.0": 0.004883387981026656,
        "351.0": 0.021552892512091835,
        "410.0": 0.004441238812245743,
        "200.0": 0.013242127147981309,
        "18.0": 0.05765491893691473,
        "284.0": 0.00040138212804490697,
        "354.0": 0.011694857572350621,
        "74.0": 0.0012157047908477234,
        "172.0": 0.005465543716254162,
        "186.0": 0.0009066369232641168,
        "256.0": 0.0026684292517026426,
        "394.0": 0.0012534995050221289,
        "212.0": 0.002349890006021896,
        "58.0": 0.010210447306210799,
        "310.0": 0.02462239331018451,
        "30.0": 0.010308435261051168,
        "156.0": 0.022755455048898157,
        "282.0": 0.02336889380516239,
        "352.0": 0.002138654341278518,
        "198.0": 0.00218373629274019,
        "72.0": 0.009312239129081327,
        "170.0": 0.011941173805606607,
        "296.0": 0.04458941260749014,
        "16.0": 0.009491931187064444,
        "142.0": 0.00975743751286642,
        "467.0": 0.0003786961270262485,
        "257.0": 0.001264778103919137,
        "75.0": 0.0068593560428320075,
        "285.0": 0.00040194373788688726,
        "355.0": 6.751867470063029e-05,
        "173.0": 0.005607099382244844,
        "131.0": 0.0017849076764790434,
        "201.0": 0.005496256617994411,
        "299.0": 0.024185329755694696,
        "2.0": 9.798795484035599e-05,
        "425.0": 0.00037869612702624833,
        "215.0": 0.006761034721913552,
        "33.0": 0.00566148318940035,
        "271.0": 0.0004019437378868874,
        "341.0": 6.751867470063022e-05,
        "61.0": 0.001197872853431661,
        "159.0": 0.005607099382244845,
        "145.0": 0.001784907676479043,
        "313.0": 0.0241853297556947,
        "540.0": 3.8032307282839023e-05,
        "330.0": 0.00021880851406317925,
        "148.0": 0.0009570867308380133,
        "400.0": 0.00034218383938466656,
        "120.0": 8.579614125375616e-06,
        "218.0": 0.0031204007651491894,
        "316.0": 0.006927242104620181
    },
    "probability_distribution_items": [
        [
            280.0,
            0.12884063904947432
        ],
        [
            154.0,
            0.02396151315252172
        ],
        [
            56.0,
            0.053204932575542256
        ],
        [
            308.0,
            0.0010925419027047036
        ],
        [
            28.0,
            1.589938443651468e-05
        ],
        [
            210.0,
            0.004861779404409926
        ],
        [
            392.0,
            0.00544656309808637
        ],
        [
            337.0,
            0.04474146362903887
        ],
        [
            155.0,
            0.03398684620876356
        ],
        [
            1.0,
            0.1057003536045872
        ],
        [
            211.0,
            0.0070802605268694046
        ],
        [
            309.0,
            0.0021354323097293937
        ],
        [
            29.0,
            0.00011290155935179097
        ],
        [
            113.0,
            0.0046425416449995816
        ],
        [
            295.0,
            0.025324003426676452
        ],
        [
            141.0,
            0.02414961488745962
        ],
        [
            15.0,
            0.10581325516393905
        ],
        [
            169.0,
            0.012034103867146682
        ],
        [
            71.0,
            0.0046425416449995816
        ],
        [
            197.0,
            0.004883387981026656
        ],
        [
            351.0,
            0.021552892512091835
        ],
        [
            410.0,
            0.004441238812245743
        ],
        [
            200.0,
            0.013242127147981309
        ],
        [
            18.0,
            0.05765491893691473
        ],
        [
            284.0,
            0.00040138212804490697
        ],
        [
            354.0,
            0.011694857572350621
        ],
        [
            74.0,
            0.0012157047908477234
        ],
        [
            172.0,
            0.005465543716254162
        ],
        [
            186.0,
            0.0009066369232641168
        ],
        [
            256.0,
            0.0026684292517026426
        ],
        [
            394.0,
            0.0012534995050221289
        ],
        [
            212.0,
            0.002349890006021896
        ],
        [
            58.0,
            0.010210447306210799
        ],
        [
            310.0,
            0.02462239331018451
        ],
        [
            30.0,
            0.010308435261051168
        ],
        [
            156.0,
            0.022755455048898157
        ],
        [
            282.0,
            0.02336889380516239
        ],
        [
            352.0,
            0.002138654341278518
        ],
        [
            198.0,
            0.00218373629274019
        ],
        [
            72.0,
            0.009312239129081327
        ],
        [
            170.0,
            0.011941173805606607
        ],
        [
            296.0,
            0.04458941260749014
        ],
        [
            16.0,
            0.009491931187064444
        ],
        [
            142.0,
            0.00975743751286642
        ],
        [
            467.0,
            0.0003786961270262485
        ],
        [
            257.0,
            0.001264778103919137
        ],
        [
            75.0,
            0.0068593560428320075
        ],
        [
            285.0,
            0.00040194373788688726
        ],
        [
            355.0,
            6.751867470063029e-05
        ],
        [
            173.0,
            0.005607099382244844
        ],
        [
            131.0,
            0.0017849076764790434
        ],
        [
            201.0,
            0.005496256617994411
        ],
        [
            299.0,
            0.024185329755694696
        ],
        [
            2.0,
            9.798795484035599e-05
        ],
        [
            425.0,
            0.00037869612702624833
        ],
        [
            215.0,
            0.006761034721913552
        ],
        [
            33.0,
            0.00566148318940035
        ],
        [
            271.0,
            0.0004019437378868874
        ],
        [
            341.0,
            6.751867470063022e-05
        ],
        [
            61.0,
            0.001197872853431661
        ],
        [
            159.0,
            0.005607099382244845
        ],
        [
            145.0,
            0.001784907676479043
        ],
        [
            313.0,
            0.0241853297556947
        ],
        [
            540.0,
