{
    "expected_value": 43.0188,
    "optimal_gammas": [
        0.9184662426027331
    ],
    "optimal_betas": [
        0.2831030990129021
    ],
    "problem_identifier": "{'W': [1, 1], 'W_max': 2, 'A': 8, 'B': 4, 'C': 144}",
    "now": "2021-05-03 19:39:55",
    "execution_time": "0:05:51.761695",
    "problem": {
        "W": [
            1,
            1
        ],
        "W_max": 2,
        "A": 8,
        "B": 4,
        "C": 144
    },
    "probability_distribution": {
        "72.0": 0.0332,
        "38.0": 0.0375,
        "81.0": 0.04,
        "39.0": 0.06139999999999999,
        "1.0": 0.0175,
        "47.0": 0.015300000000000001,
        "77.0": 0.0103,
        "5.0": 0.0108,
        "17.0": 0.0024000000000000002,
        "75.0": 0.03640000000000001,
        "37.0": 0.0537,
        "3.0": 0.030199999999999998,
        "41.0": 0.018199999999999997,
        "11.0": 0.0024999999999999996,
        "45.0": 0.0382,
        "83.0": 0.0013,
        "8.0": 0.0078,
        "94.0": 0.0074,
        "48.0": 0.038599999999999995,
        "6.0": 0.06770000000000001,
        "60.0": 0.0026000000000000003,
        "86.0": 0.0102,
        "14.0": 0.0061,
        "44.0": 0.021599999999999998,
        "30.0": 0.0007,
        "56.0": 0.0022,
        "76.0": 0.03250000000000001,
        "90.0": 0.0039,
        "10.0": 0.006,
        "78.0": 0.014499999999999999,
        "40.0": 0.039900000000000005,
        "74.0": 0.012299999999999998,
        "4.0": 0.0319,
        "84.0": 0.022699999999999998,
        "46.0": 0.021199999999999997,
        "12.0": 0.006,
        "42.0": 0.0338,
        "103.0": 0.0028,
        "57.0": 0.007299999999999999,
        "15.0": 0.021199999999999997,
        "61.0": 0.0068,
        "87.0": 0.0087,
        "23.0": 0.0017000000000000001,
        "49.0": 0.006599999999999999,
        "79.0": 0.0155,
        "2.0": 0.009899999999999999,
        "97.0": 0.0025,
        "51.0": 0.0147,
        "9.0": 0.0124,
        "59.0": 0.0079,
        "85.0": 0.009600000000000001,
        "13.0": 0.0072,
        "43.0": 0.0392,
        "25.0": 0.0018,
        "88.0": 0.0002,
        "116.0": 0.0005,
        "70.0": 0.0028,
        "28.0": 0.0051,
        "96.0": 0.0018,
        "24.0": 0.0014,
        "54.0": 0.0139
    },
    "probability_distribution_items": [
        [
            72.0,
            0.0332
        ],
        [
            38.0,
            0.0375
        ],
        [
            81.0,
            0.04
        ],
        [
            39.0,
            0.06139999999999999
        ],
        [
            1.0,
            0.0175
        ],
        [
            47.0,
            0.015300000000000001
        ],
        [
            77.0,
            0.0103
        ],
        [
            5.0,
            0.0108
        ],
        [
            17.0,
            0.0024000000000000002
        ],
        [
            75.0,
            0.03640000000000001
        ],
        [
            37.0,
            0.0537
        ],
        [
            3.0,
            0.030199999999999998
        ],
        [
            41.0,
            0.018199999999999997
        ],
        [
            11.0,
            0.0024999999999999996
        ],
        [
            45.0,
            0.0382
        ],
        [
            83.0,
            0.0013
        ],
        [
            8.0,
            0.0078
        ],
        [
            94.0,
            0.0074
        ],
        [
            48.0,
            0.038599999999999995
        ],
        [
            6.0,
            0.06770000000000001
        ],
        [
            60.0,
            0.0026000000000000003
        ],
        [
            86.0,
            0.0102
        ],
        [
            14.0,
            0.0061
        ],
        [
            44.0,
            0.021599999999999998
        ],
        [
            30.0,
            0.0007
        ],
        [
            56.0,
            0.0022
        ],
        [
            76.0,
            0.03250000000000001
        ],
        [
            90.0,
            0.0039
        ],
        [
            10.0,
            0.006
        ],
        [
            78.0,
            0.014499999999999999
        ],
        [
            40.0,
            0.039900000000000005
        ],
        [
            74.0,
            0.012299999999999998
        ],
        [
            4.0,
            0.0319
        ],
        [
            84.0,
            0.022699999999999998
        ],
        [
            46.0,
            0.021199999999999997
        ],
        [
            12.0,
            0.006
        ],
        [
            42.0,
            0.0338
        ],
        [
            103.0,
            0.0028
        ],
        [
            57.0,
            0.007299999999999999
        ],
        [
            15.0,
            0.021199999999999997
        ],
        [
            61.0,
            0.0068
        ],
        [
            87.0,
            0.0087
        ],
        [
            23.0,
            0.0017000000000000001
        ],
        [
            49.0,
            0.006599999999999999
        ],
        [
            79.0,
            0.0155
        ],
        [
            2.0,
            0.009899999999999999
        ],
        [
            97.0,
            0.0025
        ],
        [
            51.0,
            0.0147
        ],
        [
            9.0,
            0.0124
        ],
        [
            59.0,
            0.0079
        ],
        [
            85.0,
            0.009600000000000001
        ],
        [
            13.0,
            0.0072
        ],
        [
            43.0,
            0.0392
        ],
        [
            25.0,
            0.0018
        ],
        [
            88.0,
            0.0002
        ],
        [
            116.0,
            0.0005
        ],
        [
            70.0,
            0.0028
        ],
        [
            28.0,
            0.0051
        ],
        [
            96.0,
            0.0018
        ],
        [
            24.0,
            0.0014
        ],
        [
            54.0,
            0.0139
        ]
    ],
    "approximation_ratio": 0.6303060869565217,
    "noise": true,
    "p": 1
}