{
    "expected_value": 14.946375128207565,
    "optimal_gammas": [
        3.635368150164096,
        5.243287302755218,
        4.081226439700632,
        6.202305536073096
    ],
    "optimal_betas": [
        0.25582418871725016,
        0.8608468955905358,
        2.9317936780258047,
        2.960041911588302
    ],
    "problem_identifier": "{'W': [1, 1, 1], 'W_max': 1, 'A': 12, 'B': 4, 'C': 24}",
    "now": "2021-05-08 05:49:48",
    "execution_time": "2:06:57.700436",
    "nfev": 6696,
    "message": "Maximum number of iterations has been exceeded.",
    "success": false,
    "nit": 50,
    "problem": {
        "W": [
            1,
            1,
            1
        ],
        "W_max": 1,
        "A": 12,
        "B": 4,
        "C": 24
    },
    "optimal_cost": 3.0,
    "probability_distribution": {
        "18.0": 0.005527131091626839,
        "15.0": 0.04163423364194534,
        "27.0": 0.0027079952927841033,
        "24.0": 0.009817156205665324,
        "12.0": 0.10954800769964114,
        "36.0": 0.0010695284059813626,
        "42.0": 4.8759959818535136e-05,
        "30.0": 0.0008066538947750484,
        "51.0": 8.940273567336998e-05,
        "72.0": 3.511134220341197e-05,
        "45.0": 0.00015895806870721595,
        "21.0": 0.007581047735772745,
        "48.0": 0.0002555868150860084,
        "57.0": 4.983034210454671e-05,
        "9.0": 0.003365057244905463,
        "63.0": 2.9879769134410512e-05,
        "39.0": 0.00038229450305666667,
        "60.0": 1.7838612742723688e-05,
        "93.0": 5.286626055767372e-06,
        "90.0": 1.6409767690349938e-06,
        "66.0": 4.524369252652449e-06,
        "99.0": 8.095997138069907e-07,
        "54.0": 5.979519613792693e-07,
        "87.0": 1.1417582345478085e-06,
        "120.0": 2.358360972735733e-06,
        "153.0": 4.208311391453317e-08,
        "22.0": 0.04576212654852239,
        "13.0": 0.07696701269684551,
        "10.0": 0.28459671983759843,
        "19.0": 0.1785873060630236,
        "7.0": 0.014568202156497637,
        "25.0": 0.004956314448488467,
        "34.0": 0.0016841185602857016,
        "37.0": 0.00025268356325639575,
        "31.0": 0.005673498893488652,
        "43.0": 0.000946910428582646,
        "58.0": 8.081784526623314e-05,
        "28.0": 0.009838639404310323,
        "40.0": 0.0006744994715376248,
        "16.0": 0.13837668461821592,
        "46.0": 0.0007510412641766934,
        "55.0": 0.0001802135076404567,
        "64.0": 1.577358670394033e-05,
        "52.0": 1.1085965165933966e-05,
        "79.0": 5.0225986416588625e-06,
        "61.0": 3.500610920898086e-05,
        "82.0": 4.497838715131577e-06,
        "85.0": 6.881124200406546e-07,
        "49.0": 0.00010081101177127996,
        "73.0": 1.5405210986267461e-06,
        "70.0": 1.7001533923045864e-05,
        "91.0": 2.1452740276379356e-06,
        "106.0": 8.878472161380693e-07,
        "76.0": 1.973434359577162e-06,
        "112.0": 4.4392360806901453e-07,
        "139.0": 1.7385889308277848e-08,
        "26.0": 0.0036325187917609267,
        "17.0": 0.020672550382455974,
        "14.0": 0.009760014719103456,
        "20.0": 0.0016535630145465862,
        "8.0": 0.004217237732074814,
        "5.0": 0.0006017944701689281,
        "29.0": 0.0007235770068858123,
        "44.0": 0.00017391863583762928,
        "23.0": 0.009884388391995331,
        "11.0": 9.424110524247806e-05,
        "41.0": 0.0003334543682326895,
        "38.0": 0.0006371467765435044,
        "47.0": 6.130952920591687e-05,
        "35.0": 2.4556912074015357e-05,
        "50.0": 3.0572231708463714e-05,
        "65.0": 1.4669413500225139e-06,
        "32.0": 0.00011740895141694834,
        "53.0": 9.060664079437024e-05,
        "56.0": 8.284364730161845e-06,
        "74.0": 6.132854187439512e-06,
        "77.0": 1.5541687514819682e-06,
        "92.0": 2.998373358688845e-07,
        "62.0": 1.0252530935682027e-05,
        "83.0": 4.1366540684170493e-07,
        "71.0": 6.904895814593772e-07,
        "98.0": 5.996746717377613e-07,
        "125.0": 4.3048810955872654e-08,
        "33.0": 1.802289839836896e-05,
        "3.0": 7.694510847946648e-06,
        "69.0": 5.412441561404594e-07,
        "84.0": 5.555457421491288e-07,
        "111.0": 2.9026870797851313e-08
    },