{
    "expected_value": 3.064855200760388,
    "optimal_gammas": [
        4.174787788641448
    ],
    "optimal_betas": [
        2.4338676347405195
    ],
    "problem_identifier": "{'W': [1], 'W_max': 1, 'A': 8, 'B': 4, 'C': 32}",
    "now": "2021-05-07 22:30:36",
    "execution_time": "0:00:20.194752",
    "nfev": 810,
    "message": "Optimization terminated successfully.",
    "success": true,
    "nit": 25,
    "problem": {
        "W": [
            1
        ],
        "W_max": 1,
        "A": 8,
        "B": 4,
        "C": 32
    },
    "optimal_cost": 1.0,
    "probability_distribution": {
        "8.0": 0.2254327828326825,
        "2.0": 0.004787883603246252,
        "11.0": 0.04820378373283648,
        "1.0": 0.7215755498312347
    },
    "probability_distribution_items": [
        [
            8.0,
            0.2254327828326825
        ],
        [
            2.0,
            0.004787883603246252
        ],
        [
            11.0,
            0.04820378373283648
        ],
        [
            1.0,
            0.7215755498312347
        ]
    ],
    "approximation_ratio": 3.0648552007603884,
    "approximation_ratio_offset": 0.7935144799239612,
    "noise": false,
    "p": 1
}