{
    "expected_value": 408.9449,
    "optimal_gammas": [
        4.232797275885651,
        3.315111656087269,
        1.8238196788824341,
        6.100664985528713,
        0.3247399569804208
    ],
    "optimal_betas": [
        1.2260101889108117,
        1.9015910110513168,
        0.04915060088383716,
        1.2389938233636877,
        1.0633018733375774
    ],
    "problem_identifier": "{'W': [1, 1], 'W_max': 2, 'A': 56, 'B': 4, 'C': 1456}",
    "now": "2021-05-04 17:03:39",
    "execution_time": "0:19:03.127029",
    "nfev": 879,
    "message": "Optimization terminated successfully.",
    "success": true,
    "nit": 2,
    "problem": {
        "W": [
            1,
            1
        ],
        "W_max": 2,
        "A": 56,
        "B": 4,
        "C": 1456
    },
    "probability_distribution": {
        "728.0": 0.0096,
        "378.0": 0.022500000000000003,
        "785.0": 0.0184,
        "379.0": 0.0395,
        "1.0": 0.0123,
        "435.0": 0.028300000000000002,
        "757.0": 0.0142,
        "29.0": 0.0148,
        "113.0": 0.0063999999999999994,
        "743.0": 0.0261,
        "365.0": 0.020499999999999997,
        "15.0": 0.025500000000000002,
        "393.0": 0.030799999999999998,
        "71.0": 0.0076,
        "421.0": 0.0146,
        "799.0": 0.009,
        "56.0": 0.0125,
        "858.0": 0.0086,
        "424.0": 0.0208,
        "18.0": 0.0162,
        "508.0": 0.012499999999999999,
        "802.0": 0.027200000000000002,
        "74.0": 0.016,
        "396.0": 0.0235,
        "186.0": 0.0048,
        "480.0": 0.0115,
        "756.0": 0.008,
        "842.0": 0.0024,
        "436.0": 0.0104,
        "58.0": 0.0068000000000000005,
        "758.0": 0.0136,
        "30.0": 0.0118,
        "380.0": 0.0421,
        "730.0": 0.0132,
        "28.0": 0.0063999999999999994,
        "800.0": 0.0058,
        "422.0": 0.0121,
        "72.0": 0.007,
        "394.0": 0.028599999999999997,
        "744.0": 0.022000000000000002,
        "16.0": 0.0208,
        "366.0": 0.016300000000000002,
        "434.0": 0.013799999999999998,
        "915.0": 0.0072,
        "481.0": 0.014,
        "75.0": 0.025299999999999996,
        "509.0": 0.0111,
        "803.0": 0.0111,
        "397.0": 0.019499999999999997,
        "131.0": 0.0054,
        "425.0": 0.014700000000000001,
        "747.0": 0.011300000000000001,
        "2.0": 0.0066,
        "873.0": 0.0055,
        "439.0": 0.025599999999999998,
        "33.0": 0.0103,
        "495.0": 0.011800000000000001,
        "789.0": 0.012100000000000001,
        "61.0": 0.0126,
        "383.0": 0.020199999999999996,
        "145.0": 0.0072,
        "761.0": 0.0116,
        "840.0": 0.0033,
        "988.0": 0.0019,
        "554.0": 0.0103,
        "148.0": 0.0095,
        "848.0": 0.0057,
        "120.0": 0.004699999999999999,
        "442.0": 0.0186,
        "764.0": 0.0081
    },
    "probability_distribution_items": [
        [
            728.0,
            0.0096
        ],
        [
            378.0,
            0.022500000000000003
        ],
        [
            785.0,
            0.0184
        ],
        [
            379.0,
            0.0395
        ],
        [
            1.0,
            0.0123
        ],
        [
            435.0,
            0.028300000000000002
        ],
        [
            757.0,
            0.0142
        ],
        [
            29.0,
            0.0148
        ],
        [
            113.0,
            0.0063999999999999994
        ],
        [
            743.0,
            0.0261
        ],
        [
            365.0,
            0.020499999999999997
        ],
        [
            15.0,
            0.025500000000000002
        ],
        [
            393.0,
            0.030799999999999998
        ],
        [
            71.0,
            0.0076
        ],
        [
            421.0,
            0.0146
        ],
        [
            799.0,
            0.009
        ],
        [
            56.0,
            0.0125
        ],
        [
            858.0,
            0.0086
        ],
        [
            424.0,
            0.0208
        ],
        [
            18.0,
            0.0162
        ],
        [
            508.0,
            0.012499999999999999
        ],
        [
            802.0,
            0.027200000000000002
        ],
        [
            74.0,
            0.016
        ],
        [
            396.0,
            0.0235
        ],
        [
            186.0,
            0.0048
        ],
        [
            480.0,
            0.0115
        ],
        [
            756.0,
            0.008
        ],
        [
            842.0,
            0.0024
        ],
        [
            436.0,
            0.0104
        ],
        [
            58.0,
            0.0068000000000000005
        ],
        [
            758.0,
            0.0136
        ],
        [
            30.0,
            0.0118
        ],
        [
            380.0,
            0.0421
        ],
        [
            730.0,
            0.0132
        ],
        [
            28.0,
            0.0063999999999999994
        ],
        [
            800.0,
            0.0058
        ],
        [
            422.0,
            0.0121
        ],
        [
            72.0,
            0.007
        ],
        [
            394.0,
            0.028599999999999997
        ],
        [
            744.0,
            0.022000000000000002
        ],
        [
            16.0,
            0.0208
        ],
        [
            366.0,
            0.016300000000000002
        ],
        [
            434.0,
            0.013799999999999998
        ],
        [
            915.0,
            0.0072
        ],
        [
            481.0,
            0.014
        ],
        [
            75.0,
            0.025299999999999996
        ],
        [
            509.0,
            0.0111
        ],
        [
            803.0,
            0.0111
        ],
        [
            397.0,
            0.019499999999999997
        ],
        [
            131.0,
            0.0054
        ],
        [
            425.0,
            0.014700000000000001
        ],
        [
            747.0,
            0.011300000000000001
        ],
        [
            2.0,
            0.0066
        ],
        [
            873.0,
            0.0055
        ],
        [
            439.0,
            0.025599999999999998
        ],
        [
            33.0,
            0.0103
        ],
        [
            495.0,
            0.011800000000000001
        ],
        [
            789.0,
            0.012100000000000001
        ],
        [
            61.0,
            0.0126
        ],
        [
            383.0,
            0.020199999999999996
        ],
        [
            145.0,
            0.0072
        ],
        [
            761.0,
            0.0116
        ],
        [
            840.0,
            0.0033
        ],
        [
            988.0,
            0.0019
        ],
        [
            554.0,
            0.0103
        ],
        [
            148.0,
            0.0095
        ],
        [
            848.0,
            0.0057
        ],
        [
            120.0,
            0.004699999999999999
        ],
        [
            442.0,
            0.0186
        ],
        [
            764.0,
            0.0081
        ]
    ],
    "approximation_ratio": 0.5803974670719352,
    "noise": true,
    "p": 5
}