{
    "expected_value": 120.5453919845768,
    "optimal_gammas": [
        1.2406866093798727
    ],
    "optimal_betas": [
        2.485979401315516
    ],
    "problem_identifier": "{'W': [1, 1], 'W_max': 2, 'A': 40, 'B': 4, 'C': 400}",
    "now": "2021-05-05 18:50:21",
    "execution_time": "0:15:35.257951",
    "nfev": 1371,
    "message": "Optimization terminated successfully.",
    "success": true,
    "nit": 43,
    "problem": {
        "W": [
            1,
            1
        ],
        "W_max": 2,
        "A": 40,
        "B": 4,
        "C": 400
    },
    "probability_distribution": {
        "200.0": 0.14004775358675642,
        "110.0": 0.08212469386356679,
        "40.0": 0.04335606419081027,
        "220.0": 0.006574520540186579,
        "20.0": 0.005446664197249581,
        "150.0": 0.012612418495479536,
        "280.0": 0.003401459831041298,
        "241.0": 0.033726491894806594,
        "111.0": 0.04434271734375348,
        "1.0": 0.08332930918493936,
        "151.0": 0.009429049723621638,
        "221.0": 0.002091996109724523,
        "21.0": 0.0037628550736376457,
        "81.0": 0.0037239565492428813,
        "211.0": 0.022966532462132854,
        "101.0": 0.01988385646941191,
        "11.0": 0.08709216425857699,
        "121.0": 0.03073476071512833,
        "51.0": 0.0037239565492428795,
        "141.0": 0.0031531498828348526,
        "251.0": 0.01285195554239826,
        "294.0": 0.00011410896595445111,
        "144.0": 0.040248485490063476,
        "14.0": 0.05483699489520491,
        "204.0": 3.016377570405539e-05,
        "254.0": 0.013438032213549316,
        "54.0": 0.006791637054983276,
        "124.0": 0.016215434480567302,
        "134.0": 1.4780482151668435e-05,
        "184.0": 0.0063809681314326355,
        "282.0": 0.0003161193489507019,
        "152.0": 0.0011058161317957082,
        "42.0": 0.005156220119346793,
        "222.0": 0.012538982008939053,
        "22.0": 0.005172806364637041,
        "112.0": 0.011882918195737944,
        "202.0": 0.012222862659988353,
        "252.0": 0.0015459162849177,
        "142.0": 0.001764589111800988,
        "52.0": 0.007134869045625766,
        "122.0": 0.008220713029720845,
        "212.0": 0.027916239364963735,
        "12.0": 0.007245143232170666,
        "102.0": 0.00645612391791986,
        "335.0": 4.062543044100491e-05,
        "185.0": 0.0026518389356199597,
        "55.0": 0.004319295062128236,
        "205.0": 1.3847329384804176e-05,
        "255.0": 0.0020447280192786416,
        "125.0": 0.0038219646477894,
        "95.0": 3.7719238997355404e-05,
        "145.0": 0.0119633625664889,
        "215.0": 0.01642914497474897,
        "2.0": 1.65862452902527e-05,
        "305.0": 4.0625430441005035e-05,
        "155.0": 0.014615201502108852,
        "25.0": 0.0035564703291917164,
        "195.0": 1.3847329384804274e-05,
        "245.0": 0.002044728019278642,
        "45.0": 0.0007628247329365154,
        "115.0": 0.003821964647789403,
        "105.0": 3.771923899735531e-05,
        "225.0": 0.01642914497474897,
        "388.0": 6.45857538347778e-07,
        "238.0": 3.209404650640195e-05,
        "108.0": 4.891118722761002e-05,
        "288.0": 0.0017092305758740975,
        "88.0": 0.0010925283536807524,
        "158.0": 0.007741524973469368,
        "228.0": 0.005587175579990087
    },
    "probability_distribution_items": [
        [
            200.0,
            0.14004775358675642
        ],
        [
            110.0,
            0.08212469386356679
        ],
        [
            40.0,
            0.04335606419081027
        ],
        [
            220.0,
            0.006574520540186579
        ],
        [
            20.0,
            0.005446664197249581
        ],
        [
            150.0,
            0.012612418495479536
        ],
        [
            280.0,
            0.003401459831041298
        ],
        [
            241.0,
            0.033726491894806594
        ],
        [
            111.0,
            0.04434271734375348
        ],
        [
            1.0,
            0.08332930918493936
        ],
        [
            151.0,
            0.009429049723621638
        ],
        [
            221.0,
            0.002091996109724523
        ],
        [
            21.0,
            0.0037628550736376457
        ],
        [
            81.0,
            0.0037239565492428813
        ],
        [
            211.0,
            0.022966532462132854
        ],
        [
            101.0,
            0.01988385646941191
        ],
        [
            11.0,
            0.08709216425857699
        ],
        [
            121.0,
            0.03073476071512833
        ],
        [
            51.0,
            0.0037239565492428795
        ],
        [
            141.0,
            0.0031531498828348526
        ],
        [
            251.0,
            0.01285195554239826
        ],
        [
            294.0,
            0.00011410896595445111
        ],
        [
            144.0,
            0.040248485490063476
        ],
        [
            14.0,
            0.05483699489520491
        ],
        [
            204.0,
            3.016377570405539e-05
        ],
        [
            254.0,
            0.013438032213549316
        ],
        [
            54.0,
            0.006791637054983276
        ],
        [
            124.0,
            0.016215434480567302
        ],
        [
            134.0,
            1.4780482151668435e-05
        ],
        [
            184.0,
            0.0063809681314326355
        ],
        [
            282.0,
            0.0003161193489507019
        ],
        [
            152.0,
            0.0011058161317957082
        ],
        [
            42.0,
            0.005156220119346793
        ],
        [
            222.0,
            0.012538982008939053
        ],
        [
            22.0,
            0.005172806364637041
        ],
        [
            112.0,
            0.011882918195737944
        ],
        [
            202.0,
            0.012222862659988353
        ],
        [
            252.0,
            0.0015459162849177
        ],
        [
            142.0,
            0.001764589111800988
        ],
        [
            52.0,
            0.007134869045625766
        ],
        [
            122.0,
            0.008220713029720845
        ],
        [
            212.0,
            0.027916239364963735
        ],
        [
            12.0,
            0.007245143232170666
        ],
        [
            102.0,
            0.00645612391791986
        ],
        [
            335.0,
            4.062543044100491e-05
        ],
        [
            185.0,
            0.0026518389356199597
        ],
        [
            55.0,
            0.004319295062128236
        ],
        [
            205.0,
            1.3847329384804176e-05
        ],
        [
            255.0,
            0.0020447280192786416
        ],
        [
            125.0,
            0.0038219646477894
        ],
        [
            95.0,
            3.7719238997355404e-05
        ],
        [
            145.0,
            0.0119633625664889
        ],
        [
            215.0,
            0.01642914497474897
        ],
        [
            2.0,
            1.65862452902527e-05
        ],
        [
            305.0,
            4.0625430441005035e-05
        ],
        [
            155.0,
            0.014615201502108852
        ],
        [
            25.0,
            0.0035564703291917164
        ],
        [
            195.0,
            1.3847329384804274e-05
        ],
        [
            245.0,
            0.002044728019278642
        ],
        [
            45.0,
            0.0007628247329365154
        ],
        [
            115.0,
            0.003821964647789403
        ],
        [
            105.0,
            3.771923899735531e-05
        ],
        [
            225.0,
            0.01642914497474897
        ],
        [
            388.0,
