{
    "expected_value": 60.435,
    "optimal_gammas": [
        5.991375891318256,
        2.9760255199147423,
        0.33968953943199676,
        5.640174867507367
    ],
    "optimal_betas": [
        2.0285714483934116,
        1.1360157635883348,
        1.327919585713704,
        0.33146983416963316
    ],
    "problem_identifier": "{'W': [1, 1], 'W_max': 2, 'A': 8, 'B': 4, 'C': 208}",
    "now": "2021-05-04 17:41:13",
    "execution_time": "0:12:44.972577",
    "nfev": 750,
    "message": "Optimization terminated successfully.",
    "success": true,
    "nit": 3,
    "problem": {
        "W": [
            1,
            1
        ],
        "W_max": 2,
        "A": 8,
        "B": 4,
        "C": 208
    },
    "probability_distribution": {
        "104.0": 0.0041,
        "54.0": 0.0323,
        "113.0": 0.016300000000000002,
        "55.0": 0.029900000000000003,
        "1.0": 0.009399999999999999,
        "63.0": 0.0263,
        "109.0": 0.0169,
        "5.0": 0.0194,
        "17.0": 0.0056,
        "107.0": 0.025500000000000002,
        "53.0": 0.016999999999999998,
        "3.0": 0.03,
        "57.0": 0.034199999999999994,
        "11.0": 0.0066,
        "61.0": 0.024600000000000004,
        "115.0": 0.0053,
        "8.0": 0.0072,
        "126.0": 0.0089,
        "64.0": 0.031,
        "6.0": 0.023600000000000003,
        "76.0": 0.0203,
        "118.0": 0.0216,
        "14.0": 0.0219,
        "60.0": 0.0138,
        "30.0": 0.007599999999999999,
        "72.0": 0.0163,
        "108.0": 0.033600000000000005,
        "122.0": 0.0028,
        "10.0": 0.0053,
        "110.0": 0.0144,
        "56.0": 0.04630000000000001,
        "106.0": 0.0133,
        "4.0": 0.041499999999999995,
        "116.0": 0.0112,
        "62.0": 0.0329,
        "12.0": 0.0063999999999999994,
        "58.0": 0.028399999999999998,
        "135.0": 0.005299999999999999,
        "73.0": 0.016,
        "15.0": 0.023799999999999998,
        "77.0": 0.0141,
        "119.0": 0.015300000000000001,
        "23.0": 0.0051,
        "65.0": 0.0125,
        "111.0": 0.0043,
        "2.0": 0.010499999999999999,
        "129.0": 0.0068,
        "67.0": 0.0315,
        "9.0": 0.0068000000000000005,
        "75.0": 0.0154,
        "117.0": 0.0178,
        "13.0": 0.0181,
        "59.0": 0.0155,
        "25.0": 0.0085,
        "120.0": 0.0031,
        "148.0": 0.0029,
        "86.0": 0.016,
        "28.0": 0.0056,
        "128.0": 0.0097,
        "24.0": 0.008199999999999999,
        "70.0": 0.0155
    },
    "probability_distribution_items": [
        [
            104.0,
            0.0041
        ],
        [
            54.0,
            0.0323
        ],
        [
            113.0,
            0.016300000000000002
        ],
        [
            55.0,
            0.029900000000000003
        ],
        [
            1.0,
            0.009399999999999999
        ],
        [
            63.0,
            0.0263
        ],
        [
            109.0,
            0.0169
        ],
        [
            5.0,
            0.0194
        ],
        [
            17.0,
            0.0056
        ],
        [
            107.0,
            0.025500000000000002
        ],
        [
            53.0,
            0.016999999999999998
        ],
        [
            3.0,
            0.03
        ],
        [
            57.0,
            0.034199999999999994
        ],
        [
            11.0,
            0.0066
        ],
        [
            61.0,
            0.024600000000000004
        ],
        [
            115.0,
            0.0053
        ],
        [
            8.0,
            0.0072
        ],
        [
            126.0,
            0.0089
        ],
        [
            64.0,
            0.031
        ],
        [
            6.0,
            0.023600000000000003
        ],
        [
            76.0,
            0.0203
        ],
        [
            118.0,
            0.0216
        ],
        [
            14.0,
            0.0219
        ],
        [
            60.0,
            0.0138
        ],
        [
            30.0,
            0.007599999999999999
        ],
        [
            72.0,
            0.0163
        ],
        [
            108.0,
            0.033600000000000005
        ],
        [
            122.0,
            0.0028
        ],
        [
            10.0,
            0.0053
        ],
        [
            110.0,
            0.0144
        ],
        [
            56.0,
            0.04630000000000001
        ],
        [
            106.0,
            0.0133
        ],
        [
            4.0,
            0.041499999999999995
        ],
        [
            116.0,
            0.0112
        ],
        [
            62.0,
            0.0329
        ],
        [
            12.0,
            0.0063999999999999994
        ],
        [
            58.0,
            0.028399999999999998
        ],
        [
            135.0,
            0.005299999999999999
        ],
        [
            73.0,
            0.016
        ],
        [
            15.0,
            0.023799999999999998
        ],
        [
            77.0,
            0.0141
        ],
        [
            119.0,
            0.015300000000000001
        ],
        [
            23.0,
            0.0051
        ],
        [
            65.0,
            0.0125
        ],
        [
            111.0,
            0.0043
        ],
        [
            2.0,
            0.010499999999999999
        ],
        [
            129.0,
            0.0068
        ],
        [
            67.0,
            0.0315
        ],
        [
            9.0,
            0.0068000000000000005
        ],
        [
            75.0,
            0.0154
        ],
        [
            117.0,
            0.0178
        ],
        [
            13.0,
            0.0181
        ],
        [
            59.0,
            0.0155
        ],
        [
            25.0,
            0.0085
        ],
        [
            120.0,
            0.0031
        ],
        [
            148.0,
            0.0029
        ],
        [
            86.0,
            0.016
        ],
        [
            28.0,
            0.0056
        ],
        [
            128.0,
            0.0097
        ],
        [
            24.0,
            0.008199999999999999
        ],
        [
            70.0,
            0.0155
        ]
    ],
    "approximation_ratio": 0.5882551020408163,
    "noise": true,
    "p": 4
}