{
    "expected_value": 27.5708,
    "optimal_gammas": [
        3.8999042833327673
    ],
    "optimal_betas": [
        0.33771477565453867
    ],
    "problem_identifier": "{'W': [1, 1], 'W_max': 2, 'A': 32, 'B': 4, 'C': 32}",
    "now": "2021-05-06 20:03:12",
    "execution_time": "0:10:14.219503",
    "nfev": 1293,
    "message": "Optimization terminated successfully.",
    "success": true,
    "nit": 40,
    "problem": {
        "W": [
            1,
            1
        ],
        "W_max": 2,
        "A": 32,
        "B": 4,
        "C": 32
    },
    "optimal_cost": 1.0,
    "probability_distribution": {
        "16.0": 0.055700000000000006,
        "49.0": 0.05160000000000001,
        "17.0": 0.05070000000000001,
        "1.0": 0.0218,
        "33.0": 0.0056,
        "65.0": 0.0014,
        "25.0": 0.0657,
        "9.0": 0.0736,
        "41.0": 0.0051,
        "57.0": 0.0015999999999999999,
        "32.0": 0.0042,
        "92.0": 0.006699999999999999,
        "44.0": 0.0334,
        "12.0": 0.0901,
        "60.0": 0.0063999999999999994,
        "28.0": 0.0228,
        "108.0": 0.0006,
        "76.0": 0.0019,
        "82.0": 0.0033,
        "50.0": 0.009899999999999999,
        "34.0": 0.0162,
        "18.0": 0.0461,
        "58.0": 0.0199,
        "42.0": 0.0364,
        "26.0": 0.0745,
        "10.0": 0.0568,
        "48.0": 0.0013000000000000002,
        "125.0": 0.0023,
        "77.0": 0.0063,
        "45.0": 0.0338,
        "93.0": 0.0013999999999999998,
        "61.0": 0.0066,
        "29.0": 0.0557,
        "2.0": 0.0045,
        "101.0": 0.001,
        "53.0": 0.0167,
        "21.0": 0.0465,
        "85.0": 0.0036,
        "37.0": 0.028200000000000003,
        "80.0": 0.0003,
        "168.0": 0.0001,
        "120.0": 0.0005,
        "88.0": 0.004,
        "72.0": 0.0005,
        "56.0": 0.007899999999999999,
        "40.0": 0.0168
    },
    "probability_distribution_items": [
        [
            16.0,
            0.055700000000000006
        ],
        [
            49.0,
            0.05160000000000001
        ],
        [
            17.0,
            0.05070000000000001
        ],
        [
            1.0,
            0.0218
        ],
        [
            33.0,
            0.0056
        ],
        [
            65.0,
            0.0014
        ],
        [
            25.0,
            0.0657
        ],
        [
            9.0,
            0.0736
        ],
        [
            41.0,
            0.0051
        ],
        [
            57.0,
            0.0015999999999999999
        ],
        [
            32.0,
            0.0042
        ],
        [
            92.0,
            0.006699999999999999
        ],
        [
            44.0,
            0.0334
        ],
        [
            12.0,
            0.0901
        ],
        [
            60.0,
            0.0063999999999999994
        ],
        [
            28.0,
            0.0228
        ],
        [
            108.0,
            0.0006
        ],
        [
            76.0,
            0.0019
        ],
        [
            82.0,
            0.0033
        ],
        [
            50.0,
            0.009899999999999999
        ],
        [
            34.0,
            0.0162
        ],
        [
            18.0,
            0.0461
        ],
        [
            58.0,
            0.0199
        ],
        [
            42.0,
            0.0364
        ],
        [
            26.0,
            0.0745
        ],
        [
            10.0,
            0.0568
        ],
        [
            48.0,
            0.0013000000000000002
        ],
        [
            125.0,
            0.0023
        ],
        [
            77.0,
            0.0063
        ],
        [
            45.0,
            0.0338
        ],
        [
            93.0,
            0.0013999999999999998
        ],
        [
            61.0,
            0.0066
        ],
        [
            29.0,
            0.0557
        ],
        [
            2.0,
            0.0045
        ],
        [
            101.0,
            0.001
        ],
        [
            53.0,
            0.0167
        ],
        [
            21.0,
            0.0465
        ],
        [
            85.0,
            0.0036
        ],
        [
            37.0,
            0.028200000000000003
        ],
        [
            80.0,
            0.0003
        ],
        [
            168.0,
            0.0001
        ],
        [
            120.0,
            0.0005
        ],
        [
            88.0,
            0.004
        ],
        [
            72.0,
            0.0005
        ],
        [
            56.0,
            0.007899999999999999
        ],
        [
            40.0,
            0.0168
        ]
    ],
    "approximation_ratio": 28.4512,
    "approximation_ratio_offset": 0.8356215568862275,
    "noise": true,
    "p": 1
}