{
    "expected_value": 296.0344,
    "optimal_gammas": [
        3.1384115994502033,
        5.838489821830672,
        4.155149215473026,
        2.8152323977212976,
        2.8893623393048835,
        4.26271406587211,
        3.517606328607448
    ],
    "optimal_betas": [
        2.4320085441532977,
        2.116839188104889,
        0.41634268660899565,
        0.8642405896133176,
        0.36100566585042104,
        1.6281445282930105,
        1.6563973651816792
    ],
    "problem_identifier": "{'W': [1, 1], 'W_max': 2, 'A': 40, 'B': 4, 'C': 1040}",
    "now": "2021-05-04 17:43:16",
    "execution_time": "0:32:25.691213",
    "nfev": 1110,
    "message": "Optimization terminated successfully.",
    "success": true,
    "nit": 1,
    "problem": {
        "W": [
            1,
            1
        ],
        "W_max": 2,
        "A": 40,
        "B": 4,
        "C": 1040
    },
    "probability_distribution": {
        "520.0": 0.0078,
        "270.0": 0.020300000000000002,
        "561.0": 0.0173,
        "271.0": 0.0348,
        "1.0": 0.0093,
        "311.0": 0.0249,
        "541.0": 0.016399999999999998,
        "21.0": 0.014199999999999999,
        "81.0": 0.005900000000000001,
        "531.0": 0.025500000000000002,
        "261.0": 0.019200000000000002,
        "11.0": 0.0231,
        "281.0": 0.0352,
        "51.0": 0.0086,
        "301.0": 0.0132,
        "571.0": 0.007899999999999999,
        "40.0": 0.0104,
        "614.0": 0.0107,
        "304.0": 0.019799999999999998,
        "14.0": 0.0117,
        "364.0": 0.015299999999999998,
        "574.0": 0.0235,
        "54.0": 0.0145,
        "284.0": 0.0185,
        "134.0": 0.0072,
        "344.0": 0.014499999999999999,
        "540.0": 0.0087,
        "602.0": 0.0036,
        "312.0": 0.0135,
        "42.0": 0.007599999999999999,
        "542.0": 0.0153,
        "22.0": 0.013600000000000001,
        "272.0": 0.0449,
        "522.0": 0.0121,
        "20.0": 0.0078,
        "572.0": 0.008400000000000001,
        "302.0": 0.0155,
        "52.0": 0.008,
        "282.0": 0.030500000000000003,
        "532.0": 0.0226,
        "12.0": 0.019299999999999998,
        "262.0": 0.013600000000000001,
        "310.0": 0.015,
        "655.0": 0.0063999999999999994,
        "345.0": 0.0164,
        "55.0": 0.020200000000000003,
        "365.0": 0.0133,
        "575.0": 0.013600000000000001,
        "285.0": 0.0141,
        "95.0": 0.0062,
        "305.0": 0.0148,
        "535.0": 0.0083,
        "2.0": 0.0063999999999999994,
        "625.0": 0.009600000000000001,
        "315.0": 0.0324,
        "25.0": 0.0093,
        "355.0": 0.0147,
        "565.0": 0.0156,
        "45.0": 0.013,
        "275.0": 0.015600000000000001,
        "105.0": 0.0077,
        "545.0": 0.0069,
        "600.0": 0.004,
        "708.0": 0.0027,
        "398.0": 0.015,
        "108.0": 0.0081,
        "608.0": 0.0085,
        "88.0": 0.0074,
        "318.0": 0.015299999999999998,
        "548.0": 0.0048
    },
    "probability_distribution_items": [
        [
            520.0,
            0.0078
        ],
        [
            270.0,
            0.020300000000000002
        ],
        [
            561.0,
            0.0173
        ],
        [
            271.0,
            0.0348
        ],
        [
            1.0,
            0.0093
        ],
        [
            311.0,
            0.0249
        ],
        [
            541.0,
            0.016399999999999998
        ],
        [
            21.0,
            0.014199999999999999
        ],
        [
            81.0,
            0.005900000000000001
        ],
        [
            531.0,
            0.025500000000000002
        ],
        [
            261.0,
            0.019200000000000002
        ],
        [
            11.0,
            0.0231
        ],
        [
            281.0,
            0.0352
        ],
        [
            51.0,
            0.0086
        ],
        [
            301.0,
            0.0132
        ],
        [
            571.0,
            0.007899999999999999
        ],
        [
            40.0,
            0.0104
        ],
        [
            614.0,
            0.0107
        ],
        [
            304.0,
            0.019799999999999998
        ],
        [
            14.0,
            0.0117
        ],
        [
            364.0,
            0.015299999999999998
        ],
        [
            574.0,
            0.0235
        ],
        [
            54.0,
            0.0145
        ],
        [
            284.0,
            0.0185
        ],
        [
            134.0,
            0.0072
        ],
        [
            344.0,
            0.014499999999999999
        ],
        [
            540.0,
            0.0087
        ],
        [
            602.0,
            0.0036
        ],
        [
            312.0,
            0.0135
        ],
        [
            42.0,
            0.007599999999999999
        ],
        [
            542.0,
            0.0153
        ],
        [
            22.0,
            0.013600000000000001
        ],
        [
            272.0,
            0.0449
        ],
        [
            522.0,
            0.0121
        ],
        [
            20.0,
            0.0078
        ],
        [
            572.0,
            0.008400000000000001
        ],
        [
            302.0,
            0.0155
        ],
        [
            52.0,
            0.008
        ],
        [
            282.0,
            0.030500000000000003
        ],
        [
            532.0,
            0.0226
        ],
        [
            12.0,
            0.019299999999999998
        ],
        [
            262.0,
            0.013600000000000001
        ],
        [
            310.0,
            0.015
        ],
        [
            655.0,
            0.0063999999999999994
        ],
        [
            345.0,
            0.0164
        ],
        [
            55.0,
            0.020200000000000003
        ],
        [
            365.0,
            0.0133
        ],
        [
            575.0,
            0.013600000000000001
        ],
        [
            285.0,
            0.0141
        ],
        [
            95.0,
            0.0062
        ],
        [
            305.0,
            0.0148
        ],
        [
            535.0,
            0.0083
        ],
        [
            2.0,
            0.0063999999999999994
        ],
        [
            625.0,
            0.009600000000000001
        ],
        [
            315.0,
            0.0324
        ],
        [
            25.0,
            0.0093
        ],
        [
            355.0,
            0.0147
        ],
        [
            565.0,
            0.0156
        ],
        [
            45.0,
            0.013
        ],
        [
            275.0,
            0.015600000000000001
        ],
        [
            105.0,
            0.0077
        ],
        [
            545.0,
            0.0069
        ],
        [
            600.0,
            0.004
        ],
        [
            708.0,
            0.0027
        ],
        [
            398.0,
            0.015
        ],
        [
            108.0,
            0.0081
        ],
        [
            608.0,
            0.0085
        ],
        [
            88.0,
            0.0074
        ],
        [
            318.0,
            0.015299999999999998
        ],
        [
            548.0,
            0.0048
        ]
    ],
    "approximation_ratio": 0.5741749646393212,
    "noise": true,
    "p": 7
}