{
    "expected_value": 9.41351187718741,
    "optimal_gammas": [
        3.688935571165129,
        4.764746401780383
    ],
    "optimal_betas": [
        0.692462109814925,
        1.2566088440269492
    ],
    "problem_identifier": "{'W': [1, 1, 1], 'W_max': 1, 'A': 12, 'B': 4, 'C': 12}",
    "now": "2021-05-06 19:21:28",
    "execution_time": "0:25:06.612407",
    "nfev": 6185,
    "message": "Optimization terminated successfully.",
    "success": true,
    "nit": 100,
    "problem": {
        "W": [
            1,
            1,
            1
        ],
        "W_max": 1,
        "A": 12,
        "B": 4,
        "C": 12
    },
    "probability_distribution": {
        "9.0": 0.922897260683402,
        "15.0": 0.023111870334111342,
        "27.0": 0.0017062095103083643,
        "21.0": 0.0036725155417562704,
        "33.0": 0.0007543880510875961,
        "45.0": 9.478190587332598e-05,
        "63.0": 2.1538745907815274e-06,
        "39.0": 5.3699144284638784e-05,
        "57.0": 1.3263106693983507e-05,
        "51.0": 1.2063056497773709e-05,
        "75.0": 1.5597293840011894e-06,
        "69.0": 1.6536945081592e-06,
        "93.0": 1.8674246868560172e-07,
        "117.0": 1.3553121300191793e-09,
        "13.0": 0.033700255867117695,
        "7.0": 0.007951383386319748,
        "19.0": 0.002478489753493815,
        "25.0": 0.0005691263893056052,
        "31.0": 0.00024238694297016363,
        "37.0": 7.307018676233936e-05,
        "49.0": 6.753596546668771e-06,
        "43.0": 2.322341764006677e-05,
        "61.0": 1.04353130946755e-06,
        "55.0": 2.9151019315196206e-06,
        "67.0": 8.044851231381427e-07,
        "79.0": 9.185652175207598e-08,
        "73.0": 2.024205509040275e-07,
        "85.0": 4.592826087603727e-08,
        "103.0": 6.956302250166388e-09,
        "17.0": 0.0011295583728233288,
        "11.0": 0.001272987351309983,
        "5.0": 6.332385790859629e-05,
        "23.0": 0.00012917890191104365,
        "35.0": 1.5375358019911014e-05,
        "29.0": 1.2786945403145126e-05,
        "47.0": 1.1270706350248484e-06,
        "41.0": 2.7193992950589546e-06,
        "53.0": 5.216201613467925e-07,
        "65.0": 2.8032761288165886e-08,
        "59.0": 3.761952372457958e-07,
        "71.0": 5.6065522576330806e-08,
        "89.0": 2.9763011602658157e-09,
        "3.0": 5.513022614445857e-07
    },
    "probability_distribution_items": [
        [
            9.0,
            0.922897260683402
        ],
        [
            15.0,
            0.023111870334111342
        ],
        [
            27.0,
            0.0017062095103083643
        ],
        [
            21.0,
            0.0036725155417562704
        ],
        [
            33.0,
            0.0007543880510875961
        ],
        [
            45.0,
            9.478190587332598e-05
        ],
        [
            63.0,
            2.1538745907815274e-06
        ],
        [
            39.0,
            5.3699144284638784e-05
        ],
        [
            57.0,
            1.3263106693983507e-05
        ],
        [
            51.0,
            1.2063056497773709e-05
        ],
        [
            75.0,
            1.5597293840011894e-06
        ],
        [
            69.0,
            1.6536945081592e-06
        ],
        [
            93.0,
            1.8674246868560172e-07
        ],
        [
            117.0,
            1.3553121300191793e-09
        ],
        [
            13.0,
            0.033700255867117695
        ],
        [
            7.0,
            0.007951383386319748
        ],
        [
            19.0,
            0.002478489753493815
        ],
        [
            25.0,
            0.0005691263893056052
        ],
        [
            31.0,
            0.00024238694297016363
        ],
        [
            37.0,
            7.307018676233936e-05
        ],
        [
            49.0,
            6.753596546668771e-06
        ],
        [
            43.0,
            2.322341764006677e-05
        ],
        [
            61.0,
            1.04353130946755e-06
        ],
        [
            55.0,
            2.9151019315196206e-06
        ],
        [
            67.0,
            8.044851231381427e-07
        ],
        [
            79.0,
            9.185652175207598e-08
        ],
        [
            73.0,
            2.024205509040275e-07
        ],
        [
            85.0,
            4.592826087603727e-08
        ],
        [
            103.0,
            6.956302250166388e-09
        ],
        [
            17.0,
            0.0011295583728233288
        ],
        [
            11.0,
            0.001272987351309983
        ],
        [
            5.0,
            6.332385790859629e-05
        ],
        [
            23.0,
            0.00012917890191104365
        ],
        [
            35.0,
            1.5375358019911014e-05
        ],
        [
            29.0,
            1.2786945403145126e-05
        ],
        [
            47.0,
            1.1270706350248484e-06
        ],
        [
            41.0,
            2.7193992950589546e-06
        ],
        [
            53.0,
            5.216201613467925e-07
        ],
        [
            65.0,
            2.8032761288165886e-08
        ],
        [
            59.0,
            3.761952372457958e-07
        ],
        [
            71.0,
            5.6065522576330806e-08
        ],
        [
            89.0,
            2.9763011602658157e-09
        ],
        [
            3.0,
            5.513022614445857e-07
        ]
    ],
    "approximation_ratio": 0.9437411238843223,
    "noise": false,
    "p": 2
}