{
    "expected_value": 28.7933,
    "optimal_gammas": [
        2.630887382954076,
        0.49112111032543393,
        2.7186177410157466,
        1.055662890559244,
        2.427188947911635
    ],
    "optimal_betas": [
        1.5447611845244102,
        0.6143176845491696,
        0.08532267830905586,
        0.42850950233593726,
        0.45946517791139885
    ],
    "problem_identifier": "{'W': [1, 1], 'W_max': 2, 'A': 8, 'B': 4, 'C': 80}",
    "now": "2021-05-04 04:53:57",
    "execution_time": "5:43:14.787385",
    "problem": {
        "W": [
            1,
            1
        ],
        "W_max": 2,
        "A": 8,
        "B": 4,
        "C": 80
    },
    "probability_distribution": {
        "40.0": 0.0221,
        "22.0": 0.04369999999999999,
        "49.0": 0.0251,
        "23.0": 0.049499999999999995,
        "1.0": 0.0125,
        "31.0": 0.0269,
        "45.0": 0.0325,
        "5.0": 0.0196,
        "17.0": 0.006200000000000001,
        "43.0": 0.0463,
        "21.0": 0.0324,
        "3.0": 0.0293,
        "25.0": 0.0382,
        "11.0": 0.0055,
        "29.0": 0.030000000000000002,
        "51.0": 0.0065,
        "8.0": 0.013600000000000001,
        "62.0": 0.011300000000000001,
        "32.0": 0.0399,
        "6.0": 0.0304,
        "44.0": 0.051300000000000005,
        "54.0": 0.0286,
        "14.0": 0.0155,
        "28.0": 0.0245,
        "30.0": 0.0401,
        "58.0": 0.0041,
        "10.0": 0.005299999999999999,
        "46.0": 0.0142,
        "24.0": 0.041100000000000005,
        "42.0": 0.0086,
        "4.0": 0.0352,
        "52.0": 0.0103,
        "12.0": 0.0057,
        "26.0": 0.028999999999999998,
        "71.0": 0.0038000000000000004,
        "41.0": 0.0104,
        "15.0": 0.0204,
        "55.0": 0.0119,
        "33.0": 0.0085,
        "47.0": 0.0057,
        "2.0": 0.0075,
        "65.0": 0.0052,
        "35.0": 0.0214,
        "9.0": 0.008,
        "53.0": 0.014799999999999999,
        "13.0": 0.0139,
        "27.0": 0.0164,
        "56.0": 0.0019,
        "84.0": 0.0016,
        "64.0": 0.004,
        "38.0": 0.009600000000000001
    },
    "probability_distribution_items": [
        [
            40.0,
            0.0221
        ],
        [
            22.0,
            0.04369999999999999
        ],
        [
            49.0,
            0.0251
        ],
        [
            23.0,
            0.049499999999999995
        ],
        [
            1.0,
            0.0125
        ],
        [
            31.0,
            0.0269
        ],
        [
            45.0,
            0.0325
        ],
        [
            5.0,
            0.0196
        ],
        [
            17.0,
            0.006200000000000001
        ],
        [
            43.0,
            0.0463
        ],
        [
            21.0,
            0.0324
        ],
        [
            3.0,
            0.0293
        ],
        [
            25.0,
            0.0382
        ],
        [
            11.0,
            0.0055
        ],
        [
            29.0,
            0.030000000000000002
        ],
        [
            51.0,
            0.0065
        ],
        [
            8.0,
            0.013600000000000001
        ],
        [
            62.0,
            0.011300000000000001
        ],
        [
            32.0,
            0.0399
        ],
        [
            6.0,
            0.0304
        ],
        [
            44.0,
            0.051300000000000005
        ],
        [
            54.0,
            0.0286
        ],
        [
            14.0,
            0.0155
        ],
        [
            28.0,
            0.0245
        ],
        [
            30.0,
            0.0401
        ],
        [
            58.0,
            0.0041
        ],
        [
            10.0,
            0.005299999999999999
        ],
        [
            46.0,
            0.0142
        ],
        [
            24.0,
            0.041100000000000005
        ],
        [
            42.0,
            0.0086
        ],
        [
            4.0,
            0.0352
        ],
        [
            52.0,
            0.0103
        ],
        [
            12.0,
            0.0057
        ],
        [
            26.0,
            0.028999999999999998
        ],
        [
            71.0,
            0.0038000000000000004
        ],
        [
            41.0,
            0.0104
        ],
        [
            15.0,
            0.0204
        ],
        [
            55.0,
            0.0119
        ],
        [
            33.0,
            0.0085
        ],
        [
            47.0,
            0.0057
        ],
        [
            2.0,
            0.0075
        ],
        [
            65.0,
            0.0052
        ],
        [
            35.0,
            0.0214
        ],
        [
            9.0,
            0.008
        ],
        [
            53.0,
            0.014799999999999999
        ],
        [
            13.0,
            0.0139
        ],
        [
            27.0,
            0.0164
        ],
        [
            56.0,
            0.0019
        ],
        [
            84.0,
            0.0016
        ],
        [
            64.0,
            0.004
        ],
        [
            38.0,
            0.009600000000000001
        ]
    ],
    "approximation_ratio": 0.6555987951807228,
    "noise": true,
    "p": 5
}