{
    "expected_value": 45.7673,
    "optimal_gammas": [
        1.322140484068071,
        1.9061982961946191,
        0.3133593345101635,
        2.9192359787289006,
        1.1315626880051293
    ],
    "optimal_betas": [
        1.0490863920352762,
        1.2308240267456332,
        0.30290933640895673,
        1.31185105109804,
        0.4230017622166133
    ],
    "problem_identifier": "{'W': [1, 1], 'W_max': 2, 'A': 8, 'B': 4, 'C': 144}",
    "now": "2021-05-03 21:51:04",
    "execution_time": "0:12:13.259759",
    "probability_distribution": {
        "72.0": 0.0034,
        "38.0": 0.035300000000000005,
        "81.0": 0.0211,
        "39.0": 0.0343,
        "1.0": 0.0063999999999999994,
        "47.0": 0.0313,
        "77.0": 0.0168,
        "5.0": 0.0172,
        "17.0": 0.0085,
        "75.0": 0.022900000000000004,
        "37.0": 0.0158,
        "3.0": 0.026,
        "41.0": 0.025799999999999997,
        "11.0": 0.0069,
        "45.0": 0.0325,
        "83.0": 0.0074,
        "8.0": 0.009600000000000001,
        "94.0": 0.0067,
        "48.0": 0.034,
        "6.0": 0.0219,
        "60.0": 0.0158,
        "86.0": 0.023700000000000002,
        "14.0": 0.018500000000000003,
        "44.0": 0.017,
        "30.0": 0.0078,
        "56.0": 0.0139,
        "76.0": 0.0317,
        "90.0": 0.0025,
        "10.0": 0.0068000000000000005,
        "78.0": 0.0152,
        "40.0": 0.0455,
        "74.0": 0.012799999999999999,
        "4.0": 0.031,
        "84.0": 0.0096,
        "46.0": 0.0282,
        "12.0": 0.0053,
        "42.0": 0.028699999999999996,
        "103.0": 0.006500000000000001,
        "57.0": 0.013900000000000001,
        "15.0": 0.0295,
        "61.0": 0.0168,
        "87.0": 0.0186,
        "23.0": 0.0069,
        "49.0": 0.015000000000000001,
        "79.0": 0.0056,
        "2.0": 0.008,
        "97.0": 0.0077,
        "51.0": 0.03,
        "9.0": 0.0055000000000000005,
        "59.0": 0.017099999999999997,
        "85.0": 0.019200000000000002,
        "13.0": 0.0162,
        "43.0": 0.014499999999999999,
        "25.0": 0.0060999999999999995,
        "88.0": 0.0037,
        "116.0": 0.0029,
        "70.0": 0.015,
        "28.0": 0.0072,
        "96.0": 0.0087,
        "24.0": 0.0098,
        "54.0": 0.0178
    },
    "approximation_ratio": 0.5990765217391304
}