{
    "expected_value": 9.413511811945138,
    "optimal_gammas": [
        5.259731611168404,
        4.764737983138527
    ],
    "optimal_betas": [
        2.449168472489583,
        1.8849854665247292
    ],
    "problem_identifier": "{'W': [1, 1, 1], 'W_max': 1, 'A': 12, 'B': 4, 'C': 12}",
    "now": "2021-05-06 20:41:08",
    "execution_time": "0:49:54.754822",
    "nfev": 5240,
    "message": "Optimization terminated successfully.",
    "success": true,
    "nit": 85,
    "problem": {
        "W": [
            1,
            1,
            1
        ],
        "W_max": 1,
        "A": 12,
        "B": 4,
        "C": 12
    },
    "probability_distribution": {
        "9.0": 0.9228877132742873,
        "15.0": 0.023107937314276284,
        "27.0": 0.0017058874386261071,
        "21.0": 0.0036718323011885497,
        "33.0": 0.0007542955764684501,
        "45.0": 9.47507746850775e-05,
        "63.0": 2.155379096648921e-06,
        "39.0": 5.366022920256483e-05,
        "57.0": 1.3254397373971846e-05,
        "51.0": 1.205731514445651e-05,
        "75.0": 1.559157719833013e-06,
        "69.0": 1.6519179633203352e-06,
        "93.0": 1.865964140815916e-07,
        "117.0": 1.3553108928814059e-09,
        "13.0": 0.03371519915339319,
        "7.0": 0.007952345349478768,
        "19.0": 0.002477764483935922,
        "25.0": 0.0005689913110375873,
        "31.0": 0.00024221686520729493,
        "37.0": 7.301485698634472e-05,
        "49.0": 6.749939666337529e-06,
        "43.0": 2.3207841161379496e-05,
        "61.0": 1.042904694625995e-06,
        "55.0": 2.912789939525789e-06,
        "67.0": 8.038790029475248e-07,
        "79.0": 9.183552437140365e-08,
        "73.0": 2.0242430730587799e-07,
        "85.0": 4.591776218570279e-08,
        "103.0": 6.957535788894886e-09,
        "17.0": 0.0011299619502152518,
        "11.0": 0.0012725737214578105,
        "5.0": 6.331953399266272e-05,
        "23.0": 0.00012908514088392681,
        "35.0": 1.53611662297989e-05,
        "29.0": 1.2781619003303742e-05,
        "47.0": 1.1264168484234062e-06,
        "41.0": 2.716842257673509e-06,
        "53.0": 5.20932859041708e-07,
        "65.0": 2.802008078681208e-08,
        "59.0": 3.7581515644415575e-07,
        "71.0": 5.6040161573623906e-08,
        "89.0": 2.980060203449019e-09,
        "3.0": 5.502834036091303e-07
    },
    "probability_distribution_items": [
        [
            9.0,
            0.9228877132742873
        ],
        [
            15.0,
            0.023107937314276284
        ],
        [
            27.0,
            0.0017058874386261071
        ],
        [
            21.0,
            0.0036718323011885497
        ],
        [
            33.0,
            0.0007542955764684501
        ],
        [
            45.0,
            9.47507746850775e-05
        ],
        [
            63.0,
            2.155379096648921e-06
        ],
        [
            39.0,
            5.366022920256483e-05
        ],
        [
            57.0,
            1.3254397373971846e-05
        ],
        [
            51.0,
            1.205731514445651e-05
        ],
        [
            75.0,
            1.559157719833013e-06
        ],
        [
            69.0,
            1.6519179633203352e-06
        ],
        [
            93.0,
            1.865964140815916e-07
        ],
        [
            117.0,
            1.3553108928814059e-09
        ],
        [
            13.0,
            0.03371519915339319
        ],
        [
            7.0,
            0.007952345349478768
        ],
        [
            19.0,
            0.002477764483935922
        ],
        [
            25.0,
            0.0005689913110375873
        ],
        [
            31.0,
            0.00024221686520729493
        ],
        [
            37.0,
            7.301485698634472e-05
        ],
        [
            49.0,
            6.749939666337529e-06
        ],
        [
            43.0,
            2.3207841161379496e-05
        ],
        [
            61.0,
            1.042904694625995e-06
        ],
        [
            55.0,
            2.912789939525789e-06
        ],
        [
            67.0,
            8.038790029475248e-07
        ],
        [
            79.0,
            9.183552437140365e-08
        ],
        [
            73.0,
            2.0242430730587799e-07
        ],
        [
            85.0,
            4.591776218570279e-08
        ],
        [
            103.0,
            6.957535788894886e-09
        ],
        [
            17.0,
            0.0011299619502152518
        ],
        [
            11.0,
            0.0012725737214578105
        ],
        [
            5.0,
            6.331953399266272e-05
        ],
        [
            23.0,
            0.00012908514088392681
        ],
        [
            35.0,
            1.53611662297989e-05
        ],
        [
            29.0,
            1.2781619003303742e-05
        ],
        [
            47.0,
            1.1264168484234062e-06
        ],
        [
            41.0,
            2.716842257673509e-06
        ],
        [
            53.0,
            5.20932859041708e-07
        ],
        [
            65.0,
            2.802008078681208e-08
        ],
        [
            59.0,
            3.7581515644415575e-07
        ],
        [
            71.0,
            5.6040161573623906e-08
        ],
        [
            89.0,
            2.980060203449019e-09
        ],
        [
            3.0,
            5.502834036091303e-07
        ]
    ],
    "approximation_ratio": 0.9437411244566213,
    "noise": false,
    "p": 2
}