{
    "expected_value": 200.8952,
    "optimal_gammas": [
        5.986574717118936
    ],
    "optimal_betas": [
        2.8234490142898014
    ],
    "problem_identifier": "{'W': [1, 1], 'W_max': 2, 'A': 40, 'B': 4, 'C': 720}",
    "now": "2021-05-04 17:48:20",
    "execution_time": "0:11:39.911030",
    "nfev": 1581,
    "message": "Optimization terminated successfully.",
    "success": true,
    "nit": 49,
    "problem": {
        "W": [
            1,
            1
        ],
        "W_max": 2,
        "A": 40,
        "B": 4,
        "C": 720
    },
    "probability_distribution": {
        "360.0": 0.0285,
        "190.0": 0.0301,
        "401.0": 0.0211,
        "191.0": 0.0628,
        "1.0": 0.0189,
        "231.0": 0.010100000000000001,
        "381.0": 0.0155,
        "21.0": 0.0152,
        "81.0": 0.0006,
        "371.0": 0.0369,
        "181.0": 0.058800000000000005,
        "11.0": 0.03,
        "201.0": 0.0185,
        "51.0": 0.00039999999999999996,
        "221.0": 0.0026,
        "411.0": 0.0005,
        "40.0": 0.0024,
        "454.0": 0.0027,
        "224.0": 0.0264,
        "14.0": 0.047299999999999995,
        "284.0": 0.0015,
        "414.0": 0.0063,
        "54.0": 0.0085,
        "204.0": 0.022099999999999998,
        "264.0": 0.0018,
        "380.0": 0.005,
        "442.0": 0.002,
        "232.0": 0.0137,
        "42.0": 0.0046,
        "382.0": 0.02,
        "22.0": 0.016599999999999997,
        "192.0": 0.048100000000000004,
        "362.0": 0.0126,
        "20.0": 0.0018,
        "412.0": 0.0062,
        "222.0": 0.017599999999999998,
        "52.0": 0.0036,
        "202.0": 0.033800000000000004,
        "372.0": 0.028900000000000002,
        "12.0": 0.0335,
        "182.0": 0.015399999999999999,
        "230.0": 0.0015,
        "495.0": 0.0007,
        "265.0": 0.0071,
        "55.0": 0.025,
        "285.0": 0.0018,
        "415.0": 0.011200000000000002,
        "205.0": 0.0372,
        "95.0": 0.0012000000000000001,
        "225.0": 0.0078,
        "375.0": 0.011099999999999999,
        "2.0": 0.014599999999999998,
        "465.0": 0.0008,
        "235.0": 0.013999999999999999,
        "25.0": 0.015300000000000001,
        "275.0": 0.0018999999999999998,
        "405.0": 0.010499999999999999,
        "45.0": 0.0131,
        "195.0": 0.0417,
        "105.0": 0.0005,
        "385.0": 0.008,
        "318.0": 0.0012000000000000001,
        "108.0": 0.0013,
        "88.0": 0.0018,
        "238.0": 0.017,
        "448.0": 0.0037,
        "388.0": 0.0171
    },
    "probability_distribution_items": [
        [
            360.0,
            0.0285
        ],
        [
            190.0,
            0.0301
        ],
        [
            401.0,
            0.0211
        ],
        [
            191.0,
            0.0628
        ],
        [
            1.0,
            0.0189
        ],
        [
            231.0,
            0.010100000000000001
        ],
        [
            381.0,
            0.0155
        ],
        [
            21.0,
            0.0152
        ],
        [
            81.0,
            0.0006
        ],
        [
            371.0,
            0.0369
        ],
        [
            181.0,
            0.058800000000000005
        ],
        [
            11.0,
            0.03
        ],
        [
            201.0,
            0.0185
        ],
        [
            51.0,
            0.00039999999999999996
        ],
        [
            221.0,
            0.0026
        ],
        [
            411.0,
            0.0005
        ],
        [
            40.0,
            0.0024
        ],
        [
            454.0,
            0.0027
        ],
        [
            224.0,
            0.0264
        ],
        [
            14.0,
            0.047299999999999995
        ],
        [
            284.0,
            0.0015
        ],
        [
            414.0,
            0.0063
        ],
        [
            54.0,
            0.0085
        ],
        [
            204.0,
            0.022099999999999998
        ],
        [
            264.0,
            0.0018
        ],
        [
            380.0,
            0.005
        ],
        [
            442.0,
            0.002
        ],
        [
            232.0,
            0.0137
        ],
        [
            42.0,
            0.0046
        ],
        [
            382.0,
            0.02
        ],
        [
            22.0,
            0.016599999999999997
        ],
        [
            192.0,
            0.048100000000000004
        ],
        [
            362.0,
            0.0126
        ],
        [
            20.0,
            0.0018
        ],
        [
            412.0,
            0.0062
        ],
        [
            222.0,
            0.017599999999999998
        ],
        [
            52.0,
            0.0036
        ],
        [
            202.0,
            0.033800000000000004
        ],
        [
            372.0,
            0.028900000000000002
        ],
        [
            12.0,
            0.0335
        ],
        [
            182.0,
            0.015399999999999999
        ],
        [
            230.0,
            0.0015
        ],
        [
            495.0,
            0.0007
        ],
        [
            265.0,
            0.0071
        ],
        [
            55.0,
            0.025
        ],
        [
            285.0,
            0.0018
        ],
        [
            415.0,
            0.011200000000000002
        ],
        [
            205.0,
            0.0372
        ],
        [
            95.0,
            0.0012000000000000001
        ],
        [
            225.0,
            0.0078
        ],
        [
            375.0,
            0.011099999999999999
        ],
        [
            2.0,
            0.014599999999999998
        ],
        [
            465.0,
            0.0008
        ],
        [
            235.0,
            0.013999999999999999
        ],
        [
            25.0,
            0.015300000000000001
        ],
        [
            275.0,
            0.0018999999999999998
        ],
        [
            405.0,
            0.010499999999999999
        ],
        [
            45.0,
            0.0131
        ],
        [
            195.0,
            0.0417
        ],
        [
            105.0,
            0.0005
        ],
        [
            385.0,
            0.008
        ],
        [
            318.0,
            0.0012000000000000001
        ],
        [
            108.0,
            0.0013
        ],
        [
            88.0,
            0.0018
        ],
        [
            238.0,
            0.017
        ],
        [
            448.0,
            0.0037
        ],
        [
            388.0,
            0.0171
        ]
    ],
    "approximation_ratio": 0.6256149908592322,
    "noise": true,
    "p": 1
}