{
    "expected_value": 24.2848,
    "optimal_gammas": [
        0.04877802069974835,
        0.6806970333988137
    ],
    "optimal_betas": [
        0.8711763073738109,
        0.3922020035682831
    ],
    "problem_identifier": "{'W': [1, 1], 'W_max': 2, 'A': 8, 'B': 4, 'C': 80}",
    "now": "2021-05-04 04:22:09",
    "execution_time": "1:23:56.544310",
    "problem": {
        "W": [
            1,
            1
        ],
        "W_max": 2,
        "A": 8,
        "B": 4,
        "C": 80
    },
    "probability_distribution": {
        "40.0": 0.0118,
        "22.0": 0.034300000000000004,
        "49.0": 0.032,
        "23.0": 0.0581,
        "1.0": 0.0313,
        "31.0": 0.018500000000000003,
        "45.0": 0.015199999999999998,
        "5.0": 0.0116,
        "17.0": 0.0038,
        "43.0": 0.0279,
        "21.0": 0.0327,
        "3.0": 0.040600000000000004,
        "25.0": 0.0269,
        "11.0": 0.0024999999999999996,
        "29.0": 0.0281,
        "51.0": 0.0033,
        "8.0": 0.0085,
        "62.0": 0.0057,
        "32.0": 0.0469,
        "6.0": 0.0902,
        "44.0": 0.0315,
        "54.0": 0.0139,
        "14.0": 0.0091,
        "28.0": 0.0317,
        "30.0": 0.027200000000000005,
        "58.0": 0.0043,
        "10.0": 0.010599999999999998,
        "46.0": 0.012899999999999998,
        "24.0": 0.047999999999999994,
        "42.0": 0.0091,
        "4.0": 0.0311,
        "52.0": 0.013000000000000001,
        "12.0": 0.0142,
        "26.0": 0.0359,
        "71.0": 0.0023,
        "41.0": 0.0132,
        "15.0": 0.030100000000000002,
        "55.0": 0.0085,
        "33.0": 0.0078,
        "47.0": 0.0089,
        "2.0": 0.0063999999999999994,
        "65.0": 0.004,
        "35.0": 0.019600000000000003,
        "9.0": 0.018799999999999997,
        "53.0": 0.006699999999999999,
        "13.0": 0.0083,
        "27.0": 0.0274,
        "56.0": 0.0007,
        "84.0": 0.0004,
        "64.0": 0.003,
        "38.0": 0.0115
    },
    "probability_distribution_items": [
        [
            40.0,
            0.0118
        ],
        [
            22.0,
            0.034300000000000004
        ],
        [
            49.0,
            0.032
        ],
        [
            23.0,
            0.0581
        ],
        [
            1.0,
            0.0313
        ],
        [
            31.0,
            0.018500000000000003
        ],
        [
            45.0,
            0.015199999999999998
        ],
        [
            5.0,
            0.0116
        ],
        [
            17.0,
            0.0038
        ],
        [
            43.0,
            0.0279
        ],
        [
            21.0,
            0.0327
        ],
        [
            3.0,
            0.040600000000000004
        ],
        [
            25.0,
            0.0269
        ],
        [
            11.0,
            0.0024999999999999996
        ],
        [
            29.0,
            0.0281
        ],
        [
            51.0,
            0.0033
        ],
        [
            8.0,
            0.0085
        ],
        [
            62.0,
            0.0057
        ],
        [
            32.0,
            0.0469
        ],
        [
            6.0,
            0.0902
        ],
        [
            44.0,
            0.0315
        ],
        [
            54.0,
            0.0139
        ],
        [
            14.0,
            0.0091
        ],
        [
            28.0,
            0.0317
        ],
        [
            30.0,
            0.027200000000000005
        ],
        [
            58.0,
            0.0043
        ],
        [
            10.0,
            0.010599999999999998
        ],
        [
            46.0,
            0.012899999999999998
        ],
        [
            24.0,
            0.047999999999999994
        ],
        [
            42.0,
            0.0091
        ],
        [
            4.0,
            0.0311
        ],
        [
            52.0,
            0.013000000000000001
        ],
        [
            12.0,
            0.0142
        ],
        [
            26.0,
            0.0359
        ],
        [
            71.0,
            0.0023
        ],
        [
            41.0,
            0.0132
        ],
        [
            15.0,
            0.030100000000000002
        ],
        [
            55.0,
            0.0085
        ],
        [
            33.0,
            0.0078
        ],
        [
            47.0,
            0.0089
        ],
        [
            2.0,
            0.0063999999999999994
        ],
        [
            65.0,
            0.004
        ],
        [
            35.0,
            0.019600000000000003
        ],
        [
            9.0,
            0.018799999999999997
        ],
        [
            53.0,
            0.006699999999999999
        ],
        [
            13.0,
            0.0083
        ],
        [
            27.0,
            0.0274
        ],
        [
            56.0,
            0.0007
        ],
        [
            84.0,
            0.0004
        ],
        [
            64.0,
            0.003
        ],
        [
            38.0,
            0.0115
        ]
    ],
    "approximation_ratio": 0.7059939759036145,
    "noise": true,
    "p": 2
}