{
    "expected_value": 9.000000746538028,
    "optimal_gammas": [
        4.188789837137853,
        1.4180827089321013,
        1.1999136573261515,
        2.0943920217807195
    ],
    "optimal_betas": [
        0.34750891257969163,
        1.5707934232002538,
        1.772848352018228,
        2.1541372810951627
    ],
    "problem_identifier": "{'W': [1, 1, 1], 'W_max': 1, 'A': 12, 'B': 4, 'C': 12}",
    "now": "2021-05-08 06:13:49",
    "execution_time": "2:18:46.710029",
    "nfev": 6903,
    "message": "Maximum number of iterations has been exceeded.",
    "success": false,
    "nit": 50,
    "problem": {
        "W": [
            1,
            1,
            1
        ],
        "W_max": 1,
        "A": 12,
        "B": 4,
        "C": 12
    },
    "optimal_cost": 3.0,
    "probability_distribution": {
        "9.0": 0.9999998754934292,
        "15.0": 1.2402877480127306e-07,
        "27.0": 1.0713826786217925e-11,
        "21.0": 3.095488446308323e-12,
        "33.0": 1.105676335258757e-11,
        "45.0": 3.511696561478757e-13,
        "63.0": 3.354684787410765e-19,
        "39.0": 6.955796407089821e-13,
        "57.0": 2.826253534564638e-16,
        "51.0": 1.4133002019008754e-16,
        "75.0": 4.3091357028213753e-20,
        "69.0": 1.8134853995397092e-23,
        "93.0": 4.623712649302672e-23,
        "117.0": 9.400137502615708e-27,
        "13.0": 3.7077042314686664e-10,
        "7.0": 3.8335547419079104e-11,
        "19.0": 6.701356855400747e-12,
        "25.0": 3.722684002940229e-12,
        "31.0": 2.7811898325083613e-12,
        "37.0": 9.623251508431863e-13,
        "49.0": 3.749337256707134e-16,
        "43.0": 5.742742729700864e-13,
        "61.0": 4.762181077488404e-20,
        "55.0": 1.7517845897455668e-16,
        "67.0": 1.4397193193380047e-20,
        "79.0": 1.7265937357744186e-23,
        "73.0": 2.3774503595915822e-20,
        "85.0": 8.632927159244706e-24,
        "103.0": 5.263878170702579e-27,
        "17.0": 2.2484047277981844e-11,
        "11.0": 4.449127982484107e-12,
        "5.0": 4.676032723967873e-13,
        "23.0": 6.435458720866617e-13,
        "35.0": 3.552440971090816e-20,
        "29.0": 1.6609011790026515e-16,
        "47.0": 6.723680000575e-23,
        "41.0": 2.6683219228239103e-20,
        "53.0": 1.616392710043162e-23,
        "65.0": 5.422826916166411e-27,
        "59.0": 9.731774888722157e-24,
        "71.0": 1.0843869310593674e-26,
        "89.0": 8.70268062061133e-31,
        "3.0": 2.891871107689552e-23
    },
    "probability_distribution_items": [
        [
            9.0,
            0.9999998754934292
        ],
        [
            15.0,
            1.2402877480127306e-07
        ],
        [
            27.0,
            1.0713826786217925e-11
        ],
        [
            21.0,
            3.095488446308323e-12
        ],
        [
            33.0,
            1.105676335258757e-11
        ],
        [
            45.0,
            3.511696561478757e-13
        ],
        [
            63.0,
            3.354684787410765e-19
        ],
        [
            39.0,
            6.955796407089821e-13
        ],
        [
            57.0,
            2.826253534564638e-16
        ],
        [
            51.0,
            1.4133002019008754e-16
        ],
        [
            75.0,
            4.3091357028213753e-20
        ],
        [
            69.0,
            1.8134853995397092e-23
        ],
        [
            93.0,
            4.623712649302672e-23
        ],
        [
            117.0,
            9.400137502615708e-27
        ],
        [
            13.0,
            3.7077042314686664e-10
        ],
        [
            7.0,
            3.8335547419079104e-11
        ],
        [
            19.0,
            6.701356855400747e-12
        ],
        [
            25.0,
            3.722684002940229e-12
        ],
        [
            31.0,
            2.7811898325083613e-12
        ],
        [
            37.0,
            9.623251508431863e-13
        ],
        [
            49.0,
            3.749337256707134e-16
        ],
        [
            43.0,
            5.742742729700864e-13
        ],
        [
            61.0,
            4.762181077488404e-20
        ],
        [
            55.0,
            1.7517845897455668e-16
        ],
        [
            67.0,
            1.4397193193380047e-20
        ],
        [
            79.0,
            1.7265937357744186e-23
        ],
        [
            73.0,
            2.3774503595915822e-20
        ],
        [
            85.0,
            8.632927159244706e-24
        ],
        [
            103.0,
            5.263878170702579e-27
        ],
        [
            17.0,
            2.2484047277981844e-11
        ],
        [
            11.0,
            4.449127982484107e-12
        ],
        [
            5.0,
            4.676032723967873e-13
        ],
        [
            23.0,
            6.435458720866617e-13
        ],
        [
            35.0,
            3.552440971090816e-20
        ],
        [
            29.0,
            1.6609011790026515e-16
        ],
        [
            47.0,
            6.723680000575e-23
        ],
        [
            41.0,
            2.6683219228239103e-20
        ],
        [
            53.0,
            1.616392710043162e-23
        ],
        [
            65.0,
            5.422826916166411e-27
        ],
        [
            59.0,
            9.731774888722157e-24
        ],
        [
            71.0,
            1.0843869310593674e-26
        ],
        [
            89.0,
            8.70268062061133e-31
        ],
        [
            3.0,
            2.891871107689552e-23
        ]
    ],
    "approximation_ratio": 3.0000002488460455,
    "approximation_ratio_offset": 0.9473684145040514,
    "noise": false,
    "p": 4
}