{
    "expected_value": 50.0994,
    "optimal_gammas": [
        3.5056021520595775,
        5.546649101080963
    ],
    "optimal_betas": [
        2.0329874386825413,
        2.821192256603295
    ],
    "problem_identifier": "{'W': [1, 1], 'W_max': 2, 'A': 32, 'B': 4, 'C': 128}",
    "now": "2021-05-06 22:34:26",
    "execution_time": "3:49:29.417322",
    "nfev": 19975,
    "message": "Optimization terminated successfully.",
    "success": true,
    "nit": 330,
    "problem": {
        "W": [
            1,
            1
        ],
        "W_max": 2,
        "A": 32,
        "B": 4,
        "C": 128
    },
    "optimal_cost": 1.0,
    "probability_distribution": {
        "64.0": 0.0197,
        "40.0": 0.0233,
        "97.0": 0.0168,
        "41.0": 0.0472,
        "1.0": 0.0168,
        "73.0": 0.039900000000000005,
        "81.0": 0.0096,
        "17.0": 0.012,
        "65.0": 0.0068,
        "33.0": 0.027800000000000002,
        "9.0": 0.033600000000000005,
        "49.0": 0.0231,
        "105.0": 0.0029,
        "32.0": 0.0049,
        "140.0": 0.0068000000000000005,
        "68.0": 0.0334,
        "12.0": 0.092,
        "116.0": 0.0033,
        "108.0": 0.012900000000000002,
        "44.0": 0.0069,
        "52.0": 0.0282,
        "100.0": 0.0027,
        "80.0": 0.0201,
        "130.0": 0.002,
        "74.0": 0.054299999999999994,
        "34.0": 0.0298,
        "82.0": 0.0101,
        "18.0": 0.0143,
        "42.0": 0.040100000000000004,
        "66.0": 0.029900000000000003,
        "16.0": 0.0034000000000000002,
        "106.0": 0.010700000000000001,
        "50.0": 0.046700000000000005,
        "10.0": 0.0368,
        "72.0": 0.006,
        "173.0": 0.0031000000000000003,
        "101.0": 0.0193,
        "45.0": 0.0506,
        "117.0": 0.0055000000000000005,
        "109.0": 0.0143,
        "53.0": 0.0239,
        "77.0": 0.029500000000000002,
        "69.0": 0.0073,
        "2.0": 0.0077,
        "149.0": 0.0026,
        "21.0": 0.0139,
        "37.0": 0.008599999999999998,
        "85.0": 0.0129,
        "128.0": 0.0004,
        "216.0": 0.0003,
        "144.0": 0.0038,
        "88.0": 0.0191,
        "136.0": 0.0024000000000000002
    },
    "probability_distribution_items": [
        [
            64.0,
            0.0197
        ],
        [
            40.0,
            0.0233
        ],
        [
            97.0,
            0.0168
        ],
        [
            41.0,
            0.0472
        ],
        [
            1.0,
            0.0168
        ],
        [
            73.0,
            0.039900000000000005
        ],
        [
            81.0,
            0.0096
        ],
        [
            17.0,
            0.012
        ],
        [
            65.0,
            0.0068
        ],
        [
            33.0,
            0.027800000000000002
        ],
        [
            9.0,
            0.033600000000000005
        ],
        [
            49.0,
            0.0231
        ],
        [
            105.0,
            0.0029
        ],
        [
            32.0,
            0.0049
        ],
        [
            140.0,
            0.0068000000000000005
        ],
        [
            68.0,
            0.0334
        ],
        [
            12.0,
            0.092
        ],
        [
            116.0,
            0.0033
        ],
        [
            108.0,
            0.012900000000000002
        ],
        [
            44.0,
            0.0069
        ],
        [
            52.0,
            0.0282
        ],
        [
            100.0,
            0.0027
        ],
        [
            80.0,
            0.0201
        ],
        [
            130.0,
            0.002
        ],
        [
            74.0,
            0.054299999999999994
        ],
        [
            34.0,
            0.0298
        ],
        [
            82.0,
            0.0101
        ],
        [
            18.0,
            0.0143
        ],
        [
            42.0,
            0.040100000000000004
        ],
        [
            66.0,
            0.029900000000000003
        ],
        [
            16.0,
            0.0034000000000000002
        ],
        [
            106.0,
            0.010700000000000001
        ],
        [
            50.0,
            0.046700000000000005
        ],
        [
            10.0,
            0.0368
        ],
        [
            72.0,
            0.006
        ],
        [
            173.0,
            0.0031000000000000003
        ],
        [
            101.0,
            0.0193
        ],
        [
            45.0,
            0.0506
        ],
        [
            117.0,
            0.0055000000000000005
        ],
        [
            109.0,
            0.0143
        ],
        [
            53.0,
            0.0239
        ],
        [
            77.0,
            0.029500000000000002
        ],
        [
            69.0,
            0.0073
        ],
        [
            2.0,
            0.0077
        ],
        [
            149.0,
            0.0026
        ],
        [
            21.0,
            0.0139
        ],
        [
            37.0,
            0.008599999999999998
        ],
        [
            85.0,
            0.0129
        ],
        [
            128.0,
            0.0004
        ],
        [
            216.0,
            0.0003
        ],
        [
            144.0,
            0.0038
        ],
        [
            88.0,
            0.0191
        ],
        [
            136.0,
            0.0024000000000000002
        ]
    ],
    "approximation_ratio": 52.8365,
    "approximation_ratio_offset": 0.7589,
    "noise": true,
    "p": 2
}