{
    "expected_value": 42.5542,
    "optimal_gammas": [
        5.372148798059689
    ],
    "optimal_betas": [
        2.849161295400255
    ],
    "problem_identifier": "{'W': [1, 1], 'W_max': 2, 'A': 8, 'B': 4, 'C': 144}",
    "now": "2021-05-04 17:19:43",
    "execution_time": "0:07:39.345839",
    "nfev": 1179,
    "message": "Optimization terminated successfully.",
    "success": true,
    "nit": 36,
    "problem": {
        "W": [
            1,
            1
        ],
        "W_max": 2,
        "A": 8,
        "B": 4,
        "C": 144
    },
    "probability_distribution": {
        "72.0": 0.0494,
        "38.0": 0.047499999999999994,
        "81.0": 0.0351,
        "39.0": 0.0609,
        "1.0": 0.024399999999999998,
        "47.0": 0.0121,
        "77.0": 0.009500000000000001,
        "5.0": 0.01,
        "17.0": 0.0013,
        "75.0": 0.0278,
        "37.0": 0.0513,
        "3.0": 0.0339,
        "41.0": 0.0163,
        "11.0": 0.002,
        "45.0": 0.0382,
        "83.0": 0.0023,
        "8.0": 0.0057,
        "94.0": 0.0058,
        "48.0": 0.0348,
        "6.0": 0.06,
        "60.0": 0.0028,
        "86.0": 0.007,
        "14.0": 0.0036,
        "44.0": 0.0148,
        "30.0": 0.001,
        "56.0": 0.0022,
        "76.0": 0.023899999999999998,
        "90.0": 0.0061,
        "10.0": 0.0092,
        "78.0": 0.0201,
        "40.0": 0.0603,
        "74.0": 0.0138,
        "4.0": 0.0249,
        "84.0": 0.0257,
        "46.0": 0.016200000000000003,
        "12.0": 0.007,
        "42.0": 0.025899999999999996,
        "103.0": 0.003,
        "57.0": 0.0097,
        "15.0": 0.0255,
        "61.0": 0.0064,
        "87.0": 0.0069,
        "23.0": 0.0022,
        "49.0": 0.004399999999999999,
        "79.0": 0.010700000000000001,
        "2.0": 0.010700000000000001,
        "97.0": 0.0024000000000000002,
        "51.0": 0.0161,
        "9.0": 0.022,
        "59.0": 0.0031999999999999997,
        "85.0": 0.0073,
        "13.0": 0.0079,
        "43.0": 0.0324,
        "25.0": 0.0015999999999999999,
        "88.0": 0.0002,
        "116.0": 0.0007,
        "70.0": 0.0013,
        "28.0": 0.0040999999999999995,
        "96.0": 0.0031999999999999997,
        "24.0": 0.003,
        "54.0": 0.0223
    },
    "probability_distribution_items": [
        [
            72.0,
            0.0494
        ],
        [
            38.0,
            0.047499999999999994
        ],
        [
            81.0,
            0.0351
        ],
        [
            39.0,
            0.0609
        ],
        [
            1.0,
            0.024399999999999998
        ],
        [
            47.0,
            0.0121
        ],
        [
            77.0,
            0.009500000000000001
        ],
        [
            5.0,
            0.01
        ],
        [
            17.0,
            0.0013
        ],
        [
            75.0,
            0.0278
        ],
        [
            37.0,
            0.0513
        ],
        [
            3.0,
            0.0339
        ],
        [
            41.0,
            0.0163
        ],
        [
            11.0,
            0.002
        ],
        [
            45.0,
            0.0382
        ],
        [
            83.0,
            0.0023
        ],
        [
            8.0,
            0.0057
        ],
        [
            94.0,
            0.0058
        ],
        [
            48.0,
            0.0348
        ],
        [
            6.0,
            0.06
        ],
        [
            60.0,
            0.0028
        ],
        [
            86.0,
            0.007
        ],
        [
            14.0,
            0.0036
        ],
        [
            44.0,
            0.0148
        ],
        [
            30.0,
            0.001
        ],
        [
            56.0,
            0.0022
        ],
        [
            76.0,
            0.023899999999999998
        ],
        [
            90.0,
            0.0061
        ],
        [
            10.0,
            0.0092
        ],
        [
            78.0,
            0.0201
        ],
        [
            40.0,
            0.0603
        ],
        [
            74.0,
            0.0138
        ],
        [
            4.0,
            0.0249
        ],
        [
            84.0,
            0.0257
        ],
        [
            46.0,
            0.016200000000000003
        ],
        [
            12.0,
            0.007
        ],
        [
            42.0,
            0.025899999999999996
        ],
        [
            103.0,
            0.003
        ],
        [
            57.0,
            0.0097
        ],
        [
            15.0,
            0.0255
        ],
        [
            61.0,
            0.0064
        ],
        [
            87.0,
            0.0069
        ],
        [
            23.0,
            0.0022
        ],
        [
            49.0,
            0.004399999999999999
        ],
        [
            79.0,
            0.010700000000000001
        ],
        [
            2.0,
            0.010700000000000001
        ],
        [
            97.0,
            0.0024000000000000002
        ],
        [
            51.0,
            0.0161
        ],
        [
            9.0,
            0.022
        ],
        [
            59.0,
            0.0031999999999999997
        ],
        [
            85.0,
            0.0073
        ],
        [
            13.0,
            0.0079
        ],
        [
            43.0,
            0.0324
        ],
        [
            25.0,
            0.0015999999999999999
        ],
        [
            88.0,
            0.0002
        ],
        [
            116.0,
            0.0007
        ],
        [
            70.0,
            0.0013
        ],
        [
            28.0,
            0.0040999999999999995
        ],
        [
            96.0,
            0.0031999999999999997
        ],
        [
            24.0,
            0.003
        ],
        [
            54.0,
            0.0223
        ]
    ],
    "approximation_ratio": 0.6305278260869566,
    "noise": true,
    "p": 1
}