{
    "expected_value": 26.861,
    "optimal_gammas": [
        5.906118796206166,
        1.019996873969978
    ],
    "optimal_betas": [
        2.7100539013221523,
        0.1901456878771437
    ],
    "problem_identifier": "{'W': [1, 1], 'W_max': 2, 'A': 32, 'B': 4, 'C': 32}",
    "now": "2021-05-06 23:07:55",
    "execution_time": "3:04:13.179621",
    "nfev": 14790,
    "message": "Optimization terminated successfully.",
    "success": true,
    "nit": 243,
    "problem": {
        "W": [
            1,
            1
        ],
        "W_max": 2,
        "A": 32,
        "B": 4,
        "C": 32
    },
    "probability_distribution": {
        "16.0": 0.0762,
        "49.0": 0.042300000000000004,
        "17.0": 0.0668,
        "1.0": 0.0167,
        "33.0": 0.0072,
        "65.0": 0.0022,
        "25.0": 0.0631,
        "9.0": 0.0895,
        "41.0": 0.0059,
        "57.0": 0.0013,
        "32.0": 0.0098,
        "92.0": 0.0117,
        "44.0": 0.0465,
        "12.0": 0.09190000000000001,
        "60.0": 0.008,
        "28.0": 0.0237,
        "108.0": 0.0002,
        "76.0": 0.0016,
        "82.0": 0.0018,
        "50.0": 0.0084,
        "34.0": 0.0106,
        "18.0": 0.036500000000000005,
        "58.0": 0.0155,
        "42.0": 0.0319,
        "26.0": 0.07029999999999999,
        "10.0": 0.0434,
        "48.0": 0.0017,
        "125.0": 0.0012000000000000001,
        "77.0": 0.0058000000000000005,
        "45.0": 0.0245,
        "93.0": 0.0026,
        "61.0": 0.0058000000000000005,
        "29.0": 0.0378,
        "2.0": 0.0057,
        "101.0": 0.003,
        "53.0": 0.0219,
        "21.0": 0.048799999999999996,
        "85.0": 0.006200000000000001,
        "37.0": 0.018299999999999997,
        "80.0": 0.0001,
        "168.0": 0.0001,
        "120.0": 0.0015999999999999999,
        "88.0": 0.0053,
        "72.0": 0.0013,
        "56.0": 0.0117,
        "40.0": 0.0136
    },
    "probability_distribution_items": [
        [
            16.0,
            0.0762
        ],
        [
            49.0,
            0.042300000000000004
        ],
        [
            17.0,
            0.0668
        ],
        [
            1.0,
            0.0167
        ],
        [
            33.0,
            0.0072
        ],
        [
            65.0,
            0.0022
        ],
        [
            25.0,
            0.0631
        ],
        [
            9.0,
            0.0895
        ],
        [
            41.0,
            0.0059
        ],
        [
            57.0,
            0.0013
        ],
        [
            32.0,
            0.0098
        ],
        [
            92.0,
            0.0117
        ],
        [
            44.0,
            0.0465
        ],
        [
            12.0,
            0.09190000000000001
        ],
        [
            60.0,
            0.008
        ],
        [
            28.0,
            0.0237
        ],
        [
            108.0,
            0.0002
        ],
        [
            76.0,
            0.0016
        ],
        [
            82.0,
            0.0018
        ],
        [
            50.0,
            0.0084
        ],
        [
            34.0,
            0.0106
        ],
        [
            18.0,
            0.036500000000000005
        ],
        [
            58.0,
            0.0155
        ],
        [
            42.0,
            0.0319
        ],
        [
            26.0,
            0.07029999999999999
        ],
        [
            10.0,
            0.0434
        ],
        [
            48.0,
            0.0017
        ],
        [
            125.0,
            0.0012000000000000001
        ],
        [
            77.0,
            0.0058000000000000005
        ],
        [
            45.0,
            0.0245
        ],
        [
            93.0,
            0.0026
        ],
        [
            61.0,
            0.0058000000000000005
        ],
        [
            29.0,
            0.0378
        ],
        [
            2.0,
            0.0057
        ],
        [
            101.0,
            0.003
        ],
        [
            53.0,
            0.0219
        ],
        [
            21.0,
            0.048799999999999996
        ],
        [
            85.0,
            0.006200000000000001
        ],
        [
            37.0,
            0.018299999999999997
        ],
        [
            80.0,
            0.0001
        ],
        [
            168.0,
            0.0001
        ],
        [
            120.0,
            0.0015999999999999999
        ],
        [
            88.0,
            0.0053
        ],
        [
            72.0,
            0.0013
        ],
        [
            56.0,
            0.0117
        ],
        [
            40.0,
            0.0136
        ]
    ],
    "approximation_ratio": 0.7783137096774193,
    "noise": true,
    "p": 2
}