{
    "expected_value": 44.6021,
    "optimal_gammas": [
        0.0854643572229854,
        2.168345493614073,
        2.918592719756935,
        0.6467180806636276,
        2.3039776560828793
    ],
    "optimal_betas": [
        1.1204962738099857,
        0.5818196609624795,
        1.3726092661003166,
        1.4742915814282473,
        1.3258347426736823
    ],
    "problem_identifier": "{'W': [1, 1], 'W_max': 2, 'A': 8, 'B': 4, 'C': 144}",
    "now": "2021-05-03 22:23:32",
    "execution_time": "0:17:23.444332",
    "problem": {
        "W": [
            1,
            1
        ],
        "W_max": 2,
        "A": 8,
        "B": 4,
        "C": 144
    },
    "probability_distribution": {
        "72.0": 0.0023,
        "38.0": 0.0303,
        "81.0": 0.022600000000000002,
        "39.0": 0.027999999999999997,
        "1.0": 0.006,
        "47.0": 0.026500000000000003,
        "77.0": 0.0124,
        "5.0": 0.014099999999999998,
        "17.0": 0.0072,
        "75.0": 0.017099999999999997,
        "37.0": 0.013999999999999999,
        "3.0": 0.0241,
        "41.0": 0.029500000000000002,
        "11.0": 0.0073,
        "45.0": 0.034100000000000005,
        "83.0": 0.0084,
        "8.0": 0.0060999999999999995,
        "94.0": 0.0059,
        "48.0": 0.023299999999999998,
        "6.0": 0.0255,
        "60.0": 0.013499999999999998,
        "86.0": 0.025099999999999997,
        "14.0": 0.018000000000000002,
        "44.0": 0.017499999999999998,
        "30.0": 0.0066,
        "56.0": 0.0172,
        "76.0": 0.0323,
        "90.0": 0.0033,
        "10.0": 0.0078,
        "78.0": 0.017,
        "40.0": 0.05190000000000001,
        "74.0": 0.011699999999999999,
        "4.0": 0.034,
        "84.0": 0.014199999999999999,
        "46.0": 0.028800000000000003,
        "12.0": 0.0106,
        "42.0": 0.0334,
        "103.0": 0.006500000000000001,
        "57.0": 0.0142,
        "15.0": 0.0248,
        "61.0": 0.012299999999999998,
        "87.0": 0.013499999999999998,
        "23.0": 0.0078,
        "49.0": 0.0169,
        "79.0": 0.011099999999999999,
        "2.0": 0.0098,
        "97.0": 0.0076,
        "51.0": 0.035,
        "9.0": 0.0087,
        "59.0": 0.0141,
        "85.0": 0.017599999999999998,
        "13.0": 0.0194,
        "43.0": 0.0195,
        "25.0": 0.009000000000000001,
        "88.0": 0.0032,
        "116.0": 0.0027,
        "70.0": 0.0147,
        "28.0": 0.0078,
        "96.0": 0.0077,
        "24.0": 0.0101,
        "54.0": 0.0184
    },
    "probability_distribution_items": [
        [
            72.0,
            0.0023
        ],
        [
            38.0,
            0.0303
        ],
        [
            81.0,
            0.022600000000000002
        ],
        [
            39.0,
            0.027999999999999997
        ],
        [
            1.0,
            0.006
        ],
        [
            47.0,
            0.026500000000000003
        ],
        [
            77.0,
            0.0124
        ],
        [
            5.0,
            0.014099999999999998
        ],
        [
            17.0,
            0.0072
        ],
        [
            75.0,
            0.017099999999999997
        ],
        [
            37.0,
            0.013999999999999999
        ],
        [
            3.0,
            0.0241
        ],
        [
            41.0,
            0.029500000000000002
        ],
        [
            11.0,
            0.0073
        ],
        [
            45.0,
            0.034100000000000005
        ],
        [
            83.0,
            0.0084
        ],
        [
            8.0,
            0.0060999999999999995
        ],
        [
            94.0,
            0.0059
        ],
        [
            48.0,
            0.023299999999999998
        ],
        [
            6.0,
            0.0255
        ],
        [
            60.0,
            0.013499999999999998
        ],
        [
            86.0,
            0.025099999999999997
        ],
        [
            14.0,
            0.018000000000000002
        ],
        [
            44.0,
            0.017499999999999998
        ],
        [
            30.0,
            0.0066
        ],
        [
            56.0,
            0.0172
        ],
        [
            76.0,
            0.0323
        ],
        [
            90.0,
            0.0033
        ],
        [
            10.0,
            0.0078
        ],
        [
            78.0,
            0.017
        ],
        [
            40.0,
            0.05190000000000001
        ],
        [
            74.0,
            0.011699999999999999
        ],
        [
            4.0,
            0.034
        ],
        [
            84.0,
            0.014199999999999999
        ],
        [
            46.0,
            0.028800000000000003
        ],
        [
            12.0,
            0.0106
        ],
        [
            42.0,
            0.0334
        ],
        [
            103.0,
            0.006500000000000001
        ],
        [
            57.0,
            0.0142
        ],
        [
            15.0,
            0.0248
        ],
        [
            61.0,
            0.012299999999999998
        ],
        [
            87.0,
            0.013499999999999998
        ],
        [
            23.0,
            0.0078
        ],
        [
            49.0,
            0.0169
        ],
        [
            79.0,
            0.011099999999999999
        ],
        [
            2.0,
            0.0098
        ],
        [
            97.0,
            0.0076
        ],
        [
            51.0,
            0.035
        ],
        [
            9.0,
            0.0087
        ],
        [
            59.0,
            0.0141
        ],
        [
            85.0,
            0.017599999999999998
        ],
        [
            13.0,
            0.0194
        ],
        [
            43.0,
            0.0195
        ],
        [
            25.0,
            0.009000000000000001
        ],
        [
            88.0,
            0.0032
        ],
        [
            116.0,
            0.0027
        ],
        [
            70.0,
            0.0147
        ],
        [
            28.0,
            0.0078
        ],
        [
            96.0,
            0.0077
        ],
        [
            24.0,
            0.0101
        ],
        [
            54.0,
            0.0184
        ]
    ],
    "approximation_ratio": 0.607633043478261,
    "noise": true,
    "p": 5
}