{
    "expected_value": 27.1694,
    "optimal_gammas": [
        5.412672616327924
    ],
    "optimal_betas": [
        2.806257673002928
    ],
    "problem_identifier": "{'W': [1, 1], 'W_max': 2, 'A': 8, 'B': 4, 'C': 80}",
    "now": "2021-05-04 17:44:10",
    "execution_time": "0:08:07.566704",
    "nfev": 1134,
    "message": "Optimization terminated successfully.",
    "success": true,
    "nit": 33,
    "problem": {
        "W": [
            1,
            1
        ],
        "W_max": 2,
        "A": 8,
        "B": 4,
        "C": 80
    },
    "probability_distribution": {
        "40.0": 0.032900000000000006,
        "22.0": 0.0353,
        "49.0": 0.0669,
        "23.0": 0.041800000000000004,
        "1.0": 0.029199999999999997,
        "31.0": 0.0139,
        "45.0": 0.006999999999999999,
        "5.0": 0.0045000000000000005,
        "17.0": 0.0027,
        "43.0": 0.0538,
        "21.0": 0.0351,
        "3.0": 0.0382,
        "25.0": 0.024,
        "11.0": 0.0031000000000000003,
        "29.0": 0.028899999999999995,
        "51.0": 0.0031,
        "8.0": 0.0047,
        "62.0": 0.007,
        "32.0": 0.0337,
        "6.0": 0.08249999999999999,
        "44.0": 0.0313,
        "54.0": 0.0097,
        "14.0": 0.0043,
        "28.0": 0.024499999999999997,
        "30.0": 0.0219,
        "58.0": 0.0064,
        "10.0": 0.0109,
        "46.0": 0.0133,
        "24.0": 0.032799999999999996,
        "42.0": 0.007899999999999999,
        "4.0": 0.0314,
        "52.0": 0.038099999999999995,
        "12.0": 0.02,
        "26.0": 0.0366,
        "71.0": 0.0029,
        "41.0": 0.0092,
        "15.0": 0.0279,
        "55.0": 0.0047,
        "33.0": 0.0106,
        "47.0": 0.0249,
        "2.0": 0.0028,
        "65.0": 0.0012000000000000001,
        "35.0": 0.016,
        "9.0": 0.021400000000000002,
        "53.0": 0.0034999999999999996,
        "13.0": 0.0044,
        "27.0": 0.0215,
        "84.0": 0.0002,
        "64.0": 0.0009000000000000001,
        "38.0": 0.0105
    },
    "probability_distribution_items": [
        [
            40.0,
            0.032900000000000006
        ],
        [
            22.0,
            0.0353
        ],
        [
            49.0,
            0.0669
        ],
        [
            23.0,
            0.041800000000000004
        ],
        [
            1.0,
            0.029199999999999997
        ],
        [
            31.0,
            0.0139
        ],
        [
            45.0,
            0.006999999999999999
        ],
        [
            5.0,
            0.0045000000000000005
        ],
        [
            17.0,
            0.0027
        ],
        [
            43.0,
            0.0538
        ],
        [
            21.0,
            0.0351
        ],
        [
            3.0,
            0.0382
        ],
        [
            25.0,
            0.024
        ],
        [
            11.0,
            0.0031000000000000003
        ],
        [
            29.0,
            0.028899999999999995
        ],
        [
            51.0,
            0.0031
        ],
        [
            8.0,
            0.0047
        ],
        [
            62.0,
            0.007
        ],
        [
            32.0,
            0.0337
        ],
        [
            6.0,
            0.08249999999999999
        ],
        [
            44.0,
            0.0313
        ],
        [
            54.0,
            0.0097
        ],
        [
            14.0,
            0.0043
        ],
        [
            28.0,
            0.024499999999999997
        ],
        [
            30.0,
            0.0219
        ],
        [
            58.0,
            0.0064
        ],
        [
            10.0,
            0.0109
        ],
        [
            46.0,
            0.0133
        ],
        [
            24.0,
            0.032799999999999996
        ],
        [
            42.0,
            0.007899999999999999
        ],
        [
            4.0,
            0.0314
        ],
        [
            52.0,
            0.038099999999999995
        ],
        [
            12.0,
            0.02
        ],
        [
            26.0,
            0.0366
        ],
        [
            71.0,
            0.0029
        ],
        [
            41.0,
            0.0092
        ],
        [
            15.0,
            0.0279
        ],
        [
            55.0,
            0.0047
        ],
        [
            33.0,
            0.0106
        ],
        [
            47.0,
            0.0249
        ],
        [
            2.0,
            0.0028
        ],
        [
            65.0,
            0.0012000000000000001
        ],
        [
            35.0,
            0.016
        ],
        [
            9.0,
            0.021400000000000002
        ],
        [
            53.0,
            0.0034999999999999996
        ],
        [
            13.0,
            0.0044
        ],
        [
            27.0,
            0.0215
        ],
        [
            84.0,
            0.0002
        ],
        [
            64.0,
            0.0009000000000000001
        ],
        [
            38.0,
            0.0105
        ]
    ],
    "approximation_ratio": 0.62028,
    "noise": true,
    "p": 1
}