{
    "expected_value": 29.3986,
    "optimal_gammas": [
        0.7760615931357382,
        6.256774325856284,
        2.708221030926145,
        3.5672749096159158,
        5.526413883172436
    ],
    "optimal_betas": [
        0.14286734149454383,
        3.1163944702871467,
        0.20519123255219984,
        0.941468431799153,
        1.7492110823270512
    ],
    "problem_identifier": "{'W': [1, 1], 'W_max': 2, 'A': 8, 'B': 4, 'C': 80}",
    "now": "2021-05-04 20:39:28",
    "execution_time": "0:30:42.311084",
    "nfev": 1431,
    "message": "Optimization terminated successfully.",
    "success": true,
    "nit": 7,
    "problem": {
        "W": [
            1,
            1
        ],
        "W_max": 2,
        "A": 8,
        "B": 4,
        "C": 80
    },
    "probability_distribution": {
        "40.0": 0.0134,
        "22.0": 0.0326,
        "49.0": 0.014899999999999998,
        "23.0": 0.0341,
        "1.0": 0.004399999999999999,
        "31.0": 0.026,
        "45.0": 0.0333,
        "5.0": 0.020300000000000002,
        "17.0": 0.0069,
        "43.0": 0.045700000000000005,
        "21.0": 0.0148,
        "3.0": 0.027099999999999996,
        "25.0": 0.040999999999999995,
        "11.0": 0.0045000000000000005,
        "29.0": 0.0332,
        "51.0": 0.0068000000000000005,
        "8.0": 0.0068,
        "62.0": 0.004999999999999999,
        "32.0": 0.028399999999999998,
        "6.0": 0.025500000000000002,
        "44.0": 0.05339999999999999,
        "54.0": 0.0359,
        "14.0": 0.0182,
        "28.0": 0.022299999999999997,
        "30.0": 0.0373,
        "58.0": 0.003,
        "10.0": 0.0054,
        "46.0": 0.0199,
        "24.0": 0.07189999999999999,
        "42.0": 0.0195,
        "4.0": 0.0378,
        "52.0": 0.007599999999999999,
        "12.0": 0.0044,
        "26.0": 0.023999999999999997,
        "71.0": 0.0056,
        "41.0": 0.0126,
        "15.0": 0.0235,
        "55.0": 0.0189,
        "33.0": 0.0148,
        "47.0": 0.0043,
        "2.0": 0.018,
        "65.0": 0.0043,
        "35.0": 0.026099999999999998,
        "9.0": 0.0066,
        "53.0": 0.0205,
        "13.0": 0.0183,
        "27.0": 0.0127,
        "56.0": 0.0032,
        "84.0": 0.0025,
        "64.0": 0.0078,
        "38.0": 0.015
    },
    "probability_distribution_items": [
        [
            40.0,
            0.0134
        ],
        [
            22.0,
            0.0326
        ],
        [
            49.0,
            0.014899999999999998
        ],
        [
            23.0,
            0.0341
        ],
        [
            1.0,
            0.004399999999999999
        ],
        [
            31.0,
            0.026
        ],
        [
            45.0,
            0.0333
        ],
        [
            5.0,
            0.020300000000000002
        ],
        [
            17.0,
            0.0069
        ],
        [
            43.0,
            0.045700000000000005
        ],
        [
            21.0,
            0.0148
        ],
        [
            3.0,
            0.027099999999999996
        ],
        [
            25.0,
            0.040999999999999995
        ],
        [
            11.0,
            0.0045000000000000005
        ],
        [
            29.0,
            0.0332
        ],
        [
            51.0,
            0.0068000000000000005
        ],
        [
            8.0,
            0.0068
        ],
        [
            62.0,
            0.004999999999999999
        ],
        [
            32.0,
            0.028399999999999998
        ],
        [
            6.0,
            0.025500000000000002
        ],
        [
            44.0,
            0.05339999999999999
        ],
        [
            54.0,
            0.0359
        ],
        [
            14.0,
            0.0182
        ],
        [
            28.0,
            0.022299999999999997
        ],
        [
            30.0,
            0.0373
        ],
        [
            58.0,
            0.003
        ],
        [
            10.0,
            0.0054
        ],
        [
            46.0,
            0.0199
        ],
        [
            24.0,
            0.07189999999999999
        ],
        [
            42.0,
            0.0195
        ],
        [
            4.0,
            0.0378
        ],
        [
            52.0,
            0.007599999999999999
        ],
        [
            12.0,
            0.0044
        ],
        [
            26.0,
            0.023999999999999997
        ],
        [
            71.0,
            0.0056
        ],
        [
            41.0,
            0.0126
        ],
        [
            15.0,
            0.0235
        ],
        [
            55.0,
            0.0189
        ],
        [
            33.0,
            0.0148
        ],
        [
            47.0,
            0.0043
        ],
        [
            2.0,
            0.018
        ],
        [
            65.0,
            0.0043
        ],
        [
            35.0,
            0.026099999999999998
        ],
        [
            9.0,
            0.0066
        ],
        [
            53.0,
            0.0205
        ],
        [
            13.0,
            0.0183
        ],
        [
            27.0,
            0.0127
        ],
        [
            56.0,
            0.0032
        ],
        [
            84.0,
            0.0025
        ],
        [
            64.0,
            0.0078
        ],
        [
            38.0,
            0.015
        ]
    ],
    "approximation_ratio": 0.6484650602409638,
    "noise": true,
    "p": 5
}