{
    "expected_value": 24.867534975310637,
    "optimal_gammas": [
        2.6083395605660296,
        3.60621400934736
    ],
    "optimal_betas": [
        2.6542720943481557,
        1.3322142468161373
    ],
    "problem_identifier": "{'W': [1, 1, 1], 'W_max': 1, 'A': 12, 'B': 4, 'C': 48}",
    "now": "2021-05-07 07:53:03",
    "execution_time": "2:25:30.326080",
    "nfev": 5030,
    "message": "Optimization terminated successfully.",
    "success": true,
    "nit": 81,
    "problem": {
        "W": [
            1,
            1,
            1
        ],
        "W_max": 1,
        "A": 12,
        "B": 4,
        "C": 48
    },
    "probability_distribution": {
        "36.0": 0.004736945921504472,
        "27.0": 0.016674857556721316,
        "24.0": 0.02731686480427059,
        "42.0": 0.011142570278230218,
        "18.0": 0.03735716849370832,
        "39.0": 0.009266281133515934,
        "15.0": 0.12541942088741326,
        "60.0": 0.0005515668850602818,
        "63.0": 0.0010175340110965825,
        "90.0": 3.250779347120869e-05,
        "81.0": 0.0002475010396330526,
        "33.0": 0.014340574244751311,
        "78.0": 0.00042175990965822056,
        "30.0": 0.03057868013860124,
        "54.0": 0.0007284048632324276,
        "9.0": 0.004117460938534403,
        "57.0": 0.00040627383283965425,
        "99.0": 9.623560361755294e-05,
        "75.0": 0.00046849114188853095,
        "51.0": 0.002297765287017264,
        "102.0": 0.00013276639233588718,
        "129.0": 1.0744193011979318e-05,
        "144.0": 1.4089783678655346e-06,
        "96.0": 9.825337411236097e-05,
        "147.0": 4.9683587697400954e-06,
        "72.0": 4.834671464280832e-05,
        "123.0": 1.2883607643912626e-05,
        "174.0": 1.2079123597033376e-06,
        "225.0": 4.592444235723515e-08,
        "40.0": 0.007373479783184595,
        "25.0": 0.02407924932258789,
        "16.0": 0.17535421380338342,
        "13.0": 0.007588317439173717,
        "31.0": 0.07946324029727798,
        "7.0": 0.018127354058942047,
        "28.0": 0.08900669227459299,
        "37.0": 0.008447574976822641,
        "52.0": 0.0016084278539461433,
        "49.0": 0.0004633139847151407,
        "55.0": 0.00029053089426819465,
        "76.0": 0.0009370958539448432,
        "46.0": 0.004898134297186724,
        "79.0": 0.0005423311727205582,
        "70.0": 0.0005515838729447468,
        "22.0": 0.06953511353494282,
        "67.0": 0.00035375729386385,
        "43.0": 0.011460912450302384,
        "91.0": 0.00012711908754045487,
        "88.0": 8.066766267265799e-05,
        "19.0": 0.004719281759645961,
        "64.0": 0.00033154452746892213,
        "94.0": 2.4418460288302813e-05,
        "115.0": 8.196655832200803e-06,
        "97.0": 7.000775503877495e-05,
        "136.0": 5.421709451897402e-06,
        "133.0": 1.1934993732658799e-06,
        "73.0": 0.00010692962809743338,
        "109.0": 2.756671629291966e-06,
        "100.0": 2.128654546142658e-05,
        "139.0": 2.4787667845786333e-06,
        "160.0": 5.042793974583043e-07,
        "127.0": 1.3875403058318417e-06,
        "166.0": 2.521396987291558e-07,
        "211.0": 1.6990617640105323e-08,
        "44.0": 0.023583837193336392,
        "29.0": 0.08982107583512029,
        "20.0": 0.020656694714325456,
        "17.0": 0.00045174103278096384,
        "38.0": 0.0025232977842861576,
        "14.0": 0.009731520058916858,
        "5.0": 0.001831854609882641,
        "26.0": 0.0003489600625786703,
        "41.0": 0.001555276678691851,
        "62.0": 4.113505152870862e-06,
        "35.0": 0.04384732811704232,
        "11.0": 0.0005436231561585011,
        "32.0": 0.002839276561324802,
        "77.0": 0.0005622157502525124,
        "68.0": 0.0002851656775001738,
        "65.0": 4.028130404834834e-05,
        "83.0": 1.6975361176254905e-05,
        "59.0": 3.644707989055904e-05,
        "80.0": 1.6669484462973203e-05,
        "56.0": 0.00010725959409996753,
        "101.0": 1.5042797204455036e-06,
        "53.0": 2.6624901757442424e-05,
        "74.0": 0.00013923154509537362,
        "50.0": 0.00015798034104774414,
        "89.0": 3.351288987409522e-05,
        "86.0": 5.4398680006472596e-06,
        "128.0": 1.47387010231753e-06,
        "125.0": 5.764380191556798e-07,
        "146.0": 5.95530778670841e-08,
        "92.0": 5.916583892801049e-06,
        "113.0": 4.1218173531695594e-07,
        "131.0": 2.996716419874085e-07,
        "107.0": 6.376417939839505e-07,
        "152.0": 1.1910615573416904e-07,
        "197.0": 5.013278081318216e-09,
        "48.0": 0.007638136267233109,
        "21.0": 2.0301889433411722e-05,
        "45.0": 5.1819084872921995e-06,
        "66.0": 1.881958039454169e-05,
        "3.0": 2.5479619411979066e-05,
        "120.0": 2.043384877307979e-07,
        "117.0": 6.320541783419134e-08,
        "93.0": 1.0534962793542183e-07,
        "138.0": 2.258821963574168e-08,
        "183.0": 7.425068806496683e-10
    },