{
    "expected_value": 22.50322615225728,
    "optimal_gammas": [
        1.0214033467927837,
        2.709691153328865,
        1.5560353056054734,
        5.556875918633306,
        1.5839373312566922,
        2.646158297410896
    ],
    "optimal_betas": [
        0.9784004735787746,
        0.12012512296433857,
        0.1993624782340965,
        1.2834529234376861,
        1.116220836685361,
        1.7970666119799728
    ],
    "problem_identifier": "{'W': [1, 1, 1], 'W_max': 1, 'A': 12, 'B': 4, 'C': 48}",
    "now": "2021-05-08 13:15:35",
    "execution_time": "6:03:52.398096",
    "nfev": 13132,
    "message": "Maximum number of iterations has been exceeded.",
    "success": false,
    "nit": 50,
    "problem": {
        "W": [
            1,
            1,
            1
        ],
        "W_max": 1,
        "A": 12,
        "B": 4,
        "C": 48
    },
    "optimal_cost": 3.0,
    "probability_distribution": {
        "36.0": 0.0036103729646277147,
        "27.0": 0.026451804289702743,
        "24.0": 0.012778645746097127,
        "42.0": 0.003415046327663272,
        "18.0": 0.013769798731030172,
        "39.0": 0.0011702817995547653,
        "15.0": 0.09561369714080435,
        "60.0": 5.205271759187015e-05,
        "63.0": 0.0006425887408467543,
        "90.0": 5.28124349847303e-05,
        "81.0": 0.00019252751682414382,
        "33.0": 0.003810676780098367,
        "78.0": 0.00014972284353617906,
        "30.0": 0.010780569413755244,
        "54.0": 0.00014426723179831788,
        "9.0": 0.0012232590040369723,
        "57.0": 0.00011495108541220692,
        "99.0": 0.0001346556661971223,
        "75.0": 0.0001776030377323952,
        "51.0": 0.0005154990344885728,
        "102.0": 6.845617047701455e-05,
        "129.0": 1.4824011610249748e-05,
        "144.0": 1.1069183976831453e-06,
        "96.0": 3.715251702938636e-05,
        "147.0": 2.243472052305932e-06,
        "72.0": 3.1745791631594385e-05,
        "123.0": 5.428564509080146e-06,
        "174.0": 1.1012145342572252e-06,
        "225.0": 3.635372857447494e-08,
        "40.0": 0.016045265955252245,
        "25.0": 0.008961717603140332,
        "16.0": 0.3554626776117597,
        "13.0": 0.0034915629971527303,
        "31.0": 0.03737935047142769,
        "7.0": 0.00829134313897733,
        "28.0": 0.06865890392776626,
        "37.0": 0.0047565222345995655,
        "52.0": 0.0014962356406296095,
        "49.0": 0.0004203758659202605,
        "55.0": 0.0004714001448091265,
        "76.0": 0.0009480860494791295,
        "46.0": 0.003741498870229685,
        "79.0": 0.0005967808134527361,
        "70.0": 0.000355242335156105,
        "22.0": 0.16285103584379798,
        "67.0": 0.0004148069190776523,
        "43.0": 0.005851474605131353,
        "91.0": 0.00014412905504911607,
        "88.0": 0.00010335239416004459,
        "19.0": 0.0031372575008613308,
        "64.0": 0.0003927801729445171,
        "94.0": 5.616063931692845e-05,
        "115.0": 1.6762987211940552e-05,
        "97.0": 6.80430429661169e-05,
        "136.0": 3.439200286840114e-06,
        "133.0": 1.502342694302766e-06,
        "73.0": 0.0001496618146558364,
        "109.0": 3.5307001389280104e-06,
        "100.0": 2.6212488133366355e-05,
        "139.0": 2.847520381802291e-06,
        "160.0": 1.48243708627051e-06,
        "127.0": 4.772210963640652e-06,
        "166.0": 7.412185431352571e-07,
        "211.0": 2.3182061145370625e-07,
        "44.0": 0.011190374121762737,
        "29.0": 0.06731854920158427,
        "20.0": 0.009324474192465177,
        "17.0": 0.001299405478236966,
        "38.0": 0.0022642623096573652,
        "14.0": 0.003510969261619249,
        "5.0": 0.0014164722421983248,
        "26.0": 0.0005973386247973137,
        "41.0": 0.001241252438948284,
        "62.0": 8.98936753541502e-05,
        "35.0": 0.03318438659168872,
        "11.0": 0.0008854109745055898,
        "32.0": 0.0011354789303930153,
        "77.0": 0.0006224117488362495,
        "68.0": 0.00039941149774704493,
        "65.0": 0.00014607148059839943,
        "83.0": 9.315711067280531e-05,
        "59.0": 0.00027979718862832653,
        "80.0": 0.0001743590798904566,
        "56.0": 0.0018097149312407438,
        "101.0": 2.7795824968300223e-05,
        "53.0": 0.00025021916355433277,
        "74.0": 0.0002226706139024462,
        "50.0": 0.00016587452842829566,
        "89.0": 0.00017518155660766174,
        "86.0": 8.868608467585515e-05,
        "128.0": 1.0744419028361594e-05,
        "125.0": 8.915036799006535e-06,
        "146.0": 1.8400916471518576e-06,
        "92.0": 0.00013352799153144794,
        "113.0": 1.286636516973343e-05,
        "131.0": 6.643006256451101e-06,
        "107.0": 8.495833334768916e-06,
        "152.0": 3.6801832943037207e-06,
        "197.0": 1.4350093822603958e-07,
        "48.0": 0.0022751392574590365,
        "21.0": 0.00010485031977383998,
        "45.0": 0.00014127730197804078,
        "66.0": 6.236528559439528e-05,
        "3.0": 8.305920914056209e-06,
        "120.0": 5.423404474014749e-06,
        "117.0": 3.282864641572421e-06,
        "93.0": 5.918918894827527e-06,
        "138.0": 2.146639746715608e-05,
        "183.0": 1.378953327932347e-06
    },