{
    "expected_value": 30.04644002282359,
    "optimal_gammas": [
        1.556505975956856,
        3.7082191101778643
    ],
    "optimal_betas": [
        0.6849228590590718,
        0.38757084559940913
    ],
    "problem_identifier": "{'W': [1, 1], 'W_max': 2, 'A': 32, 'B': 4, 'C': 64}",
    "now": "2021-05-08 03:54:56",
    "execution_time": "0:56:54.260682",
    "nfev": 3215,
    "message": "Maximum number of iterations has been exceeded.",
    "success": false,
    "nit": 50,
    "problem": {
        "W": [
            1,
            1
        ],
        "W_max": 2,
        "A": 32,
        "B": 4,
        "C": 64
    },
    "optimal_cost": 1.0,
    "probability_distribution": {
        "32.0": 0.33276252894871083,
        "24.0": 0.13927971396775773,
        "48.0": 0.011524846431979532,
        "16.0": 0.00013488758090155083,
        "56.0": 0.004348016352529418,
        "96.0": 0.00019397397237755563,
        "65.0": 0.016334442056909072,
        "25.0": 0.048342244323227354,
        "1.0": 0.03835455292411068,
        "57.0": 0.003743812369986676,
        "49.0": 0.003979904497111268,
        "17.0": 0.04118317336066347,
        "41.0": 0.019404208634240836,
        "9.0": 0.040340094935066156,
        "33.0": 0.012109850857769288,
        "73.0": 0.00013156343404271763,
        "108.0": 0.006347731710562274,
        "52.0": 0.02303593532607674,
        "12.0": 0.10148840860618194,
        "100.0": 0.0008543267112953138,
        "76.0": 0.0037749541077430077,
        "44.0": 0.0009857404638483067,
        "36.0": 0.010877305344868112,
        "84.0": 0.0011869749529175152,
        "98.0": 0.004078690310981278,
        "58.0": 0.0032041880913429143,
        "34.0": 0.016066289621059278,
        "50.0": 0.01179537183130139,
        "18.0": 0.009585163565874997,
        "26.0": 0.008110922754731877,
        "74.0": 0.00566809484832333,
        "42.0": 0.02001986084089174,
        "10.0": 0.008653095099341479,
        "141.0": 0.000995413045618647,
        "85.0": 0.0016192905983390283,
        "45.0": 0.00977255988287134,
        "101.0": 0.00037841105552250873,
        "77.0": 0.0018351086661681228,
        "37.0": 0.008945134984498032,
        "53.0": 0.009979213967872273,
        "2.0": 0.0012355554651358306,
        "117.0": 0.0009954130456186496,
        "61.0": 0.00313801381198477,
        "21.0": 0.00045655185631583836,
        "93.0": 0.00037841105552250824,
        "69.0": 0.0005969194429058766,
        "29.0": 0.0068514284889068106,
        "184.0": 0.0004423231856597487,
        "128.0": 0.00017494806445209258,
        "88.0": 0.0016253026342117598,
        "104.0": 0.0005557549257007579,
        "72.0": 1.1180607631131386e-05,
        "64.0": 0.002112196380337575
    },
    "probability_distribution_items": [
        [
            32.0,
            0.33276252894871083
        ],
        [
            24.0,
            0.13927971396775773
        ],
        [
            48.0,
            0.011524846431979532
        ],
        [
            16.0,
            0.00013488758090155083
        ],
        [
            56.0,
            0.004348016352529418
        ],
        [
            96.0,
            0.00019397397237755563
        ],
        [
            65.0,
            0.016334442056909072
        ],
        [
            25.0,
            0.048342244323227354
        ],
        [
            1.0,
            0.03835455292411068
        ],
        [
            57.0,
            0.003743812369986676
        ],
        [
            49.0,
            0.003979904497111268
        ],
        [
            17.0,
            0.04118317336066347
        ],
        [
            41.0,
            0.019404208634240836
        ],
        [
            9.0,
            0.040340094935066156
        ],
        [
            33.0,
            0.012109850857769288
        ],
        [
            73.0,
            0.00013156343404271763
        ],
        [
            108.0,
            0.006347731710562274
        ],
        [
            52.0,
            0.02303593532607674
        ],
        [
            12.0,
            0.10148840860618194
        ],
        [
            100.0,
            0.0008543267112953138
        ],
        [
            76.0,
            0.0037749541077430077
        ],
        [
            44.0,
            0.0009857404638483067
        ],
        [
            36.0,
            0.010877305344868112
        ],
        [
            84.0,
            0.0011869749529175152
        ],
        [
            98.0,
            0.004078690310981278
        ],
        [
            58.0,
            0.0032041880913429143
        ],
        [
            34.0,
            0.016066289621059278
        ],
        [
            50.0,
            0.01179537183130139
        ],
        [
            18.0,
            0.009585163565874997
        ],
        [
            26.0,
            0.008110922754731877
        ],
        [
            74.0,
            0.00566809484832333
        ],
        [
            42.0,
            0.02001986084089174
        ],
        [
            10.0,
            0.008653095099341479
        ],
        [
            141.0,
            0.000995413045618647
        ],
        [
            85.0,
            0.0016192905983390283
        ],
        [
            45.0,
            0.00977255988287134
        ],
        [
            101.0,
            0.00037841105552250873
        ],
        [
            77.0,
            0.0018351086661681228
        ],
        [
            37.0,
            0.008945134984498032
        ],
        [
            53.0,
            0.009979213967872273
        ],
        [
            2.0,
            0.0012355554651358306
        ],
        [
            117.0,
            0.0009954130456186496
        ],
        [
            61.0,
            0.00313801381198477
        ],
        [
            21.0,
            0.00045655185631583836
        ],
        [
            93.0,
            0.00037841105552250824
        ],
        [
            69.0,
            0.0005969194429058766
        ],
        [
            29.0,
            0.0068514284889068106
        ],
        [
            184.0,
            0.0004423231856597487
        ],
        [
            128.0,
            0.00017494806445209258
        ],
        [
            88.0,
            0.0016253026342117598
        ],
        [
            104.0,
            0.0005557549257007579
        ],
        [
            72.0,
            1.1180607631131386e-05
        ],
        [
            64.0,
            0.002112196380337575
        ]
    ],
    "approximation_ratio": 30.04644002282356,
    "approximation_ratio_offset": 0.8412762840282866,
    "noise": false,
    "p": 2
}