{
    "expected_value": 55.80685422664349,
    "optimal_gammas": [
        3.3016674747937533
    ],
    "optimal_betas": [
        2.1535119146106085
    ],
    "problem_identifier": "{'W': [1, 1], 'W_max': 2, 'A': 32, 'B': 4, 'C': 128}",
    "now": "2021-05-07 23:13:57",
    "execution_time": "0:05:32.341911",
    "nfev": 825,
    "message": "Optimization terminated successfully.",
    "success": true,
    "nit": 25,
    "problem": {
        "W": [
            1,
            1
        ],
        "W_max": 2,
        "A": 32,
        "B": 4,
        "C": 128
    },
    "optimal_cost": 1.0,
    "probability_distribution": {
        "64.0": 0.03728355439264207,
        "40.0": 0.08029814040491044,
        "32.0": 0.0008384749786702183,
        "80.0": 0.03646830749409137,
        "16.0": 0.02026118494424753,
        "72.0": 0.015094965585393002,
        "128.0": 0.001969017387958152,
        "97.0": 0.003447794269672198,
        "41.0": 0.051720032576046716,
        "1.0": 0.021580645233247556,
        "73.0": 0.018918814451316084,
        "81.0": 0.013863022446660756,
        "17.0": 0.01241990904156207,
        "65.0": 0.0048155174687806515,
        "33.0": 0.018052008166545314,
        "9.0": 0.03400055427480962,
        "49.0": 0.033798411556758404,
        "105.0": 0.0033379068810545152,
        "140.0": 0.002580294160682016,
        "68.0": 0.06073736471243419,
        "12.0": 0.021026478005267482,
        "116.0": 0.006084248736888517,
        "108.0": 0.04513021409823903,
        "44.0": 0.025716494484529062,
        "52.0": 0.03408971272476918,
        "100.0": 0.0046960815969570085,
        "130.0": 0.005373888149852359,
        "74.0": 0.058657188741832664,
        "34.0": 0.016017818624941643,
        "82.0": 0.015114297307202828,
        "18.0": 0.00780264050171218,
        "42.0": 0.036148330259146474,
        "66.0": 0.018322611573608424,
        "106.0": 0.0019796679555384874,
        "50.0": 0.023826781720393105,
        "10.0": 0.0276936124382557,
        "173.0": 0.00018060629548541314,
        "101.0": 0.008209452846642165,
        "45.0": 0.039627104562241965,
        "117.0": 0.002995862861772773,
        "109.0": 0.008806179116480179,
        "53.0": 0.019308459830732587,
        "77.0": 0.02739894365038723,
        "69.0": 0.01706087858021934,
        "2.0": 0.007029401180905675,
        "149.0": 0.00018060629548541287,
        "21.0": 0.006721076591252194,
        "37.0": 0.013597568140257192,
        "85.0": 0.007938928478233116,
        "216.0": 0.0013520782741564168,
        "144.0": 0.00034471834989340775,
        "88.0": 0.011986668311051312,
        "136.0": 0.008095479288186254
    },
    "probability_distribution_items": [
        [
            64.0,
            0.03728355439264207
        ],
        [
            40.0,
            0.08029814040491044
        ],
        [
            32.0,
            0.0008384749786702183
        ],
        [
            80.0,
            0.03646830749409137
        ],
        [
            16.0,
            0.02026118494424753
        ],
        [
            72.0,
            0.015094965585393002
        ],
        [
            128.0,
            0.001969017387958152
        ],
        [
            97.0,
            0.003447794269672198
        ],
        [
            41.0,
            0.051720032576046716
        ],
        [
            1.0,
            0.021580645233247556
        ],
        [
            73.0,
            0.018918814451316084
        ],
        [
            81.0,
            0.013863022446660756
        ],
        [
            17.0,
            0.01241990904156207
        ],
        [
            65.0,
            0.0048155174687806515
        ],
        [
            33.0,
            0.018052008166545314
        ],
        [
            9.0,
            0.03400055427480962
        ],
        [
            49.0,
            0.033798411556758404
        ],
        [
            105.0,
            0.0033379068810545152
        ],
        [
            140.0,
            0.002580294160682016
        ],
        [
            68.0,
            0.06073736471243419
        ],
        [
            12.0,
            0.021026478005267482
        ],
        [
            116.0,
            0.006084248736888517
        ],
        [
            108.0,
            0.04513021409823903
        ],
        [
            44.0,
            0.025716494484529062
        ],
        [
            52.0,
            0.03408971272476918
        ],
        [
            100.0,
            0.0046960815969570085
        ],
        [
            130.0,
            0.005373888149852359
        ],
        [
            74.0,
            0.058657188741832664
        ],
        [
            34.0,
            0.016017818624941643
        ],
        [
            82.0,
            0.015114297307202828
        ],
        [
            18.0,
            0.00780264050171218
        ],
        [
            42.0,
            0.036148330259146474
        ],
        [
            66.0,
            0.018322611573608424
        ],
        [
            106.0,
            0.0019796679555384874
        ],
        [
            50.0,
            0.023826781720393105
        ],
        [
            10.0,
            0.0276936124382557
        ],
        [
            173.0,
            0.00018060629548541314
        ],
        [
            101.0,
            0.008209452846642165
        ],
        [
            45.0,
            0.039627104562241965
        ],
        [
            117.0,
            0.002995862861772773
        ],
        [
            109.0,
            0.008806179116480179
        ],
        [
            53.0,
            0.019308459830732587
        ],
        [
            77.0,
            0.02739894365038723
        ],
        [
            69.0,
            0.01706087858021934
        ],
        [
            2.0,
            0.007029401180905675
        ],
        [
            149.0,
            0.00018060629548541287
        ],
        [
            21.0,
            0.006721076591252194
        ],
        [
            37.0,
            0.013597568140257192
        ],
        [
            85.0,
            0.007938928478233116
        ],
        [
            216.0,
            0.0013520782741564168
        ],
        [
            144.0,
            0.00034471834989340775
        ],
        [
            88.0,
            0.011986668311051312
        ],
        [
            136.0,
            0.008095479288186254
        ]
    ],
    "approximation_ratio": 55.80685422664345,
    "approximation_ratio_offset": 0.7450843989458444,
    "noise": false,
    "p": 1
}