{
    "expected_value": 1.2922,
    "optimal_gammas": [
        3.9996841534397105,
        2.482114229009136,
        5.860209188864671,
        2.962318684529332
    ],
    "optimal_betas": [
        2.608277008915358,
        1.044977588171038,
        2.620000574571028,
        1.8474040989418208
    ],
    "problem_identifier": "{'W': [1], 'W_max': 1, 'A': 8, 'B': 4, 'C': 16}",
    "now": "2021-05-12 20:25:11",
    "execution_time": "0:36:03.804520",
    "nfev": 6444,
    "message": "Maximum number of iterations has been exceeded.",
    "success": false,
    "nit": 50,
    "routing": "network",
    "problem": {
        "W": [
            1
        ],
        "W_max": 1,
        "A": 8,
        "B": 4,
        "C": 16
    },
    "optimal_cost": 1.0,
    "probability_distribution": {
        "4.0": 0.0372,
        "2.0": 0.1478,
        "7.0": 0.0336,
        "1.0": 0.7814
    },
    "probability_distribution_items": [
        [
            4.0,
            0.0372
        ],
        [
            2.0,
            0.1478
        ],
        [
            7.0,
            0.0336
        ],
        [
            1.0,
            0.7814
        ]
    ],
    "approximation_ratio": 1.4867,
    "approximation_ratio_offset": 0.9188833333333334,
    "noise": false,
    "p": 4
}