{
    "expected_value": 44.6472,
    "optimal_gammas": [
        0.8597367588601705,
        4.522351619901231,
        0.34560776703554064,
        3.056584792357534,
        5.505857855491442
    ],
    "optimal_betas": [
        2.421056550352036,
        2.8817223605883147,
        1.4914140655380144,
        1.7434850606246466,
        1.3721671434590885
    ],
    "problem_identifier": "{'W': [1, 1], 'W_max': 2, 'A': 36, 'B': 4, 'C': 72}",
    "now": "2021-05-13 04:52:42",
    "execution_time": "2:30:41.802131",
    "nfev": 7947,
    "message": "Maximum number of iterations has been exceeded.",
    "success": false,
    "nit": 50,
    "routing": "network",
    "problem": {
        "W": [
            1,
            1
        ],
        "W_max": 2,
        "A": 36,
        "B": 4,
        "C": 72
    },
    "optimal_cost": 1.0,
    "probability_distribution": {
        "36.0": 0.027299999999999998,
        "27.0": 0.0308,
        "73.0": 0.0271,
        "28.0": 0.045000000000000005,
        "1.0": 0.0143,
        "64.0": 0.0341,
        "55.0": 0.0451,
        "19.0": 0.043300000000000005,
        "46.0": 0.0414,
        "10.0": 0.036500000000000005,
        "37.0": 0.043300000000000005,
        "82.0": 0.0149,
        "121.0": 0.0111,
        "58.0": 0.0145,
        "13.0": 0.0115,
        "112.0": 0.0079,
        "85.0": 0.0231,
        "49.0": 0.0161,
        "40.0": 0.0146,
        "94.0": 0.0162,
        "54.0": 0.0161,
        "110.0": 0.0017,
        "65.0": 0.0099,
        "38.0": 0.048499999999999995,
        "56.0": 0.0239,
        "20.0": 0.0328,
        "29.0": 0.0428,
        "18.0": 0.018799999999999997,
        "83.0": 0.005,
        "47.0": 0.0324,
        "11.0": 0.023299999999999998,
        "63.0": 0.034,
        "158.0": 0.0023,
        "95.0": 0.011,
        "50.0": 0.0201,
        "113.0": 0.005699999999999999,
        "86.0": 0.015100000000000002,
        "41.0": 0.023,
        "59.0": 0.0172,
        "2.0": 0.0079,
        "131.0": 0.003,
        "68.0": 0.0212,
        "23.0": 0.0047,
        "104.0": 0.0081,
        "77.0": 0.009,
        "32.0": 0.010499999999999999,
        "108.0": 0.0079,
        "206.0": 0.0009,
        "143.0": 0.0049,
        "98.0": 0.0027,
        "116.0": 0.003,
        "80.0": 0.0033,
        "71.0": 0.0088,
        "62.0": 0.0024
    },
    "probability_distribution_items": [
        [
            36.0,
            0.027299999999999998
        ],
        [
            27.0,
            0.0308
        ],
        [
            73.0,
            0.0271
        ],
        [
            28.0,
            0.045000000000000005
        ],
        [
            1.0,
            0.0143
        ],
        [
            64.0,
            0.0341
        ],
        [
            55.0,
            0.0451
        ],
        [
            19.0,
            0.043300000000000005
        ],
        [
            46.0,
            0.0414
        ],
        [
            10.0,
            0.036500000000000005
        ],
        [
            37.0,
            0.043300000000000005
        ],
        [
            82.0,
            0.0149
        ],
        [
            121.0,
            0.0111
        ],
        [
            58.0,
            0.0145
        ],
        [
            13.0,
            0.0115
        ],
        [
            112.0,
            0.0079
        ],
        [
            85.0,
            0.0231
        ],
        [
            49.0,
            0.0161
        ],
        [
            40.0,
            0.0146
        ],
        [
            94.0,
            0.0162
        ],
        [
            54.0,
            0.0161
        ],
        [
            110.0,
            0.0017
        ],
        [
            65.0,
            0.0099
        ],
        [
            38.0,
            0.048499999999999995
        ],
        [
            56.0,
            0.0239
        ],
        [
            20.0,
            0.0328
        ],
        [
            29.0,
            0.0428
        ],
        [
            18.0,
            0.018799999999999997
        ],
        [
            83.0,
            0.005
        ],
        [
            47.0,
            0.0324
        ],
        [
            11.0,
            0.023299999999999998
        ],
        [
            63.0,
            0.034
        ],
        [
            158.0,
            0.0023
        ],
        [
            95.0,
            0.011
        ],
        [
            50.0,
            0.0201
        ],
        [
            113.0,
            0.005699999999999999
        ],
        [
            86.0,
            0.015100000000000002
        ],
        [
            41.0,
            0.023
        ],
        [
            59.0,
            0.0172
        ],
        [
            2.0,
            0.0079
        ],
        [
            131.0,
            0.003
        ],
        [
            68.0,
            0.0212
        ],
        [
            23.0,
            0.0047
        ],
        [
            104.0,
            0.0081
        ],
        [
            77.0,
            0.009
        ],
        [
            32.0,
            0.010499999999999999
        ],
        [
            108.0,
            0.0079
        ],
        [
            206.0,
            0.0009
        ],
        [
            143.0,
            0.0049
        ],
        [
            98.0,
            0.0027
        ],
        [
            116.0,
            0.003
        ],
        [
            80.0,
            0.0033
        ],
        [
            71.0,
            0.0088
        ],
        [
            62.0,
            0.0024
        ]
    ],
    "approximation_ratio": 49.1885,
    "approximation_ratio_offset": 0.7649341463414634,
    "noise": false,
    "p": 5
}