{
    "expected_value": 35.9795,
    "optimal_gammas": [
        3.3138418632989777
    ],
    "optimal_betas": [
        0.32290845316104866
    ],
    "problem_identifier": "{'W': [1, 1], 'W_max': 2, 'A': 32, 'B': 4, 'C': 64}",
    "now": "2021-05-10 14:13:49",
    "execution_time": "1:01:05.834843",
    "nfev": 1581,
    "message": "Optimization terminated successfully.",
    "success": true,
    "nit": 49,
    "routing": "transpile",
    "problem": {
        "W": [
            1,
            1
        ],
        "W_max": 2,
        "A": 32,
        "B": 4,
        "C": 64
    },
    "optimal_cost": 1.0,
    "probability_distribution": {
        "32.0": 0.0394,
        "24.0": 0.0368,
        "65.0": 0.019599999999999996,
        "25.0": 0.0782,
        "1.0": 0.013999999999999999,
        "57.0": 0.0231,
        "49.0": 0.028100000000000007,
        "17.0": 0.08860000000000001,
        "41.0": 0.044599999999999994,
        "9.0": 0.0372,
        "33.0": 0.026799999999999997,
        "73.0": 0.0015999999999999999,
        "108.0": 0.0081,
        "52.0": 0.030600000000000002,
        "12.0": 0.0322,
        "100.0": 0.0075,
        "76.0": 0.0189,
        "44.0": 0.0177,
        "36.0": 0.0324,
        "84.0": 0.0043,
        "48.0": 0.0078,
        "98.0": 0.0015,
        "58.0": 0.0112,
        "34.0": 0.052700000000000004,
        "50.0": 0.0309,
        "18.0": 0.029700000000000004,
        "26.0": 0.0254,
        "16.0": 0.0085,
        "74.0": 0.0059,
        "42.0": 0.056799999999999996,
        "10.0": 0.0386,
        "56.0": 0.0054,
        "141.0": 0.0015,
        "85.0": 0.0056,
        "45.0": 0.0163,
        "101.0": 0.0065,
        "77.0": 0.0103,
        "37.0": 0.018,
        "53.0": 0.0116,
        "2.0": 0.0058,
        "117.0": 0.0014,
        "61.0": 0.0106,
        "21.0": 0.0037,
        "93.0": 0.0091,
        "69.0": 0.0084,
        "29.0": 0.011800000000000001,
        "96.0": 0.0006,
        "184.0": 0.001,
        "128.0": 0.0036,
        "88.0": 0.0023,
        "104.0": 0.0015999999999999999,
        "72.0": 0.0013,
        "64.0": 0.0049
    },
    "probability_distribution_items": [
        [
            32.0,
            0.0394
        ],
        [
            24.0,
            0.0368
        ],
        [
            65.0,
            0.019599999999999996
        ],
        [
            25.0,
            0.0782
        ],
        [
            1.0,
            0.013999999999999999
        ],
        [
            57.0,
            0.0231
        ],
        [
            49.0,
            0.028100000000000007
        ],
        [
            17.0,
            0.08860000000000001
        ],
        [
            41.0,
            0.044599999999999994
        ],
        [
            9.0,
            0.0372
        ],
        [
            33.0,
            0.026799999999999997
        ],
        [
            73.0,
            0.0015999999999999999
        ],
        [
            108.0,
            0.0081
        ],
        [
            52.0,
            0.030600000000000002
        ],
        [
            12.0,
            0.0322
        ],
        [
            100.0,
            0.0075
        ],
        [
            76.0,
            0.0189
        ],
        [
            44.0,
            0.0177
        ],
        [
            36.0,
            0.0324
        ],
        [
            84.0,
            0.0043
        ],
        [
            48.0,
            0.0078
        ],
        [
            98.0,
            0.0015
        ],
        [
            58.0,
            0.0112
        ],
        [
            34.0,
            0.052700000000000004
        ],
        [
            50.0,
            0.0309
        ],
        [
            18.0,
            0.029700000000000004
        ],
        [
            26.0,
            0.0254
        ],
        [
            16.0,
            0.0085
        ],
        [
            74.0,
            0.0059
        ],
        [
            42.0,
            0.056799999999999996
        ],
        [
            10.0,
            0.0386
        ],
        [
            56.0,
            0.0054
        ],
        [
            141.0,
            0.0015
        ],
        [
            85.0,
            0.0056
        ],
        [
            45.0,
            0.0163
        ],
        [
            101.0,
            0.0065
        ],
        [
            77.0,
            0.0103
        ],
        [
            37.0,
            0.018
        ],
        [
            53.0,
            0.0116
        ],
        [
            2.0,
            0.0058
        ],
        [
            117.0,
            0.0014
        ],
        [
            61.0,
            0.0106
        ],
        [
            21.0,
            0.0037
        ],
        [
            93.0,
            0.0091
        ],
        [
            69.0,
            0.0084
        ],
        [
            29.0,
            0.011800000000000001
        ],
        [
            96.0,
            0.0006
        ],
        [
            184.0,
            0.001
        ],
        [
            128.0,
            0.0036
        ],
        [
            88.0,
            0.0023
        ],
        [
            104.0,
            0.0015999999999999999
        ],
        [
            72.0,
            0.0013
        ],
        [
            64.0,
            0.0049
        ]
    ],
    "approximation_ratio": 37.8823,
    "approximation_ratio_offset": 0.7984573770491804,
    "noise": false,
    "p": 1
}