{
    "expected_value": 38.9762,
    "optimal_gammas": [
        2.984964113237714
    ],
    "optimal_betas": [
        2.7033681647869776
    ],
    "problem_identifier": "{'W': [1, 1], 'W_max': 2, 'A': 36, 'B': 4, 'C': 72}",
    "now": "2021-05-13 00:39:45",
    "execution_time": "1:03:53.386592",
    "nfev": 1578,
    "message": "Maximum number of iterations has been exceeded.",
    "success": false,
    "nit": 50,
    "routing": "transpile",
    "problem": {
        "W": [
            1,
            1
        ],
        "W_max": 2,
        "A": 36,
        "B": 4,
        "C": 72
    },
    "optimal_cost": 1.0,
    "probability_distribution": {
        "36.0": 0.036899999999999995,
        "27.0": 0.03219999999999999,
        "73.0": 0.030600000000000002,
        "28.0": 0.0678,
        "1.0": 0.0138,
        "64.0": 0.0254,
        "55.0": 0.0282,
        "19.0": 0.0732,
        "46.0": 0.0336,
        "10.0": 0.0392,
        "37.0": 0.0277,
        "82.0": 0.0039,
        "121.0": 0.0095,
        "58.0": 0.0341,
        "13.0": 0.0448,
        "112.0": 0.005,
        "85.0": 0.016999999999999998,
        "49.0": 0.0143,
        "40.0": 0.034,
        "94.0": 0.0035,
        "54.0": 0.0059,
        "110.0": 0.0018,
        "65.0": 0.0081,
        "38.0": 0.0591,
        "56.0": 0.0315,
        "20.0": 0.0197,
        "29.0": 0.0348,
        "18.0": 0.0051,
        "83.0": 0.0076,
        "47.0": 0.04820000000000001,
        "11.0": 0.0304,
        "63.0": 0.006,
        "158.0": 0.0021,
        "95.0": 0.007300000000000001,
        "50.0": 0.0141,
        "113.0": 0.0036,
        "86.0": 0.0076,
        "41.0": 0.023700000000000002,
        "59.0": 0.015200000000000002,
        "2.0": 0.0088,
        "131.0": 0.0031,
        "68.0": 0.015500000000000002,
        "23.0": 0.0063,
        "104.0": 0.0085,
        "77.0": 0.0077,
        "32.0": 0.026299999999999997,
        "108.0": 0.0009,
        "206.0": 0.0005,
        "143.0": 0.0028,
        "98.0": 0.0036,
        "116.0": 0.0014,
        "80.0": 0.0009,
        "71.0": 0.004399999999999999,
        "62.0": 0.0028
    },
    "probability_distribution_items": [
        [
            36.0,
            0.036899999999999995
        ],
        [
            27.0,
            0.03219999999999999
        ],
        [
            73.0,
            0.030600000000000002
        ],
        [
            28.0,
            0.0678
        ],
        [
            1.0,
            0.0138
        ],
        [
            64.0,
            0.0254
        ],
        [
            55.0,
            0.0282
        ],
        [
            19.0,
            0.0732
        ],
        [
            46.0,
            0.0336
        ],
        [
            10.0,
            0.0392
        ],
        [
            37.0,
            0.0277
        ],
        [
            82.0,
            0.0039
        ],
        [
            121.0,
            0.0095
        ],
        [
            58.0,
            0.0341
        ],
        [
            13.0,
            0.0448
        ],
        [
            112.0,
            0.005
        ],
        [
            85.0,
            0.016999999999999998
        ],
        [
            49.0,
            0.0143
        ],
        [
            40.0,
            0.034
        ],
        [
            94.0,
            0.0035
        ],
        [
            54.0,
            0.0059
        ],
        [
            110.0,
            0.0018
        ],
        [
            65.0,
            0.0081
        ],
        [
            38.0,
            0.0591
        ],
        [
            56.0,
            0.0315
        ],
        [
            20.0,
            0.0197
        ],
        [
            29.0,
            0.0348
        ],
        [
            18.0,
            0.0051
        ],
        [
            83.0,
            0.0076
        ],
        [
            47.0,
            0.04820000000000001
        ],
        [
            11.0,
            0.0304
        ],
        [
            63.0,
            0.006
        ],
        [
            158.0,
            0.0021
        ],
        [
            95.0,
            0.007300000000000001
        ],
        [
            50.0,
            0.0141
        ],
        [
            113.0,
            0.0036
        ],
        [
            86.0,
            0.0076
        ],
        [
            41.0,
            0.023700000000000002
        ],
        [
            59.0,
            0.015200000000000002
        ],
        [
            2.0,
            0.0088
        ],
        [
            131.0,
            0.0031
        ],
        [
            68.0,
            0.015500000000000002
        ],
        [
            23.0,
            0.0063
        ],
        [
            104.0,
            0.0085
        ],
        [
            77.0,
            0.0077
        ],
        [
            32.0,
            0.026299999999999997
        ],
        [
            108.0,
            0.0009
        ],
        [
            206.0,
            0.0005
        ],
        [
            143.0,
            0.0028
        ],
        [
            98.0,
            0.0036
        ],
        [
            116.0,
            0.0014
        ],
        [
            80.0,
            0.0009
        ],
        [
            71.0,
            0.004399999999999999
        ],
        [
            62.0,
            0.0028
        ]
    ],
    "approximation_ratio": 43.1281,
    "approximation_ratio_offset": 0.7944970731707316,
    "noise": false,
    "p": 1
}