{
    "expected_value": 47.3098,
    "optimal_gammas": [
        5.242134631222431,
        2.9102347666753863,
        6.212419973472839,
        5.236301374024126,
        0.7005603902567441,
        3.1372379417295275
    ],
    "optimal_betas": [
        2.0993956961351503,
        2.742133002092657,
        2.4871680577676174,
        1.5515338671136902,
        2.7317951880462124,
        2.6716053475370605
    ],
    "problem_identifier": "{'W': [1, 1], 'W_max': 2, 'A': 36, 'B': 4, 'C': 72}",
    "now": "2021-05-13 08:06:00",
    "execution_time": "4:36:42.284408",
    "nfev": 9791,
    "message": "Maximum number of iterations has been exceeded.",
    "success": false,
    "nit": 50,
    "routing": "line",
    "problem": {
        "W": [
            1,
            1
        ],
        "W_max": 2,
        "A": 36,
        "B": 4,
        "C": 72
    },
    "optimal_cost": 1.0,
    "probability_distribution": {
        "36.0": 0.024,
        "27.0": 0.0387,
        "73.0": 0.024000000000000004,
        "28.0": 0.0341,
        "1.0": 0.008199999999999999,
        "64.0": 0.030799999999999998,
        "55.0": 0.0431,
        "19.0": 0.045200000000000004,
        "46.0": 0.0553,
        "10.0": 0.035800000000000005,
        "37.0": 0.051899999999999995,
        "82.0": 0.0078,
        "121.0": 0.013600000000000001,
        "58.0": 0.0148,
        "13.0": 0.0056,
        "112.0": 0.0159,
        "85.0": 0.0177,
        "49.0": 0.014999999999999998,
        "40.0": 0.0105,
        "94.0": 0.012,
        "54.0": 0.019299999999999998,
        "110.0": 0.0025,
        "65.0": 0.009399999999999999,
        "38.0": 0.044,
        "56.0": 0.0305,
        "20.0": 0.026600000000000002,
        "29.0": 0.05729999999999999,
        "18.0": 0.0169,
        "83.0": 0.0077,
        "47.0": 0.0265,
        "11.0": 0.0217,
        "63.0": 0.026,
        "158.0": 0.0043,
        "95.0": 0.0155,
        "50.0": 0.0133,
        "113.0": 0.0091,
        "86.0": 0.0116,
        "41.0": 0.0225,
        "59.0": 0.01,
        "2.0": 0.014700000000000001,
        "131.0": 0.0078,
        "68.0": 0.0208,
        "23.0": 0.0049,
        "104.0": 0.0154,
        "77.0": 0.0139,
        "32.0": 0.009,
        "108.0": 0.0065,
        "206.0": 0.0026,
        "143.0": 0.0087,
        "98.0": 0.0026,
        "116.0": 0.0039,
        "80.0": 0.0040999999999999995,
        "71.0": 0.0055,
        "62.0": 0.0009
    },
    "probability_distribution_items": [
        [
            36.0,
            0.024
        ],
        [
            27.0,
            0.0387
        ],
        [
            73.0,
            0.024000000000000004
        ],
        [
            28.0,
            0.0341
        ],
        [
            1.0,
            0.008199999999999999
        ],
        [
            64.0,
            0.030799999999999998
        ],
        [
            55.0,
            0.0431
        ],
        [
            19.0,
            0.045200000000000004
        ],
        [
            46.0,
            0.0553
        ],
        [
            10.0,
            0.035800000000000005
        ],
        [
            37.0,
            0.051899999999999995
        ],
        [
            82.0,
            0.0078
        ],
        [
            121.0,
            0.013600000000000001
        ],
        [
            58.0,
            0.0148
        ],
        [
            13.0,
            0.0056
        ],
        [
            112.0,
            0.0159
        ],
        [
            85.0,
            0.0177
        ],
        [
            49.0,
            0.014999999999999998
        ],
        [
            40.0,
            0.0105
        ],
        [
            94.0,
            0.012
        ],
        [
            54.0,
            0.019299999999999998
        ],
        [
            110.0,
            0.0025
        ],
        [
            65.0,
            0.009399999999999999
        ],
        [
            38.0,
            0.044
        ],
        [
            56.0,
            0.0305
        ],
        [
            20.0,
            0.026600000000000002
        ],
        [
            29.0,
            0.05729999999999999
        ],
        [
            18.0,
            0.0169
        ],
        [
            83.0,
            0.0077
        ],
        [
            47.0,
            0.0265
        ],
        [
            11.0,
            0.0217
        ],
        [
            63.0,
            0.026
        ],
        [
            158.0,
            0.0043
        ],
        [
            95.0,
            0.0155
        ],
        [
            50.0,
            0.0133
        ],
        [
            113.0,
            0.0091
        ],
        [
            86.0,
            0.0116
        ],
        [
            41.0,
            0.0225
        ],
        [
            59.0,
            0.01
        ],
        [
            2.0,
            0.014700000000000001
        ],
        [
            131.0,
            0.0078
        ],
        [
            68.0,
            0.0208
        ],
        [
            23.0,
            0.0049
        ],
        [
            104.0,
            0.0154
        ],
        [
            77.0,
            0.0139
        ],
        [
            32.0,
            0.009
        ],
        [
            108.0,
            0.0065
        ],
        [
            206.0,
            0.0026
        ],
        [
            143.0,
            0.0087
        ],
        [
            98.0,
            0.0026
        ],
        [
            116.0,
            0.0039
        ],
        [
            80.0,
            0.0040999999999999995
        ],
        [
            71.0,
            0.0055
        ],
        [
            62.0,
            0.0009
        ]
    ],
    "approximation_ratio": 50.7624,
    "approximation_ratio_offset": 0.7572565853658536,
    "noise": false,
    "p": 6
}