{
    "expected_value": 37.6589,
    "optimal_gammas": [
        2.097400418388914,
        3.475759751097611,
        1.167711118397215
    ],
    "optimal_betas": [
        0.5700226711850496,
        0.3916566810368374,
        1.3525268983247396
    ],
    "problem_identifier": "{'W': [1, 1], 'W_max': 2, 'A': 36, 'B': 4, 'C': 72}",
    "now": "2021-05-13 06:24:30",
    "execution_time": "1:22:56.095721",
    "nfev": 4737,
    "message": "Maximum number of iterations has been exceeded.",
    "success": false,
    "nit": 50,
    "routing": "line",
    "problem": {
        "W": [
            1,
            1
        ],
        "W_max": 2,
        "A": 36,
        "B": 4,
        "C": 72
    },
    "optimal_cost": 1.0,
    "probability_distribution": {
        "36.0": 0.0054,
        "27.0": 0.0075,
        "73.0": 0.0064,
        "28.0": 0.014199999999999999,
        "1.0": 0.003,
        "64.0": 0.0083,
        "55.0": 0.0432,
        "19.0": 0.0324,
        "46.0": 0.06509999999999999,
        "10.0": 0.0632,
        "37.0": 0.051800000000000006,
        "82.0": 0.010499999999999999,
        "121.0": 0.0017000000000000001,
        "58.0": 0.0087,
        "13.0": 0.0046,
        "112.0": 0.0055,
        "85.0": 0.0241,
        "49.0": 0.0181,
        "40.0": 0.021200000000000004,
        "94.0": 0.0095,
        "54.0": 0.007,
        "110.0": 0.0002,
        "65.0": 0.0024000000000000002,
        "38.0": 0.0675,
        "56.0": 0.0242,
        "20.0": 0.0327,
        "29.0": 0.0958,
        "18.0": 0.007300000000000001,
        "83.0": 0.0014,
        "47.0": 0.0327,
        "11.0": 0.0257,
        "63.0": 0.0126,
        "158.0": 0.0009,
        "95.0": 0.0056,
        "50.0": 0.0156,
        "113.0": 0.0018,
        "86.0": 0.009,
        "41.0": 0.032200000000000006,
        "59.0": 0.029699999999999997,
        "2.0": 0.035500000000000004,
        "131.0": 0.0015,
        "68.0": 0.031799999999999995,
        "23.0": 0.006,
        "104.0": 0.0086,
        "77.0": 0.0253,
        "32.0": 0.0402,
        "108.0": 0.0034,
        "206.0": 0.0001,
        "143.0": 0.0018999999999999998,
        "98.0": 0.002,
        "116.0": 0.0066,
        "80.0": 0.0063999999999999994,
        "71.0": 0.0167,
        "62.0": 0.0053
    },
    "probability_distribution_items": [
        [
            36.0,
            0.0054
        ],
        [
            27.0,
            0.0075
        ],
        [
            73.0,
            0.0064
        ],
        [
            28.0,
            0.014199999999999999
        ],
        [
            1.0,
            0.003
        ],
        [
            64.0,
            0.0083
        ],
        [
            55.0,
            0.0432
        ],
        [
            19.0,
            0.0324
        ],
        [
            46.0,
            0.06509999999999999
        ],
        [
            10.0,
            0.0632
        ],
        [
            37.0,
            0.051800000000000006
        ],
        [
            82.0,
            0.010499999999999999
        ],
        [
            121.0,
            0.0017000000000000001
        ],
        [
            58.0,
            0.0087
        ],
        [
            13.0,
            0.0046
        ],
        [
            112.0,
            0.0055
        ],
        [
            85.0,
            0.0241
        ],
        [
            49.0,
            0.0181
        ],
        [
            40.0,
            0.021200000000000004
        ],
        [
            94.0,
            0.0095
        ],
        [
            54.0,
            0.007
        ],
        [
            110.0,
            0.0002
        ],
        [
            65.0,
            0.0024000000000000002
        ],
        [
            38.0,
            0.0675
        ],
        [
            56.0,
            0.0242
        ],
        [
            20.0,
            0.0327
        ],
        [
            29.0,
            0.0958
        ],
        [
            18.0,
            0.007300000000000001
        ],
        [
            83.0,
            0.0014
        ],
        [
            47.0,
            0.0327
        ],
        [
            11.0,
            0.0257
        ],
        [
            63.0,
            0.0126
        ],
        [
            158.0,
            0.0009
        ],
        [
            95.0,
            0.0056
        ],
        [
            50.0,
            0.0156
        ],
        [
            113.0,
            0.0018
        ],
        [
            86.0,
            0.009
        ],
        [
            41.0,
            0.032200000000000006
        ],
        [
            59.0,
            0.029699999999999997
        ],
        [
            2.0,
            0.035500000000000004
        ],
        [
            131.0,
            0.0015
        ],
        [
            68.0,
            0.031799999999999995
        ],
        [
            23.0,
            0.006
        ],
        [
            104.0,
            0.0086
        ],
        [
            77.0,
            0.0253
        ],
        [
            32.0,
            0.0402
        ],
        [
            108.0,
            0.0034
        ],
        [
            206.0,
            0.0001
        ],
        [
            143.0,
            0.0018999999999999998
        ],
        [
            98.0,
            0.002
        ],
        [
            116.0,
            0.0066
        ],
        [
            80.0,
            0.0063999999999999994
        ],
        [
            71.0,
            0.0167
        ],
        [
            62.0,
            0.0053
        ]
    ],
    "approximation_ratio": 44.0221,
    "approximation_ratio_offset": 0.7901360975609756,
    "noise": false,
    "p": 3
}