{
    "expected_value": 38.1313,
    "optimal_gammas": [
        4.280926301140571,
        3.0709030429126725
    ],
    "optimal_betas": [
        0.8137136427637547,
        1.7382893906844197
    ],
    "problem_identifier": "{'W': [1, 1], 'W_max': 2, 'A': 36, 'B': 4, 'C': 72}",
    "now": "2021-05-12 20:53:46",
    "execution_time": "0:31:49.565582",
    "nfev": 3190,
    "message": "Maximum number of iterations has been exceeded.",
    "success": false,
    "nit": 50,
    "routing": "line",
    "problem": {
        "W": [
            1,
            1
        ],
        "W_max": 2,
        "A": 36,
        "B": 4,
        "C": 72
    },
    "optimal_cost": 1.0,
    "probability_distribution": {
        "36.0": 0.003,
        "27.0": 0.0038000000000000004,
        "73.0": 0.02,
        "28.0": 0.0274,
        "1.0": 0.0085,
        "64.0": 0.0154,
        "55.0": 0.0271,
        "19.0": 0.0169,
        "46.0": 0.0218,
        "10.0": 0.0138,
        "37.0": 0.014599999999999998,
        "82.0": 0.0043,
        "121.0": 0.0043,
        "58.0": 0.005,
        "13.0": 0.0018,
        "112.0": 0.0037,
        "85.0": 0.0094,
        "49.0": 0.0063,
        "40.0": 0.007899999999999999,
        "94.0": 0.0083,
        "54.0": 0.0016,
        "110.0": 0.0005,
        "65.0": 0.0084,
        "38.0": 0.10919999999999999,
        "56.0": 0.0307,
        "20.0": 0.09809999999999999,
        "29.0": 0.10700000000000001,
        "18.0": 0.0025,
        "83.0": 0.0045,
        "47.0": 0.0486,
        "11.0": 0.0693,
        "63.0": 0.0054,
        "158.0": 0.0024,
        "95.0": 0.0047,
        "50.0": 0.0349,
        "113.0": 0.009000000000000001,
        "86.0": 0.022299999999999997,
        "41.0": 0.03849999999999999,
        "59.0": 0.0315,
        "2.0": 0.016,
        "131.0": 0.0051,
        "68.0": 0.0225,
        "23.0": 0.0096,
        "104.0": 0.014699999999999998,
        "77.0": 0.019299999999999998,
        "32.0": 0.0247,
        "108.0": 0.0026,
        "206.0": 0.0015,
        "143.0": 0.0056,
        "98.0": 0.004,
        "116.0": 0.0037999999999999996,
        "80.0": 0.0033,
        "71.0": 0.011,
        "62.0": 0.0039
    },
    "probability_distribution_items": [
        [
            36.0,
            0.003
        ],
        [
            27.0,
            0.0038000000000000004
        ],
        [
            73.0,
            0.02
        ],
        [
            28.0,
            0.0274
        ],
        [
            1.0,
            0.0085
        ],
        [
            64.0,
            0.0154
        ],
        [
            55.0,
            0.0271
        ],
        [
            19.0,
            0.0169
        ],
        [
            46.0,
            0.0218
        ],
        [
            10.0,
            0.0138
        ],
        [
            37.0,
            0.014599999999999998
        ],
        [
            82.0,
            0.0043
        ],
        [
            121.0,
            0.0043
        ],
        [
            58.0,
            0.005
        ],
        [
            13.0,
            0.0018
        ],
        [
            112.0,
            0.0037
        ],
        [
            85.0,
            0.0094
        ],
        [
            49.0,
            0.0063
        ],
        [
            40.0,
            0.007899999999999999
        ],
        [
            94.0,
            0.0083
        ],
        [
            54.0,
            0.0016
        ],
        [
            110.0,
            0.0005
        ],
        [
            65.0,
            0.0084
        ],
        [
            38.0,
            0.10919999999999999
        ],
        [
            56.0,
            0.0307
        ],
        [
            20.0,
            0.09809999999999999
        ],
        [
            29.0,
            0.10700000000000001
        ],
        [
            18.0,
            0.0025
        ],
        [
            83.0,
            0.0045
        ],
        [
            47.0,
            0.0486
        ],
        [
            11.0,
            0.0693
        ],
        [
            63.0,
            0.0054
        ],
        [
            158.0,
            0.0024
        ],
        [
            95.0,
            0.0047
        ],
        [
            50.0,
            0.0349
        ],
        [
            113.0,
            0.009000000000000001
        ],
        [
            86.0,
            0.022299999999999997
        ],
        [
            41.0,
            0.03849999999999999
        ],
        [
            59.0,
            0.0315
        ],
        [
            2.0,
            0.016
        ],
        [
            131.0,
            0.0051
        ],
        [
            68.0,
            0.0225
        ],
        [
            23.0,
            0.0096
        ],
        [
            104.0,
            0.014699999999999998
        ],
        [
            77.0,
            0.019299999999999998
        ],
        [
            32.0,
            0.0247
        ],
        [
            108.0,
            0.0026
        ],
        [
            206.0,
            0.0015
        ],
        [
            143.0,
            0.0056
        ],
        [
            98.0,
            0.004
        ],
        [
            116.0,
            0.0037999999999999996
        ],
        [
            80.0,
            0.0033
        ],
        [
            71.0,
            0.011
        ],
        [
            62.0,
            0.0039
        ]
    ],
    "approximation_ratio": 44.5158,
    "approximation_ratio_offset": 0.7877278048780487,
    "noise": false,
    "p": 2
}