{
    "expected_value": 38.1486,
    "optimal_gammas": [
        3.1602288698278285,
        0.9881427272179395
    ],
    "optimal_betas": [
        2.870341706659894,
        3.045062549512102
    ],
    "problem_identifier": "{'W': [1, 1], 'W_max': 2, 'A': 32, 'B': 4, 'C': 64}",
    "now": "2021-05-10 14:59:35",
    "execution_time": "3:46:55.646564",
    "nfev": 3190,
    "message": "Maximum number of iterations has been exceeded.",
    "success": false,
    "nit": 50,
    "routing": "transpile",
    "problem": {
        "W": [
            1,
            1
        ],
        "W_max": 2,
        "A": 32,
        "B": 4,
        "C": 64
    },
    "optimal_cost": 1.0,
    "probability_distribution": {
        "32.0": 0.0228,
        "24.0": 0.036699999999999997,
        "65.0": 0.030000000000000002,
        "25.0": 0.06319999999999999,
        "1.0": 0.0187,
        "57.0": 0.0372,
        "49.0": 0.0482,
        "17.0": 0.0498,
        "41.0": 0.0364,
        "9.0": 0.0441,
        "33.0": 0.05349999999999999,
        "73.0": 0.015300000000000001,
        "108.0": 0.0066,
        "52.0": 0.0127,
        "12.0": 0.012400000000000001,
        "100.0": 0.010199999999999999,
        "76.0": 0.0244,
        "44.0": 0.0139,
        "36.0": 0.034699999999999995,
        "84.0": 0.0115,
        "48.0": 0.015199999999999998,
        "98.0": 0.0023,
        "58.0": 0.0081,
        "34.0": 0.054400000000000004,
        "50.0": 0.0225,
        "18.0": 0.037500000000000006,
        "26.0": 0.0317,
        "16.0": 0.0165,
        "74.0": 0.003,
        "42.0": 0.0534,
        "10.0": 0.026600000000000002,
        "56.0": 0.024700000000000003,
        "141.0": 0.0021,
        "85.0": 0.006999999999999999,
        "45.0": 0.0157,
        "101.0": 0.0038,
        "77.0": 0.010000000000000002,
        "37.0": 0.0131,
        "53.0": 0.016300000000000002,
        "2.0": 0.0047,
        "117.0": 0.0018999999999999998,
        "61.0": 0.011600000000000001,
        "21.0": 0.0037,
        "93.0": 0.004,
        "69.0": 0.0048,
        "29.0": 0.0109,
        "96.0": 0.0046,
        "184.0": 0.0006,
        "128.0": 0.0012,
        "88.0": 0.0012,
        "104.0": 0.0008,
        "72.0": 0.0006,
        "64.0": 0.0032
    },
    "probability_distribution_items": [
        [
            32.0,
            0.0228
        ],
        [
            24.0,
            0.036699999999999997
        ],
        [
            65.0,
            0.030000000000000002
        ],
        [
            25.0,
            0.06319999999999999
        ],
        [
            1.0,
            0.0187
        ],
        [
            57.0,
            0.0372
        ],
        [
            49.0,
            0.0482
        ],
        [
            17.0,
            0.0498
        ],
        [
            41.0,
            0.0364
        ],
        [
            9.0,
            0.0441
        ],
        [
            33.0,
            0.05349999999999999
        ],
        [
            73.0,
            0.015300000000000001
        ],
        [
            108.0,
            0.0066
        ],
        [
            52.0,
            0.0127
        ],
        [
            12.0,
            0.012400000000000001
        ],
        [
            100.0,
            0.010199999999999999
        ],
        [
            76.0,
            0.0244
        ],
        [
            44.0,
            0.0139
        ],
        [
            36.0,
            0.034699999999999995
        ],
        [
            84.0,
            0.0115
        ],
        [
            48.0,
            0.015199999999999998
        ],
        [
            98.0,
            0.0023
        ],
        [
            58.0,
            0.0081
        ],
        [
            34.0,
            0.054400000000000004
        ],
        [
            50.0,
            0.0225
        ],
        [
            18.0,
            0.037500000000000006
        ],
        [
            26.0,
            0.0317
        ],
        [
            16.0,
            0.0165
        ],
        [
            74.0,
            0.003
        ],
        [
            42.0,
            0.0534
        ],
        [
            10.0,
            0.026600000000000002
        ],
        [
            56.0,
            0.024700000000000003
        ],
        [
            141.0,
            0.0021
        ],
        [
            85.0,
            0.006999999999999999
        ],
        [
            45.0,
            0.0157
        ],
        [
            101.0,
            0.0038
        ],
        [
            77.0,
            0.010000000000000002
        ],
        [
            37.0,
            0.0131
        ],
        [
            53.0,
            0.016300000000000002
        ],
        [
            2.0,
            0.0047
        ],
        [
            117.0,
            0.0018999999999999998
        ],
        [
            61.0,
            0.011600000000000001
        ],
        [
            21.0,
            0.0037
        ],
        [
            93.0,
            0.004
        ],
        [
            69.0,
            0.0048
        ],
        [
            29.0,
            0.0109
        ],
        [
            96.0,
            0.0046
        ],
        [
            184.0,
            0.0006
        ],
        [
            128.0,
            0.0012
        ],
        [
            88.0,
            0.0012
        ],
        [
            104.0,
            0.0008
        ],
        [
            72.0,
            0.0006
        ],
        [
            64.0,
            0.0032
        ]
    ],
    "approximation_ratio": 40.0211,
    "approximation_ratio_offset": 0.7867699453551913,
    "noise": false,
    "p": 2
}