{
    "expected_value": 1.1365,
    "optimal_gammas": [
        3.9546067629822774,
        2.137352032942128,
        4.699748163975507,
        1.629277905449507,
        5.611582759633641,
        2.6971753945801384
    ],
    "optimal_betas": [
        1.6039018354396257,
        0.22413392494006038,
        1.813384181269175,
        3.075137198732204,
        1.9805029215999568,
        2.851908855833926
    ],
    "problem_identifier": "{'W': [1], 'W_max': 1, 'A': 8, 'B': 4, 'C': 16}",
    "now": "2021-05-11 04:22:21",
    "execution_time": "2:44:59.708573",
    "nfev": 9557,
    "message": "Maximum number of iterations has been exceeded.",
    "success": false,
    "nit": 50,
    "routing": "transpile",
    "problem": {
        "W": [
            1
        ],
        "W_max": 1,
        "A": 8,
        "B": 4,
        "C": 16
    },
    "optimal_cost": 1.0,
    "probability_distribution": {
        "4.0": 0.0349,
        "2.0": 0.0496,
        "7.0": 0.0144,
        "1.0": 0.9011
    },
    "probability_distribution_items": [
        [
            4.0,
            0.0349
        ],
        [
            2.0,
            0.0496
        ],
        [
            7.0,
            0.0144
        ],
        [
            1.0,
            0.9011
        ]
    ],
    "approximation_ratio": 1.2784,
    "approximation_ratio_offset": 0.9536000000000001,
    "noise": false,
    "p": 6
}