{
    "expected_value": 47.0793,
    "optimal_gammas": [
        2.2827806006682447,
        1.7421295692600038,
        4.268771963365997,
        5.393944777733074,
        5.945655355097236
    ],
    "optimal_betas": [
        1.289274259734037,
        1.1959651151957162,
        0.6555232547408455,
        2.8720791574997557,
        2.5912668359487085
    ],
    "problem_identifier": "{'W': [1, 1], 'W_max': 2, 'A': 36, 'B': 4, 'C': 72}",
    "now": "2021-05-13 17:41:52",
    "execution_time": "22:54:07.991554",
    "nfev": 8156,
    "message": "Maximum number of iterations has been exceeded.",
    "success": false,
    "nit": 50,
    "routing": "transpile",
    "problem": {
        "W": [
            1,
            1
        ],
        "W_max": 2,
        "A": 36,
        "B": 4,
        "C": 72
    },
    "optimal_cost": 1.0,
    "probability_distribution": {
        "36.0": 0.0125,
        "27.0": 0.0177,
        "73.0": 0.0224,
        "28.0": 0.028700000000000003,
        "1.0": 0.0088,
        "64.0": 0.0321,
        "55.0": 0.0325,
        "19.0": 0.0282,
        "46.0": 0.028999999999999998,
        "10.0": 0.025099999999999997,
        "37.0": 0.0329,
        "82.0": 0.0074,
        "121.0": 0.0157,
        "58.0": 0.0169,
        "13.0": 0.0081,
        "112.0": 0.0156,
        "85.0": 0.0213,
        "49.0": 0.0176,
        "40.0": 0.013999999999999999,
        "94.0": 0.0144,
        "54.0": 0.006699999999999999,
        "110.0": 0.003,
        "65.0": 0.0149,
        "38.0": 0.0491,
        "56.0": 0.031799999999999995,
        "20.0": 0.028800000000000003,
        "29.0": 0.05039999999999999,
        "18.0": 0.0075,
        "83.0": 0.0076,
        "47.0": 0.0326,
        "11.0": 0.023200000000000002,
        "63.0": 0.0167,
        "158.0": 0.0087,
        "95.0": 0.0229,
        "50.0": 0.0305,
        "113.0": 0.013399999999999999,
        "86.0": 0.0225,
        "41.0": 0.031099999999999996,
        "59.0": 0.0225,
        "2.0": 0.0095,
        "131.0": 0.008199999999999999,
        "68.0": 0.031400000000000004,
        "23.0": 0.0068000000000000005,
        "104.0": 0.0175,
        "77.0": 0.016999999999999998,
        "32.0": 0.0148,
        "108.0": 0.0031,
        "206.0": 0.0036,
        "143.0": 0.0156,
        "98.0": 0.008799999999999999,
        "116.0": 0.009899999999999999,
        "80.0": 0.0105,
        "71.0": 0.0136,
        "62.0": 0.0049
    },
    "probability_distribution_items": [
        [
            36.0,
            0.0125
        ],
        [
            27.0,
            0.0177
        ],
        [
            73.0,
            0.0224
        ],
        [
            28.0,
            0.028700000000000003
        ],
        [
            1.0,
            0.0088
        ],
        [
            64.0,
            0.0321
        ],
        [
            55.0,
            0.0325
        ],
        [
            19.0,
            0.0282
        ],
        [
            46.0,
            0.028999999999999998
        ],
        [
            10.0,
            0.025099999999999997
        ],
        [
            37.0,
            0.0329
        ],
        [
            82.0,
            0.0074
        ],
        [
            121.0,
            0.0157
        ],
        [
            58.0,
            0.0169
        ],
        [
            13.0,
            0.0081
        ],
        [
            112.0,
            0.0156
        ],
        [
            85.0,
            0.0213
        ],
        [
            49.0,
            0.0176
        ],
        [
            40.0,
            0.013999999999999999
        ],
        [
            94.0,
            0.0144
        ],
        [
            54.0,
            0.006699999999999999
        ],
        [
            110.0,
            0.003
        ],
        [
            65.0,
            0.0149
        ],
        [
            38.0,
            0.0491
        ],
        [
            56.0,
            0.031799999999999995
        ],
        [
            20.0,
            0.028800000000000003
        ],
        [
            29.0,
            0.05039999999999999
        ],
        [
            18.0,
            0.0075
        ],
        [
            83.0,
            0.0076
        ],
        [
            47.0,
            0.0326
        ],
        [
            11.0,
            0.023200000000000002
        ],
        [
            63.0,
            0.0167
        ],
        [
            158.0,
            0.0087
        ],
        [
            95.0,
            0.0229
        ],
        [
            50.0,
            0.0305
        ],
        [
            113.0,
            0.013399999999999999
        ],
        [
            86.0,
            0.0225
        ],
        [
            41.0,
            0.031099999999999996
        ],
        [
            59.0,
            0.0225
        ],
        [
            2.0,
            0.0095
        ],
        [
            131.0,
            0.008199999999999999
        ],
        [
            68.0,
            0.031400000000000004
        ],
        [
            23.0,
            0.0068000000000000005
        ],
        [
            104.0,
            0.0175
        ],
        [
            77.0,
            0.016999999999999998
        ],
        [
            32.0,
            0.0148
        ],
        [
            108.0,
            0.0031
        ],
        [
            206.0,
            0.0036
        ],
        [
            143.0,
            0.0156
        ],
        [
            98.0,
            0.008799999999999999
        ],
        [
            116.0,
            0.009899999999999999
        ],
        [
            80.0,
            0.0105
        ],
        [
            71.0,
            0.0136
        ],
        [
            62.0,
            0.0049
        ]
    ],
    "approximation_ratio": 53.321,
    "approximation_ratio_offset": 0.7447756097560976,
    "noise": false,
    "p": 5
}