{
    "expected_value": 1.2607,
    "optimal_gammas": [
        4.9424366812634135,
        4.319702733761474
    ],
    "optimal_betas": [
        0.9579061137138245,
        1.0442234681318583
    ],
    "problem_identifier": "{'W': [1], 'W_max': 1, 'A': 8, 'B': 4, 'C': 16}",
    "now": "2021-05-10 11:32:06",
    "execution_time": "0:08:18.963253",
    "nfev": 3135,
    "message": "Maximum number of iterations has been exceeded.",
    "success": false,
    "nit": 50,
    "routing": "network",
    "problem": {
        "W": [
            1
        ],
        "W_max": 1,
        "A": 8,
        "B": 4,
        "C": 16
    },
    "optimal_cost": 1.0,
    "probability_distribution": {
        "4.0": 0.0543,
        "2.0": 0.0677,
        "7.0": 0.0213,
        "1.0": 0.8567
    },
    "probability_distribution_items": [
        [
            4.0,
            0.0543
        ],
        [
            2.0,
            0.0677
        ],
        [
            7.0,
            0.0213
        ],
        [
            1.0,
            0.8567
        ]
    ],
    "approximation_ratio": 1.345,
    "approximation_ratio_offset": 0.9425,
    "noise": false,
    "p": 2
}