{
    "expected_value": 39.9187,
    "optimal_gammas": [
        2.2849412536219864,
        3.2919091079394014,
        1.5609287998858725
    ],
    "optimal_betas": [
        1.5967170029717692,
        0.49313460215761706,
        0.1999622613651606
    ],
    "problem_identifier": "{'W': [1, 1], 'W_max': 2, 'A': 36, 'B': 4, 'C': 72}",
    "now": "2021-05-13 05:01:34",
    "execution_time": "1:20:23.752737",
    "nfev": 4793,
    "message": "Maximum number of iterations has been exceeded.",
    "success": false,
    "nit": 50,
    "routing": "line",
    "problem": {
        "W": [
            1,
            1
        ],
        "W_max": 2,
        "A": 36,
        "B": 4,
        "C": 72
    },
    "optimal_cost": 1.0,
    "probability_distribution": {
        "36.0": 0.0141,
        "27.0": 0.057300000000000004,
        "73.0": 0.0156,
        "28.0": 0.0638,
        "1.0": 0.004999999999999999,
        "64.0": 0.0573,
        "55.0": 0.08230000000000001,
        "19.0": 0.08449999999999999,
        "46.0": 0.040400000000000005,
        "10.0": 0.031400000000000004,
        "37.0": 0.0387,
        "82.0": 0.0015999999999999999,
        "121.0": 0.0061,
        "58.0": 0.0101,
        "13.0": 0.0028,
        "112.0": 0.012,
        "85.0": 0.019,
        "49.0": 0.017400000000000002,
        "40.0": 0.0132,
        "94.0": 0.006699999999999999,
        "54.0": 0.054,
        "110.0": 0.002,
        "65.0": 0.014499999999999999,
        "38.0": 0.0341,
        "56.0": 0.026900000000000004,
        "20.0": 0.0243,
        "29.0": 0.024399999999999998,
        "18.0": 0.0628,
        "83.0": 0.0037999999999999996,
        "47.0": 0.025200000000000004,
        "11.0": 0.024,
        "63.0": 0.0344,
        "158.0": 0.0022,
        "95.0": 0.006,
        "50.0": 0.0095,
        "113.0": 0.0058,
        "86.0": 0.010299999999999998,
        "41.0": 0.010199999999999999,
        "59.0": 0.0037,
        "2.0": 0.006500000000000001,
        "131.0": 0.0031,
        "68.0": 0.0066,
        "23.0": 0.0018,
        "104.0": 0.0048,
        "77.0": 0.006,
        "32.0": 0.0034999999999999996,
        "108.0": 0.002,
        "206.0": 0.0001,
        "143.0": 0.0026,
        "98.0": 0.0005,
        "116.0": 0.002,
        "80.0": 0.0013,
        "71.0": 0.0016999999999999997,
        "62.0": 0.0001
    },
    "probability_distribution_items": [
        [
            36.0,
            0.0141
        ],
        [
            27.0,
            0.057300000000000004
        ],
        [
            73.0,
            0.0156
        ],
        [
            28.0,
            0.0638
        ],
        [
            1.0,
            0.004999999999999999
        ],
        [
            64.0,
            0.0573
        ],
        [
            55.0,
            0.08230000000000001
        ],
        [
            19.0,
            0.08449999999999999
        ],
        [
            46.0,
            0.040400000000000005
        ],
        [
            10.0,
            0.031400000000000004
        ],
        [
            37.0,
            0.0387
        ],
        [
            82.0,
            0.0015999999999999999
        ],
        [
            121.0,
            0.0061
        ],
        [
            58.0,
            0.0101
        ],
        [
            13.0,
            0.0028
        ],
        [
            112.0,
            0.012
        ],
        [
            85.0,
            0.019
        ],
        [
            49.0,
            0.017400000000000002
        ],
        [
            40.0,
            0.0132
        ],
        [
            94.0,
            0.006699999999999999
        ],
        [
            54.0,
            0.054
        ],
        [
            110.0,
            0.002
        ],
        [
            65.0,
            0.014499999999999999
        ],
        [
            38.0,
            0.0341
        ],
        [
            56.0,
            0.026900000000000004
        ],
        [
            20.0,
            0.0243
        ],
        [
            29.0,
            0.024399999999999998
        ],
        [
            18.0,
            0.0628
        ],
        [
            83.0,
            0.0037999999999999996
        ],
        [
            47.0,
            0.025200000000000004
        ],
        [
            11.0,
            0.024
        ],
        [
            63.0,
            0.0344
        ],
        [
            158.0,
            0.0022
        ],
        [
            95.0,
            0.006
        ],
        [
            50.0,
            0.0095
        ],
        [
            113.0,
            0.0058
        ],
        [
            86.0,
            0.010299999999999998
        ],
        [
            41.0,
            0.010199999999999999
        ],
        [
            59.0,
            0.0037
        ],
        [
            2.0,
            0.006500000000000001
        ],
        [
            131.0,
            0.0031
        ],
        [
            68.0,
            0.0066
        ],
        [
            23.0,
            0.0018
        ],
        [
            104.0,
            0.0048
        ],
        [
            77.0,
            0.006
        ],
        [
            32.0,
            0.0034999999999999996
        ],
        [
            108.0,
            0.002
        ],
        [
            206.0,
            0.0001
        ],
        [
            143.0,
            0.0026
        ],
        [
            98.0,
            0.0005
        ],
        [
            116.0,
            0.002
        ],
        [
            80.0,
            0.0013
        ],
        [
            71.0,
            0.0016999999999999997
        ],
        [
            62.0,
            0.0001
        ]
    ],
    "approximation_ratio": 43.8016,
    "approximation_ratio_offset": 0.7912117073170731,
    "noise": false,
    "p": 3
}