{
    "expected_value": 1.112,
    "optimal_gammas": [
        3.758975077119193,
        1.2399646458756877,
        4.34459888802242,
        0.14685960061792613,
        4.360715637022359
    ],
    "optimal_betas": [
        1.5112333466836152,
        0.0031377280152387055,
        2.6587883014398095,
        2.8764560421560685,
        0.14842424209019667
    ],
    "problem_identifier": "{'W': [1], 'W_max': 1, 'A': 8, 'B': 4, 'C': 16}",
    "now": "2021-05-13 00:43:13",
    "execution_time": "1:29:45.470203",
    "nfev": 7881,
    "message": "Maximum number of iterations has been exceeded.",
    "success": false,
    "nit": 50,
    "routing": "transpile",
    "problem": {
        "W": [
            1
        ],
        "W_max": 1,
        "A": 8,
        "B": 4,
        "C": 16
    },
    "optimal_cost": 1.0,
    "probability_distribution": {
        "4.0": 0.0388,
        "2.0": 0.066,
        "7.0": 0.037,
        "1.0": 0.8582
    },
    "probability_distribution_items": [
        [
            4.0,
            0.0388
        ],
        [
            2.0,
            0.066
        ],
        [
            7.0,
            0.037
        ],
        [
            1.0,
            0.8582
        ]
    ],
    "approximation_ratio": 1.4316,
    "approximation_ratio_offset": 0.9280666666666667,
    "noise": false,
    "p": 5
}