{
    "expected_value": 35.2792,
    "optimal_gammas": [
        2.966150219681147
    ],
    "optimal_betas": [
        2.808547544281203
    ],
    "problem_identifier": "{'W': [1, 1], 'W_max': 2, 'A': 32, 'B': 4, 'C': 64}",
    "now": "2021-05-10 11:42:37",
    "execution_time": "0:06:08.338453",
    "nfev": 1284,
    "message": "Optimization terminated successfully.",
    "success": true,
    "nit": 38,
    "routing": "network",
    "problem": {
        "W": [
            1,
            1
        ],
        "W_max": 2,
        "A": 32,
        "B": 4,
        "C": 64
    },
    "optimal_cost": 1.0,
    "probability_distribution": {
        "32.0": 0.0481,
        "24.0": 0.033800000000000004,
        "65.0": 0.0253,
        "25.0": 0.0851,
        "1.0": 0.0089,
        "57.0": 0.0171,
        "49.0": 0.0239,
        "17.0": 0.10650000000000001,
        "41.0": 0.05550000000000001,
        "9.0": 0.030100000000000002,
        "33.0": 0.0209,
        "73.0": 0.0005,
        "108.0": 0.0060999999999999995,
        "52.0": 0.0476,
        "12.0": 0.0379,
        "100.0": 0.0049,
        "76.0": 0.022,
        "44.0": 0.0176,
        "36.0": 0.029,
        "84.0": 0.0018,
        "48.0": 0.0051,
        "98.0": 0.0021,
        "58.0": 0.0058,
        "34.0": 0.05650000000000001,
        "50.0": 0.0368,
        "18.0": 0.024999999999999998,
        "26.0": 0.019,
        "16.0": 0.0043,
        "74.0": 0.0091,
        "42.0": 0.06280000000000001,
        "10.0": 0.042899999999999994,
        "56.0": 0.002,
        "141.0": 0.0013,
        "85.0": 0.0049,
        "45.0": 0.009300000000000001,
        "101.0": 0.006200000000000001,
        "77.0": 0.0078000000000000005,
        "37.0": 0.0168,
        "53.0": 0.009499999999999998,
        "2.0": 0.0069,
        "117.0": 0.0013,
        "61.0": 0.0069,
        "21.0": 0.0017000000000000001,
        "93.0": 0.0039,
        "69.0": 0.0069,
        "29.0": 0.0157,
        "184.0": 0.0008,
        "128.0": 0.002,
        "88.0": 0.001,
        "104.0": 0.0008,
        "72.0": 0.0011,
        "64.0": 0.0012
    },
    "probability_distribution_items": [
        [
            32.0,
            0.0481
        ],
        [
            24.0,
            0.033800000000000004
        ],
        [
            65.0,
            0.0253
        ],
        [
            25.0,
            0.0851
        ],
        [
            1.0,
            0.0089
        ],
        [
            57.0,
            0.0171
        ],
        [
            49.0,
            0.0239
        ],
        [
            17.0,
            0.10650000000000001
        ],
        [
            41.0,
            0.05550000000000001
        ],
        [
            9.0,
            0.030100000000000002
        ],
        [
            33.0,
            0.0209
        ],
        [
            73.0,
            0.0005
        ],
        [
            108.0,
            0.0060999999999999995
        ],
        [
            52.0,
            0.0476
        ],
        [
            12.0,
            0.0379
        ],
        [
            100.0,
            0.0049
        ],
        [
            76.0,
            0.022
        ],
        [
            44.0,
            0.0176
        ],
        [
            36.0,
            0.029
        ],
        [
            84.0,
            0.0018
        ],
        [
            48.0,
            0.0051
        ],
        [
            98.0,
            0.0021
        ],
        [
            58.0,
            0.0058
        ],
        [
            34.0,
            0.05650000000000001
        ],
        [
            50.0,
            0.0368
        ],
        [
            18.0,
            0.024999999999999998
        ],
        [
            26.0,
            0.019
        ],
        [
            16.0,
            0.0043
        ],
        [
            74.0,
            0.0091
        ],
        [
            42.0,
            0.06280000000000001
        ],
        [
            10.0,
            0.042899999999999994
        ],
        [
            56.0,
            0.002
        ],
        [
            141.0,
            0.0013
        ],
        [
            85.0,
            0.0049
        ],
        [
            45.0,
            0.009300000000000001
        ],
        [
            101.0,
            0.006200000000000001
        ],
        [
            77.0,
            0.0078000000000000005
        ],
        [
            37.0,
            0.0168
        ],
        [
            53.0,
            0.009499999999999998
        ],
        [
            2.0,
            0.0069
        ],
        [
            117.0,
            0.0013
        ],
        [
            61.0,
            0.0069
        ],
        [
            21.0,
            0.0017000000000000001
        ],
        [
            93.0,
            0.0039
        ],
        [
            69.0,
            0.0069
        ],
        [
            29.0,
            0.0157
        ],
        [
            184.0,
            0.0008
        ],
        [
            128.0,
            0.002
        ],
        [
            88.0,
            0.001
        ],
        [
            104.0,
            0.0008
        ],
        [
            72.0,
            0.0011
        ],
        [
            64.0,
            0.0012
        ]
    ],
    "approximation_ratio": 36.0107,
    "approximation_ratio_offset": 0.808684699453552,
    "noise": false,
    "p": 1
}