{
    "expected_value": 37.8559,
    "optimal_gammas": [
        2.772935964932784,
        5.273762716640918,
        0.6793021571129148
    ],
    "optimal_betas": [
        1.743473173017334,
        0.8134077123686437,
        3.0237291992409663
    ],
    "problem_identifier": "{'W': [1, 1], 'W_max': 2, 'A': 32, 'B': 4, 'C': 64}",
    "now": "2021-05-10 18:55:42",
    "execution_time": "1:13:05.789935",
    "nfev": 5094,
    "message": "Maximum number of iterations has been exceeded.",
    "success": false,
    "nit": 50,
    "routing": "network",
    "problem": {
        "W": [
            1,
            1
        ],
        "W_max": 2,
        "A": 32,
        "B": 4,
        "C": 64
    },
    "optimal_cost": 1.0,
    "probability_distribution": {
        "32.0": 0.1142,
        "24.0": 0.1763,
        "65.0": 0.0483,
        "25.0": 0.03499999999999999,
        "1.0": 0.0066,
        "57.0": 0.0475,
        "49.0": 0.0211,
        "17.0": 0.050600000000000006,
        "41.0": 0.07579999999999999,
        "9.0": 0.0296,
        "33.0": 0.0612,
        "73.0": 0.0015999999999999999,
        "108.0": 0.0122,
        "52.0": 0.0143,
        "12.0": 0.0039,
        "100.0": 0.012400000000000001,
        "76.0": 0.009199999999999998,
        "44.0": 0.007,
        "36.0": 0.0042,
        "84.0": 0.0026999999999999997,
        "48.0": 0.0566,
        "98.0": 0.0062,
        "58.0": 0.013300000000000001,
        "34.0": 0.0175,
        "50.0": 0.019799999999999998,
        "18.0": 0.0073999999999999995,
        "26.0": 0.0205,
        "16.0": 0.027200000000000002,
        "74.0": 0.008799999999999999,
        "42.0": 0.0078,
        "10.0": 0.0056,
        "56.0": 0.019799999999999998,
        "141.0": 0.0028,
        "85.0": 0.0062,
        "45.0": 0.005,
        "101.0": 0.0034000000000000002,
        "77.0": 0.0031999999999999997,
        "37.0": 0.0039,
        "53.0": 0.0017000000000000001,
        "2.0": 0.0034,
        "117.0": 0.0041,
        "61.0": 0.0068,
        "21.0": 0.0012000000000000001,
        "93.0": 0.0031,
        "69.0": 0.0032,
        "29.0": 0.0014,
        "96.0": 0.0016,
        "184.0": 0.0007,
        "128.0": 0.0021000000000000003,
        "88.0": 0.0007,
        "104.0": 0.00039999999999999996,
        "72.0": 0.00039999999999999996,
        "64.0": 0.0005
    },
    "probability_distribution_items": [
        [
            32.0,
            0.1142
        ],
        [
            24.0,
            0.1763
        ],
        [
            65.0,
            0.0483
        ],
        [
            25.0,
            0.03499999999999999
        ],
        [
            1.0,
            0.0066
        ],
        [
            57.0,
            0.0475
        ],
        [
            49.0,
            0.0211
        ],
        [
            17.0,
            0.050600000000000006
        ],
        [
            41.0,
            0.07579999999999999
        ],
        [
            9.0,
            0.0296
        ],
        [
            33.0,
            0.0612
        ],
        [
            73.0,
            0.0015999999999999999
        ],
        [
            108.0,
            0.0122
        ],
        [
            52.0,
            0.0143
        ],
        [
            12.0,
            0.0039
        ],
        [
            100.0,
            0.012400000000000001
        ],
        [
            76.0,
            0.009199999999999998
        ],
        [
            44.0,
            0.007
        ],
        [
            36.0,
            0.0042
        ],
        [
            84.0,
            0.0026999999999999997
        ],
        [
            48.0,
            0.0566
        ],
        [
            98.0,
            0.0062
        ],
        [
            58.0,
            0.013300000000000001
        ],
        [
            34.0,
            0.0175
        ],
        [
            50.0,
            0.019799999999999998
        ],
        [
            18.0,
            0.0073999999999999995
        ],
        [
            26.0,
            0.0205
        ],
        [
            16.0,
            0.027200000000000002
        ],
        [
            74.0,
            0.008799999999999999
        ],
        [
            42.0,
            0.0078
        ],
        [
            10.0,
            0.0056
        ],
        [
            56.0,
            0.019799999999999998
        ],
        [
            141.0,
            0.0028
        ],
        [
            85.0,
            0.0062
        ],
        [
            45.0,
            0.005
        ],
        [
            101.0,
            0.0034000000000000002
        ],
        [
            77.0,
            0.0031999999999999997
        ],
        [
            37.0,
            0.0039
        ],
        [
            53.0,
            0.0017000000000000001
        ],
        [
            2.0,
            0.0034
        ],
        [
            117.0,
            0.0041
        ],
        [
            61.0,
            0.0068
        ],
        [
            21.0,
            0.0012000000000000001
        ],
        [
            93.0,
            0.0031
        ],
        [
            69.0,
            0.0032
        ],
        [
            29.0,
            0.0014
        ],
        [
            96.0,
            0.0016
        ],
        [
            184.0,
            0.0007
        ],
        [
            128.0,
            0.0021000000000000003
        ],
        [
            88.0,
            0.0007
        ],
        [
            104.0,
            0.00039999999999999996
        ],
        [
            72.0,
            0.00039999999999999996
        ],
        [
            64.0,
            0.0005
        ]
    ],
    "approximation_ratio": 39.9626,
    "approximation_ratio_offset": 0.7870896174863388,
    "noise": false,
    "p": 3
}