{
    "expected_value": 34.8422,
    "optimal_gammas": [
        5.297233668388009,
        1.961518732632543
    ],
    "optimal_betas": [
        1.697484211555201,
        0.6074893993748145
    ],
    "problem_identifier": "{'W': [1, 1], 'W_max': 2, 'A': 32, 'B': 4, 'C': 64}",
    "now": "2021-05-10 18:01:31",
    "execution_time": "0:48:23.733020",
    "nfev": 3215,
    "message": "Maximum number of iterations has been exceeded.",
    "success": false,
    "nit": 50,
    "routing": "linegrid",
    "problem": {
        "W": [
            1,
            1
        ],
        "W_max": 2,
        "A": 32,
        "B": 4,
        "C": 64
    },
    "optimal_cost": 1.0,
    "probability_distribution": {
        "32.0": 0.024999999999999998,
        "24.0": 0.0452,
        "65.0": 0.007700000000000001,
        "25.0": 0.014999999999999998,
        "1.0": 0.0019,
        "57.0": 0.018000000000000002,
        "49.0": 0.0451,
        "17.0": 0.0637,
        "41.0": 0.0926,
        "9.0": 0.08170000000000001,
        "33.0": 0.08710000000000001,
        "73.0": 0.009600000000000001,
        "108.0": 0.005899999999999999,
        "52.0": 0.0113,
        "12.0": 0.002,
        "100.0": 0.0088,
        "76.0": 0.016399999999999998,
        "44.0": 0.0103,
        "36.0": 0.006999999999999999,
        "84.0": 0.0056,
        "48.0": 0.0293,
        "98.0": 0.0008,
        "58.0": 0.0017,
        "34.0": 0.0488,
        "50.0": 0.026299999999999997,
        "18.0": 0.0245,
        "26.0": 0.092,
        "16.0": 0.025500000000000002,
        "74.0": 0.0052,
        "42.0": 0.015499999999999998,
        "10.0": 0.016,
        "56.0": 0.0309,
        "141.0": 0.0017000000000000001,
        "85.0": 0.0060999999999999995,
        "45.0": 0.0041,
        "101.0": 0.0024,
        "77.0": 0.004399999999999999,
        "37.0": 0.0132,
        "53.0": 0.0034,
        "2.0": 0.0311,
        "117.0": 0.003,
        "61.0": 0.0149,
        "21.0": 0.0027,
        "93.0": 0.007699999999999999,
        "69.0": 0.0105,
        "29.0": 0.0078,
        "96.0": 0.0038,
        "184.0": 0.0004,
        "128.0": 0.0023,
        "88.0": 0.0007,
        "104.0": 0.0009,
        "72.0": 0.0012000000000000001,
        "64.0": 0.0013000000000000002
    },
    "probability_distribution_items": [
        [
            32.0,
            0.024999999999999998
        ],
        [
            24.0,
            0.0452
        ],
        [
            65.0,
            0.007700000000000001
        ],
        [
            25.0,
            0.014999999999999998
        ],
        [
            1.0,
            0.0019
        ],
        [
            57.0,
            0.018000000000000002
        ],
        [
            49.0,
            0.0451
        ],
        [
            17.0,
            0.0637
        ],
        [
            41.0,
            0.0926
        ],
        [
            9.0,
            0.08170000000000001
        ],
        [
            33.0,
            0.08710000000000001
        ],
        [
            73.0,
            0.009600000000000001
        ],
        [
            108.0,
            0.005899999999999999
        ],
        [
            52.0,
            0.0113
        ],
        [
            12.0,
            0.002
        ],
        [
            100.0,
            0.0088
        ],
        [
            76.0,
            0.016399999999999998
        ],
        [
            44.0,
            0.0103
        ],
        [
            36.0,
            0.006999999999999999
        ],
        [
            84.0,
            0.0056
        ],
        [
            48.0,
            0.0293
        ],
        [
            98.0,
            0.0008
        ],
        [
            58.0,
            0.0017
        ],
        [
            34.0,
            0.0488
        ],
        [
            50.0,
            0.026299999999999997
        ],
        [
            18.0,
            0.0245
        ],
        [
            26.0,
            0.092
        ],
        [
            16.0,
            0.025500000000000002
        ],
        [
            74.0,
            0.0052
        ],
        [
            42.0,
            0.015499999999999998
        ],
        [
            10.0,
            0.016
        ],
        [
            56.0,
            0.0309
        ],
        [
            141.0,
            0.0017000000000000001
        ],
        [
            85.0,
            0.0060999999999999995
        ],
        [
            45.0,
            0.0041
        ],
        [
            101.0,
            0.0024
        ],
        [
            77.0,
            0.004399999999999999
        ],
        [
            37.0,
            0.0132
        ],
        [
            53.0,
            0.0034
        ],
        [
            2.0,
            0.0311
        ],
        [
            117.0,
            0.003
        ],
        [
            61.0,
            0.0149
        ],
        [
            21.0,
            0.0027
        ],
        [
            93.0,
            0.007699999999999999
        ],
        [
            69.0,
            0.0105
        ],
        [
            29.0,
            0.0078
        ],
        [
            96.0,
            0.0038
        ],
        [
            184.0,
            0.0004
        ],
        [
            128.0,
            0.0023
        ],
        [
            88.0,
            0.0007
        ],
        [
            104.0,
            0.0009
        ],
        [
            72.0,
            0.0012000000000000001
        ],
        [
            64.0,
            0.0013000000000000002
        ]
    ],
    "approximation_ratio": 36.9647,
    "approximation_ratio_offset": 0.8034715846994536,
    "noise": false,
    "p": 2
}