{
    "expected_value": 1.3005,
    "optimal_gammas": [
        6.242278375681426,
        1.6149451023187087,
        2.199508381588477,
        3.9385345653684336,
        5.2240499470702355,
        0.3891134312981559,
        0.36306036542965536
    ],
    "optimal_betas": [
        2.3854178371879677,
        0.8541143844751292,
        2.2181703115362437,
        0.6831798496871554,
        1.4596578512176568,
        1.550563726080013,
        2.07444000042083
    ],
    "problem_identifier": "{'W': [1], 'W_max': 1, 'A': 8, 'B': 4, 'C': 16}",
    "now": "2021-05-13 07:02:06",
    "execution_time": "2:22:21.335097",
    "nfev": 11025,
    "message": "Maximum number of iterations has been exceeded.",
    "success": false,
    "nit": 50,
    "routing": "network",
    "problem": {
        "W": [
            1
        ],
        "W_max": 1,
        "A": 8,
        "B": 4,
        "C": 16
    },
    "optimal_cost": 1.0,
    "probability_distribution": {
        "4.0": 0.0496,
        "2.0": 0.0837,
        "7.0": 0.0641,
        "1.0": 0.8026
    },
    "probability_distribution_items": [
        [
            4.0,
            0.0496
        ],
        [
            2.0,
            0.0837
        ],
        [
            7.0,
            0.0641
        ],
        [
            1.0,
            0.8026
        ]
    ],
    "approximation_ratio": 1.5905,
    "approximation_ratio_offset": 0.9015833333333333,
    "noise": false,
    "p": 7
}