{
    "expected_value": 1.1765,
    "optimal_gammas": [
        2.9252550442584817,
        1.5738317870005338,
        4.580069214386425,
        2.191592863291225,
        2.1127364329907086,
        0.6588561935845633,
        4.000853382237969
    ],
    "optimal_betas": [
        1.1008766819834859,
        0.5842818133525483,
        0.38195690715895453,
        1.9754641173929985,
        2.3203400987039986,
        0.29340502163308646,
        2.8698296325349864
    ],
    "problem_identifier": "{'W': [1], 'W_max': 1, 'A': 8, 'B': 4, 'C': 16}",
    "now": "2021-05-12 23:56:52",
    "execution_time": "2:01:20.913261",
    "nfev": 11100,
    "message": "Maximum number of iterations has been exceeded.",
    "success": false,
    "nit": 50,
    "routing": "transpile",
    "problem": {
        "W": [
            1
        ],
        "W_max": 1,
        "A": 8,
        "B": 4,
        "C": 16
    },
    "optimal_cost": 1.0,
    "probability_distribution": {
        "4.0": 0.0365,
        "2.0": 0.0954,
        "7.0": 0.0242,
        "1.0": 0.8439
    },
    "probability_distribution_items": [
        [
            4.0,
            0.0365
        ],
        [
            2.0,
            0.0954
        ],
        [
            7.0,
            0.0242
        ],
        [
            1.0,
            0.8439
        ]
    ],
    "approximation_ratio": 1.3845,
    "approximation_ratio_offset": 0.9359166666666666,
    "noise": false,
    "p": 7
}