{
    "expected_value": 44.7128,
    "optimal_gammas": [
        4.183583364049277,
        1.0537735327266624,
        5.250099628588881,
        4.718400164403744,
        4.201423899065273
    ],
    "optimal_betas": [
        2.8323676596053,
        2.1213153973537273,
        1.3641988982753397,
        2.76585143882889,
        2.9006448249344587
    ],
    "problem_identifier": "{'W': [1, 1], 'W_max': 2, 'A': 36, 'B': 4, 'C': 72}",
    "now": "2021-05-13 10:22:27",
    "execution_time": "2:50:13.447324",
    "nfev": 8002,
    "message": "Maximum number of iterations has been exceeded.",
    "success": false,
    "nit": 50,
    "routing": "network",
    "problem": {
        "W": [
            1,
            1
        ],
        "W_max": 2,
        "A": 36,
        "B": 4,
        "C": 72
    },
    "optimal_cost": 1.0,
    "probability_distribution": {
        "36.0": 0.0627,
        "27.0": 0.0533,
        "73.0": 0.0412,
        "28.0": 0.0562,
        "1.0": 0.016,
        "64.0": 0.025299999999999996,
        "55.0": 0.019100000000000002,
        "19.0": 0.06029999999999999,
        "46.0": 0.0545,
        "10.0": 0.0331,
        "37.0": 0.032,
        "82.0": 0.0021999999999999997,
        "121.0": 0.023299999999999998,
        "58.0": 0.0405,
        "13.0": 0.0363,
        "112.0": 0.0106,
        "85.0": 0.0126,
        "49.0": 0.009899999999999999,
        "40.0": 0.0213,
        "94.0": 0.0049,
        "54.0": 0.006699999999999999,
        "110.0": 0.0071,
        "65.0": 0.014,
        "38.0": 0.041999999999999996,
        "56.0": 0.0313,
        "20.0": 0.0182,
        "29.0": 0.026099999999999998,
        "18.0": 0.0075,
        "83.0": 0.019799999999999998,
        "47.0": 0.0249,
        "11.0": 0.020399999999999998,
        "63.0": 0.005299999999999999,
        "158.0": 0.0052,
        "95.0": 0.0141,
        "50.0": 0.0207,
        "113.0": 0.0068000000000000005,
        "86.0": 0.009399999999999999,
        "41.0": 0.0167,
        "59.0": 0.0101,
        "2.0": 0.003,
        "131.0": 0.0060999999999999995,
        "68.0": 0.012900000000000002,
        "23.0": 0.0113,
        "104.0": 0.0072,
        "77.0": 0.004,
        "32.0": 0.010199999999999999,
        "108.0": 0.0006,
        "206.0": 0.0007,
        "143.0": 0.0040999999999999995,
        "98.0": 0.004399999999999999,
        "116.0": 0.0014,
        "80.0": 0.0023,
        "71.0": 0.0062,
        "62.0": 0.004
    },
    "probability_distribution_items": [
        [
            36.0,
            0.0627
        ],
        [
            27.0,
            0.0533
        ],
        [
            73.0,
            0.0412
        ],
        [
            28.0,
            0.0562
        ],
        [
            1.0,
            0.016
        ],
        [
            64.0,
            0.025299999999999996
        ],
        [
            55.0,
            0.019100000000000002
        ],
        [
            19.0,
            0.06029999999999999
        ],
        [
            46.0,
            0.0545
        ],
        [
            10.0,
            0.0331
        ],
        [
            37.0,
            0.032
        ],
        [
            82.0,
            0.0021999999999999997
        ],
        [
            121.0,
            0.023299999999999998
        ],
        [
            58.0,
            0.0405
        ],
        [
            13.0,
            0.0363
        ],
        [
            112.0,
            0.0106
        ],
        [
            85.0,
            0.0126
        ],
        [
            49.0,
            0.009899999999999999
        ],
        [
            40.0,
            0.0213
        ],
        [
            94.0,
            0.0049
        ],
        [
            54.0,
            0.006699999999999999
        ],
        [
            110.0,
            0.0071
        ],
        [
            65.0,
            0.014
        ],
        [
            38.0,
            0.041999999999999996
        ],
        [
            56.0,
            0.0313
        ],
        [
            20.0,
            0.0182
        ],
        [
            29.0,
            0.026099999999999998
        ],
        [
            18.0,
            0.0075
        ],
        [
            83.0,
            0.019799999999999998
        ],
        [
            47.0,
            0.0249
        ],
        [
            11.0,
            0.020399999999999998
        ],
        [
            63.0,
            0.005299999999999999
        ],
        [
            158.0,
            0.0052
        ],
        [
            95.0,
            0.0141
        ],
        [
            50.0,
            0.0207
        ],
        [
            113.0,
            0.0068000000000000005
        ],
        [
            86.0,
            0.009399999999999999
        ],
        [
            41.0,
            0.0167
        ],
        [
            59.0,
            0.0101
        ],
        [
            2.0,
            0.003
        ],
        [
            131.0,
            0.0060999999999999995
        ],
        [
            68.0,
            0.012900000000000002
        ],
        [
            23.0,
            0.0113
        ],
        [
            104.0,
            0.0072
        ],
        [
            77.0,
            0.004
        ],
        [
            32.0,
            0.010199999999999999
        ],
        [
            108.0,
            0.0006
        ],
        [
            206.0,
            0.0007
        ],
        [
            143.0,
            0.0040999999999999995
        ],
        [
            98.0,
            0.004399999999999999
        ],
        [
            116.0,
            0.0014
        ],
        [
            80.0,
            0.0023
        ],
        [
            71.0,
            0.0062
        ],
        [
            62.0,
            0.004
        ]
    ],
    "approximation_ratio": 48.1644,
    "approximation_ratio_offset": 0.769929756097561,
    "noise": false,
    "p": 5
}