{
    "expected_value": 42.2651,
    "optimal_gammas": [
        2.342776645602402,
        2.9006544404588808,
        5.655742993342705
    ],
    "optimal_betas": [
        1.5077457600068565,
        0.6086772228787691,
        1.56898099299781
    ],
    "problem_identifier": "{'W': [1, 1], 'W_max': 2, 'A': 36, 'B': 4, 'C': 72}",
    "now": "2021-05-12 22:42:20",
    "execution_time": "1:05:28.484985",
    "nfev": 4800,
    "message": "Maximum number of iterations has been exceeded.",
    "success": false,
    "nit": 50,
    "routing": "network",
    "problem": {
        "W": [
            1,
            1
        ],
        "W_max": 2,
        "A": 36,
        "B": 4,
        "C": 72
    },
    "optimal_cost": 1.0,
    "probability_distribution": {
        "36.0": 0.0119,
        "27.0": 0.0347,
        "73.0": 0.0143,
        "28.0": 0.0419,
        "1.0": 0.0033,
        "64.0": 0.0345,
        "55.0": 0.054,
        "19.0": 0.0532,
        "46.0": 0.045899999999999996,
        "10.0": 0.0464,
        "37.0": 0.0512,
        "82.0": 0.0078,
        "121.0": 0.005900000000000001,
        "58.0": 0.0071,
        "13.0": 0.0032,
        "112.0": 0.0135,
        "85.0": 0.025400000000000002,
        "49.0": 0.0228,
        "40.0": 0.0194,
        "94.0": 0.0125,
        "54.0": 0.0543,
        "110.0": 0.0012,
        "65.0": 0.009300000000000001,
        "38.0": 0.0315,
        "56.0": 0.0206,
        "20.0": 0.0244,
        "29.0": 0.0362,
        "18.0": 0.0579,
        "83.0": 0.0017000000000000001,
        "47.0": 0.0193,
        "11.0": 0.0158,
        "63.0": 0.05840000000000001,
        "158.0": 0.002,
        "95.0": 0.0067,
        "50.0": 0.0181,
        "113.0": 0.0051,
        "86.0": 0.0135,
        "41.0": 0.0196,
        "59.0": 0.0104,
        "2.0": 0.0103,
        "131.0": 0.0015999999999999999,
        "68.0": 0.015,
        "23.0": 0.0014,
        "104.0": 0.0053,
        "77.0": 0.0108,
        "32.0": 0.0105,
        "108.0": 0.0073,
        "206.0": 0.0006,
        "143.0": 0.0039,
        "98.0": 0.0014,
        "116.0": 0.0042,
        "80.0": 0.0036,
        "71.0": 0.0078,
        "62.0": 0.0014
    },
    "probability_distribution_items": [
        [
            36.0,
            0.0119
        ],
        [
            27.0,
            0.0347
        ],
        [
            73.0,
            0.0143
        ],
        [
            28.0,
            0.0419
        ],
        [
            1.0,
            0.0033
        ],
        [
            64.0,
            0.0345
        ],
        [
            55.0,
            0.054
        ],
        [
            19.0,
            0.0532
        ],
        [
            46.0,
            0.045899999999999996
        ],
        [
            10.0,
            0.0464
        ],
        [
            37.0,
            0.0512
        ],
        [
            82.0,
            0.0078
        ],
        [
            121.0,
            0.005900000000000001
        ],
        [
            58.0,
            0.0071
        ],
        [
            13.0,
            0.0032
        ],
        [
            112.0,
            0.0135
        ],
        [
            85.0,
            0.025400000000000002
        ],
        [
            49.0,
            0.0228
        ],
        [
            40.0,
            0.0194
        ],
        [
            94.0,
            0.0125
        ],
        [
            54.0,
            0.0543
        ],
        [
            110.0,
            0.0012
        ],
        [
            65.0,
            0.009300000000000001
        ],
        [
            38.0,
            0.0315
        ],
        [
            56.0,
            0.0206
        ],
        [
            20.0,
            0.0244
        ],
        [
            29.0,
            0.0362
        ],
        [
            18.0,
            0.0579
        ],
        [
            83.0,
            0.0017000000000000001
        ],
        [
            47.0,
            0.0193
        ],
        [
            11.0,
            0.0158
        ],
        [
            63.0,
            0.05840000000000001
        ],
        [
            158.0,
            0.002
        ],
        [
            95.0,
            0.0067
        ],
        [
            50.0,
            0.0181
        ],
        [
            113.0,
            0.0051
        ],
        [
            86.0,
            0.0135
        ],
        [
            41.0,
            0.0196
        ],
        [
            59.0,
            0.0104
        ],
        [
            2.0,
            0.0103
        ],
        [
            131.0,
            0.0015999999999999999
        ],
        [
            68.0,
            0.015
        ],
        [
            23.0,
            0.0014
        ],
        [
            104.0,
            0.0053
        ],
        [
            77.0,
            0.0108
        ],
        [
            32.0,
            0.0105
        ],
        [
            108.0,
            0.0073
        ],
        [
            206.0,
            0.0006
        ],
        [
            143.0,
            0.0039
        ],
        [
            98.0,
            0.0014
        ],
        [
            116.0,
            0.0042
        ],
        [
            80.0,
            0.0036
        ],
        [
            71.0,
            0.0078
        ],
        [
            62.0,
            0.0014
        ]
    ],
    "approximation_ratio": 47.8388,
    "approximation_ratio_offset": 0.7715180487804878,
    "noise": false,
    "p": 3
}