{
    "expected_value": 40.3256,
    "optimal_gammas": [
        5.305076602213632,
        4.610902185781057,
        5.450857850565423,
        5.145883459500673,
        2.7641986753956167
    ],
    "optimal_betas": [
        2.1408510051867946,
        1.7063065382401164,
        1.572890022887426,
        3.1062212435729166,
        3.13541567479427
    ],
    "problem_identifier": "{'W': [1, 1], 'W_max': 2, 'A': 32, 'B': 4, 'C': 64}",
    "now": "2021-05-11 07:21:41",
    "execution_time": "3:30:54.563375",
    "nfev": 7980,
    "message": "Maximum number of iterations has been exceeded.",
    "success": false,
    "nit": 50,
    "routing": "linegrid",
    "problem": {
        "W": [
            1,
            1
        ],
        "W_max": 2,
        "A": 32,
        "B": 4,
        "C": 64
    },
    "optimal_cost": 1.0,
    "probability_distribution": {
        "32.0": 0.024800000000000003,
        "24.0": 0.048400000000000006,
        "65.0": 0.017800000000000003,
        "25.0": 0.0279,
        "1.0": 0.0044,
        "57.0": 0.030899999999999997,
        "49.0": 0.0462,
        "17.0": 0.052199999999999996,
        "41.0": 0.07300000000000001,
        "9.0": 0.055,
        "33.0": 0.0667,
        "73.0": 0.006699999999999999,
        "108.0": 0.0119,
        "52.0": 0.0128,
        "12.0": 0.0048,
        "100.0": 0.015700000000000002,
        "76.0": 0.0182,
        "44.0": 0.0171,
        "36.0": 0.012199999999999999,
        "84.0": 0.0109,
        "48.0": 0.025599999999999998,
        "98.0": 0.0024,
        "58.0": 0.0065,
        "34.0": 0.0427,
        "50.0": 0.0277,
        "18.0": 0.0217,
        "26.0": 0.0564,
        "16.0": 0.0282,
        "74.0": 0.0075,
        "42.0": 0.021,
        "10.0": 0.0167,
        "56.0": 0.0327,
        "141.0": 0.0031999999999999997,
        "85.0": 0.009500000000000001,
        "45.0": 0.0085,
        "101.0": 0.004999999999999999,
        "77.0": 0.007000000000000001,
        "37.0": 0.015999999999999997,
        "53.0": 0.006000000000000001,
        "2.0": 0.016300000000000002,
        "117.0": 0.006,
        "61.0": 0.0174,
        "21.0": 0.0036,
        "93.0": 0.011899999999999999,
        "69.0": 0.013300000000000001,
        "29.0": 0.009600000000000001,
        "96.0": 0.0044,
        "184.0": 0.0009,
        "128.0": 0.0045,
        "88.0": 0.0019000000000000002,
        "104.0": 0.0022,
        "72.0": 0.0025,
        "64.0": 0.0036
    },
    "probability_distribution_items": [
        [
            32.0,
            0.024800000000000003
        ],
        [
            24.0,
            0.048400000000000006
        ],
        [
            65.0,
            0.017800000000000003
        ],
        [
            25.0,
            0.0279
        ],
        [
            1.0,
            0.0044
        ],
        [
            57.0,
            0.030899999999999997
        ],
        [
            49.0,
            0.0462
        ],
        [
            17.0,
            0.052199999999999996
        ],
        [
            41.0,
            0.07300000000000001
        ],
        [
            9.0,
            0.055
        ],
        [
            33.0,
            0.0667
        ],
        [
            73.0,
            0.006699999999999999
        ],
        [
            108.0,
            0.0119
        ],
        [
            52.0,
            0.0128
        ],
        [
            12.0,
            0.0048
        ],
        [
            100.0,
            0.015700000000000002
        ],
        [
            76.0,
            0.0182
        ],
        [
            44.0,
            0.0171
        ],
        [
            36.0,
            0.012199999999999999
        ],
        [
            84.0,
            0.0109
        ],
        [
            48.0,
            0.025599999999999998
        ],
        [
            98.0,
            0.0024
        ],
        [
            58.0,
            0.0065
        ],
        [
            34.0,
            0.0427
        ],
        [
            50.0,
            0.0277
        ],
        [
            18.0,
            0.0217
        ],
        [
            26.0,
            0.0564
        ],
        [
            16.0,
            0.0282
        ],
        [
            74.0,
            0.0075
        ],
        [
            42.0,
            0.021
        ],
        [
            10.0,
            0.0167
        ],
        [
            56.0,
            0.0327
        ],
        [
            141.0,
            0.0031999999999999997
        ],
        [
            85.0,
            0.009500000000000001
        ],
        [
            45.0,
            0.0085
        ],
        [
            101.0,
            0.004999999999999999
        ],
        [
            77.0,
            0.007000000000000001
        ],
        [
            37.0,
            0.015999999999999997
        ],
        [
            53.0,
            0.006000000000000001
        ],
        [
            2.0,
            0.016300000000000002
        ],
        [
            117.0,
            0.006
        ],
        [
            61.0,
            0.0174
        ],
        [
            21.0,
            0.0036
        ],
        [
            93.0,
            0.011899999999999999
        ],
        [
            69.0,
            0.013300000000000001
        ],
        [
            29.0,
            0.009600000000000001
        ],
        [
            96.0,
            0.0044
        ],
        [
            184.0,
            0.0009
        ],
        [
            128.0,
            0.0045
        ],
        [
            88.0,
            0.0019000000000000002
        ],
        [
            104.0,
            0.0022
        ],
        [
            72.0,
            0.0025
        ],
        [
            64.0,
            0.0036
        ]
    ],
    "approximation_ratio": 41.6744,
    "approximation_ratio_offset": 0.7777355191256831,
    "noise": false,
    "p": 5
}