{
    "expected_value": 40.6351,
    "optimal_gammas": [
        0.5239261514522778,
        3.8569882110966973,
        3.3073100412099397,
        3.343486712025564
    ],
    "optimal_betas": [
        1.2379312749860418,
        2.0208340727184098,
        2.1760247667374517,
        1.793014093215927
    ],
    "problem_identifier": "{'W': [1, 1], 'W_max': 2, 'A': 36, 'B': 4, 'C': 72}",
    "now": "2021-05-13 05:12:37",
    "execution_time": "1:50:41.198132",
    "nfev": 6363,
    "message": "Maximum number of iterations has been exceeded.",
    "success": false,
    "nit": 50,
    "routing": "network",
    "problem": {
        "W": [
            1,
            1
        ],
        "W_max": 2,
        "A": 36,
        "B": 4,
        "C": 72
    },
    "optimal_cost": 1.0,
    "probability_distribution": {
        "36.0": 0.0531,
        "27.0": 0.0552,
        "73.0": 0.0351,
        "28.0": 0.0658,
        "1.0": 0.018099999999999998,
        "64.0": 0.032799999999999996,
        "55.0": 0.0334,
        "19.0": 0.0669,
        "46.0": 0.0423,
        "10.0": 0.0313,
        "37.0": 0.0222,
        "82.0": 0.0042,
        "121.0": 0.0166,
        "58.0": 0.0263,
        "13.0": 0.0177,
        "112.0": 0.008199999999999999,
        "85.0": 0.014199999999999999,
        "49.0": 0.0086,
        "40.0": 0.009000000000000001,
        "94.0": 0.011,
        "54.0": 0.009899999999999999,
        "110.0": 0.0063,
        "65.0": 0.019200000000000002,
        "38.0": 0.042800000000000005,
        "56.0": 0.0319,
        "20.0": 0.029099999999999994,
        "29.0": 0.034999999999999996,
        "18.0": 0.009399999999999999,
        "83.0": 0.0068000000000000005,
        "47.0": 0.03319999999999999,
        "11.0": 0.0264,
        "63.0": 0.0138,
        "158.0": 0.0051,
        "95.0": 0.0144,
        "50.0": 0.0153,
        "113.0": 0.0072,
        "86.0": 0.0132,
        "41.0": 0.0168,
        "59.0": 0.008,
        "2.0": 0.007600000000000001,
        "131.0": 0.0052,
        "68.0": 0.0175,
        "23.0": 0.0048,
        "104.0": 0.0087,
        "77.0": 0.0098,
        "32.0": 0.0072,
        "108.0": 0.0026,
        "206.0": 0.0009,
        "143.0": 0.0069,
        "98.0": 0.0014999999999999998,
        "116.0": 0.0034000000000000002,
        "80.0": 0.0034000000000000002,
        "71.0": 0.0040999999999999995,
        "62.0": 0.0006
    },
    "probability_distribution_items": [
        [
            36.0,
            0.0531
        ],
        [
            27.0,
            0.0552
        ],
        [
            73.0,
            0.0351
        ],
        [
            28.0,
            0.0658
        ],
        [
            1.0,
            0.018099999999999998
        ],
        [
            64.0,
            0.032799999999999996
        ],
        [
            55.0,
            0.0334
        ],
        [
            19.0,
            0.0669
        ],
        [
            46.0,
            0.0423
        ],
        [
            10.0,
            0.0313
        ],
        [
            37.0,
            0.0222
        ],
        [
            82.0,
            0.0042
        ],
        [
            121.0,
            0.0166
        ],
        [
            58.0,
            0.0263
        ],
        [
            13.0,
            0.0177
        ],
        [
            112.0,
            0.008199999999999999
        ],
        [
            85.0,
            0.014199999999999999
        ],
        [
            49.0,
            0.0086
        ],
        [
            40.0,
            0.009000000000000001
        ],
        [
            94.0,
            0.011
        ],
        [
            54.0,
            0.009899999999999999
        ],
        [
            110.0,
            0.0063
        ],
        [
            65.0,
            0.019200000000000002
        ],
        [
            38.0,
            0.042800000000000005
        ],
        [
            56.0,
            0.0319
        ],
        [
            20.0,
            0.029099999999999994
        ],
        [
            29.0,
            0.034999999999999996
        ],
        [
            18.0,
            0.009399999999999999
        ],
        [
            83.0,
            0.0068000000000000005
        ],
        [
            47.0,
            0.03319999999999999
        ],
        [
            11.0,
            0.0264
        ],
        [
            63.0,
            0.0138
        ],
        [
            158.0,
            0.0051
        ],
        [
            95.0,
            0.0144
        ],
        [
            50.0,
            0.0153
        ],
        [
            113.0,
            0.0072
        ],
        [
            86.0,
            0.0132
        ],
        [
            41.0,
            0.0168
        ],
        [
            59.0,
            0.008
        ],
        [
            2.0,
            0.007600000000000001
        ],
        [
            131.0,
            0.0052
        ],
        [
            68.0,
            0.0175
        ],
        [
            23.0,
            0.0048
        ],
        [
            104.0,
            0.0087
        ],
        [
            77.0,
            0.0098
        ],
        [
            32.0,
            0.0072
        ],
        [
            108.0,
            0.0026
        ],
        [
            206.0,
            0.0009
        ],
        [
            143.0,
            0.0069
        ],
        [
            98.0,
            0.0014999999999999998
        ],
        [
            116.0,
            0.0034000000000000002
        ],
        [
            80.0,
            0.0034000000000000002
        ],
        [
            71.0,
            0.0040999999999999995
        ],
        [
            62.0,
            0.0006
        ]
    ],
    "approximation_ratio": 47.1124,
    "approximation_ratio_offset": 0.7750614634146341,
    "noise": false,
    "p": 4
}