{
    "expected_value": 36.8866,
    "optimal_gammas": [
        5.282884487549546,
        1.5600214115538178,
        0.2183987346856613
    ],
    "optimal_betas": [
        0.42183600260541443,
        1.1470584290854215,
        2.8599509641107943
    ],
    "problem_identifier": "{'W': [1, 1], 'W_max': 2, 'A': 32, 'B': 4, 'C': 64}",
    "now": "2021-05-10 17:42:36",
    "execution_time": "1:05:53.675658",
    "nfev": 4737,
    "message": "Maximum number of iterations has been exceeded.",
    "success": false,
    "nit": 50,
    "routing": "network",
    "problem": {
        "W": [
            1,
            1
        ],
        "W_max": 2,
        "A": 32,
        "B": 4,
        "C": 64
    },
    "optimal_cost": 1.0,
    "probability_distribution": {
        "32.0": 0.0185,
        "24.0": 0.0419,
        "65.0": 0.016,
        "25.0": 0.0634,
        "1.0": 0.013600000000000001,
        "57.0": 0.032499999999999994,
        "49.0": 0.053899999999999997,
        "17.0": 0.06490000000000001,
        "41.0": 0.047799999999999995,
        "9.0": 0.048799999999999996,
        "33.0": 0.048,
        "73.0": 0.007299999999999999,
        "108.0": 0.0051,
        "52.0": 0.011699999999999999,
        "12.0": 0.0128,
        "100.0": 0.0086,
        "76.0": 0.0264,
        "44.0": 0.0177,
        "36.0": 0.0388,
        "84.0": 0.008,
        "48.0": 0.0234,
        "98.0": 0.0013,
        "58.0": 0.0099,
        "34.0": 0.04390000000000001,
        "50.0": 0.0218,
        "18.0": 0.03760000000000001,
        "26.0": 0.0369,
        "16.0": 0.0169,
        "74.0": 0.0021999999999999997,
        "42.0": 0.0346,
        "10.0": 0.023399999999999997,
        "56.0": 0.0206,
        "141.0": 0.0014,
        "85.0": 0.0048000000000000004,
        "45.0": 0.019,
        "101.0": 0.0042,
        "77.0": 0.012,
        "37.0": 0.0229,
        "53.0": 0.0145,
        "2.0": 0.0086,
        "117.0": 0.0009,
        "61.0": 0.0107,
        "21.0": 0.003,
        "93.0": 0.0041,
        "69.0": 0.0066,
        "29.0": 0.0117,
        "96.0": 0.0025,
        "184.0": 0.0002,
        "128.0": 0.0027,
        "88.0": 0.002,
        "104.0": 0.0023,
        "72.0": 0.0019,
        "64.0": 0.0058
    },
    "probability_distribution_items": [
        [
            32.0,
            0.0185
        ],
        [
            24.0,
            0.0419
        ],
        [
            65.0,
            0.016
        ],
        [
            25.0,
            0.0634
        ],
        [
            1.0,
            0.013600000000000001
        ],
        [
            57.0,
            0.032499999999999994
        ],
        [
            49.0,
            0.053899999999999997
        ],
        [
            17.0,
            0.06490000000000001
        ],
        [
            41.0,
            0.047799999999999995
        ],
        [
            9.0,
            0.048799999999999996
        ],
        [
            33.0,
            0.048
        ],
        [
            73.0,
            0.007299999999999999
        ],
        [
            108.0,
            0.0051
        ],
        [
            52.0,
            0.011699999999999999
        ],
        [
            12.0,
            0.0128
        ],
        [
            100.0,
            0.0086
        ],
        [
            76.0,
            0.0264
        ],
        [
            44.0,
            0.0177
        ],
        [
            36.0,
            0.0388
        ],
        [
            84.0,
            0.008
        ],
        [
            48.0,
            0.0234
        ],
        [
            98.0,
            0.0013
        ],
        [
            58.0,
            0.0099
        ],
        [
            34.0,
            0.04390000000000001
        ],
        [
            50.0,
            0.0218
        ],
        [
            18.0,
            0.03760000000000001
        ],
        [
            26.0,
            0.0369
        ],
        [
            16.0,
            0.0169
        ],
        [
            74.0,
            0.0021999999999999997
        ],
        [
            42.0,
            0.0346
        ],
        [
            10.0,
            0.023399999999999997
        ],
        [
            56.0,
            0.0206
        ],
        [
            141.0,
            0.0014
        ],
        [
            85.0,
            0.0048000000000000004
        ],
        [
            45.0,
            0.019
        ],
        [
            101.0,
            0.0042
        ],
        [
            77.0,
            0.012
        ],
        [
            37.0,
            0.0229
        ],
        [
            53.0,
            0.0145
        ],
        [
            2.0,
            0.0086
        ],
        [
            117.0,
            0.0009
        ],
        [
            61.0,
            0.0107
        ],
        [
            21.0,
            0.003
        ],
        [
            93.0,
            0.0041
        ],
        [
            69.0,
            0.0066
        ],
        [
            29.0,
            0.0117
        ],
        [
            96.0,
            0.0025
        ],
        [
            184.0,
            0.0002
        ],
        [
            128.0,
            0.0027
        ],
        [
            88.0,
            0.002
        ],
        [
            104.0,
            0.0023
        ],
        [
            72.0,
            0.0019
        ],
        [
            64.0,
            0.0058
        ]
    ],
    "approximation_ratio": 39.0965,
    "approximation_ratio_offset": 0.7918224043715848,
    "noise": false,
    "p": 3
}