{
    "expected_value": 41.8984,
    "optimal_gammas": [
        0.8801098324004828,
        3.822999284040734,
        0.027293803705805097
    ],
    "optimal_betas": [
        1.804753137134217,
        0.5399019323534614,
        2.9963225775957376
    ],
    "problem_identifier": "{'W': [1, 1], 'W_max': 2, 'A': 36, 'B': 4, 'C': 72}",
    "now": "2021-05-13 10:53:17",
    "execution_time": "7:48:09.948100",
    "nfev": 4786,
    "message": "Maximum number of iterations has been exceeded.",
    "success": false,
    "nit": 50,
    "routing": "transpile",
    "problem": {
        "W": [
            1,
            1
        ],
        "W_max": 2,
        "A": 36,
        "B": 4,
        "C": 72
    },
    "optimal_cost": 1.0,
    "probability_distribution": {
        "36.0": 0.0156,
        "27.0": 0.0286,
        "73.0": 0.0399,
        "28.0": 0.046400000000000004,
        "1.0": 0.0097,
        "64.0": 0.0478,
        "55.0": 0.0371,
        "19.0": 0.043,
        "46.0": 0.0343,
        "10.0": 0.029400000000000003,
        "37.0": 0.0325,
        "82.0": 0.0049,
        "121.0": 0.016300000000000002,
        "58.0": 0.0182,
        "13.0": 0.0097,
        "112.0": 0.019299999999999998,
        "85.0": 0.0214,
        "49.0": 0.0181,
        "40.0": 0.0173,
        "94.0": 0.0097,
        "54.0": 0.0083,
        "110.0": 0.0093,
        "65.0": 0.028999999999999998,
        "38.0": 0.0515,
        "56.0": 0.04110000000000001,
        "20.0": 0.0258,
        "29.0": 0.0306,
        "18.0": 0.0091,
        "83.0": 0.009899999999999999,
        "47.0": 0.0392,
        "11.0": 0.027,
        "63.0": 0.0123,
        "158.0": 0.01,
        "95.0": 0.021500000000000005,
        "50.0": 0.025699999999999997,
        "113.0": 0.0137,
        "86.0": 0.0185,
        "41.0": 0.0193,
        "59.0": 0.0125,
        "2.0": 0.0043,
        "131.0": 0.006,
        "68.0": 0.019000000000000003,
        "23.0": 0.0039,
        "104.0": 0.011300000000000001,
        "77.0": 0.0083,
        "32.0": 0.006,
        "108.0": 0.002,
        "206.0": 0.0025,
        "143.0": 0.009199999999999998,
        "98.0": 0.0046,
        "116.0": 0.0028,
        "80.0": 0.0021000000000000003,
        "71.0": 0.004,
        "62.0": 0.0005
    },
    "probability_distribution_items": [
        [
            36.0,
            0.0156
        ],
        [
            27.0,
            0.0286
        ],
        [
            73.0,
            0.0399
        ],
        [
            28.0,
            0.046400000000000004
        ],
        [
            1.0,
            0.0097
        ],
        [
            64.0,
            0.0478
        ],
        [
            55.0,
            0.0371
        ],
        [
            19.0,
            0.043
        ],
        [
            46.0,
            0.0343
        ],
        [
            10.0,
            0.029400000000000003
        ],
        [
            37.0,
            0.0325
        ],
        [
            82.0,
            0.0049
        ],
        [
            121.0,
            0.016300000000000002
        ],
        [
            58.0,
            0.0182
        ],
        [
            13.0,
            0.0097
        ],
        [
            112.0,
            0.019299999999999998
        ],
        [
            85.0,
            0.0214
        ],
        [
            49.0,
            0.0181
        ],
        [
            40.0,
            0.0173
        ],
        [
            94.0,
            0.0097
        ],
        [
            54.0,
            0.0083
        ],
        [
            110.0,
            0.0093
        ],
        [
            65.0,
            0.028999999999999998
        ],
        [
            38.0,
            0.0515
        ],
        [
            56.0,
            0.04110000000000001
        ],
        [
            20.0,
            0.0258
        ],
        [
            29.0,
            0.0306
        ],
        [
            18.0,
            0.0091
        ],
        [
            83.0,
            0.009899999999999999
        ],
        [
            47.0,
            0.0392
        ],
        [
            11.0,
            0.027
        ],
        [
            63.0,
            0.0123
        ],
        [
            158.0,
            0.01
        ],
        [
            95.0,
            0.021500000000000005
        ],
        [
            50.0,
            0.025699999999999997
        ],
        [
            113.0,
            0.0137
        ],
        [
            86.0,
            0.0185
        ],
        [
            41.0,
            0.0193
        ],
        [
            59.0,
            0.0125
        ],
        [
            2.0,
            0.0043
        ],
        [
            131.0,
            0.006
        ],
        [
            68.0,
            0.019000000000000003
        ],
        [
            23.0,
            0.0039
        ],
        [
            104.0,
            0.011300000000000001
        ],
        [
            77.0,
            0.0083
        ],
        [
            32.0,
            0.006
        ],
        [
            108.0,
            0.002
        ],
        [
            206.0,
            0.0025
        ],
        [
            143.0,
            0.009199999999999998
        ],
        [
            98.0,
            0.0046
        ],
        [
            116.0,
            0.0028
        ],
        [
            80.0,
            0.0021000000000000003
        ],
        [
            71.0,
            0.004
        ],
        [
            62.0,
            0.0005
        ]
    ],
    "approximation_ratio": 55.6511,
    "approximation_ratio_offset": 0.733409268292683,
    "noise": false,
    "p": 3
}