{
    "expected_value": 1.3279,
    "optimal_gammas": [
        1.2388526872716719,
        5.340598388886094,
        5.248579551473955,
        4.717090946201759,
        1.312732333344582,
        5.258714528091298,
        0.636169687905235
    ],
    "optimal_betas": [
        1.6707645602847712,
        2.363157884156814,
        1.2931578195049533,
        1.8082571791612643,
        0.8989518359660321,
        1.222900191573718,
        1.6561253198832455
    ],
    "problem_identifier": "{'W': [1], 'W_max': 1, 'A': 8, 'B': 4, 'C': 16}",
    "now": "2021-05-13 02:39:31",
    "execution_time": "1:59:12.654461",
    "nfev": 11085,
    "message": "Maximum number of iterations has been exceeded.",
    "success": false,
    "nit": 50,
    "routing": "line",
    "problem": {
        "W": [
            1
        ],
        "W_max": 1,
        "A": 8,
        "B": 4,
        "C": 16
    },
    "optimal_cost": 1.0,
    "probability_distribution": {
        "4.0": 0.0657,
        "2.0": 0.0942,
        "7.0": 0.0638,
        "1.0": 0.7763
    },
    "probability_distribution_items": [
        [
            4.0,
            0.0657
        ],
        [
            2.0,
            0.0942
        ],
        [
            7.0,
            0.0638
        ],
        [
            1.0,
            0.7763
        ]
    ],
    "approximation_ratio": 1.6579,
    "approximation_ratio_offset": 0.8903500000000001,
    "noise": false,
    "p": 7
}