{
    "expected_value": 40.261,
    "optimal_gammas": [
        2.9738934337344074,
        1.738787717950114,
        2.6385850584745314,
        0.3754274768175718
    ],
    "optimal_betas": [
        1.248033934743025,
        1.2542151181740513,
        0.21953936064504131,
        0.14074873583847514
    ],
    "problem_identifier": "{'W': [1, 1], 'W_max': 2, 'A': 32, 'B': 4, 'C': 64}",
    "now": "2021-05-10 15:20:57",
    "execution_time": "1:30:48.161198",
    "nfev": 6309,
    "message": "Maximum number of iterations has been exceeded.",
    "success": false,
    "nit": 50,
    "routing": "network",
    "problem": {
        "W": [
            1,
            1
        ],
        "W_max": 2,
        "A": 32,
        "B": 4,
        "C": 64
    },
    "optimal_cost": 1.0,
    "probability_distribution": {
        "32.0": 0.034999999999999996,
        "24.0": 0.049400000000000006,
        "65.0": 0.0248,
        "25.0": 0.055299999999999995,
        "1.0": 0.0175,
        "57.0": 0.031799999999999995,
        "49.0": 0.0344,
        "17.0": 0.0648,
        "41.0": 0.048799999999999996,
        "9.0": 0.0439,
        "33.0": 0.042800000000000005,
        "73.0": 0.0032,
        "108.0": 0.0172,
        "52.0": 0.021200000000000004,
        "12.0": 0.0127,
        "100.0": 0.0184,
        "76.0": 0.013100000000000002,
        "44.0": 0.0132,
        "36.0": 0.013400000000000002,
        "84.0": 0.0063999999999999994,
        "48.0": 0.0137,
        "98.0": 0.0038,
        "58.0": 0.014000000000000002,
        "34.0": 0.0518,
        "50.0": 0.0327,
        "18.0": 0.0305,
        "26.0": 0.0345,
        "16.0": 0.0134,
        "74.0": 0.009899999999999999,
        "42.0": 0.034699999999999995,
        "10.0": 0.024,
        "56.0": 0.0154,
        "141.0": 0.004699999999999999,
        "85.0": 0.012599999999999998,
        "45.0": 0.0149,
        "101.0": 0.0089,
        "77.0": 0.0117,
        "37.0": 0.016,
        "53.0": 0.0091,
        "2.0": 0.0051,
        "117.0": 0.0051,
        "61.0": 0.014400000000000001,
        "21.0": 0.0027,
        "93.0": 0.0114,
        "69.0": 0.0089,
        "29.0": 0.0081,
        "96.0": 0.0018,
        "184.0": 0.0015,
        "128.0": 0.007,
        "88.0": 0.0013,
        "104.0": 0.0027,
        "72.0": 0.0023,
        "64.0": 0.0041
    },
    "probability_distribution_items": [
        [
            32.0,
            0.034999999999999996
        ],
        [
            24.0,
            0.049400000000000006
        ],
        [
            65.0,
            0.0248
        ],
        [
            25.0,
            0.055299999999999995
        ],
        [
            1.0,
            0.0175
        ],
        [
            57.0,
            0.031799999999999995
        ],
        [
            49.0,
            0.0344
        ],
        [
            17.0,
            0.0648
        ],
        [
            41.0,
            0.048799999999999996
        ],
        [
            9.0,
            0.0439
        ],
        [
            33.0,
            0.042800000000000005
        ],
        [
            73.0,
            0.0032
        ],
        [
            108.0,
            0.0172
        ],
        [
            52.0,
            0.021200000000000004
        ],
        [
            12.0,
            0.0127
        ],
        [
            100.0,
            0.0184
        ],
        [
            76.0,
            0.013100000000000002
        ],
        [
            44.0,
            0.0132
        ],
        [
            36.0,
            0.013400000000000002
        ],
        [
            84.0,
            0.0063999999999999994
        ],
        [
            48.0,
            0.0137
        ],
        [
            98.0,
            0.0038
        ],
        [
            58.0,
            0.014000000000000002
        ],
        [
            34.0,
            0.0518
        ],
        [
            50.0,
            0.0327
        ],
        [
            18.0,
            0.0305
        ],
        [
            26.0,
            0.0345
        ],
        [
            16.0,
            0.0134
        ],
        [
            74.0,
            0.009899999999999999
        ],
        [
            42.0,
            0.034699999999999995
        ],
        [
            10.0,
            0.024
        ],
        [
            56.0,
            0.0154
        ],
        [
            141.0,
            0.004699999999999999
        ],
        [
            85.0,
            0.012599999999999998
        ],
        [
            45.0,
            0.0149
        ],
        [
            101.0,
            0.0089
        ],
        [
            77.0,
            0.0117
        ],
        [
            37.0,
            0.016
        ],
        [
            53.0,
            0.0091
        ],
        [
            2.0,
            0.0051
        ],
        [
            117.0,
            0.0051
        ],
        [
            61.0,
            0.014400000000000001
        ],
        [
            21.0,
            0.0027
        ],
        [
            93.0,
            0.0114
        ],
        [
            69.0,
            0.0089
        ],
        [
            29.0,
            0.0081
        ],
        [
            96.0,
            0.0018
        ],
        [
            184.0,
            0.0015
        ],
        [
            128.0,
            0.007
        ],
        [
            88.0,
            0.0013
        ],
        [
            104.0,
            0.0027
        ],
        [
            72.0,
            0.0023
        ],
        [
            64.0,
            0.0041
        ]
    ],
    "approximation_ratio": 42.5981,
    "approximation_ratio_offset": 0.7726879781420766,
    "noise": false,
    "p": 4
}