{
    "expected_value": 1.2946,
    "optimal_gammas": [
        6.057057844161453,
        4.133480207414302,
        2.9584588726392234,
        1.5697244588562957,
        4.11018526288147,
        5.27750168666477,
        5.415499742781259
    ],
    "optimal_betas": [
        2.5126520307933835,
        2.0595931680070203,
        1.2417468932036806,
        2.1773890347052944,
        1.8720306875766513,
        2.932525786039446,
        1.1869232398030882
    ],
    "problem_identifier": "{'W': [1], 'W_max': 1, 'A': 8, 'B': 4, 'C': 16}",
    "now": "2021-05-12 22:50:36",
    "execution_time": "1:29:41.940725",
    "nfev": 11175,
    "message": "Maximum number of iterations has been exceeded.",
    "success": false,
    "nit": 50,
    "routing": "line",
    "problem": {
        "W": [
            1
        ],
        "W_max": 1,
        "A": 8,
        "B": 4,
        "C": 16
    },
    "optimal_cost": 1.0,
    "probability_distribution": {
        "4.0": 0.0526,
        "2.0": 0.0952,
        "7.0": 0.0588,
        "1.0": 0.7934
    },
    "probability_distribution_items": [
        [
            4.0,
            0.0526
        ],
        [
            2.0,
            0.0952
        ],
        [
            7.0,
            0.0588
        ],
        [
            1.0,
            0.7934
        ]
    ],
    "approximation_ratio": 1.6256,
    "approximation_ratio_offset": 0.8957333333333333,
    "noise": false,
    "p": 7
}