{
    "expected_value": 1.223,
    "optimal_gammas": [
        0.13580194573410553,
        2.3642773041851983,
        5.308204414596599
    ],
    "optimal_betas": [
        1.6089043852701452,
        0.1826603053268243,
        0.6662997968991891
    ],
    "problem_identifier": "{'W': [1], 'W_max': 1, 'A': 8, 'B': 4, 'C': 16}",
    "now": "2021-05-12 20:38:37",
    "execution_time": "0:28:43.957031",
    "nfev": 4779,
    "message": "Maximum number of iterations has been exceeded.",
    "success": false,
    "nit": 50,
    "routing": "star",
    "problem": {
        "W": [
            1
        ],
        "W_max": 1,
        "A": 8,
        "B": 4,
        "C": 16
    },
    "optimal_cost": 1.0,
    "probability_distribution": {
        "4.0": 0.0475,
        "2.0": 0.0393,
        "7.0": 0.0363,
        "1.0": 0.8769
    },
    "probability_distribution_items": [
        [
            4.0,
            0.0475
        ],
        [
            2.0,
            0.0393
        ],
        [
            7.0,
            0.0363
        ],
        [
            1.0,
            0.8769
        ]
    ],
    "approximation_ratio": 1.4225,
    "approximation_ratio_offset": 0.9295833333333333,
    "noise": false,
    "p": 3
}