{
    "expected_value": 38.2144,
    "optimal_gammas": [
        1.3891503475048514,
        2.2784289375977007
    ],
    "optimal_betas": [
        1.6657846098041083,
        0.698790761878362
    ],
    "problem_identifier": "{'W': [1, 1], 'W_max': 2, 'A': 36, 'B': 4, 'C': 72}",
    "now": "2021-05-13 00:29:50",
    "execution_time": "0:48:31.635064",
    "nfev": 3165,
    "message": "Maximum number of iterations has been exceeded.",
    "success": false,
    "nit": 50,
    "routing": "line",
    "problem": {
        "W": [
            1,
            1
        ],
        "W_max": 2,
        "A": 36,
        "B": 4,
        "C": 72
    },
    "optimal_cost": 1.0,
    "probability_distribution": {
        "36.0": 0.0112,
        "27.0": 0.0199,
        "73.0": 0.0029,
        "28.0": 0.0057,
        "1.0": 0.0009,
        "64.0": 0.0061,
        "55.0": 0.0413,
        "19.0": 0.0388,
        "46.0": 0.0837,
        "10.0": 0.0506,
        "37.0": 0.0722,
        "82.0": 0.0121,
        "121.0": 0.0054,
        "58.0": 0.005399999999999999,
        "13.0": 0.0021000000000000003,
        "112.0": 0.007500000000000001,
        "85.0": 0.008299999999999998,
        "49.0": 0.006,
        "40.0": 0.0045000000000000005,
        "94.0": 0.0055,
        "54.0": 0.0148,
        "110.0": 0.0003,
        "65.0": 0.00030000000000000003,
        "38.0": 0.0771,
        "20.0": 0.044700000000000004,
        "56.0": 0.0461,
        "29.0": 0.1924,
        "18.0": 0.0093,
        "83.0": 0.0021,
        "47.0": 0.008799999999999999,
        "11.0": 0.009399999999999999,
        "63.0": 0.0193,
        "158.0": 0.0009,
        "95.0": 0.0073999999999999995,
        "50.0": 0.0028,
        "113.0": 0.0014,
        "86.0": 0.0027,
        "41.0": 0.0141,
        "59.0": 0.0062,
        "2.0": 0.0505,
        "131.0": 0.0071,
        "68.0": 0.0228,
        "23.0": 0.0052,
        "104.0": 0.0162,
        "77.0": 0.0161,
        "32.0": 0.0129,
        "108.0": 0.0047,
        "206.0": 0.0011,
        "143.0": 0.0042,
        "98.0": 0.0021999999999999997,
        "116.0": 0.0014,
        "80.0": 0.0016,
        "71.0": 0.0034,
        "62.0": 0.0004
    },
    "probability_distribution_items": [
        [
            36.0,
            0.0112
        ],
        [
            27.0,
            0.0199
        ],
        [
            73.0,
            0.0029
        ],
        [
            28.0,
            0.0057
        ],
        [
            1.0,
            0.0009
        ],
        [
            64.0,
            0.0061
        ],
        [
            55.0,
            0.0413
        ],
        [
            19.0,
            0.0388
        ],
        [
            46.0,
            0.0837
        ],
        [
            10.0,
            0.0506
        ],
        [
            37.0,
            0.0722
        ],
        [
            82.0,
            0.0121
        ],
        [
            121.0,
            0.0054
        ],
        [
            58.0,
            0.005399999999999999
        ],
        [
            13.0,
            0.0021000000000000003
        ],
        [
            112.0,
            0.007500000000000001
        ],
        [
            85.0,
            0.008299999999999998
        ],
        [
            49.0,
            0.006
        ],
        [
            40.0,
            0.0045000000000000005
        ],
        [
            94.0,
            0.0055
        ],
        [
            54.0,
            0.0148
        ],
        [
            110.0,
            0.0003
        ],
        [
            65.0,
            0.00030000000000000003
        ],
        [
            38.0,
            0.0771
        ],
        [
            20.0,
            0.044700000000000004
        ],
        [
            56.0,
            0.0461
        ],
        [
            29.0,
            0.1924
        ],
        [
            18.0,
            0.0093
        ],
        [
            83.0,
            0.0021
        ],
        [
            47.0,
            0.008799999999999999
        ],
        [
            11.0,
            0.009399999999999999
        ],
        [
            63.0,
            0.0193
        ],
        [
            158.0,
            0.0009
        ],
        [
            95.0,
            0.0073999999999999995
        ],
        [
            50.0,
            0.0028
        ],
        [
            113.0,
            0.0014
        ],
        [
            86.0,
            0.0027
        ],
        [
            41.0,
            0.0141
        ],
        [
            59.0,
            0.0062
        ],
        [
            2.0,
            0.0505
        ],
        [
            131.0,
            0.0071
        ],
        [
            68.0,
            0.0228
        ],
        [
            23.0,
            0.0052
        ],
        [
            104.0,
            0.0162
        ],
        [
            77.0,
            0.0161
        ],
        [
            32.0,
            0.0129
        ],
        [
            108.0,
            0.0047
        ],
        [
            206.0,
            0.0011
        ],
        [
            143.0,
            0.0042
        ],
        [
            98.0,
            0.0021999999999999997
        ],
        [
            116.0,
            0.0014
        ],
        [
            80.0,
            0.0016
        ],
        [
            71.0,
            0.0034
        ],
        [
            62.0,
            0.0004
        ]
    ],
    "approximation_ratio": 41.3789,
    "approximation_ratio_offset": 0.803029756097561,
    "noise": false,
    "p": 2
}