{
    "expected_value": 38.285,
    "optimal_gammas": [
        3.6708726098128075,
        3.1299488364452386
    ],
    "optimal_betas": [
        2.4531775699862792,
        0.14930175640214283
    ],
    "problem_identifier": "{'W': [1, 1], 'W_max': 2, 'A': 36, 'B': 4, 'C': 72}",
    "now": "2021-05-12 23:41:18",
    "execution_time": "0:46:22.680515",
    "nfev": 3150,
    "message": "Maximum number of iterations has been exceeded.",
    "success": false,
    "nit": 50,
    "routing": "line",
    "problem": {
        "W": [
            1,
            1
        ],
        "W_max": 2,
        "A": 36,
        "B": 4,
        "C": 72
    },
    "optimal_cost": 1.0,
    "probability_distribution": {
        "36.0": 0.0502,
        "27.0": 0.0892,
        "73.0": 0.0131,
        "28.0": 0.023,
        "1.0": 0.0023,
        "64.0": 0.02,
        "55.0": 0.0465,
        "19.0": 0.1028,
        "46.0": 0.11439999999999999,
        "10.0": 0.07700000000000001,
        "37.0": 0.07690000000000001,
        "82.0": 0.0063999999999999994,
        "121.0": 0.0082,
        "58.0": 0.0138,
        "13.0": 0.0017000000000000001,
        "112.0": 0.0079,
        "85.0": 0.014300000000000002,
        "49.0": 0.0119,
        "40.0": 0.0047,
        "94.0": 0.0054,
        "54.0": 0.030399999999999996,
        "110.0": 0.0014,
        "65.0": 0.0072,
        "38.0": 0.0349,
        "56.0": 0.0237,
        "20.0": 0.011399999999999999,
        "29.0": 0.03710000000000001,
        "18.0": 0.031,
        "83.0": 0.004399999999999999,
        "47.0": 0.0195,
        "11.0": 0.014,
        "63.0": 0.025400000000000002,
        "158.0": 0.0012000000000000001,
        "95.0": 0.0066,
        "50.0": 0.0040999999999999995,
        "113.0": 0.0037,
        "86.0": 0.0060999999999999995,
        "41.0": 0.0058000000000000005,
        "59.0": 0.0022,
        "2.0": 0.013399999999999999,
        "131.0": 0.0021999999999999997,
        "68.0": 0.005299999999999999,
        "23.0": 0.0008,
        "104.0": 0.0055,
        "77.0": 0.0039,
        "32.0": 0.0019000000000000002,
        "108.0": 0.0031,
        "206.0": 0.0004,
        "143.0": 0.0011,
        "98.0": 0.0005,
        "116.0": 0.0007999999999999999,
        "80.0": 0.0006000000000000001,
        "71.0": 0.0006000000000000001,
        "62.0": 0.0001
    },
    "probability_distribution_items": [
        [
            36.0,
            0.0502
        ],
        [
            27.0,
            0.0892
        ],
        [
            73.0,
            0.0131
        ],
        [
            28.0,
            0.023
        ],
        [
            1.0,
            0.0023
        ],
        [
            64.0,
            0.02
        ],
        [
            55.0,
            0.0465
        ],
        [
            19.0,
            0.1028
        ],
        [
            46.0,
            0.11439999999999999
        ],
        [
            10.0,
            0.07700000000000001
        ],
        [
            37.0,
            0.07690000000000001
        ],
        [
            82.0,
            0.0063999999999999994
        ],
        [
            121.0,
            0.0082
        ],
        [
            58.0,
            0.0138
        ],
        [
            13.0,
            0.0017000000000000001
        ],
        [
            112.0,
            0.0079
        ],
        [
            85.0,
            0.014300000000000002
        ],
        [
            49.0,
            0.0119
        ],
        [
            40.0,
            0.0047
        ],
        [
            94.0,
            0.0054
        ],
        [
            54.0,
            0.030399999999999996
        ],
        [
            110.0,
            0.0014
        ],
        [
            65.0,
            0.0072
        ],
        [
            38.0,
            0.0349
        ],
        [
            56.0,
            0.0237
        ],
        [
            20.0,
            0.011399999999999999
        ],
        [
            29.0,
            0.03710000000000001
        ],
        [
            18.0,
            0.031
        ],
        [
            83.0,
            0.004399999999999999
        ],
        [
            47.0,
            0.0195
        ],
        [
            11.0,
            0.014
        ],
        [
            63.0,
            0.025400000000000002
        ],
        [
            158.0,
            0.0012000000000000001
        ],
        [
            95.0,
            0.0066
        ],
        [
            50.0,
            0.0040999999999999995
        ],
        [
            113.0,
            0.0037
        ],
        [
            86.0,
            0.0060999999999999995
        ],
        [
            41.0,
            0.0058000000000000005
        ],
        [
            59.0,
            0.0022
        ],
        [
            2.0,
            0.013399999999999999
        ],
        [
            131.0,
            0.0021999999999999997
        ],
        [
            68.0,
            0.005299999999999999
        ],
        [
            23.0,
            0.0008
        ],
        [
            104.0,
            0.0055
        ],
        [
            77.0,
            0.0039
        ],
        [
            32.0,
            0.0019000000000000002
        ],
        [
            108.0,
            0.0031
        ],
        [
            206.0,
            0.0004
        ],
        [
            143.0,
            0.0011
        ],
        [
            98.0,
            0.0005
        ],
        [
            116.0,
            0.0007999999999999999
        ],
        [
            80.0,
            0.0006000000000000001
        ],
        [
            71.0,
            0.0006000000000000001
        ],
        [
            62.0,
            0.0001
        ]
    ],
    "approximation_ratio": 41.1551,
    "approximation_ratio_offset": 0.8041214634146341,
    "noise": false,
    "p": 2
}