{
    "expected_value": 38.9757,
    "optimal_gammas": [
        4.524080330320382,
        1.405067157305815,
        3.3626439907542345,
        2.967086899307489
    ],
    "optimal_betas": [
        0.6665478468531931,
        2.859940424969642,
        0.7211488515994849,
        2.5042344220624337
    ],
    "problem_identifier": "{'W': [1, 1], 'W_max': 2, 'A': 36, 'B': 4, 'C': 72}",
    "now": "2021-05-12 22:00:02",
    "execution_time": "1:40:06.501985",
    "nfev": 6444,
    "message": "Maximum number of iterations has been exceeded.",
    "success": false,
    "nit": 50,
    "routing": "network",
    "problem": {
        "W": [
            1,
            1
        ],
        "W_max": 2,
        "A": 36,
        "B": 4,
        "C": 72
    },
    "optimal_cost": 1.0,
    "probability_distribution": {
        "36.0": 0.0576,
        "27.0": 0.0504,
        "73.0": 0.0365,
        "28.0": 0.0735,
        "1.0": 0.0385,
        "64.0": 0.0257,
        "55.0": 0.0219,
        "19.0": 0.05840000000000001,
        "46.0": 0.0494,
        "10.0": 0.052700000000000004,
        "37.0": 0.0396,
        "82.0": 0.0075,
        "121.0": 0.0179,
        "58.0": 0.0313,
        "13.0": 0.0181,
        "112.0": 0.007899999999999999,
        "85.0": 0.012,
        "49.0": 0.0078,
        "40.0": 0.0091,
        "94.0": 0.0066,
        "54.0": 0.0094,
        "110.0": 0.0033,
        "65.0": 0.0095,
        "38.0": 0.04610000000000001,
        "56.0": 0.0262,
        "20.0": 0.033499999999999995,
        "29.0": 0.0335,
        "18.0": 0.0076,
        "83.0": 0.0089,
        "47.0": 0.041,
        "11.0": 0.023,
        "63.0": 0.013900000000000001,
        "158.0": 0.004,
        "95.0": 0.0118,
        "50.0": 0.012400000000000001,
        "113.0": 0.0051,
        "86.0": 0.009300000000000001,
        "41.0": 0.0112,
        "59.0": 0.0114,
        "2.0": 0.0033,
        "131.0": 0.0034,
        "68.0": 0.0172,
        "23.0": 0.0036,
        "104.0": 0.0046,
        "77.0": 0.0045,
        "32.0": 0.0065,
        "108.0": 0.0018,
        "206.0": 0.0002,
        "143.0": 0.0030999999999999995,
        "98.0": 0.0013,
        "116.0": 0.0015,
        "80.0": 0.0018999999999999998,
        "71.0": 0.0028,
        "62.0": 0.0008
    },
    "probability_distribution_items": [
        [
            36.0,
            0.0576
        ],
        [
            27.0,
            0.0504
        ],
        [
            73.0,
            0.0365
        ],
        [
            28.0,
            0.0735
        ],
        [
            1.0,
            0.0385
        ],
        [
            64.0,
            0.0257
        ],
        [
            55.0,
            0.0219
        ],
        [
            19.0,
            0.05840000000000001
        ],
        [
            46.0,
            0.0494
        ],
        [
            10.0,
            0.052700000000000004
        ],
        [
            37.0,
            0.0396
        ],
        [
            82.0,
            0.0075
        ],
        [
            121.0,
            0.0179
        ],
        [
            58.0,
            0.0313
        ],
        [
            13.0,
            0.0181
        ],
        [
            112.0,
            0.007899999999999999
        ],
        [
            85.0,
            0.012
        ],
        [
            49.0,
            0.0078
        ],
        [
            40.0,
            0.0091
        ],
        [
            94.0,
            0.0066
        ],
        [
            54.0,
            0.0094
        ],
        [
            110.0,
            0.0033
        ],
        [
            65.0,
            0.0095
        ],
        [
            38.0,
            0.04610000000000001
        ],
        [
            56.0,
            0.0262
        ],
        [
            20.0,
            0.033499999999999995
        ],
        [
            29.0,
            0.0335
        ],
        [
            18.0,
            0.0076
        ],
        [
            83.0,
            0.0089
        ],
        [
            47.0,
            0.041
        ],
        [
            11.0,
            0.023
        ],
        [
            63.0,
            0.013900000000000001
        ],
        [
            158.0,
            0.004
        ],
        [
            95.0,
            0.0118
        ],
        [
            50.0,
            0.012400000000000001
        ],
        [
            113.0,
            0.0051
        ],
        [
            86.0,
            0.009300000000000001
        ],
        [
            41.0,
            0.0112
        ],
        [
            59.0,
            0.0114
        ],
        [
            2.0,
            0.0033
        ],
        [
            131.0,
            0.0034
        ],
        [
            68.0,
            0.0172
        ],
        [
            23.0,
            0.0036
        ],
        [
            104.0,
            0.0046
        ],
        [
            77.0,
            0.0045
        ],
        [
            32.0,
            0.0065
        ],
        [
            108.0,
            0.0018
        ],
        [
            206.0,
            0.0002
        ],
        [
            143.0,
            0.0030999999999999995
        ],
        [
            98.0,
            0.0013
        ],
        [
            116.0,
            0.0015
        ],
        [
            80.0,
            0.0018999999999999998
        ],
        [
            71.0,
            0.0028
        ],
        [
            62.0,
            0.0008
        ]
    ],
    "approximation_ratio": 44.0399,
    "approximation_ratio_offset": 0.790049268292683,
    "noise": false,
    "p": 4
}