{
    "expected_value": 32.3573,
    "optimal_gammas": [
        5.692579801422633
    ],
    "optimal_betas": [
        0.602673805296505
    ],
    "problem_identifier": "{'W': [1, 1], 'W_max': 2, 'A': 32, 'B': 4, 'C': 64}",
    "now": "2021-05-10 11:59:16",
    "execution_time": "0:07:06.549860",
    "nfev": 978,
    "message": "Optimization terminated successfully.",
    "success": true,
    "nit": 29,
    "routing": "line",
    "problem": {
        "W": [
            1,
            1
        ],
        "W_max": 2,
        "A": 32,
        "B": 4,
        "C": 64
    },
    "optimal_cost": 1.0,
    "probability_distribution": {
        "32.0": 0.0341,
        "24.0": 0.0726,
        "65.0": 0.0063999999999999994,
        "25.0": 0.0133,
        "1.0": 0.0018999999999999998,
        "57.0": 0.012,
        "49.0": 0.0361,
        "17.0": 0.08320000000000001,
        "41.0": 0.1218,
        "9.0": 0.0837,
        "33.0": 0.09690000000000001,
        "73.0": 0.0046,
        "108.0": 0.0039000000000000003,
        "52.0": 0.0064,
        "12.0": 0.0015,
        "100.0": 0.0060999999999999995,
        "76.0": 0.0086,
        "44.0": 0.0082,
        "36.0": 0.0026,
        "84.0": 0.0029000000000000002,
        "48.0": 0.0446,
        "98.0": 0.0003,
        "58.0": 0.0018,
        "50.0": 0.0235,
        "18.0": 0.0146,
        "26.0": 0.08149999999999999,
        "34.0": 0.0479,
        "16.0": 0.0377,
        "74.0": 0.0024999999999999996,
        "42.0": 0.0116,
        "10.0": 0.0087,
        "56.0": 0.034600000000000006,
        "141.0": 0.0005,
        "85.0": 0.0029000000000000002,
        "101.0": 0.0014,
        "77.0": 0.0028,
        "45.0": 0.0019,
        "37.0": 0.0088,
        "53.0": 0.0009000000000000001,
        "2.0": 0.0288,
        "117.0": 0.0029,
        "61.0": 0.009300000000000001,
        "21.0": 0.0015,
        "93.0": 0.0057,
        "69.0": 0.008,
        "29.0": 0.0019,
        "96.0": 0.003,
        "128.0": 0.0018,
        "88.0": 0.0004,
        "104.0": 0.0007,
        "72.0": 0.00030000000000000003,
        "64.0": 0.0004
    },
    "probability_distribution_items": [
        [
            32.0,
            0.0341
        ],
        [
            24.0,
            0.0726
        ],
        [
            65.0,
            0.0063999999999999994
        ],
        [
            25.0,
            0.0133
        ],
        [
            1.0,
            0.0018999999999999998
        ],
        [
            57.0,
            0.012
        ],
        [
            49.0,
            0.0361
        ],
        [
            17.0,
            0.08320000000000001
        ],
        [
            41.0,
            0.1218
        ],
        [
            9.0,
            0.0837
        ],
        [
            33.0,
            0.09690000000000001
        ],
        [
            73.0,
            0.0046
        ],
        [
            108.0,
            0.0039000000000000003
        ],
        [
            52.0,
            0.0064
        ],
        [
            12.0,
            0.0015
        ],
        [
            100.0,
            0.0060999999999999995
        ],
        [
            76.0,
            0.0086
        ],
        [
            44.0,
            0.0082
        ],
        [
            36.0,
            0.0026
        ],
        [
            84.0,
            0.0029000000000000002
        ],
        [
            48.0,
            0.0446
        ],
        [
            98.0,
            0.0003
        ],
        [
            58.0,
            0.0018
        ],
        [
            50.0,
            0.0235
        ],
        [
            18.0,
            0.0146
        ],
        [
            26.0,
            0.08149999999999999
        ],
        [
            34.0,
            0.0479
        ],
        [
            16.0,
            0.0377
        ],
        [
            74.0,
            0.0024999999999999996
        ],
        [
            42.0,
            0.0116
        ],
        [
            10.0,
            0.0087
        ],
        [
            56.0,
            0.034600000000000006
        ],
        [
            141.0,
            0.0005
        ],
        [
            85.0,
            0.0029000000000000002
        ],
        [
            101.0,
            0.0014
        ],
        [
            77.0,
            0.0028
        ],
        [
            45.0,
            0.0019
        ],
        [
            37.0,
            0.0088
        ],
        [
            53.0,
            0.0009000000000000001
        ],
        [
            2.0,
            0.0288
        ],
        [
            117.0,
            0.0029
        ],
        [
            61.0,
            0.009300000000000001
        ],
        [
            21.0,
            0.0015
        ],
        [
            93.0,
            0.0057
        ],
        [
            69.0,
            0.008
        ],
        [
            29.0,
            0.0019
        ],
        [
            96.0,
            0.003
        ],
        [
            128.0,
            0.0018
        ],
        [
            88.0,
            0.0004
        ],
        [
            104.0,
            0.0007
        ],
        [
            72.0,
            0.00030000000000000003
        ],
        [
            64.0,
            0.0004
        ]
    ],
    "approximation_ratio": 33.7916,
    "approximation_ratio_offset": 0.8208109289617486,
    "noise": false,
    "p": 1
}