{
    "expected_value": 32.3021,
    "optimal_gammas": [
        0.5917319189355075
    ],
    "optimal_betas": [
        2.573798382061451
    ],
    "problem_identifier": "{'W': [1, 1], 'W_max': 2, 'A': 32, 'B': 4, 'C': 64}",
    "now": "2021-05-10 12:25:29",
    "execution_time": "0:12:37.031424",
    "nfev": 1593,
    "message": "Maximum number of iterations has been exceeded.",
    "success": false,
    "nit": 50,
    "routing": "linegrid",
    "problem": {
        "W": [
            1,
            1
        ],
        "W_max": 2,
        "A": 32,
        "B": 4,
        "C": 64
    },
    "optimal_cost": 1.0,
    "probability_distribution": {
        "32.0": 0.0308,
        "24.0": 0.0793,
        "65.0": 0.0051,
        "25.0": 0.0176,
        "1.0": 0.0015,
        "57.0": 0.013099999999999999,
        "49.0": 0.0437,
        "17.0": 0.08389999999999999,
        "41.0": 0.12399999999999999,
        "9.0": 0.08739999999999999,
        "33.0": 0.08810000000000001,
        "73.0": 0.0048000000000000004,
        "108.0": 0.0042,
        "52.0": 0.0085,
        "12.0": 0.0012,
        "100.0": 0.0064,
        "76.0": 0.011699999999999999,
        "44.0": 0.0095,
        "36.0": 0.0034000000000000002,
        "84.0": 0.0055,
        "48.0": 0.0454,
        "98.0": 0.0004,
        "58.0": 0.0008,
        "50.0": 0.0205,
        "18.0": 0.0134,
        "26.0": 0.07260000000000001,
        "34.0": 0.0426,
        "16.0": 0.0409,
        "74.0": 0.0024000000000000002,
        "42.0": 0.0129,
        "10.0": 0.011099999999999999,
        "56.0": 0.03,
        "141.0": 0.0005,
        "85.0": 0.002,
        "45.0": 0.0021999999999999997,
        "101.0": 0.0010999999999999998,
        "77.0": 0.0013,
        "53.0": 0.0014,
        "2.0": 0.0306,
        "117.0": 0.0014,
        "61.0": 0.008799999999999999,
        "21.0": 0.0005,
        "93.0": 0.0038000000000000004,
        "69.0": 0.0086,
        "37.0": 0.007300000000000001,
        "29.0": 0.0021,
        "96.0": 0.0028,
        "184.0": 0.0002,
        "128.0": 0.0005,
        "88.0": 0.0002,
        "104.0": 0.0006000000000000001,
        "72.0": 0.0008,
        "64.0": 0.0006000000000000001
    },
    "probability_distribution_items": [
        [
            32.0,
            0.0308
        ],
        [
            24.0,
            0.0793
        ],
        [
            65.0,
            0.0051
        ],
        [
            25.0,
            0.0176
        ],
        [
            1.0,
            0.0015
        ],
        [
            57.0,
            0.013099999999999999
        ],
        [
            49.0,
            0.0437
        ],
        [
            17.0,
            0.08389999999999999
        ],
        [
            41.0,
            0.12399999999999999
        ],
        [
            9.0,
            0.08739999999999999
        ],
        [
            33.0,
            0.08810000000000001
        ],
        [
            73.0,
            0.0048000000000000004
        ],
        [
            108.0,
            0.0042
        ],
        [
            52.0,
            0.0085
        ],
        [
            12.0,
            0.0012
        ],
        [
            100.0,
            0.0064
        ],
        [
            76.0,
            0.011699999999999999
        ],
        [
            44.0,
            0.0095
        ],
        [
            36.0,
            0.0034000000000000002
        ],
        [
            84.0,
            0.0055
        ],
        [
            48.0,
            0.0454
        ],
        [
            98.0,
            0.0004
        ],
        [
            58.0,
            0.0008
        ],
        [
            50.0,
            0.0205
        ],
        [
            18.0,
            0.0134
        ],
        [
            26.0,
            0.07260000000000001
        ],
        [
            34.0,
            0.0426
        ],
        [
            16.0,
            0.0409
        ],
        [
            74.0,
            0.0024000000000000002
        ],
        [
            42.0,
            0.0129
        ],
        [
            10.0,
            0.011099999999999999
        ],
        [
            56.0,
            0.03
        ],
        [
            141.0,
            0.0005
        ],
        [
            85.0,
            0.002
        ],
        [
            45.0,
            0.0021999999999999997
        ],
        [
            101.0,
            0.0010999999999999998
        ],
        [
            77.0,
            0.0013
        ],
        [
            53.0,
            0.0014
        ],
        [
            2.0,
            0.0306
        ],
        [
            117.0,
            0.0014
        ],
        [
            61.0,
            0.008799999999999999
        ],
        [
            21.0,
            0.0005
        ],
        [
            93.0,
            0.0038000000000000004
        ],
        [
            69.0,
            0.0086
        ],
        [
            37.0,
            0.007300000000000001
        ],
        [
            29.0,
            0.0021
        ],
        [
            96.0,
            0.0028
        ],
        [
            184.0,
            0.0002
        ],
        [
            128.0,
            0.0005
        ],
        [
            88.0,
            0.0002
        ],
        [
            104.0,
            0.0006000000000000001
        ],
        [
            72.0,
            0.0008
        ],
        [
            64.0,
            0.0006000000000000001
        ]
    ],
    "approximation_ratio": 33.2751,
    "approximation_ratio_offset": 0.8236333333333333,
    "noise": false,
    "p": 1
}