{
    "expected_value": 1.2299,
    "optimal_gammas": [
        1.4042288251991322,
        1.1617148815173148,
        5.849168715050916
    ],
    "optimal_betas": [
        1.138658034560651,
        0.6547656844555617,
        2.0993410697649555
    ],
    "problem_identifier": "{'W': [1], 'W_max': 1, 'A': 8, 'B': 4, 'C': 16}",
    "now": "2021-05-12 19:08:32",
    "execution_time": "0:12:34.308853",
    "nfev": 4919,
    "message": "Maximum number of iterations has been exceeded.",
    "success": false,
    "nit": 50,
    "routing": "star",
    "problem": {
        "W": [
            1
        ],
        "W_max": 1,
        "A": 8,
        "B": 4,
        "C": 16
    },
    "optimal_cost": 1.0,
    "probability_distribution": {
        "4.0": 0.0362,
        "2.0": 0.0962,
        "7.0": 0.0325,
        "1.0": 0.8351
    },
    "probability_distribution_items": [
        [
            4.0,
            0.0362
        ],
        [
            2.0,
            0.0962
        ],
        [
            7.0,
            0.0325
        ],
        [
            1.0,
            0.8351
        ]
    ],
    "approximation_ratio": 1.3972,
    "approximation_ratio_offset": 0.9338000000000001,
    "noise": false,
    "p": 3
}