{
    "expected_value": 44.2067,
    "optimal_gammas": [
        2.8422658821056266,
        2.855387644812658
    ],
    "optimal_betas": [
        1.1873924721705387,
        1.3738720429396427
    ],
    "problem_identifier": "{'W': [1, 1], 'W_max': 2, 'A': 40, 'B': 4, 'C': 80}",
    "now": "2021-05-05 15:42:54",
    "execution_time": "11:48:10.586263",
    "nfev": 33100,
    "message": "Optimization terminated successfully.",
    "success": true,
    "nit": 548,
    "problem": {
        "W": [
            1,
            1
        ],
        "W_max": 2,
        "A": 40,
        "B": 4,
        "C": 80
    },
    "probability_distribution": {
        "40.0": 0.010500000000000002,
        "30.0": 0.011300000000000001,
        "81.0": 0.0154,
        "31.0": 0.0415,
        "1.0": 0.009899999999999999,
        "71.0": 0.0127,
        "61.0": 0.015700000000000002,
        "21.0": 0.0451,
        "51.0": 0.02,
        "11.0": 0.0201,
        "41.0": 0.013499999999999998,
        "91.0": 0.0021,
        "134.0": 0.004699999999999999,
        "64.0": 0.04649999999999999,
        "14.0": 0.0839,
        "124.0": 0.0026999999999999997,
        "94.0": 0.0153,
        "54.0": 0.0157,
        "44.0": 0.053599999999999995,
        "104.0": 0.0050999999999999995,
        "60.0": 0.0024000000000000002,
        "122.0": 0.0009,
        "72.0": 0.0058,
        "42.0": 0.0635,
        "62.0": 0.0358,
        "22.0": 0.038400000000000004,
        "32.0": 0.0164,
        "20.0": 0.001,
        "92.0": 0.0123,
        "52.0": 0.0691,
        "12.0": 0.056100000000000004,
        "70.0": 0.0022,
        "175.0": 0.0014,
        "105.0": 0.006699999999999999,
        "55.0": 0.0369,
        "125.0": 0.0046,
        "95.0": 0.0122,
        "45.0": 0.052,
        "65.0": 0.022,
        "2.0": 0.004399999999999999,
        "145.0": 0.0014999999999999998,
        "75.0": 0.0126,
        "25.0": 0.0095,
        "115.0": 0.0037,
        "85.0": 0.011000000000000001,
        "35.0": 0.0376,
        "120.0": 0.0001,
        "228.0": 0.0001,
        "158.0": 0.0019,
        "108.0": 0.0029,
        "128.0": 0.0025,
        "88.0": 0.0019,
        "78.0": 0.0133,
        "68.0": 0.012
    },
    "probability_distribution_items": [
        [
            40.0,
            0.010500000000000002
        ],
        [
            30.0,
            0.011300000000000001
        ],
        [
            81.0,
            0.0154
        ],
        [
            31.0,
            0.0415
        ],
        [
            1.0,
            0.009899999999999999
        ],
        [
            71.0,
            0.0127
        ],
        [
            61.0,
            0.015700000000000002
        ],
        [
            21.0,
            0.0451
        ],
        [
            51.0,
            0.02
        ],
        [
            11.0,
            0.0201
        ],
        [
            41.0,
            0.013499999999999998
        ],
        [
            91.0,
            0.0021
        ],
        [
            134.0,
            0.004699999999999999
        ],
        [
            64.0,
            0.04649999999999999
        ],
        [
            14.0,
            0.0839
        ],
        [
            124.0,
            0.0026999999999999997
        ],
        [
            94.0,
            0.0153
        ],
        [
            54.0,
            0.0157
        ],
        [
            44.0,
            0.053599999999999995
        ],
        [
            104.0,
            0.0050999999999999995
        ],
        [
            60.0,
            0.0024000000000000002
        ],
        [
            122.0,
            0.0009
        ],
        [
            72.0,
            0.0058
        ],
        [
            42.0,
            0.0635
        ],
        [
            62.0,
            0.0358
        ],
        [
            22.0,
            0.038400000000000004
        ],
        [
            32.0,
            0.0164
        ],
        [
            20.0,
            0.001
        ],
        [
            92.0,
            0.0123
        ],
        [
            52.0,
            0.0691
        ],
        [
            12.0,
            0.056100000000000004
        ],
        [
            70.0,
            0.0022
        ],
        [
            175.0,
            0.0014
        ],
        [
            105.0,
            0.006699999999999999
        ],
        [
            55.0,
            0.0369
        ],
        [
            125.0,
            0.0046
        ],
        [
            95.0,
            0.0122
        ],
        [
            45.0,
            0.052
        ],
        [
            65.0,
            0.022
        ],
        [
            2.0,
            0.004399999999999999
        ],
        [
            145.0,
            0.0014999999999999998
        ],
        [
            75.0,
            0.0126
        ],
        [
            25.0,
            0.0095
        ],
        [
            115.0,
            0.0037
        ],
        [
            85.0,
            0.011000000000000001
        ],
        [
            35.0,
            0.0376
        ],
        [
            120.0,
            0.0001
        ],
        [
            228.0,
            0.0001
        ],
        [
            158.0,
            0.0019
        ],
        [
            108.0,
            0.0029
        ],
        [
            128.0,
            0.0025
        ],
        [
            88.0,
            0.0019
        ],
        [
            78.0,
            0.0133
        ],
        [
            68.0,
            0.012
        ]
    ],
    "approximation_ratio": 0.7959246696035243,
    "noise": true,
    "p": 2
}