{
    "expected_value": 193.8978,
    "optimal_gammas": [
        4.981049774644289,
        1.9168819994122033,
        3.4517793444333758,
        0.32500622161868886,
        2.888832920802852,
        2.547255319105042
    ],
    "optimal_betas": [
        0.4921508173956495,
        1.7900648892436957,
        1.6337909698105408,
        2.9824050882834086,
        0.6761335580006057,
        2.875661660810481
    ],
    "problem_identifier": "{'W': [1, 1], 'W_max': 2, 'A': 56, 'B': 4, 'C': 560}",
    "now": "2021-05-04 18:10:41",
    "execution_time": "0:18:17.781178",
    "nfev": 711,
    "message": "Optimization terminated successfully.",
    "success": true,
    "nit": 1,
    "problem": {
        "W": [
            1,
            1
        ],
        "W_max": 2,
        "A": 56,
        "B": 4,
        "C": 560
    },
    "probability_distribution": {
        "280.0": 0.0135,
        "154.0": 0.027700000000000002,
        "337.0": 0.021199999999999997,
        "155.0": 0.0404,
        "1.0": 0.0112,
        "211.0": 0.027200000000000002,
        "309.0": 0.0156,
        "29.0": 0.0126,
        "113.0": 0.0077,
        "295.0": 0.0346,
        "141.0": 0.0303,
        "15.0": 0.0284,
        "169.0": 0.03609999999999999,
        "71.0": 0.0091,
        "197.0": 0.0123,
        "351.0": 0.0074,
        "56.0": 0.0104,
        "410.0": 0.0145,
        "200.0": 0.0235,
        "18.0": 0.0098,
        "284.0": 0.0137,
        "354.0": 0.0189,
        "74.0": 0.0156,
        "172.0": 0.0148,
        "186.0": 0.006,
        "256.0": 0.012299999999999998,
        "308.0": 0.008199999999999999,
        "394.0": 0.0039,
        "212.0": 0.0145,
        "58.0": 0.0077,
        "310.0": 0.015799999999999998,
        "30.0": 0.0167,
        "156.0": 0.0448,
        "282.0": 0.01,
        "28.0": 0.0092,
        "352.0": 0.01,
        "198.0": 0.0166,
        "72.0": 0.006999999999999999,
        "170.0": 0.0308,
        "296.0": 0.017599999999999998,
        "16.0": 0.022500000000000006,
        "142.0": 0.013000000000000001,
        "210.0": 0.012399999999999998,
        "467.0": 0.0079,
        "257.0": 0.0155,
        "75.0": 0.0174,
        "285.0": 0.0127,
        "355.0": 0.0122,
        "173.0": 0.0116,
        "131.0": 0.0051,
        "201.0": 0.0116,
        "299.0": 0.0040999999999999995,
        "2.0": 0.0074,
        "425.0": 0.009,
        "215.0": 0.030300000000000004,
        "33.0": 0.008,
        "271.0": 0.0119,
        "341.0": 0.0139,
        "61.0": 0.0126,
        "159.0": 0.0129,
        "145.0": 0.0075,
        "313.0": 0.006,
        "392.0": 0.0025,
        "540.0": 0.0038,
        "330.0": 0.0116,
        "148.0": 0.0057,
        "400.0": 0.0059,
        "120.0": 0.0056,
        "218.0": 0.0098,
        "316.0": 0.002
    },
    "probability_distribution_items": [
        [
            280.0,
            0.0135
        ],
        [
            154.0,
            0.027700000000000002
        ],
        [
            337.0,
            0.021199999999999997
        ],
        [
            155.0,
            0.0404
        ],
        [
            1.0,
            0.0112
        ],
        [
            211.0,
            0.027200000000000002
        ],
        [
            309.0,
            0.0156
        ],
        [
            29.0,
            0.0126
        ],
        [
            113.0,
            0.0077
        ],
        [
            295.0,
            0.0346
        ],
        [
            141.0,
            0.0303
        ],
        [
            15.0,
            0.0284
        ],
        [
            169.0,
            0.03609999999999999
        ],
        [
            71.0,
            0.0091
        ],
        [
            197.0,
            0.0123
        ],
        [
            351.0,
            0.0074
        ],
        [
            56.0,
            0.0104
        ],
        [
            410.0,
            0.0145
        ],
        [
            200.0,
            0.0235
        ],
        [
            18.0,
            0.0098
        ],
        [
            284.0,
            0.0137
        ],
        [
            354.0,
            0.0189
        ],
        [
            74.0,
            0.0156
        ],
        [
            172.0,
            0.0148
        ],
        [
            186.0,
            0.006
        ],
        [
            256.0,
            0.012299999999999998
        ],
        [
            308.0,
            0.008199999999999999
        ],
        [
            394.0,
            0.0039
        ],
        [
            212.0,
            0.0145
        ],
        [
            58.0,
            0.0077
        ],
        [
            310.0,
            0.015799999999999998
        ],
        [
            30.0,
            0.0167
        ],
        [
            156.0,
            0.0448
        ],
        [
            282.0,
            0.01
        ],
        [
            28.0,
            0.0092
        ],
        [
            352.0,
            0.01
        ],
        [
            198.0,
            0.0166
        ],
        [
            72.0,
            0.006999999999999999
        ],
        [
            170.0,
            0.0308
        ],
        [
            296.0,
            0.017599999999999998
        ],
        [
            16.0,
            0.022500000000000006
        ],
        [
            142.0,
            0.013000000000000001
        ],
        [
            210.0,
            0.012399999999999998
        ],
        [
            467.0,
            0.0079
        ],
        [
            257.0,
            0.0155
        ],
        [
            75.0,
            0.0174
        ],
        [
            285.0,
            0.0127
        ],
        [
            355.0,
            0.0122
        ],
        [
            173.0,
            0.0116
        ],
        [
            131.0,
            0.0051
        ],
        [
            201.0,
            0.0116
        ],
        [
            299.0,
            0.0040999999999999995
        ],
        [
            2.0,
            0.0074
        ],
        [
            425.0,
            0.009
        ],
        [
            215.0,
            0.030300000000000004
        ],
        [
            33.0,
            0.008
        ],
        [
            271.0,
            0.0119
        ],
        [
            341.0,
            0.0139
        ],
        [
            61.0,
            0.0126
        ],
        [
            159.0,
            0.0129
        ],
        [
            145.0,
            0.0075
        ],
        [
            313.0,
            0.006
        ],
        [
            392.0,
            0.0025
        ],
        [
            540.0,
            0.0038
        ],
        [
            330.0,
            0.0116
        ],
        [
            148.0,
            0.0057
        ],
        [
            400.0,
            0.0059
        ],
        [
            120.0,
            0.0056
        ],
        [
            218.0,
            0.0098
        ],
        [
            316.0,
            0.002
        ]
    ],
    "approximation_ratio": 0.6386567717996289,
    "noise": true,
    "p": 6
}