{
    "expected_value": 25.326607316446093,
    "optimal_gammas": [
        2.069411836879935
    ],
    "optimal_betas": [
        0.3955936517393131
    ],
    "problem_identifier": "{'W': [1, 1], 'W_max': 2, 'A': 24, 'B': 4, 'C': 48}",
    "now": "2021-05-05 11:30:33",
    "execution_time": "0:08:18.776711",
    "nfev": 1488,
    "message": "Optimization terminated successfully.",
    "success": true,
    "nit": 47,
    "problem": {
        "W": [
            1,
            1
        ],
        "W_max": 2,
        "A": 24,
        "B": 4,
        "C": 48
    },
    "optimal_cost": 1.0,
    "probability_distribution": {
        "24.0": 0.059320951082306936,
        "18.0": 0.027086950796732175,
        "36.0": 0.0027244016637642354,
        "12.0": 0.002220924973946302,
        "42.0": 0.004079625101718874,
        "72.0": 0.001159522314810493,
        "49.0": 0.03788617025124873,
        "19.0": 0.071351913728283,
        "1.0": 0.04921712702423239,
        "43.0": 0.015427581324293503,
        "37.0": 0.016274850919773785,
        "13.0": 0.0624800905846154,
        "31.0": 0.04001743333868707,
        "7.0": 0.057530345628543256,
        "25.0": 0.02571507778253438,
        "55.0": 0.007246042542597845,
        "82.0": 0.0011412278218794272,
        "40.0": 0.020527698721994704,
        "10.0": 0.08134064592985105,
        "76.0": 0.00038656784180065174,
        "58.0": 0.023636613668733722,
        "34.0": 0.004116063137892246,
        "28.0": 0.033555517245782034,
        "64.0": 0.006062008278426953,
        "74.0": 0.000918472423480921,
        "44.0": 0.0017506758429939328,
        "26.0": 0.0640114372619098,
        "38.0": 0.023112793260806,
        "14.0": 0.04267223329848346,
        "20.0": 0.019260794329472482,
        "56.0": 0.007693128218757135,
        "32.0": 0.09156321580096272,
        "8.0": 0.026486341913132046,
        "107.0": 0.001311223196525882,
        "65.0": 0.003463794089635909,
        "35.0": 0.01488357265534985,
        "77.0": 0.0020702895467475772,
        "59.0": 0.0031704317356998288,
        "29.0": 0.00910914332405117,
        "41.0": 0.016651271972850684,
        "2.0": 0.0008551168738987465,
        "89.0": 0.0013112231965258837,
        "47.0": 0.003964280324866967,
        "17.0": 2.1102118385878e-05,
        "71.0": 0.002070289546747578,
        "53.0": 0.000732492142004736,
        "23.0": 0.007959518931011735,
        "140.0": 0.00032518182929891336,
        "98.0": 0.0005868711966235227,
        "68.0": 0.0015410265624578646,
        "80.0": 0.00039163240340449866,
        "50.0": 0.001607094299463849
    },
    "probability_distribution_items": [
        [
            24.0,
            0.059320951082306936
        ],
        [
            18.0,
            0.027086950796732175
        ],
        [
            36.0,
            0.0027244016637642354
        ],
        [
            12.0,
            0.002220924973946302
        ],
        [
            42.0,
            0.004079625101718874
        ],
        [
            72.0,
            0.001159522314810493
        ],
        [
            49.0,
            0.03788617025124873
        ],
        [
            19.0,
            0.071351913728283
        ],
        [
            1.0,
            0.04921712702423239
        ],
        [
            43.0,
            0.015427581324293503
        ],
        [
            37.0,
            0.016274850919773785
        ],
        [
            13.0,
            0.0624800905846154
        ],
        [
            31.0,
            0.04001743333868707
        ],
        [
            7.0,
            0.057530345628543256
        ],
        [
            25.0,
            0.02571507778253438
        ],
        [
            55.0,
            0.007246042542597845
        ],
        [
            82.0,
            0.0011412278218794272
        ],
        [
            40.0,
            0.020527698721994704
        ],
        [
            10.0,
            0.08134064592985105
        ],
        [
            76.0,
            0.00038656784180065174
        ],
        [
            58.0,
            0.023636613668733722
        ],
        [
            34.0,
            0.004116063137892246
        ],
        [
            28.0,
            0.033555517245782034
        ],
        [
            64.0,
            0.006062008278426953
        ],
        [
            74.0,
            0.000918472423480921
        ],
        [
            44.0,
            0.0017506758429939328
        ],
        [
            26.0,
            0.0640114372619098
        ],
        [
            38.0,
            0.023112793260806
        ],
        [
            14.0,
            0.04267223329848346
        ],
        [
            20.0,
            0.019260794329472482
        ],
        [
            56.0,
            0.007693128218757135
        ],
        [
            32.0,
            0.09156321580096272
        ],
        [
            8.0,
            0.026486341913132046
        ],
        [
            107.0,
            0.001311223196525882
        ],
        [
            65.0,
            0.003463794089635909
        ],
        [
            35.0,
            0.01488357265534985
        ],
        [
            77.0,
            0.0020702895467475772
        ],
        [
            59.0,
            0.0031704317356998288
        ],
        [
            29.0,
            0.00910914332405117
        ],
        [
            41.0,
            0.016651271972850684
        ],
        [
            2.0,
            0.0008551168738987465
        ],
        [
            89.0,
            0.0013112231965258837
        ],
        [
            47.0,
            0.003964280324866967
        ],
        [
            17.0,
            2.1102118385878e-05
        ],
        [
            71.0,
            0.002070289546747578
        ],
        [
            53.0,
            0.000732492142004736
        ],
        [
            23.0,
            0.007959518931011735
        ],
        [
            140.0,
            0.00032518182929891336
        ],
        [
            98.0,
            0.0005868711966235227
        ],
        [
            68.0,
            0.0015410265624578646
        ],
        [
            80.0,
            0.00039163240340449866
        ],
        [
            50.0,
            0.001607094299463849
        ]
    ],
    "approximation_ratio": 25.32660731644604,
    "approximation_ratio_offset": 0.8249884365723307,
    "noise": false,
    "p": 1
}