{
    "expected_value": 11.08407767277355,
    "optimal_gammas": [
        3.184541720886124
    ],
    "optimal_betas": [
        2.8320757910405256
    ],
    "problem_identifier": "{'W': [1, 1], 'W_max': 2, 'A': 8, 'B': 4, 'C': 16}",
    "now": "2021-05-05 11:27:47",
    "execution_time": "0:08:39.670575",
    "nfev": 1653,
    "message": "Optimization terminated successfully.",
    "success": true,
    "nit": 53,
    "problem": {
        "W": [
            1,
            1
        ],
        "W_max": 2,
        "A": 8,
        "B": 4,
        "C": 16
    },
    "probability_distribution": {
        "8.0": 0.04120355675559587,
        "6.0": 0.08088036280595769,
        "12.0": 0.17078775832984175,
        "4.0": 0.046227284535214984,
        "14.0": 0.046338710529860286,
        "24.0": 0.013370830652003946,
        "17.0": 0.04709539365056922,
        "7.0": 0.060714552952291244,
        "1.0": 0.00823988944561278,
        "15.0": 0.04938802592407356,
        "13.0": 0.07486248074427053,
        "5.0": 0.04366950819961174,
        "11.0": 0.054908817996408926,
        "3.0": 0.0415083061312015,
        "9.0": 0.05463692059350484,
        "19.0": 0.022138308819608845,
        "30.0": 0.0015010977640006746,
        "16.0": 0.0046448068149200755,
        "28.0": 0.0035003926343028704,
        "22.0": 0.043236886408428196,
        "26.0": 2.444639243161076e-05,
        "10.0": 0.07009863582173868,
        "20.0": 0.004255533163214056,
        "39.0": 5.757043754802508e-05,
        "25.0": 0.0013728187042483298,
        "29.0": 0.0010730128413329798,
        "23.0": 0.004739939166327485,
        "2.0": 0.0045420806371403635,
        "33.0": 5.757043754802514e-05,
        "27.0": 0.001073012841332979,
        "21.0": 0.0035209396520941077,
        "52.0": 2.8941042387969426e-05,
        "38.0": 0.00016318975498129395,
        "32.0": 0.00013841742039411568
    },
    "probability_distribution_items": [
        [
            8.0,
            0.04120355675559587
        ],
        [
            6.0,
            0.08088036280595769
        ],
        [
            12.0,
            0.17078775832984175
        ],
        [
            4.0,
            0.046227284535214984
        ],
        [
            14.0,
            0.046338710529860286
        ],
        [
            24.0,
            0.013370830652003946
        ],
        [
            17.0,
            0.04709539365056922
        ],
        [
            7.0,
            0.060714552952291244
        ],
        [
            1.0,
            0.00823988944561278
        ],
        [
            15.0,
            0.04938802592407356
        ],
        [
            13.0,
            0.07486248074427053
        ],
        [
            5.0,
            0.04366950819961174
        ],
        [
            11.0,
            0.054908817996408926
        ],
        [
            3.0,
            0.0415083061312015
        ],
        [
            9.0,
            0.05463692059350484
        ],
        [
            19.0,
            0.022138308819608845
        ],
        [
            30.0,
            0.0015010977640006746
        ],
        [
            16.0,
            0.0046448068149200755
        ],
        [
            28.0,
            0.0035003926343028704
        ],
        [
            22.0,
            0.043236886408428196
        ],
        [
            26.0,
            2.444639243161076e-05
        ],
        [
            10.0,
            0.07009863582173868
        ],
        [
            20.0,
            0.004255533163214056
        ],
        [
            39.0,
            5.757043754802508e-05
        ],
        [
            25.0,
            0.0013728187042483298
        ],
        [
            29.0,
            0.0010730128413329798
        ],
        [
            23.0,
            0.004739939166327485
        ],
        [
            2.0,
            0.0045420806371403635
        ],
        [
            33.0,
            5.757043754802514e-05
        ],
        [
            27.0,
            0.001073012841332979
        ],
        [
            21.0,
            0.0035209396520941077
        ],
        [
            52.0,
            2.8941042387969426e-05
        ],
        [
            38.0,
            0.00016318975498129395
        ],
        [
            32.0,
            0.00013841742039411568
        ]
    ],
    "approximation_ratio": 0.802272986808362,
    "noise": false,
    "p": 1
}