{
    "expected_value": 176.9604,
    "optimal_gammas": [
        1.5643178723009539,
        0.1039320251692355,
        1.7955044569735945,
        1.7217913197151016,
        1.9514404138787416
    ],
    "optimal_betas": [
        0.5283032665968228,
        1.0382051380855883,
        1.3549640333148436,
        0.6296102418403784,
        0.058965770193944333
    ],
    "problem_identifier": "{'W': [1, 1], 'W_max': 2, 'A': 24, 'B': 4, 'C': 624}",
    "now": "2021-05-04 18:25:45",
    "execution_time": "0:09:48.049138",
    "nfev": 531,
    "message": "Optimization terminated successfully.",
    "success": true,
    "nit": 1,
    "problem": {
        "W": [
            1,
            1
        ],
        "W_max": 2,
        "A": 24,
        "B": 4,
        "C": 624
    },
    "optimal_cost": 1.0,
    "probability_distribution": {
        "312.0": 0.0057,
        "162.0": 0.0264,
        "337.0": 0.0152,
        "163.0": 0.034,
        "1.0": 0.0063,
        "187.0": 0.03270000000000001,
        "325.0": 0.0183,
        "13.0": 0.020999999999999998,
        "49.0": 0.0065,
        "319.0": 0.027299999999999998,
        "157.0": 0.0188,
        "7.0": 0.0281,
        "169.0": 0.0354,
        "31.0": 0.0089,
        "181.0": 0.013999999999999999,
        "343.0": 0.0055,
        "24.0": 0.0106,
        "370.0": 0.010700000000000001,
        "184.0": 0.0191,
        "10.0": 0.0078,
        "220.0": 0.018099999999999998,
        "346.0": 0.022000000000000002,
        "34.0": 0.0197,
        "172.0": 0.0148,
        "82.0": 0.0095,
        "208.0": 0.0129,
        "324.0": 0.0109,
        "362.0": 0.0037,
        "188.0": 0.0165,
        "26.0": 0.0074,
        "326.0": 0.015799999999999998,
        "14.0": 0.0145,
        "164.0": 0.041800000000000004,
        "314.0": 0.011,
        "12.0": 0.0151,
        "344.0": 0.008199999999999999,
        "182.0": 0.0159,
        "32.0": 0.0072,
        "170.0": 0.0298,
        "320.0": 0.0179,
        "8.0": 0.021700000000000004,
        "158.0": 0.0113,
        "186.0": 0.0158,
        "395.0": 0.0077,
        "209.0": 0.016999999999999998,
        "35.0": 0.0201,
        "221.0": 0.0155,
        "347.0": 0.015399999999999999,
        "173.0": 0.0109,
        "59.0": 0.0073,
        "185.0": 0.013900000000000001,
        "323.0": 0.0039,
        "2.0": 0.007,
        "377.0": 0.007899999999999999,
        "191.0": 0.0262,
        "17.0": 0.0063,
        "215.0": 0.0167,
        "341.0": 0.015,
        "29.0": 0.0161,
        "167.0": 0.011,
        "65.0": 0.0069,
        "329.0": 0.0041,
        "360.0": 0.003,
        "428.0": 0.0033,
        "242.0": 0.0167,
        "68.0": 0.0055,
        "368.0": 0.0060999999999999995,
        "56.0": 0.0095,
        "194.0": 0.0117,
        "332.0": 0.0015
    },
    "probability_distribution_items": [
        [
            312.0,
            0.0057
        ],
        [
            162.0,
            0.0264
        ],
        [
            337.0,
            0.0152
        ],
        [
            163.0,
            0.034
        ],
        [
            1.0,
            0.0063
        ],
        [
            187.0,
            0.03270000000000001
        ],
        [
            325.0,
            0.0183
        ],
        [
            13.0,
            0.020999999999999998
        ],
        [
            49.0,
            0.0065
        ],
        [
            319.0,
            0.027299999999999998
        ],
        [
            157.0,
            0.0188
        ],
        [
            7.0,
            0.0281
        ],
        [
            169.0,
            0.0354
        ],
        [
            31.0,
            0.0089
        ],
        [
            181.0,
            0.013999999999999999
        ],
        [
            343.0,
            0.0055
        ],
        [
            24.0,
            0.0106
        ],
        [
            370.0,
            0.010700000000000001
        ],
        [
            184.0,
            0.0191
        ],
        [
            10.0,
            0.0078
        ],
        [
            220.0,
            0.018099999999999998
        ],
        [
            346.0,
            0.022000000000000002
        ],
        [
            34.0,
            0.0197
        ],
        [
            172.0,
            0.0148
        ],
        [
            82.0,
            0.0095
        ],
        [
            208.0,
            0.0129
        ],
        [
            324.0,
            0.0109
        ],
        [
            362.0,
            0.0037
        ],
        [
            188.0,
            0.0165
        ],
        [
            26.0,
            0.0074
        ],
        [
            326.0,
            0.015799999999999998
        ],
        [
            14.0,
            0.0145
        ],
        [
            164.0,
            0.041800000000000004
        ],
        [
            314.0,
            0.011
        ],
        [
            12.0,
            0.0151
        ],
        [
            344.0,
            0.008199999999999999
        ],
        [
            182.0,
            0.0159
        ],
        [
            32.0,
            0.0072
        ],
        [
            170.0,
            0.0298
        ],
        [
            320.0,
            0.0179
        ],
        [
            8.0,
            0.021700000000000004
        ],
        [
            158.0,
            0.0113
        ],
        [
            186.0,
            0.0158
        ],
        [
            395.0,
            0.0077
        ],
        [
            209.0,
            0.016999999999999998
        ],
        [
            35.0,
            0.0201
        ],
        [
            221.0,
            0.0155
        ],
        [
            347.0,
            0.015399999999999999
        ],
        [
            173.0,
            0.0109
        ],
        [
            59.0,
            0.0073
        ],
        [
            185.0,
            0.013900000000000001
        ],
        [
            323.0,
            0.0039
        ],
        [
            2.0,
            0.007
        ],
        [
            377.0,
            0.007899999999999999
        ],
        [
            191.0,
            0.0262
        ],
        [
            17.0,
            0.0063
        ],
        [
            215.0,
            0.0167
        ],
        [
            341.0,
            0.015
        ],
        [
            29.0,
            0.0161
        ],
        [
            167.0,
            0.011
        ],
        [
            65.0,
            0.0069
        ],
        [
            329.0,
            0.0041
        ],
        [
            360.0,
            0.003
        ],
        [
            428.0,
            0.0033
        ],
        [
            242.0,
            0.0167
        ],
        [
            68.0,
            0.0055
        ],
        [
            368.0,
            0.0060999999999999995
        ],
        [
            56.0,
            0.0095
        ],
        [
            194.0,
            0.0117
        ],
        [
            332.0,
            0.0015
        ]
    ],
    "approximation_ratio": 179.2546,
    "approximation_ratio_offset": 0.5825419203747072,
    "noise": true,
    "p": 5
}