{
    "expected_value": 59.6274,
    "optimal_gammas": [
        1.4767441076873327
    ],
    "optimal_betas": [
        2.74822477731201
    ],
    "problem_identifier": "{'W': [1, 1], 'W_max': 2, 'A': 8, 'B': 4, 'C': 208}",
    "now": "2021-05-04 17:49:45",
    "execution_time": "0:04:05.575756",
    "nfev": 555,
    "message": "Optimization terminated successfully.",
    "success": true,
    "nit": 15,
    "problem": {
        "W": [
            1,
            1
        ],
        "W_max": 2,
        "A": 8,
        "B": 4,
        "C": 208
    },
    "probability_distribution": {
        "104.0": 0.011,
        "54.0": 0.0321,
        "113.0": 0.0109,
        "55.0": 0.048299999999999996,
        "1.0": 0.0043,
        "63.0": 0.0203,
        "109.0": 0.026600000000000002,
        "5.0": 0.0258,
        "17.0": 0.0023,
        "107.0": 0.0345,
        "53.0": 0.0426,
        "3.0": 0.0302,
        "57.0": 0.0125,
        "11.0": 0.0022,
        "61.0": 0.0395,
        "115.0": 0.0013000000000000002,
        "8.0": 0.0075,
        "126.0": 0.0075,
        "64.0": 0.043800000000000006,
        "6.0": 0.0361,
        "76.0": 0.0116,
        "118.0": 0.0235,
        "14.0": 0.0276,
        "60.0": 0.027200000000000002,
        "30.0": 0.0027,
        "72.0": 0.009,
        "108.0": 0.0676,
        "122.0": 0.0006,
        "10.0": 0.0006000000000000001,
        "110.0": 0.0159,
        "56.0": 0.016300000000000002,
        "106.0": 0.013399999999999999,
        "4.0": 0.0691,
        "116.0": 0.0073,
        "62.0": 0.025900000000000003,
        "12.0": 0.0018,
        "58.0": 0.029400000000000003,
        "135.0": 0.0021000000000000003,
        "73.0": 0.006,
        "15.0": 0.024900000000000002,
        "77.0": 0.0146,
        "119.0": 0.0196,
        "23.0": 0.0016,
        "65.0": 0.004200000000000001,
        "111.0": 0.0039,
        "2.0": 0.0109,
        "129.0": 0.0019,
        "67.0": 0.009499999999999998,
        "9.0": 0.0038,
        "75.0": 0.012499999999999999,
        "117.0": 0.0198,
        "13.0": 0.0185,
        "59.0": 0.029400000000000003,
        "25.0": 0.0013,
        "120.0": 0.0012,
        "148.0": 0.0012,
        "86.0": 0.0047,
        "28.0": 0.0038,
        "128.0": 0.0034000000000000002,
        "24.0": 0.0017000000000000001,
        "70.0": 0.010700000000000001
    },
    "probability_distribution_items": [
        [
            104.0,
            0.011
        ],
        [
            54.0,
            0.0321
        ],
        [
            113.0,
            0.0109
        ],
        [
            55.0,
            0.048299999999999996
        ],
        [
            1.0,
            0.0043
        ],
        [
            63.0,
            0.0203
        ],
        [
            109.0,
            0.026600000000000002
        ],
        [
            5.0,
            0.0258
        ],
        [
            17.0,
            0.0023
        ],
        [
            107.0,
            0.0345
        ],
        [
            53.0,
            0.0426
        ],
        [
            3.0,
            0.0302
        ],
        [
            57.0,
            0.0125
        ],
        [
            11.0,
            0.0022
        ],
        [
            61.0,
            0.0395
        ],
        [
            115.0,
            0.0013000000000000002
        ],
        [
            8.0,
            0.0075
        ],
        [
            126.0,
            0.0075
        ],
        [
            64.0,
            0.043800000000000006
        ],
        [
            6.0,
            0.0361
        ],
        [
            76.0,
            0.0116
        ],
        [
            118.0,
            0.0235
        ],
        [
            14.0,
            0.0276
        ],
        [
            60.0,
            0.027200000000000002
        ],
        [
            30.0,
            0.0027
        ],
        [
            72.0,
            0.009
        ],
        [
            108.0,
            0.0676
        ],
        [
            122.0,
            0.0006
        ],
        [
            10.0,
            0.0006000000000000001
        ],
        [
            110.0,
            0.0159
        ],
        [
            56.0,
            0.016300000000000002
        ],
        [
            106.0,
            0.013399999999999999
        ],
        [
            4.0,
            0.0691
        ],
        [
            116.0,
            0.0073
        ],
        [
            62.0,
            0.025900000000000003
        ],
        [
            12.0,
            0.0018
        ],
        [
            58.0,
            0.029400000000000003
        ],
        [
            135.0,
            0.0021000000000000003
        ],
        [
            73.0,
            0.006
        ],
        [
            15.0,
            0.024900000000000002
        ],
        [
            77.0,
            0.0146
        ],
        [
            119.0,
            0.0196
        ],
        [
            23.0,
            0.0016
        ],
        [
            65.0,
            0.004200000000000001
        ],
        [
            111.0,
            0.0039
        ],
        [
            2.0,
            0.0109
        ],
        [
            129.0,
            0.0019
        ],
        [
            67.0,
            0.009499999999999998
        ],
        [
            9.0,
            0.0038
        ],
        [
            75.0,
            0.012499999999999999
        ],
        [
            117.0,
            0.0198
        ],
        [
            13.0,
            0.0185
        ],
        [
            59.0,
            0.029400000000000003
        ],
        [
            25.0,
            0.0013
        ],
        [
            120.0,
            0.0012
        ],
        [
            148.0,
            0.0012
        ],
        [
            86.0,
            0.0047
        ],
        [
            28.0,
            0.0038
        ],
        [
            128.0,
            0.0034000000000000002
        ],
        [
            24.0,
            0.0017000000000000001
        ],
        [
            70.0,
            0.010700000000000001
        ]
    ],
    "approximation_ratio": 0.590778231292517,
    "noise": true,
    "p": 1
}