{
    "expected_value": 59.569550957986706,
    "optimal_gammas": [
        4.5917098228075295
    ],
    "optimal_betas": [
        0.32056817287257117
    ],
    "problem_identifier": "{'W': [1, 1], 'W_max': 2, 'A': 8, 'B': 4, 'C': 208}",
    "now": "2021-05-05 11:10:47",
    "execution_time": "0:01:23.086447",
    "nfev": 408,
    "message": "Optimization terminated successfully.",
    "success": true,
    "nit": 11,
    "problem": {
        "W": [
            1,
            1
        ],
        "W_max": 2,
        "A": 8,
        "B": 4,
        "C": 208
    },
    "probability_distribution": {
        "104.0": 0.03876127683892807,
        "54.0": 0.05646881657135622,
        "8.0": 0.0200204871760743,
        "108.0": 0.058981138491353564,
        "4.0": 0.05330300103017314,
        "62.0": 0.013062876096650251,
        "120.0": 0.002591153314242638,
        "113.0": 0.005030778373625389,
        "55.0": 0.09126269043849371,
        "1.0": 0.00743377822729079,
        "63.0": 0.022550744022261246,
        "109.0": 0.025353960960024492,
        "5.0": 0.02814759874655185,
        "17.0": 0.00010951896202600688,
        "107.0": 0.025785607670288768,
        "53.0": 0.08664928960140215,
        "3.0": 0.035581376973842636,
        "57.0": 0.0048755789149032116,
        "11.0": 0.00010951896202600708,
        "61.0": 0.054295076393679524,
        "115.0": 0.0019289357037245126,
        "126.0": 0.018887046522916392,
        "64.0": 0.012107425703361499,
        "6.0": 0.05182092764927001,
        "76.0": 0.011553965851590985,
        "118.0": 0.010532981301633156,
        "14.0": 0.0037728202608736227,
        "60.0": 0.017449225215776666,
        "30.0": 0.004861275626219886,
        "72.0": 0.002968644672382138,
        "122.0": 1.1100197292499125e-06,
        "10.0": 4.29544050933526e-05,
        "110.0": 0.02596834300553046,
        "56.0": 0.017238025275246698,
        "106.0": 0.025967232985801218,
        "116.0": 0.005283108609804374,
        "12.0": 3.7171124103282034e-05,
        "58.0": 0.008566601799070197,
        "135.0": 0.00010851501266665478,
        "73.0": 7.189062839660425e-05,
        "15.0": 0.006372844614303426,
        "77.0": 0.021150464263581036,
        "119.0": 0.006987768140604723,
        "23.0": 0.0017805852541567867,
        "65.0": 0.001079751244652166,
        "111.0": 0.0026701959596366104,
        "2.0": 0.023469670798557232,
        "129.0": 0.00010851501266665505,
        "67.0": 0.001151641873048771,
        "9.0": 0.00016742774200053338,
        "75.0": 0.02115046426358103,
        "117.0": 0.006987768140604722,
        "13.0": 0.006205416872302893,
        "59.0": 0.03200651044922993,
        "25.0": 0.0017805852541567854,
        "148.0": 0.0022860566150968453,
        "86.0": 0.0028517989748762566,
        "28.0": 0.006954514652349864,
        "128.0": 0.0005137047716960859,
        "24.0": 0.00040195371962155937,
        "70.0": 0.004379892244892027
    },
    "probability_distribution_items": [
        [
            104.0,
            0.03876127683892807
        ],
        [
            54.0,
            0.05646881657135622
        ],
        [
            8.0,
            0.0200204871760743
        ],
        [
            108.0,
            0.058981138491353564
        ],
        [
            4.0,
            0.05330300103017314
        ],
        [
            62.0,
            0.013062876096650251
        ],
        [
            120.0,
            0.002591153314242638
        ],
        [
            113.0,
            0.005030778373625389
        ],
        [
            55.0,
            0.09126269043849371
        ],
        [
            1.0,
            0.00743377822729079
        ],
        [
            63.0,
            0.022550744022261246
        ],
        [
            109.0,
            0.025353960960024492
        ],
        [
            5.0,
            0.02814759874655185
        ],
        [
            17.0,
            0.00010951896202600688
        ],
        [
            107.0,
            0.025785607670288768
        ],
        [
            53.0,
            0.08664928960140215
        ],
        [
            3.0,
            0.035581376973842636
        ],
        [
            57.0,
            0.0048755789149032116
        ],
        [
            11.0,
            0.00010951896202600708
        ],
        [
            61.0,
            0.054295076393679524
        ],
        [
            115.0,
            0.0019289357037245126
        ],
        [
            126.0,
            0.018887046522916392
        ],
        [
            64.0,
            0.012107425703361499
        ],
        [
            6.0,
            0.05182092764927001
        ],
        [
            76.0,
            0.011553965851590985
        ],
        [
            118.0,
            0.010532981301633156
        ],
        [
            14.0,
            0.0037728202608736227
        ],
        [
            60.0,
            0.017449225215776666
        ],
        [
            30.0,
            0.004861275626219886
        ],
        [
            72.0,
            0.002968644672382138
        ],
        [
            122.0,
            1.1100197292499125e-06
        ],
        [
            10.0,
            4.29544050933526e-05
        ],
        [
            110.0,
            0.02596834300553046
        ],
        [
            56.0,
            0.017238025275246698
        ],
        [
            106.0,
            0.025967232985801218
        ],
        [
            116.0,
            0.005283108609804374
        ],
        [
            12.0,
            3.7171124103282034e-05
        ],
        [
            58.0,
            0.008566601799070197
        ],
        [
            135.0,
            0.00010851501266665478
        ],
        [
            73.0,
            7.189062839660425e-05
        ],
        [
            15.0,
            0.006372844614303426
        ],
        [
            77.0,
            0.021150464263581036
        ],
        [
            119.0,
            0.006987768140604723
        ],
        [
            23.0,
            0.0017805852541567867
        ],
        [
            65.0,
            0.001079751244652166
        ],
        [
            111.0,
            0.0026701959596366104
        ],
        [
            2.0,
            0.023469670798557232
        ],
        [
            129.0,
            0.00010851501266665505
        ],
        [
            67.0,
            0.001151641873048771
        ],
        [
            9.0,
            0.00016742774200053338
        ],
        [
            75.0,
            0.02115046426358103
        ],
        [
            117.0,
            0.006987768140604722
        ],
        [
            13.0,
            0.006205416872302893
        ],
        [
            59.0,
            0.03200651044922993
        ],
        [
            25.0,
            0.0017805852541567854
        ],
        [
            148.0,
            0.0022860566150968453
        ],
        [
            86.0,
            0.0028517989748762566
        ],
        [
            28.0,
            0.006954514652349864
        ],
        [
            128.0,
            0.0005137047716960859
        ],
        [
            24.0,
            0.00040195371962155937
        ],
        [
            70.0,
            0.004379892244892027
        ]
    ],
    "approximation_ratio": 0.6015676805579133,
    "noise": false,
    "p": 1
}