{
    "expected_value": 175.9067,
    "optimal_gammas": [
        3.1632155437176235,
        5.504886980674837,
        5.37125544472565,
        6.210469672766678,
        1.0387169000075314
    ],
    "optimal_betas": [
        3.0932968031262895,
        1.2478891411806354,
        2.642139976699865,
        2.1584607979409793,
        2.067908803308632
    ],
    "problem_identifier": "{'W': [1, 1], 'W_max': 2, 'A': 24, 'B': 4, 'C': 624}",
    "now": "2021-05-04 17:40:39",
    "execution_time": "0:18:33.549901",
    "nfev": 1033,
    "message": "Optimization terminated successfully.",
    "success": true,
    "nit": 2,
    "problem": {
        "W": [
            1,
            1
        ],
        "W_max": 2,
        "A": 24,
        "B": 4,
        "C": 624
    },
    "optimal_cost": 1.0,
    "probability_distribution": {
        "312.0": 0.0035,
        "162.0": 0.015899999999999997,
        "337.0": 0.0161,
        "163.0": 0.034899999999999994,
        "1.0": 0.010499999999999999,
        "187.0": 0.0299,
        "325.0": 0.0132,
        "13.0": 0.0143,
        "49.0": 0.0067,
        "319.0": 0.0225,
        "157.0": 0.014700000000000001,
        "7.0": 0.026099999999999998,
        "169.0": 0.0338,
        "31.0": 0.0077,
        "181.0": 0.013500000000000002,
        "343.0": 0.009899999999999999,
        "24.0": 0.0073,
        "370.0": 0.0085,
        "184.0": 0.0189,
        "10.0": 0.0098,
        "220.0": 0.0167,
        "346.0": 0.026799999999999997,
        "34.0": 0.018000000000000002,
        "172.0": 0.0207,
        "82.0": 0.0070999999999999995,
        "208.0": 0.018,
        "324.0": 0.009,
        "362.0": 0.0039,
        "188.0": 0.011199999999999998,
        "26.0": 0.009,
        "326.0": 0.014599999999999998,
        "14.0": 0.0155,
        "164.0": 0.0453,
        "314.0": 0.0114,
        "12.0": 0.0066,
        "344.0": 0.0091,
        "182.0": 0.014599999999999998,
        "32.0": 0.011300000000000001,
        "170.0": 0.035199999999999995,
        "320.0": 0.0259,
        "8.0": 0.0247,
        "158.0": 0.02,
        "186.0": 0.015099999999999999,
        "395.0": 0.006,
        "209.0": 0.0126,
        "35.0": 0.0237,
        "221.0": 0.012499999999999999,
        "347.0": 0.0116,
        "173.0": 0.016399999999999998,
        "59.0": 0.0066,
        "185.0": 0.0176,
        "323.0": 0.0102,
        "2.0": 0.0073,
        "377.0": 0.0060999999999999995,
        "191.0": 0.027499999999999997,
        "17.0": 0.009600000000000001,
        "215.0": 0.012,
        "341.0": 0.0142,
        "29.0": 0.0133,
        "167.0": 0.0169,
        "65.0": 0.0078000000000000005,
        "329.0": 0.009399999999999999,
        "360.0": 0.0027,
        "428.0": 0.0014,
        "242.0": 0.012199999999999999,
        "68.0": 0.0065,
        "368.0": 0.004999999999999999,
        "56.0": 0.0073,
        "194.0": 0.012400000000000001,
        "332.0": 0.0038
    },
    "probability_distribution_items": [
        [
            312.0,
            0.0035
        ],
        [
            162.0,
            0.015899999999999997
        ],
        [
            337.0,
            0.0161
        ],
        [
            163.0,
            0.034899999999999994
        ],
        [
            1.0,
            0.010499999999999999
        ],
        [
            187.0,
            0.0299
        ],
        [
            325.0,
            0.0132
        ],
        [
            13.0,
            0.0143
        ],
        [
            49.0,
            0.0067
        ],
        [
            319.0,
            0.0225
        ],
        [
            157.0,
            0.014700000000000001
        ],
        [
            7.0,
            0.026099999999999998
        ],
        [
            169.0,
            0.0338
        ],
        [
            31.0,
            0.0077
        ],
        [
            181.0,
            0.013500000000000002
        ],
        [
            343.0,
            0.009899999999999999
        ],
        [
            24.0,
            0.0073
        ],
        [
            370.0,
            0.0085
        ],
        [
            184.0,
            0.0189
        ],
        [
            10.0,
            0.0098
        ],
        [
            220.0,
            0.0167
        ],
        [
            346.0,
            0.026799999999999997
        ],
        [
            34.0,
            0.018000000000000002
        ],
        [
            172.0,
            0.0207
        ],
        [
            82.0,
            0.0070999999999999995
        ],
        [
            208.0,
            0.018
        ],
        [
            324.0,
            0.009
        ],
        [
            362.0,
            0.0039
        ],
        [
            188.0,
            0.011199999999999998
        ],
        [
            26.0,
            0.009
        ],
        [
            326.0,
            0.014599999999999998
        ],
        [
            14.0,
            0.0155
        ],
        [
            164.0,
            0.0453
        ],
        [
            314.0,
            0.0114
        ],
        [
            12.0,
            0.0066
        ],
        [
            344.0,
            0.0091
        ],
        [
            182.0,
            0.014599999999999998
        ],
        [
            32.0,
            0.011300000000000001
        ],
        [
            170.0,
            0.035199999999999995
        ],
        [
            320.0,
            0.0259
        ],
        [
            8.0,
            0.0247
        ],
        [
            158.0,
            0.02
        ],
        [
            186.0,
            0.015099999999999999
        ],
        [
            395.0,
            0.006
        ],
        [
            209.0,
            0.0126
        ],
        [
            35.0,
            0.0237
        ],
        [
            221.0,
            0.012499999999999999
        ],
        [
            347.0,
            0.0116
        ],
        [
            173.0,
            0.016399999999999998
        ],
        [
            59.0,
            0.0066
        ],
        [
            185.0,
            0.0176
        ],
        [
            323.0,
            0.0102
        ],
        [
            2.0,
            0.0073
        ],
        [
            377.0,
            0.0060999999999999995
        ],
        [
            191.0,
            0.027499999999999997
        ],
        [
            17.0,
            0.009600000000000001
        ],
        [
            215.0,
            0.012
        ],
        [
            341.0,
            0.0142
        ],
        [
            29.0,
            0.0133
        ],
        [
            167.0,
            0.0169
        ],
        [
            65.0,
            0.0078000000000000005
        ],
        [
            329.0,
            0.009399999999999999
        ],
        [
            360.0,
            0.0027
        ],
        [
            428.0,
            0.0014
        ],
        [
            242.0,
            0.012199999999999999
        ],
        [
            68.0,
            0.0065
        ],
        [
            368.0,
            0.004999999999999999
        ],
        [
            56.0,
            0.0073
        ],
        [
            194.0,
            0.012400000000000001
        ],
        [
            332.0,
            0.0038
        ]
    ],
    "approximation_ratio": 178.346,
    "approximation_ratio_offset": 0.5846697892271663,
    "noise": true,
    "p": 5
}