{
    "expected_value": 217.8079,
    "optimal_gammas": [
        1.1932475549105088,
        2.056996173714887,
        6.257047516216749,
        1.5891030699651045,
        4.41503852474459,
        3.055262019699425
    ],
    "optimal_betas": [
        2.252709622122361,
        1.732857229455613,
        3.1286393374112604,
        2.904160801269127,
        1.0586698664734828,
        2.440232014107282
    ],
    "problem_identifier": "{'W': [1, 1], 'W_max': 2, 'A': 40, 'B': 4, 'C': 720}",
    "now": "2021-05-04 18:49:58",
    "execution_time": "0:17:26.054559",
    "nfev": 685,
    "message": "Optimization terminated successfully.",
    "success": true,
    "nit": 1,
    "problem": {
        "W": [
            1,
            1
        ],
        "W_max": 2,
        "A": 40,
        "B": 4,
        "C": 720
    },
    "probability_distribution": {
        "360.0": 0.0036,
        "190.0": 0.015099999999999999,
        "401.0": 0.016300000000000002,
        "191.0": 0.0335,
        "1.0": 0.0066,
        "231.0": 0.0358,
        "381.0": 0.0149,
        "21.0": 0.0148,
        "81.0": 0.0060999999999999995,
        "371.0": 0.023200000000000002,
        "181.0": 0.012799999999999999,
        "11.0": 0.023100000000000002,
        "201.0": 0.0318,
        "51.0": 0.007,
        "221.0": 0.0159,
        "411.0": 0.0072,
        "40.0": 0.008,
        "454.0": 0.0077,
        "224.0": 0.015300000000000001,
        "14.0": 0.008,
        "284.0": 0.0156,
        "414.0": 0.0256,
        "54.0": 0.019299999999999998,
        "204.0": 0.0186,
        "134.0": 0.0049,
        "264.0": 0.016800000000000002,
        "380.0": 0.0077,
        "442.0": 0.0037,
        "232.0": 0.0123,
        "42.0": 0.008,
        "382.0": 0.013600000000000001,
        "22.0": 0.0148,
        "192.0": 0.04820000000000001,
        "362.0": 0.0133,
        "20.0": 0.0092,
        "412.0": 0.007,
        "222.0": 0.012300000000000002,
        "52.0": 0.0078000000000000005,
        "202.0": 0.029700000000000004,
        "372.0": 0.0255,
        "12.0": 0.0269,
        "182.0": 0.0156,
        "230.0": 0.0177,
        "495.0": 0.005900000000000001,
        "265.0": 0.0136,
        "55.0": 0.026300000000000004,
        "285.0": 0.0119,
        "415.0": 0.0143,
        "205.0": 0.019799999999999998,
        "95.0": 0.006699999999999999,
        "225.0": 0.017499999999999998,
        "375.0": 0.0106,
        "2.0": 0.0086,
        "465.0": 0.0054,
        "235.0": 0.029099999999999997,
        "25.0": 0.0073,
        "275.0": 0.011699999999999999,
        "405.0": 0.0185,
        "45.0": 0.016300000000000002,
        "195.0": 0.0152,
        "105.0": 0.0066,
        "385.0": 0.0087,
        "440.0": 0.0049,
        "548.0": 0.002,
        "318.0": 0.0138,
        "108.0": 0.0056,
        "448.0": 0.0063999999999999994,
        "88.0": 0.0071,
        "238.0": 0.0203,
        "388.0": 0.0051
    },
    "probability_distribution_items": [
        [
            360.0,
            0.0036
        ],
        [
            190.0,
            0.015099999999999999
        ],
        [
            401.0,
            0.016300000000000002
        ],
        [
            191.0,
            0.0335
        ],
        [
            1.0,
            0.0066
        ],
        [
            231.0,
            0.0358
        ],
        [
            381.0,
            0.0149
        ],
        [
            21.0,
            0.0148
        ],
        [
            81.0,
            0.0060999999999999995
        ],
        [
            371.0,
            0.023200000000000002
        ],
        [
            181.0,
            0.012799999999999999
        ],
        [
            11.0,
            0.023100000000000002
        ],
        [
            201.0,
            0.0318
        ],
        [
            51.0,
            0.007
        ],
        [
            221.0,
            0.0159
        ],
        [
            411.0,
            0.0072
        ],
        [
            40.0,
            0.008
        ],
        [
            454.0,
            0.0077
        ],
        [
            224.0,
            0.015300000000000001
        ],
        [
            14.0,
            0.008
        ],
        [
            284.0,
            0.0156
        ],
        [
            414.0,
            0.0256
        ],
        [
            54.0,
            0.019299999999999998
        ],
        [
            204.0,
            0.0186
        ],
        [
            134.0,
            0.0049
        ],
        [
            264.0,
            0.016800000000000002
        ],
        [
            380.0,
            0.0077
        ],
        [
            442.0,
            0.0037
        ],
        [
            232.0,
            0.0123
        ],
        [
            42.0,
            0.008
        ],
        [
            382.0,
            0.013600000000000001
        ],
        [
            22.0,
            0.0148
        ],
        [
            192.0,
            0.04820000000000001
        ],
        [
            362.0,
            0.0133
        ],
        [
            20.0,
            0.0092
        ],
        [
            412.0,
            0.007
        ],
        [
            222.0,
            0.012300000000000002
        ],
        [
            52.0,
            0.0078000000000000005
        ],
        [
            202.0,
            0.029700000000000004
        ],
        [
            372.0,
            0.0255
        ],
        [
            12.0,
            0.0269
        ],
        [
            182.0,
            0.0156
        ],
        [
            230.0,
            0.0177
        ],
        [
            495.0,
            0.005900000000000001
        ],
        [
            265.0,
            0.0136
        ],
        [
            55.0,
            0.026300000000000004
        ],
        [
            285.0,
            0.0119
        ],
        [
            415.0,
            0.0143
        ],
        [
            205.0,
            0.019799999999999998
        ],
        [
            95.0,
            0.006699999999999999
        ],
        [
            225.0,
            0.017499999999999998
        ],
        [
            375.0,
            0.0106
        ],
        [
            2.0,
            0.0086
        ],
        [
            465.0,
            0.0054
        ],
        [
            235.0,
            0.029099999999999997
        ],
        [
            25.0,
            0.0073
        ],
        [
            275.0,
            0.011699999999999999
        ],
        [
            405.0,
            0.0185
        ],
        [
            45.0,
            0.016300000000000002
        ],
        [
            195.0,
            0.0152
        ],
        [
            105.0,
            0.0066
        ],
        [
            385.0,
            0.0087
        ],
        [
            440.0,
            0.0049
        ],
        [
            548.0,
            0.002
        ],
        [
            318.0,
            0.0138
        ],
        [
            108.0,
            0.0056
        ],
        [
            448.0,
            0.0063999999999999994
        ],
        [
            88.0,
            0.0071
        ],
        [
            238.0,
            0.0203
        ],
        [
            388.0,
            0.0051
        ]
    ],
    "approximation_ratio": 0.5963563071297989,
    "noise": true,
    "p": 6
}