{
    "expected_value": 190.1265,
    "optimal_gammas": [
        3.79590016738837,
        2.5898836607916547,
        5.006758765279095,
        5.329518122529654,
        2.294454832921681,
        0.2604801936742236
    ],
    "optimal_betas": [
        1.7844480828317189,
        0.6124205703328995,
        0.16473861869546136,
        1.7520632644613263,
        0.4215123018106699,
        0.014029387795694293
    ],
    "problem_identifier": "{'W': [1, 1], 'W_max': 2, 'A': 56, 'B': 4, 'C': 560}",
    "now": "2021-05-04 20:17:52",
    "execution_time": "0:26:00.511537",
    "nfev": 1021,
    "message": "Optimization terminated successfully.",
    "success": true,
    "nit": 2,
    "problem": {
        "W": [
            1,
            1
        ],
        "W_max": 2,
        "A": 56,
        "B": 4,
        "C": 560
    },
    "optimal_cost": 1.0,
    "probability_distribution": {
        "280.0": 0.0067,
        "154.0": 0.0247,
        "337.0": 0.016800000000000002,
        "155.0": 0.0352,
        "1.0": 0.0113,
        "211.0": 0.0292,
        "309.0": 0.0167,
        "29.0": 0.0175,
        "113.0": 0.0078,
        "295.0": 0.024300000000000002,
        "141.0": 0.0217,
        "15.0": 0.026799999999999997,
        "169.0": 0.0315,
        "71.0": 0.0072,
        "197.0": 0.011799999999999998,
        "351.0": 0.0054,
        "56.0": 0.009,
        "410.0": 0.0096,
        "200.0": 0.022699999999999998,
        "18.0": 0.0131,
        "284.0": 0.0148,
        "354.0": 0.0212,
        "74.0": 0.015399999999999999,
        "172.0": 0.020399999999999998,
        "186.0": 0.0063999999999999994,
        "256.0": 0.0122,
        "308.0": 0.010100000000000001,
        "394.0": 0.0038,
        "212.0": 0.0154,
        "58.0": 0.0078,
        "310.0": 0.014499999999999999,
        "30.0": 0.0156,
        "156.0": 0.04020000000000001,
        "282.0": 0.0104,
        "28.0": 0.0084,
        "352.0": 0.0074,
        "198.0": 0.0152,
        "72.0": 0.0069,
        "170.0": 0.0331,
        "296.0": 0.023399999999999997,
        "16.0": 0.0239,
        "142.0": 0.014,
        "210.0": 0.018099999999999998,
        "467.0": 0.0077,
        "257.0": 0.014199999999999999,
        "75.0": 0.021800000000000003,
        "285.0": 0.0122,
        "355.0": 0.0118,
        "173.0": 0.0139,
        "131.0": 0.0062,
        "201.0": 0.0126,
        "299.0": 0.0063,
        "2.0": 0.007,
        "425.0": 0.0075,
        "215.0": 0.026899999999999997,
        "33.0": 0.008,
        "271.0": 0.0172,
        "341.0": 0.0168,
        "61.0": 0.0141,
        "159.0": 0.0171,
        "145.0": 0.0063999999999999994,
        "313.0": 0.0051,
        "392.0": 0.003,
        "540.0": 0.0033,
        "330.0": 0.0149,
        "148.0": 0.006,
        "400.0": 0.0079,
        "120.0": 0.0068000000000000005,
        "218.0": 0.0137,
        "316.0": 0.004
    },
    "probability_distribution_items": [
        [
            280.0,
            0.0067
        ],
        [
            154.0,
            0.0247
        ],
        [
            337.0,
            0.016800000000000002
        ],
        [
            155.0,
            0.0352
        ],
        [
            1.0,
            0.0113
        ],
        [
            211.0,
            0.0292
        ],
        [
            309.0,
            0.0167
        ],
        [
            29.0,
            0.0175
        ],
        [
            113.0,
            0.0078
        ],
        [
            295.0,
            0.024300000000000002
        ],
        [
            141.0,
            0.0217
        ],
        [
            15.0,
            0.026799999999999997
        ],
        [
            169.0,
            0.0315
        ],
        [
            71.0,
            0.0072
        ],
        [
            197.0,
            0.011799999999999998
        ],
        [
            351.0,
            0.0054
        ],
        [
            56.0,
            0.009
        ],
        [
            410.0,
            0.0096
        ],
        [
            200.0,
            0.022699999999999998
        ],
        [
            18.0,
            0.0131
        ],
        [
            284.0,
            0.0148
        ],
        [
            354.0,
            0.0212
        ],
        [
            74.0,
            0.015399999999999999
        ],
        [
            172.0,
            0.020399999999999998
        ],
        [
            186.0,
            0.0063999999999999994
        ],
        [
            256.0,
            0.0122
        ],
        [
            308.0,
            0.010100000000000001
        ],
        [
            394.0,
            0.0038
        ],
        [
            212.0,
            0.0154
        ],
        [
            58.0,
            0.0078
        ],
        [
            310.0,
            0.014499999999999999
        ],
        [
            30.0,
            0.0156
        ],
        [
            156.0,
            0.04020000000000001
        ],
        [
            282.0,
            0.0104
        ],
        [
            28.0,
            0.0084
        ],
        [
            352.0,
            0.0074
        ],
        [
            198.0,
            0.0152
        ],
        [
            72.0,
            0.0069
        ],
        [
            170.0,
            0.0331
        ],
        [
            296.0,
            0.023399999999999997
        ],
        [
            16.0,
            0.0239
        ],
        [
            142.0,
            0.014
        ],
        [
            210.0,
            0.018099999999999998
        ],
        [
            467.0,
            0.0077
        ],
        [
            257.0,
            0.014199999999999999
        ],
        [
            75.0,
            0.021800000000000003
        ],
        [
            285.0,
            0.0122
        ],
        [
            355.0,
            0.0118
        ],
        [
            173.0,
            0.0139
        ],
        [
            131.0,
            0.0062
        ],
        [
            201.0,
            0.0126
        ],
        [
            299.0,
            0.0063
        ],
        [
            2.0,
            0.007
        ],
        [
            425.0,
            0.0075
        ],
        [
            215.0,
            0.026899999999999997
        ],
        [
            33.0,
            0.008
        ],
        [
            271.0,
            0.0172
        ],
        [
            341.0,
            0.0168
        ],
        [
            61.0,
            0.0141
        ],
        [
            159.0,
            0.0171
        ],
        [
            145.0,
            0.0063999999999999994
        ],
        [
            313.0,
            0.0051
        ],
        [
            392.0,
            0.003
        ],
        [
            540.0,
            0.0033
        ],
        [
            330.0,
            0.0149
        ],
        [
            148.0,
            0.006
        ],
        [
            400.0,
            0.0079
        ],
        [
            120.0,
            0.0068000000000000005
        ],
        [
            218.0,
            0.0137
        ],
        [
            316.0,
            0.004
        ]
    ],
    "approximation_ratio": 194.5907,
    "approximation_ratio_offset": 0.6408335807050093,
    "noise": true,
    "p": 6
}