{
    "expected_value": 193.872,
    "optimal_gammas": [
        4.921276610271443,
        5.566159023099937,
        2.6657951264094564,
        2.1786901082022663,
        4.724665220299378,
        2.364737230217574,
        5.859768306988901
    ],
    "optimal_betas": [
        0.6839740836878148,
        2.0624388540622034,
        1.5696071341146733,
        1.7839655734199769,
        2.5444311689109336,
        1.9602708616047653,
        1.6877498411299763
    ],
    "problem_identifier": "{'W': [1, 1], 'W_max': 2, 'A': 56, 'B': 4, 'C': 560}",
    "now": "2021-05-04 18:44:26",
    "execution_time": "0:25:59.511598",
    "nfev": 885,
    "message": "Optimization terminated successfully.",
    "success": true,
    "nit": 1,
    "problem": {
        "W": [
            1,
            1
        ],
        "W_max": 2,
        "A": 56,
        "B": 4,
        "C": 560
    },
    "probability_distribution": {
        "280.0": 0.0036,
        "154.0": 0.0142,
        "337.0": 0.012400000000000001,
        "155.0": 0.026300000000000004,
        "1.0": 0.0074,
        "211.0": 0.0296,
        "309.0": 0.0137,
        "29.0": 0.0138,
        "113.0": 0.005900000000000001,
        "295.0": 0.0224,
        "141.0": 0.018,
        "15.0": 0.0203,
        "169.0": 0.032600000000000004,
        "71.0": 0.0077,
        "197.0": 0.0164,
        "351.0": 0.0075,
        "56.0": 0.0079,
        "410.0": 0.0083,
        "200.0": 0.013699999999999999,
        "18.0": 0.009899999999999999,
        "284.0": 0.015199999999999998,
        "354.0": 0.0229,
        "74.0": 0.014400000000000001,
        "172.0": 0.0171,
        "186.0": 0.006699999999999999,
        "256.0": 0.017499999999999998,
        "308.0": 0.0091,
        "394.0": 0.0027,
        "212.0": 0.013,
        "58.0": 0.0063,
        "310.0": 0.0155,
        "30.0": 0.015,
        "156.0": 0.052399999999999995,
        "282.0": 0.012400000000000001,
        "28.0": 0.0072,
        "352.0": 0.0085,
        "198.0": 0.0129,
        "72.0": 0.0075,
        "170.0": 0.0314,
        "296.0": 0.022699999999999998,
        "16.0": 0.022699999999999998,
        "142.0": 0.015300000000000001,
        "210.0": 0.0149,
        "467.0": 0.0067,
        "257.0": 0.0141,
        "75.0": 0.0246,
        "285.0": 0.014499999999999999,
        "355.0": 0.0183,
        "173.0": 0.015,
        "131.0": 0.0084,
        "201.0": 0.015899999999999997,
        "299.0": 0.0087,
        "2.0": 0.0086,
        "425.0": 0.0079,
        "215.0": 0.0301,
        "33.0": 0.0074,
        "271.0": 0.016800000000000002,
        "341.0": 0.018699999999999998,
        "61.0": 0.0196,
        "159.0": 0.0174,
        "145.0": 0.0087,
        "313.0": 0.0085,
        "392.0": 0.004,
        "540.0": 0.0039,
        "330.0": 0.0194,
        "148.0": 0.0072,
        "400.0": 0.009,
        "120.0": 0.009,
        "218.0": 0.018,
        "316.0": 0.0047
    },
    "probability_distribution_items": [
        [
            280.0,
            0.0036
        ],
        [
            154.0,
            0.0142
        ],
        [
            337.0,
            0.012400000000000001
        ],
        [
            155.0,
            0.026300000000000004
        ],
        [
            1.0,
            0.0074
        ],
        [
            211.0,
            0.0296
        ],
        [
            309.0,
            0.0137
        ],
        [
            29.0,
            0.0138
        ],
        [
            113.0,
            0.005900000000000001
        ],
        [
            295.0,
            0.0224
        ],
        [
            141.0,
            0.018
        ],
        [
            15.0,
            0.0203
        ],
        [
            169.0,
            0.032600000000000004
        ],
        [
            71.0,
            0.0077
        ],
        [
            197.0,
            0.0164
        ],
        [
            351.0,
            0.0075
        ],
        [
            56.0,
            0.0079
        ],
        [
            410.0,
            0.0083
        ],
        [
            200.0,
            0.013699999999999999
        ],
        [
            18.0,
            0.009899999999999999
        ],
        [
            284.0,
            0.015199999999999998
        ],
        [
            354.0,
            0.0229
        ],
        [
            74.0,
            0.014400000000000001
        ],
        [
            172.0,
            0.0171
        ],
        [
            186.0,
            0.006699999999999999
        ],
        [
            256.0,
            0.017499999999999998
        ],
        [
            308.0,
            0.0091
        ],
        [
            394.0,
            0.0027
        ],
        [
            212.0,
            0.013
        ],
        [
            58.0,
            0.0063
        ],
        [
            310.0,
            0.0155
        ],
        [
            30.0,
            0.015
        ],
        [
            156.0,
            0.052399999999999995
        ],
        [
            282.0,
            0.012400000000000001
        ],
        [
            28.0,
            0.0072
        ],
        [
            352.0,
            0.0085
        ],
        [
            198.0,
            0.0129
        ],
        [
            72.0,
            0.0075
        ],
        [
            170.0,
            0.0314
        ],
        [
            296.0,
            0.022699999999999998
        ],
        [
            16.0,
            0.022699999999999998
        ],
        [
            142.0,
            0.015300000000000001
        ],
        [
            210.0,
            0.0149
        ],
        [
            467.0,
            0.0067
        ],
        [
            257.0,
            0.0141
        ],
        [
            75.0,
            0.0246
        ],
        [
            285.0,
            0.014499999999999999
        ],
        [
            355.0,
            0.0183
        ],
        [
            173.0,
            0.015
        ],
        [
            131.0,
            0.0084
        ],
        [
            201.0,
            0.015899999999999997
        ],
        [
            299.0,
            0.0087
        ],
        [
            2.0,
            0.0086
        ],
        [
            425.0,
            0.0079
        ],
        [
            215.0,
            0.0301
        ],
        [
            33.0,
            0.0074
        ],
        [
            271.0,
            0.016800000000000002
        ],
        [
            341.0,
            0.018699999999999998
        ],
        [
            61.0,
            0.0196
        ],
        [
            159.0,
            0.0174
        ],
        [
            145.0,
            0.0087
        ],
        [
            313.0,
            0.0085
        ],
        [
            392.0,
            0.004
        ],
        [
            540.0,
            0.0039
        ],
        [
            330.0,
            0.0194
        ],
        [
            148.0,
            0.0072
        ],
        [
            400.0,
            0.009
        ],
        [
            120.0,
            0.009
        ],
        [
            218.0,
            0.018
        ],
        [
            316.0,
            0.0047
        ]
    ],
    "approximation_ratio": 0.6342977736549166,
    "noise": true,
    "p": 7
}