{
    "expected_value": 171.9307,
    "optimal_gammas": [
        4.498719566636626
    ],
    "optimal_betas": [
        0.29198956112464836
    ],
    "problem_identifier": "{'W': [1, 1], 'W_max': 2, 'A': 56, 'B': 4, 'C': 560}",
    "now": "2021-05-04 18:22:07",
    "execution_time": "0:13:39.361483",
    "nfev": 1719,
    "message": "Optimization terminated successfully.",
    "success": true,
    "nit": 53,
    "problem": {
        "W": [
            1,
            1
        ],
        "W_max": 2,
        "A": 56,
        "B": 4,
        "C": 560
    },
    "optimal_cost": 1.0,
    "probability_distribution": {
        "280.0": 0.0254,
        "154.0": 0.0406,
        "337.0": 0.017,
        "155.0": 0.061099999999999995,
        "1.0": 0.0165,
        "211.0": 0.013700000000000002,
        "309.0": 0.0191,
        "29.0": 0.0164,
        "113.0": 0.0010999999999999998,
        "295.0": 0.031000000000000003,
        "141.0": 0.048,
        "15.0": 0.031100000000000003,
        "169.0": 0.020399999999999998,
        "71.0": 0.001,
        "197.0": 0.0017000000000000001,
        "351.0": 0.00039999999999999996,
        "56.0": 0.0038,
        "410.0": 0.0021999999999999997,
        "200.0": 0.0234,
        "18.0": 0.0288,
        "284.0": 0.0023,
        "354.0": 0.007899999999999999,
        "74.0": 0.0079,
        "172.0": 0.0196,
        "256.0": 0.0015,
        "308.0": 0.0079,
        "394.0": 0.0025,
        "212.0": 0.0244,
        "58.0": 0.0055,
        "310.0": 0.022900000000000004,
        "30.0": 0.0206,
        "156.0": 0.056900000000000006,
        "282.0": 0.017300000000000003,
        "28.0": 0.0046,
        "352.0": 0.0066,
        "198.0": 0.0164,
        "72.0": 0.0054,
        "170.0": 0.0246,
        "296.0": 0.027399999999999997,
        "16.0": 0.0258,
        "142.0": 0.0125,
        "210.0": 0.0024000000000000002,
        "467.0": 0.0012000000000000001,
        "257.0": 0.0106,
        "75.0": 0.027000000000000003,
        "285.0": 0.0025,
        "355.0": 0.013999999999999999,
        "173.0": 0.030900000000000004,
        "131.0": 0.0007,
        "201.0": 0.006500000000000001,
        "299.0": 0.009399999999999999,
        "2.0": 0.017,
        "425.0": 0.0019,
        "215.0": 0.0204,
        "33.0": 0.012,
        "271.0": 0.0028,
        "341.0": 0.0145,
        "61.0": 0.014299999999999998,
        "159.0": 0.034,
        "145.0": 0.0015,
        "313.0": 0.0079,
        "186.0": 0.0001,
        "540.0": 0.0001,
        "330.0": 0.0021999999999999997,
        "148.0": 0.0022,
        "400.0": 0.0056,
        "120.0": 0.0043,
        "218.0": 0.0203,
        "316.0": 0.0105
    },
    "probability_distribution_items": [
        [
            280.0,
            0.0254
        ],
        [
            154.0,
            0.0406
        ],
        [
            337.0,
            0.017
        ],
        [
            155.0,
            0.061099999999999995
        ],
        [
            1.0,
            0.0165
        ],
        [
            211.0,
            0.013700000000000002
        ],
        [
            309.0,
            0.0191
        ],
        [
            29.0,
            0.0164
        ],
        [
            113.0,
            0.0010999999999999998
        ],
        [
            295.0,
            0.031000000000000003
        ],
        [
            141.0,
            0.048
        ],
        [
            15.0,
            0.031100000000000003
        ],
        [
            169.0,
            0.020399999999999998
        ],
        [
            71.0,
            0.001
        ],
        [
            197.0,
            0.0017000000000000001
        ],
        [
            351.0,
            0.00039999999999999996
        ],
        [
            56.0,
            0.0038
        ],
        [
            410.0,
            0.0021999999999999997
        ],
        [
            200.0,
            0.0234
        ],
        [
            18.0,
            0.0288
        ],
        [
            284.0,
            0.0023
        ],
        [
            354.0,
            0.007899999999999999
        ],
        [
            74.0,
            0.0079
        ],
        [
            172.0,
            0.0196
        ],
        [
            256.0,
            0.0015
        ],
        [
            308.0,
            0.0079
        ],
        [
            394.0,
            0.0025
        ],
        [
            212.0,
            0.0244
        ],
        [
            58.0,
            0.0055
        ],
        [
            310.0,
            0.022900000000000004
        ],
        [
            30.0,
            0.0206
        ],
        [
            156.0,
            0.056900000000000006
        ],
        [
            282.0,
            0.017300000000000003
        ],
        [
            28.0,
            0.0046
        ],
        [
            352.0,
            0.0066
        ],
        [
            198.0,
            0.0164
        ],
        [
            72.0,
            0.0054
        ],
        [
            170.0,
            0.0246
        ],
        [
            296.0,
            0.027399999999999997
        ],
        [
            16.0,
            0.0258
        ],
        [
            142.0,
            0.0125
        ],
        [
            210.0,
            0.0024000000000000002
        ],
        [
            467.0,
            0.0012000000000000001
        ],
        [
            257.0,
            0.0106
        ],
        [
            75.0,
            0.027000000000000003
        ],
        [
            285.0,
            0.0025
        ],
        [
            355.0,
            0.013999999999999999
        ],
        [
            173.0,
            0.030900000000000004
        ],
        [
            131.0,
            0.0007
        ],
        [
            201.0,
            0.006500000000000001
        ],
        [
            299.0,
            0.009399999999999999
        ],
        [
            2.0,
            0.017
        ],
        [
            425.0,
            0.0019
        ],
        [
            215.0,
            0.0204
        ],
        [
            33.0,
            0.012
        ],
        [
            271.0,
            0.0028
        ],
        [
            341.0,
            0.0145
        ],
        [
            61.0,
            0.014299999999999998
        ],
        [
            159.0,
            0.034
        ],
        [
            145.0,
            0.0015
        ],
        [
            313.0,
            0.0079
        ],
        [
            186.0,
            0.0001
        ],
        [
            540.0,
            0.0001
        ],
        [
            330.0,
            0.0021999999999999997
        ],
        [
            148.0,
            0.0022
        ],
        [
            400.0,
            0.0056
        ],
        [
            120.0,
            0.0043
        ],
        [
            218.0,
            0.0203
        ],
        [
            316.0,
            0.0105
        ]
    ],
    "approximation_ratio": 175.4462,
    "approximation_ratio_offset": 0.6256519313304721,
    "noise": true,
    "p": 1
}