{
    "expected_value": 45.9735,
    "optimal_gammas": [
        5.831839342215814
    ],
    "optimal_betas": [
        2.830366859573326
    ],
    "problem_identifier": "{'W': [1, 1], 'W_max': 2, 'A': 40, 'B': 4, 'C': 80}",
    "now": "2021-05-04 17:49:09",
    "execution_time": "0:05:56.699889",
    "nfev": 846,
    "message": "Optimization terminated successfully.",
    "success": true,
    "nit": 24,
    "problem": {
        "W": [
            1,
            1
        ],
        "W_max": 2,
        "A": 40,
        "B": 4,
        "C": 80
    },
    "optimal_cost": 1.0,
    "probability_distribution": {
        "40.0": 0.021900000000000003,
        "30.0": 0.0134,
        "81.0": 0.0325,
        "31.0": 0.046099999999999995,
        "1.0": 0.0086,
        "71.0": 0.0168,
        "61.0": 0.0123,
        "21.0": 0.0539,
        "51.0": 0.04379999999999999,
        "11.0": 0.0225,
        "41.0": 0.020700000000000003,
        "91.0": 0.0016,
        "134.0": 0.0055,
        "64.0": 0.0442,
        "14.0": 0.0675,
        "124.0": 0.0043,
        "94.0": 0.0136,
        "54.0": 0.0173,
        "44.0": 0.0358,
        "104.0": 0.0026,
        "60.0": 0.0014,
        "122.0": 0.0014,
        "72.0": 0.007299999999999999,
        "42.0": 0.0718,
        "62.0": 0.0357,
        "22.0": 0.0371,
        "32.0": 0.025999999999999995,
        "20.0": 0.0010999999999999998,
        "92.0": 0.0177,
        "52.0": 0.0558,
        "12.0": 0.046900000000000004,
        "70.0": 0.0031999999999999997,
        "175.0": 0.0021999999999999997,
        "105.0": 0.0074,
        "55.0": 0.0359,
        "125.0": 0.004,
        "95.0": 0.010499999999999999,
        "45.0": 0.037,
        "65.0": 0.026500000000000003,
        "2.0": 0.0034999999999999996,
        "145.0": 0.0019000000000000002,
        "75.0": 0.012999999999999998,
        "25.0": 0.0079,
        "115.0": 0.0047,
        "85.0": 0.0084,
        "35.0": 0.0264,
        "120.0": 0.0004,
        "228.0": 0.0004,
        "158.0": 0.0018,
        "108.0": 0.0031999999999999997,
        "128.0": 0.0012000000000000001,
        "88.0": 0.0005,
        "78.0": 0.0053,
        "68.0": 0.0076
    },
    "probability_distribution_items": [
        [
            40.0,
            0.021900000000000003
        ],
        [
            30.0,
            0.0134
        ],
        [
            81.0,
            0.0325
        ],
        [
            31.0,
            0.046099999999999995
        ],
        [
            1.0,
            0.0086
        ],
        [
            71.0,
            0.0168
        ],
        [
            61.0,
            0.0123
        ],
        [
            21.0,
            0.0539
        ],
        [
            51.0,
            0.04379999999999999
        ],
        [
            11.0,
            0.0225
        ],
        [
            41.0,
            0.020700000000000003
        ],
        [
            91.0,
            0.0016
        ],
        [
            134.0,
            0.0055
        ],
        [
            64.0,
            0.0442
        ],
        [
            14.0,
            0.0675
        ],
        [
            124.0,
            0.0043
        ],
        [
            94.0,
            0.0136
        ],
        [
            54.0,
            0.0173
        ],
        [
            44.0,
            0.0358
        ],
        [
            104.0,
            0.0026
        ],
        [
            60.0,
            0.0014
        ],
        [
            122.0,
            0.0014
        ],
        [
            72.0,
            0.007299999999999999
        ],
        [
            42.0,
            0.0718
        ],
        [
            62.0,
            0.0357
        ],
        [
            22.0,
            0.0371
        ],
        [
            32.0,
            0.025999999999999995
        ],
        [
            20.0,
            0.0010999999999999998
        ],
        [
            92.0,
            0.0177
        ],
        [
            52.0,
            0.0558
        ],
        [
            12.0,
            0.046900000000000004
        ],
        [
            70.0,
            0.0031999999999999997
        ],
        [
            175.0,
            0.0021999999999999997
        ],
        [
            105.0,
            0.0074
        ],
        [
            55.0,
            0.0359
        ],
        [
            125.0,
            0.004
        ],
        [
            95.0,
            0.010499999999999999
        ],
        [
            45.0,
            0.037
        ],
        [
            65.0,
            0.026500000000000003
        ],
        [
            2.0,
            0.0034999999999999996
        ],
        [
            145.0,
            0.0019000000000000002
        ],
        [
            75.0,
            0.012999999999999998
        ],
        [
            25.0,
            0.0079
        ],
        [
            115.0,
            0.0047
        ],
        [
            85.0,
            0.0084
        ],
        [
            35.0,
            0.0264
        ],
        [
            120.0,
            0.0004
        ],
        [
            228.0,
            0.0004
        ],
        [
            158.0,
            0.0018
        ],
        [
            108.0,
            0.0031999999999999997
        ],
        [
            128.0,
            0.0012000000000000001
        ],
        [
            88.0,
            0.0005
        ],
        [
            78.0,
            0.0053
        ],
        [
            68.0,
            0.0076
        ]
    ],
    "approximation_ratio": 47.6559,
    "approximation_ratio_offset": 0.7944674008810573,
    "noise": true,
    "p": 1
}