{
    "expected_value": 29.91,
    "optimal_gammas": [
        3.5406359585284584,
        5.336705964957705,
        5.055679375010812,
        0.8166199290723788,
        3.924027224558578
    ],
    "optimal_betas": [
        2.989578577027155,
        0.2877988357953225,
        2.8640443346825197,
        0.9601216766374089,
        2.3833497694550227
    ],
    "problem_identifier": "{'W': [1, 1], 'W_max': 2, 'A': 8, 'B': 4, 'C': 80}",
    "now": "2021-05-04 20:08:45",
    "execution_time": "0:20:51.626248",
    "nfev": 981,
    "message": "Optimization terminated successfully.",
    "success": true,
    "nit": 4,
    "problem": {
        "W": [
            1,
            1
        ],
        "W_max": 2,
        "A": 8,
        "B": 4,
        "C": 80
    },
    "optimal_cost": 1.0,
    "probability_distribution": {
        "40.0": 0.0239,
        "22.0": 0.043699999999999996,
        "49.0": 0.023100000000000002,
        "23.0": 0.044700000000000004,
        "1.0": 0.0108,
        "31.0": 0.0383,
        "45.0": 0.027400000000000004,
        "5.0": 0.0157,
        "17.0": 0.0101,
        "43.0": 0.040600000000000004,
        "21.0": 0.021500000000000002,
        "3.0": 0.0322,
        "25.0": 0.04290000000000001,
        "11.0": 0.009,
        "29.0": 0.0309,
        "51.0": 0.009600000000000001,
        "8.0": 0.0149,
        "62.0": 0.0078,
        "32.0": 0.029799999999999997,
        "6.0": 0.027299999999999998,
        "44.0": 0.048400000000000006,
        "54.0": 0.03719999999999999,
        "14.0": 0.0152,
        "28.0": 0.0242,
        "30.0": 0.0428,
        "58.0": 0.0029,
        "10.0": 0.0067,
        "46.0": 0.0141,
        "24.0": 0.05070000000000001,
        "42.0": 0.0105,
        "4.0": 0.029400000000000006,
        "52.0": 0.0104,
        "12.0": 0.0071,
        "26.0": 0.027500000000000004,
        "71.0": 0.0052,
        "41.0": 0.0103,
        "15.0": 0.016399999999999998,
        "55.0": 0.010100000000000001,
        "33.0": 0.0126,
        "47.0": 0.006500000000000001,
        "2.0": 0.007299999999999999,
        "65.0": 0.0060999999999999995,
        "35.0": 0.025,
        "9.0": 0.0071,
        "53.0": 0.0098,
        "13.0": 0.012199999999999999,
        "27.0": 0.0135,
        "56.0": 0.0059,
        "84.0": 0.0017,
        "64.0": 0.0055,
        "38.0": 0.013500000000000002
    },
    "probability_distribution_items": [
        [
            40.0,
            0.0239
        ],
        [
            22.0,
            0.043699999999999996
        ],
        [
            49.0,
            0.023100000000000002
        ],
        [
            23.0,
            0.044700000000000004
        ],
        [
            1.0,
            0.0108
        ],
        [
            31.0,
            0.0383
        ],
        [
            45.0,
            0.027400000000000004
        ],
        [
            5.0,
            0.0157
        ],
        [
            17.0,
            0.0101
        ],
        [
            43.0,
            0.040600000000000004
        ],
        [
            21.0,
            0.021500000000000002
        ],
        [
            3.0,
            0.0322
        ],
        [
            25.0,
            0.04290000000000001
        ],
        [
            11.0,
            0.009
        ],
        [
            29.0,
            0.0309
        ],
        [
            51.0,
            0.009600000000000001
        ],
        [
            8.0,
            0.0149
        ],
        [
            62.0,
            0.0078
        ],
        [
            32.0,
            0.029799999999999997
        ],
        [
            6.0,
            0.027299999999999998
        ],
        [
            44.0,
            0.048400000000000006
        ],
        [
            54.0,
            0.03719999999999999
        ],
        [
            14.0,
            0.0152
        ],
        [
            28.0,
            0.0242
        ],
        [
            30.0,
            0.0428
        ],
        [
            58.0,
            0.0029
        ],
        [
            10.0,
            0.0067
        ],
        [
            46.0,
            0.0141
        ],
        [
            24.0,
            0.05070000000000001
        ],
        [
            42.0,
            0.0105
        ],
        [
            4.0,
            0.029400000000000006
        ],
        [
            52.0,
            0.0104
        ],
        [
            12.0,
            0.0071
        ],
        [
            26.0,
            0.027500000000000004
        ],
        [
            71.0,
            0.0052
        ],
        [
            41.0,
            0.0103
        ],
        [
            15.0,
            0.016399999999999998
        ],
        [
            55.0,
            0.010100000000000001
        ],
        [
            33.0,
            0.0126
        ],
        [
            47.0,
            0.006500000000000001
        ],
        [
            2.0,
            0.007299999999999999
        ],
        [
            65.0,
            0.0060999999999999995
        ],
        [
            35.0,
            0.025
        ],
        [
            9.0,
            0.0071
        ],
        [
            53.0,
            0.0098
        ],
        [
            13.0,
            0.012199999999999999
        ],
        [
            27.0,
            0.0135
        ],
        [
            56.0,
            0.0059
        ],
        [
            84.0,
            0.0017
        ],
        [
            64.0,
            0.0055
        ],
        [
            38.0,
            0.013500000000000002
        ]
    ],
    "approximation_ratio": 30.1835,
    "approximation_ratio_offset": 0.6483915662650603,
    "noise": true,
    "p": 5
}