{
    "expected_value": 289.2505,
    "optimal_gammas": [
        0.1072338949662428,
        0.5914146340967052,
        2.191962870107599,
        0.5765373499733317
    ],
    "optimal_betas": [
        0.6019581625605849,
        1.705764303323504,
        1.7194564745679066,
        2.380740946735208
    ],
    "problem_identifier": "{'W': [1, 1], 'W_max': 2, 'A': 40, 'B': 4, 'C': 1040}",
    "now": "2021-05-04 19:00:46",
    "execution_time": "0:20:07.968808",
    "nfev": 1092,
    "message": "Optimization terminated successfully.",
    "success": true,
    "nit": 6,
    "problem": {
        "W": [
            1,
            1
        ],
        "W_max": 2,
        "A": 40,
        "B": 4,
        "C": 1040
    },
    "optimal_cost": 1.0,
    "probability_distribution": {
        "520.0": 0.0038,
        "270.0": 0.0161,
        "561.0": 0.0133,
        "271.0": 0.029500000000000002,
        "1.0": 0.0058,
        "311.0": 0.0338,
        "541.0": 0.019,
        "21.0": 0.0194,
        "81.0": 0.0051,
        "531.0": 0.0228,
        "261.0": 0.0125,
        "11.0": 0.0238,
        "281.0": 0.0346,
        "51.0": 0.0071,
        "301.0": 0.0158,
        "571.0": 0.0063,
        "40.0": 0.0047,
        "614.0": 0.0068000000000000005,
        "304.0": 0.018,
        "14.0": 0.006,
        "364.0": 0.015300000000000001,
        "574.0": 0.027300000000000005,
        "54.0": 0.028699999999999996,
        "284.0": 0.016,
        "134.0": 0.006999999999999999,
        "344.0": 0.0172,
        "540.0": 0.011699999999999999,
        "602.0": 0.0037,
        "312.0": 0.0124,
        "42.0": 0.0066,
        "542.0": 0.012799999999999999,
        "22.0": 0.0138,
        "272.0": 0.041499999999999995,
        "522.0": 0.0131,
        "20.0": 0.01,
        "572.0": 0.0055,
        "302.0": 0.014700000000000001,
        "52.0": 0.0075,
        "282.0": 0.030700000000000005,
        "532.0": 0.0236,
        "12.0": 0.0238,
        "262.0": 0.0132,
        "310.0": 0.0181,
        "655.0": 0.0060999999999999995,
        "345.0": 0.0171,
        "55.0": 0.0217,
        "365.0": 0.0146,
        "575.0": 0.0182,
        "285.0": 0.014400000000000001,
        "95.0": 0.0072,
        "305.0": 0.015100000000000002,
        "535.0": 0.0054,
        "2.0": 0.008799999999999999,
        "625.0": 0.0081,
        "315.0": 0.032,
        "25.0": 0.0060999999999999995,
        "355.0": 0.014499999999999999,
        "565.0": 0.019,
        "45.0": 0.0186,
        "275.0": 0.0132,
        "105.0": 0.0059,
        "545.0": 0.0051,
        "600.0": 0.0035,
        "708.0": 0.0032,
        "398.0": 0.018,
        "108.0": 0.0063,
        "608.0": 0.012799999999999999,
        "88.0": 0.0089,
        "318.0": 0.014700000000000001,
        "548.0": 0.0031
    },
    "probability_distribution_items": [
        [
            520.0,
            0.0038
        ],
        [
            270.0,
            0.0161
        ],
        [
            561.0,
            0.0133
        ],
        [
            271.0,
            0.029500000000000002
        ],
        [
            1.0,
            0.0058
        ],
        [
            311.0,
            0.0338
        ],
        [
            541.0,
            0.019
        ],
        [
            21.0,
            0.0194
        ],
        [
            81.0,
            0.0051
        ],
        [
            531.0,
            0.0228
        ],
        [
            261.0,
            0.0125
        ],
        [
            11.0,
            0.0238
        ],
        [
            281.0,
            0.0346
        ],
        [
            51.0,
            0.0071
        ],
        [
            301.0,
            0.0158
        ],
        [
            571.0,
            0.0063
        ],
        [
            40.0,
            0.0047
        ],
        [
            614.0,
            0.0068000000000000005
        ],
        [
            304.0,
            0.018
        ],
        [
            14.0,
            0.006
        ],
        [
            364.0,
            0.015300000000000001
        ],
        [
            574.0,
            0.027300000000000005
        ],
        [
            54.0,
            0.028699999999999996
        ],
        [
            284.0,
            0.016
        ],
        [
            134.0,
            0.006999999999999999
        ],
        [
            344.0,
            0.0172
        ],
        [
            540.0,
            0.011699999999999999
        ],
        [
            602.0,
            0.0037
        ],
        [
            312.0,
            0.0124
        ],
        [
            42.0,
            0.0066
        ],
        [
            542.0,
            0.012799999999999999
        ],
        [
            22.0,
            0.0138
        ],
        [
            272.0,
            0.041499999999999995
        ],
        [
            522.0,
            0.0131
        ],
        [
            20.0,
            0.01
        ],
        [
            572.0,
            0.0055
        ],
        [
            302.0,
            0.014700000000000001
        ],
        [
            52.0,
            0.0075
        ],
        [
            282.0,
            0.030700000000000005
        ],
        [
            532.0,
            0.0236
        ],
        [
            12.0,
            0.0238
        ],
        [
            262.0,
            0.0132
        ],
        [
            310.0,
            0.0181
        ],
        [
            655.0,
            0.0060999999999999995
        ],
        [
            345.0,
            0.0171
        ],
        [
            55.0,
            0.0217
        ],
        [
            365.0,
            0.0146
        ],
        [
            575.0,
            0.0182
        ],
        [
            285.0,
            0.014400000000000001
        ],
        [
            95.0,
            0.0072
        ],
        [
            305.0,
            0.015100000000000002
        ],
        [
            535.0,
            0.0054
        ],
        [
            2.0,
            0.008799999999999999
        ],
        [
            625.0,
            0.0081
        ],
        [
            315.0,
            0.032
        ],
        [
            25.0,
            0.0060999999999999995
        ],
        [
            355.0,
            0.014499999999999999
        ],
        [
            565.0,
            0.019
        ],
        [
            45.0,
            0.0186
        ],
        [
            275.0,
            0.0132
        ],
        [
            105.0,
            0.0059
        ],
        [
            545.0,
            0.0051
        ],
        [
            600.0,
            0.0035
        ],
        [
            708.0,
            0.0032
        ],
        [
            398.0,
            0.018
        ],
        [
            108.0,
            0.0063
        ],
        [
            608.0,
            0.012799999999999999
        ],
        [
            88.0,
            0.0089
        ],
        [
            318.0,
            0.014700000000000001
        ],
        [
            548.0,
            0.0031
        ]
    ],
    "approximation_ratio": 297.3643,
    "approximation_ratio_offset": 0.5808142857142857,
    "noise": true,
    "p": 4
}