{
    "expected_value": 280.9252,
    "optimal_gammas": [
        2.7047014388225192
    ],
    "optimal_betas": [
        2.7901203609260596
    ],
    "problem_identifier": "{'W': [1, 1], 'W_max': 2, 'A': 56, 'B': 4, 'C': 1008}",
    "now": "2021-05-04 21:00:53",
    "execution_time": "0:23:04.522450",
    "nfev": 2298,
    "message": "Optimization terminated successfully.",
    "success": true,
    "nit": 73,
    "problem": {
        "W": [
            1,
            1
        ],
        "W_max": 2,
        "A": 56,
        "B": 4,
        "C": 1008
    },
    "optimal_cost": 1.0,
    "probability_distribution": {
        "504.0": 0.0505,
        "266.0": 0.04239999999999999,
        "561.0": 0.023200000000000002,
        "267.0": 0.062,
        "1.0": 0.026799999999999997,
        "323.0": 0.0084,
        "533.0": 0.008,
        "29.0": 0.0086,
        "113.0": 0.0013,
        "519.0": 0.031099999999999996,
        "253.0": 0.048,
        "15.0": 0.0338,
        "281.0": 0.017499999999999998,
        "71.0": 0.0013,
        "309.0": 0.0016,
        "575.0": 0.00039999999999999996,
        "56.0": 0.005,
        "634.0": 0.0034000000000000002,
        "312.0": 0.018500000000000003,
        "18.0": 0.0413,
        "396.0": 0.0006000000000000001,
        "578.0": 0.0025,
        "74.0": 0.0035,
        "284.0": 0.015,
        "368.0": 0.0007,
        "532.0": 0.0063,
        "618.0": 0.0066,
        "324.0": 0.023700000000000002,
        "58.0": 0.0125,
        "534.0": 0.0241,
        "30.0": 0.022800000000000004,
        "268.0": 0.0694,
        "506.0": 0.0154,
        "28.0": 0.0033,
        "576.0": 0.0052,
        "310.0": 0.0111,
        "72.0": 0.0037999999999999996,
        "282.0": 0.019700000000000002,
        "520.0": 0.0176,
        "16.0": 0.017599999999999998,
        "254.0": 0.0112,
        "322.0": 0.0018,
        "691.0": 0.0006000000000000001,
        "369.0": 0.007299999999999999,
        "75.0": 0.023999999999999997,
        "397.0": 0.0021,
        "579.0": 0.0066,
        "285.0": 0.032600000000000004,
        "131.0": 0.0016,
        "313.0": 0.0062,
        "523.0": 0.014700000000000001,
        "2.0": 0.0106,
        "649.0": 0.0006000000000000001,
        "327.0": 0.015600000000000001,
        "33.0": 0.025,
        "383.0": 0.0014999999999999998,
        "565.0": 0.0069,
        "61.0": 0.008199999999999999,
        "271.0": 0.035,
        "145.0": 0.001,
        "537.0": 0.0158,
        "186.0": 0.0001,
        "442.0": 0.0012000000000000001,
        "148.0": 0.0021,
        "624.0": 0.0038,
        "120.0": 0.0013,
        "330.0": 0.022400000000000003,
        "540.0": 0.0257
    },
    "probability_distribution_items": [
        [
            504.0,
            0.0505
        ],
        [
            266.0,
            0.04239999999999999
        ],
        [
            561.0,
            0.023200000000000002
        ],
        [
            267.0,
            0.062
        ],
        [
            1.0,
            0.026799999999999997
        ],
        [
            323.0,
            0.0084
        ],
        [
            533.0,
            0.008
        ],
        [
            29.0,
            0.0086
        ],
        [
            113.0,
            0.0013
        ],
        [
            519.0,
            0.031099999999999996
        ],
        [
            253.0,
            0.048
        ],
        [
            15.0,
            0.0338
        ],
        [
            281.0,
            0.017499999999999998
        ],
        [
            71.0,
            0.0013
        ],
        [
            309.0,
            0.0016
        ],
        [
            575.0,
            0.00039999999999999996
        ],
        [
            56.0,
            0.005
        ],
        [
            634.0,
            0.0034000000000000002
        ],
        [
            312.0,
            0.018500000000000003
        ],
        [
            18.0,
            0.0413
        ],
        [
            396.0,
            0.0006000000000000001
        ],
        [
            578.0,
            0.0025
        ],
        [
            74.0,
            0.0035
        ],
        [
            284.0,
            0.015
        ],
        [
            368.0,
            0.0007
        ],
        [
            532.0,
            0.0063
        ],
        [
            618.0,
            0.0066
        ],
        [
            324.0,
            0.023700000000000002
        ],
        [
            58.0,
            0.0125
        ],
        [
            534.0,
            0.0241
        ],
        [
            30.0,
            0.022800000000000004
        ],
        [
            268.0,
            0.0694
        ],
        [
            506.0,
            0.0154
        ],
        [
            28.0,
            0.0033
        ],
        [
            576.0,
            0.0052
        ],
        [
            310.0,
            0.0111
        ],
        [
            72.0,
            0.0037999999999999996
        ],
        [
            282.0,
            0.019700000000000002
        ],
        [
            520.0,
            0.0176
        ],
        [
            16.0,
            0.017599999999999998
        ],
        [
            254.0,
            0.0112
        ],
        [
            322.0,
            0.0018
        ],
        [
            691.0,
            0.0006000000000000001
        ],
        [
            369.0,
            0.007299999999999999
        ],
        [
            75.0,
            0.023999999999999997
        ],
        [
            397.0,
            0.0021
        ],
        [
            579.0,
            0.0066
        ],
        [
            285.0,
            0.032600000000000004
        ],
        [
            131.0,
            0.0016
        ],
        [
            313.0,
            0.0062
        ],
        [
            523.0,
            0.014700000000000001
        ],
        [
            2.0,
            0.0106
        ],
        [
            649.0,
            0.0006000000000000001
        ],
        [
            327.0,
            0.015600000000000001
        ],
        [
            33.0,
            0.025
        ],
        [
            383.0,
            0.0014999999999999998
        ],
        [
            565.0,
            0.0069
        ],
        [
            61.0,
            0.008199999999999999
        ],
        [
            271.0,
            0.035
        ],
        [
            145.0,
            0.001
        ],
        [
            537.0,
            0.0158
        ],
        [
            186.0,
            0.0001
        ],
        [
            442.0,
            0.0012000000000000001
        ],
        [
            148.0,
            0.0021
        ],
        [
            624.0,
            0.0038
        ],
        [
            120.0,
            0.0013
        ],
        [
            330.0,
            0.022400000000000003
        ],
        [
            540.0,
            0.0257
        ]
    ],
    "approximation_ratio": 289.5632,
    "approximation_ratio_offset": 0.6218044560943644,
    "noise": true,
    "p": 1
}