{
    "expected_value": 61.978,
    "optimal_gammas": [
        0.07054978805502787,
        3.0512016538242985,
        2.112364555772982,
        2.944877684084961,
        0.5344115696863241,
        3.0580099364390603,
        2.1226425440274763
    ],
    "optimal_betas": [
        1.418007893788214,
        0.05309825085334885,
        0.9167335560980165,
        0.07708322335441453,
        0.7454008830113871,
        0.795095661386504,
        0.4500093490044949
    ],
    "problem_identifier": "{'W': [1, 1], 'W_max': 2, 'A': 8, 'B': 4, 'C': 208}",
    "now": "2021-05-04 07:52:20",
    "execution_time": "0:20:02.953085",
    "problem": {
        "W": [
            1,
            1
        ],
        "W_max": 2,
        "A": 8,
        "B": 4,
        "C": 208
    },
    "probability_distribution": {
        "104.0": 0.0058,
        "54.0": 0.0353,
        "113.0": 0.02,
        "55.0": 0.035300000000000005,
        "1.0": 0.0086,
        "63.0": 0.0336,
        "109.0": 0.0187,
        "5.0": 0.0184,
        "17.0": 0.0097,
        "107.0": 0.026,
        "53.0": 0.016,
        "3.0": 0.0251,
        "57.0": 0.0359,
        "11.0": 0.0084,
        "61.0": 0.0279,
        "115.0": 0.009000000000000001,
        "8.0": 0.009899999999999999,
        "126.0": 0.009000000000000001,
        "64.0": 0.0366,
        "6.0": 0.0248,
        "76.0": 0.0168,
        "118.0": 0.023299999999999998,
        "14.0": 0.015799999999999998,
        "60.0": 0.014099999999999998,
        "30.0": 0.0078000000000000005,
        "72.0": 0.015,
        "108.0": 0.029300000000000003,
        "122.0": 0.0042,
        "10.0": 0.0077,
        "110.0": 0.016,
        "56.0": 0.0445,
        "106.0": 0.011800000000000001,
        "4.0": 0.0334,
        "116.0": 0.0092,
        "62.0": 0.0365,
        "12.0": 0.0071,
        "58.0": 0.0319,
        "135.0": 0.0063999999999999994,
        "73.0": 0.0155,
        "15.0": 0.0194,
        "77.0": 0.0138,
        "119.0": 0.0116,
        "23.0": 0.007599999999999999,
        "65.0": 0.0125,
        "111.0": 0.0062,
        "2.0": 0.0079,
        "129.0": 0.0068000000000000005,
        "67.0": 0.0262,
        "9.0": 0.0076,
        "75.0": 0.0162,
        "117.0": 0.014700000000000001,
        "13.0": 0.0138,
        "59.0": 0.0137,
        "25.0": 0.006500000000000001,
        "120.0": 0.0041,
        "148.0": 0.0032,
        "86.0": 0.0114,
        "28.0": 0.0081,
        "128.0": 0.0073,
        "24.0": 0.0085,
        "70.0": 0.0126
    },
    "probability_distribution_items": [
        [
            104.0,
            0.0058
        ],
        [
            54.0,
            0.0353
        ],
        [
            113.0,
            0.02
        ],
        [
            55.0,
            0.035300000000000005
        ],
        [
            1.0,
            0.0086
        ],
        [
            63.0,
            0.0336
        ],
        [
            109.0,
            0.0187
        ],
        [
            5.0,
            0.0184
        ],
        [
            17.0,
            0.0097
        ],
        [
            107.0,
            0.026
        ],
        [
            53.0,
            0.016
        ],
        [
            3.0,
            0.0251
        ],
        [
            57.0,
            0.0359
        ],
        [
            11.0,
            0.0084
        ],
        [
            61.0,
            0.0279
        ],
        [
            115.0,
            0.009000000000000001
        ],
        [
            8.0,
            0.009899999999999999
        ],
        [
            126.0,
            0.009000000000000001
        ],
        [
            64.0,
            0.0366
        ],
        [
            6.0,
            0.0248
        ],
        [
            76.0,
            0.0168
        ],
        [
            118.0,
            0.023299999999999998
        ],
        [
            14.0,
            0.015799999999999998
        ],
        [
            60.0,
            0.014099999999999998
        ],
        [
            30.0,
            0.0078000000000000005
        ],
        [
            72.0,
            0.015
        ],
        [
            108.0,
            0.029300000000000003
        ],
        [
            122.0,
            0.0042
        ],
        [
            10.0,
            0.0077
        ],
        [
            110.0,
            0.016
        ],
        [
            56.0,
            0.0445
        ],
        [
            106.0,
            0.011800000000000001
        ],
        [
            4.0,
            0.0334
        ],
        [
            116.0,
            0.0092
        ],
        [
            62.0,
            0.0365
        ],
        [
            12.0,
            0.0071
        ],
        [
            58.0,
            0.0319
        ],
        [
            135.0,
            0.0063999999999999994
        ],
        [
            73.0,
            0.0155
        ],
        [
            15.0,
            0.0194
        ],
        [
            77.0,
            0.0138
        ],
        [
            119.0,
            0.0116
        ],
        [
            23.0,
            0.007599999999999999
        ],
        [
            65.0,
            0.0125
        ],
        [
            111.0,
            0.0062
        ],
        [
            2.0,
            0.0079
        ],
        [
            129.0,
            0.0068000000000000005
        ],
        [
            67.0,
            0.0262
        ],
        [
            9.0,
            0.0076
        ],
        [
            75.0,
            0.0162
        ],
        [
            117.0,
            0.014700000000000001
        ],
        [
            13.0,
            0.0138
        ],
        [
            59.0,
            0.0137
        ],
        [
            25.0,
            0.006500000000000001
        ],
        [
            120.0,
            0.0041
        ],
        [
            148.0,
            0.0032
        ],
        [
            86.0,
            0.0114
        ],
        [
            28.0,
            0.0081
        ],
        [
            128.0,
            0.0073
        ],
        [
            24.0,
            0.0085
        ],
        [
            70.0,
            0.0126
        ]
    ],
    "approximation_ratio": 0.5838544217687075,
    "noise": true,
    "p": 7
}