{
    "expected_value": 24.22481436286599,
    "optimal_gammas": [
        2.829543364873609,
        2.669215847527186
    ],
    "optimal_betas": [
        1.5705518463271846,
        1.056787762390008
    ],
    "problem_identifier": "{'W': [1, 1], 'W_max': 2, 'A': 8, 'B': 4, 'C': 80}",
    "now": "2021-05-05 12:55:07",
    "execution_time": "1:22:35.179714",
    "nfev": 9220,
    "message": "Optimization terminated successfully.",
    "success": true,
    "nit": 151,
    "problem": {
        "W": [
            1,
            1
        ],
        "W_max": 2,
        "A": 8,
        "B": 4,
        "C": 80
    },
    "optimal_cost": 1.0,
    "probability_distribution": {
        "40.0": 0.00015684655309081456,
        "22.0": 0.011308623155328231,
        "8.0": 9.336968818560146e-05,
        "44.0": 0.33697078027064337,
        "4.0": 0.3368011803804513,
        "30.0": 0.011139271901340496,
        "56.0": 4.586433869448366e-05,
        "49.0": 2.022729691257519e-05,
        "23.0": 0.002219057964690153,
        "1.0": 9.156740549866775e-06,
        "31.0": 0.0024360329862427935,
        "45.0": 0.06718121442741568,
        "5.0": 0.06716970262417697,
        "17.0": 1.0967942962743196e-05,
        "43.0": 0.06719245576426142,
        "21.0": 0.0011437999458732478,
        "3.0": 0.06717885936472681,
        "25.0": 0.0023959709068907494,
        "11.0": 1.0967942962742783e-05,
        "29.0": 0.0011227590106037705,
        "51.0": 8.924663378074738e-06,
        "62.0": 1.28023311950347e-06,
        "32.0": 0.00020588577266516408,
        "6.0": 0.0023578063752956813,
        "54.0": 0.006613894447746181,
        "14.0": 0.006612364779415986,
        "28.0": 0.00010191207066871926,
        "58.0": 4.5905867966791953e-07,
        "10.0": 7.623627326322108e-07,
        "46.0": 0.00235701256629571,
        "24.0": 0.0002640460531177943,
        "42.0": 0.0023565535076160455,
        "52.0": 1.3250690277795088e-06,
        "12.0": 1.070315499500833e-06,
        "26.0": 0.00024313124576384688,
        "71.0": 1.0381905828075572e-07,
        "41.0": 9.130748725100705e-06,
        "15.0": 0.00046325060766387165,
        "55.0": 0.0004631805423280001,
        "33.0": 7.598582418396194e-06,
        "47.0": 6.129668875031948e-08,
        "2.0": 0.002356172816365274,
        "65.0": 1.0381905828074507e-07,
        "35.0": 1.672933114349685e-05,
        "9.0": 7.29336050625864e-08,
        "53.0": 0.0004631805423279997,
        "13.0": 0.0004631776740588082,
        "27.0": 7.438912434821194e-06,
        "84.0": 4.047095373267487e-09,
        "64.0": 1.572674160185644e-05,
        "38.0": 5.298584018015847e-07
    },
    "probability_distribution_items": [
        [
            40.0,
            0.00015684655309081456
        ],
        [
            22.0,
            0.011308623155328231
        ],
        [
            8.0,
            9.336968818560146e-05
        ],
        [
            44.0,
            0.33697078027064337
        ],
        [
            4.0,
            0.3368011803804513
        ],
        [
            30.0,
            0.011139271901340496
        ],
        [
            56.0,
            4.586433869448366e-05
        ],
        [
            49.0,
            2.022729691257519e-05
        ],
        [
            23.0,
            0.002219057964690153
        ],
        [
            1.0,
            9.156740549866775e-06
        ],
        [
            31.0,
            0.0024360329862427935
        ],
        [
            45.0,
            0.06718121442741568
        ],
        [
            5.0,
            0.06716970262417697
        ],
        [
            17.0,
            1.0967942962743196e-05
        ],
        [
            43.0,
            0.06719245576426142
        ],
        [
            21.0,
            0.0011437999458732478
        ],
        [
            3.0,
            0.06717885936472681
        ],
        [
            25.0,
            0.0023959709068907494
        ],
        [
            11.0,
            1.0967942962742783e-05
        ],
        [
            29.0,
            0.0011227590106037705
        ],
        [
            51.0,
            8.924663378074738e-06
        ],
        [
            62.0,
            1.28023311950347e-06
        ],
        [
            32.0,
            0.00020588577266516408
        ],
        [
            6.0,
            0.0023578063752956813
        ],
        [
            54.0,
            0.006613894447746181
        ],
        [
            14.0,
            0.006612364779415986
        ],
        [
            28.0,
            0.00010191207066871926
        ],
        [
            58.0,
            4.5905867966791953e-07
        ],
        [
            10.0,
            7.623627326322108e-07
        ],
        [
            46.0,
            0.00235701256629571
        ],
        [
            24.0,
            0.0002640460531177943
        ],
        [
            42.0,
            0.0023565535076160455
        ],
        [
            52.0,
            1.3250690277795088e-06
        ],
        [
            12.0,
            1.070315499500833e-06
        ],
        [
            26.0,
            0.00024313124576384688
        ],
        [
            71.0,
            1.0381905828075572e-07
        ],
        [
            41.0,
            9.130748725100705e-06
        ],
        [
            15.0,
            0.00046325060766387165
        ],
        [
            55.0,
            0.0004631805423280001
        ],
        [
            33.0,
            7.598582418396194e-06
        ],
        [
            47.0,
            6.129668875031948e-08
        ],
        [
            2.0,
            0.002356172816365274
        ],
        [
            65.0,
            1.0381905828074507e-07
        ],
        [
            35.0,
            1.672933114349685e-05
        ],
        [
            9.0,
            7.29336050625864e-08
        ],
        [
            53.0,
            0.0004631805423279997
        ],
        [
            13.0,
            0.0004631776740588082
        ],
        [
            27.0,
            7.438912434821194e-06
        ],
        [
            84.0,
            4.047095373267487e-09
        ],
        [
            64.0,
            1.572674160185644e-05
        ],
        [
            38.0,
            5.298584018015847e-07
        ]
    ],
    "approximation_ratio": 24.22481436286599,
    "approximation_ratio_offset": 0.7201829594835423,
    "noise": false,
    "p": 2
}