{
    "expected_value": 171.9511,
    "optimal_gammas": [
        2.2317834136935146
    ],
    "optimal_betas": [
        2.797832557649186
    ],
    "problem_identifier": "{'W': [1, 1], 'W_max': 2, 'A': 56, 'B': 4, 'C': 560}",
    "now": "2021-05-04 19:45:37",
    "execution_time": "0:21:13.442092",
    "nfev": 2187,
    "message": "Optimization terminated successfully.",
    "success": true,
    "nit": 70,
    "problem": {
        "W": [
            1,
            1
        ],
        "W_max": 2,
        "A": 56,
        "B": 4,
        "C": 560
    },
    "optimal_cost": 1.0,
    "probability_distribution": {
        "280.0": 0.0345,
        "154.0": 0.0192,
        "337.0": 0.0415,
        "155.0": 0.043399999999999994,
        "1.0": 0.028,
        "211.0": 0.013900000000000001,
        "309.0": 0.0039,
        "29.0": 0.0043,
        "113.0": 0.0027,
        "295.0": 0.049,
        "141.0": 0.0379,
        "15.0": 0.035500000000000004,
        "169.0": 0.0219,
        "71.0": 0.0026,
        "197.0": 0.0016,
        "351.0": 0.0014,
        "56.0": 0.004399999999999999,
        "410.0": 0.0056,
        "200.0": 0.027600000000000003,
        "18.0": 0.0731,
        "284.0": 0.0013000000000000002,
        "354.0": 0.007599999999999999,
        "74.0": 0.006,
        "172.0": 0.0222,
        "186.0": 0.0006000000000000001,
        "256.0": 0.0022,
        "308.0": 0.0018000000000000002,
        "394.0": 0.0047,
        "212.0": 0.0125,
        "58.0": 0.0083,
        "310.0": 0.0138,
        "30.0": 0.0098,
        "156.0": 0.0327,
        "282.0": 0.0073999999999999995,
        "28.0": 0.0009,
        "352.0": 0.0202,
        "198.0": 0.021899999999999996,
        "72.0": 0.0209,
        "170.0": 0.0441,
        "296.0": 0.029399999999999996,
        "16.0": 0.028,
        "142.0": 0.0183,
        "210.0": 0.0012,
        "467.0": 0.002,
        "257.0": 0.007,
        "75.0": 0.0242,
        "285.0": 0.0014,
        "355.0": 0.0045000000000000005,
        "173.0": 0.0277,
        "131.0": 0.0021,
        "201.0": 0.0089,
        "299.0": 0.024100000000000003,
        "2.0": 0.0042,
        "425.0": 0.0014,
        "215.0": 0.014400000000000001,
        "33.0": 0.018799999999999997,
        "271.0": 0.0027,
        "341.0": 0.004999999999999999,
        "61.0": 0.0034999999999999996,
        "159.0": 0.0264,
        "145.0": 0.0018,
        "313.0": 0.0237,
        "392.0": 0.0001,
        "540.0": 0.0001,
        "330.0": 0.0006999999999999999,
        "148.0": 0.0023,
        "400.0": 0.0012000000000000001,
        "120.0": 0.0009,
        "218.0": 0.0093,
        "316.0": 0.0138
    },
    "probability_distribution_items": [
        [
            280.0,
            0.0345
        ],
        [
            154.0,
            0.0192
        ],
        [
            337.0,
            0.0415
        ],
        [
            155.0,
            0.043399999999999994
        ],
        [
            1.0,
            0.028
        ],
        [
            211.0,
            0.013900000000000001
        ],
        [
            309.0,
            0.0039
        ],
        [
            29.0,
            0.0043
        ],
        [
            113.0,
            0.0027
        ],
        [
            295.0,
            0.049
        ],
        [
            141.0,
            0.0379
        ],
        [
            15.0,
            0.035500000000000004
        ],
        [
            169.0,
            0.0219
        ],
        [
            71.0,
            0.0026
        ],
        [
            197.0,
            0.0016
        ],
        [
            351.0,
            0.0014
        ],
        [
            56.0,
            0.004399999999999999
        ],
        [
            410.0,
            0.0056
        ],
        [
            200.0,
            0.027600000000000003
        ],
        [
            18.0,
            0.0731
        ],
        [
            284.0,
            0.0013000000000000002
        ],
        [
            354.0,
            0.007599999999999999
        ],
        [
            74.0,
            0.006
        ],
        [
            172.0,
            0.0222
        ],
        [
            186.0,
            0.0006000000000000001
        ],
        [
            256.0,
            0.0022
        ],
        [
            308.0,
            0.0018000000000000002
        ],
        [
            394.0,
            0.0047
        ],
        [
            212.0,
            0.0125
        ],
        [
            58.0,
            0.0083
        ],
        [
            310.0,
            0.0138
        ],
        [
            30.0,
            0.0098
        ],
        [
            156.0,
            0.0327
        ],
        [
            282.0,
            0.0073999999999999995
        ],
        [
            28.0,
            0.0009
        ],
        [
            352.0,
            0.0202
        ],
        [
            198.0,
            0.021899999999999996
        ],
        [
            72.0,
            0.0209
        ],
        [
            170.0,
            0.0441
        ],
        [
            296.0,
            0.029399999999999996
        ],
        [
            16.0,
            0.028
        ],
        [
            142.0,
            0.0183
        ],
        [
            210.0,
            0.0012
        ],
        [
            467.0,
            0.002
        ],
        [
            257.0,
            0.007
        ],
        [
            75.0,
            0.0242
        ],
        [
            285.0,
            0.0014
        ],
        [
            355.0,
            0.0045000000000000005
        ],
        [
            173.0,
            0.0277
        ],
        [
            131.0,
            0.0021
        ],
        [
            201.0,
            0.0089
        ],
        [
            299.0,
            0.024100000000000003
        ],
        [
            2.0,
            0.0042
        ],
        [
            425.0,
            0.0014
        ],
        [
            215.0,
            0.014400000000000001
        ],
        [
            33.0,
            0.018799999999999997
        ],
        [
            271.0,
            0.0027
        ],
        [
            341.0,
            0.004999999999999999
        ],
        [
            61.0,
            0.0034999999999999996
        ],
        [
            159.0,
            0.0264
        ],
        [
            145.0,
            0.0018
        ],
        [
            313.0,
            0.0237
        ],
        [
            392.0,
            0.0001
        ],
        [
            540.0,
            0.0001
        ],
        [
            330.0,
            0.0006999999999999999
        ],
        [
            148.0,
            0.0023
        ],
        [
            400.0,
            0.0012000000000000001
        ],
        [
            120.0,
            0.0009
        ],
        [
            218.0,
            0.0093
        ],
        [
            316.0,
            0.0138
        ]
    ],
    "approximation_ratio": 176.7022,
    "approximation_ratio_offset": 0.674021892393321,
    "noise": true,
    "p": 1
}