{
    "expected_value": 46.0022,
    "optimal_gammas": [
        1.7240374755518058,
        6.057964738468465,
        2.5103504071552716,
        2.147898956835192,
        4.587945395083576,
        1.5830588722291155
    ],
    "optimal_betas": [
        0.2763748087888471,
        2.4580563416201233,
        1.6225704705882915,
        1.7258379930226684,
        0.08649755717511454,
        1.64485152676091
    ],
    "problem_identifier": "{'W': [1, 1], 'W_max': 2, 'A': 8, 'B': 4, 'C': 144}",
    "now": "2021-05-04 18:40:39",
    "execution_time": "0:16:17.682978",
    "nfev": 672,
    "message": "Optimization terminated successfully.",
    "success": true,
    "nit": 1,
    "problem": {
        "W": [
            1,
            1
        ],
        "W_max": 2,
        "A": 8,
        "B": 4,
        "C": 144
    },
    "optimal_cost": 1.0,
    "probability_distribution": {
        "72.0": 0.0015,
        "38.0": 0.0282,
        "81.0": 0.030100000000000002,
        "39.0": 0.024,
        "1.0": 0.008400000000000001,
        "47.0": 0.021900000000000003,
        "77.0": 0.011699999999999999,
        "5.0": 0.013099999999999999,
        "17.0": 0.0060999999999999995,
        "75.0": 0.016,
        "37.0": 0.0105,
        "3.0": 0.0231,
        "41.0": 0.025,
        "11.0": 0.0056,
        "45.0": 0.0427,
        "83.0": 0.009000000000000001,
        "8.0": 0.0052,
        "94.0": 0.0041,
        "48.0": 0.028499999999999998,
        "6.0": 0.031,
        "60.0": 0.0121,
        "86.0": 0.0272,
        "14.0": 0.0127,
        "44.0": 0.024,
        "30.0": 0.006,
        "56.0": 0.015899999999999997,
        "76.0": 0.030100000000000002,
        "90.0": 0.0025,
        "10.0": 0.007899999999999999,
        "78.0": 0.014599999999999998,
        "40.0": 0.0482,
        "74.0": 0.0148,
        "4.0": 0.024,
        "84.0": 0.0169,
        "46.0": 0.0232,
        "12.0": 0.0089,
        "42.0": 0.029799999999999997,
        "103.0": 0.006,
        "57.0": 0.0154,
        "15.0": 0.0264,
        "61.0": 0.0109,
        "87.0": 0.0144,
        "23.0": 0.0098,
        "49.0": 0.0238,
        "79.0": 0.018099999999999998,
        "2.0": 0.0058,
        "97.0": 0.006,
        "51.0": 0.0348,
        "9.0": 0.0117,
        "59.0": 0.0125,
        "85.0": 0.0162,
        "13.0": 0.0138,
        "43.0": 0.0252,
        "25.0": 0.0078,
        "88.0": 0.0049,
        "116.0": 0.0031,
        "70.0": 0.0129,
        "28.0": 0.0085,
        "96.0": 0.0093,
        "24.0": 0.0096,
        "54.0": 0.0286
    },
    "probability_distribution_items": [
        [
            72.0,
            0.0015
        ],
        [
            38.0,
            0.0282
        ],
        [
            81.0,
            0.030100000000000002
        ],
        [
            39.0,
            0.024
        ],
        [
            1.0,
            0.008400000000000001
        ],
        [
            47.0,
            0.021900000000000003
        ],
        [
            77.0,
            0.011699999999999999
        ],
        [
            5.0,
            0.013099999999999999
        ],
        [
            17.0,
            0.0060999999999999995
        ],
        [
            75.0,
            0.016
        ],
        [
            37.0,
            0.0105
        ],
        [
            3.0,
            0.0231
        ],
        [
            41.0,
            0.025
        ],
        [
            11.0,
            0.0056
        ],
        [
            45.0,
            0.0427
        ],
        [
            83.0,
            0.009000000000000001
        ],
        [
            8.0,
            0.0052
        ],
        [
            94.0,
            0.0041
        ],
        [
            48.0,
            0.028499999999999998
        ],
        [
            6.0,
            0.031
        ],
        [
            60.0,
            0.0121
        ],
        [
            86.0,
            0.0272
        ],
        [
            14.0,
            0.0127
        ],
        [
            44.0,
            0.024
        ],
        [
            30.0,
            0.006
        ],
        [
            56.0,
            0.015899999999999997
        ],
        [
            76.0,
            0.030100000000000002
        ],
        [
            90.0,
            0.0025
        ],
        [
            10.0,
            0.007899999999999999
        ],
        [
            78.0,
            0.014599999999999998
        ],
        [
            40.0,
            0.0482
        ],
        [
            74.0,
            0.0148
        ],
        [
            4.0,
            0.024
        ],
        [
            84.0,
            0.0169
        ],
        [
            46.0,
            0.0232
        ],
        [
            12.0,
            0.0089
        ],
        [
            42.0,
            0.029799999999999997
        ],
        [
            103.0,
            0.006
        ],
        [
            57.0,
            0.0154
        ],
        [
            15.0,
            0.0264
        ],
        [
            61.0,
            0.0109
        ],
        [
            87.0,
            0.0144
        ],
        [
            23.0,
            0.0098
        ],
        [
            49.0,
            0.0238
        ],
        [
            79.0,
            0.018099999999999998
        ],
        [
            2.0,
            0.0058
        ],
        [
            97.0,
            0.006
        ],
        [
            51.0,
            0.0348
        ],
        [
            9.0,
            0.0117
        ],
        [
            59.0,
            0.0125
        ],
        [
            85.0,
            0.0162
        ],
        [
            13.0,
            0.0138
        ],
        [
            43.0,
            0.0252
        ],
        [
            25.0,
            0.0078
        ],
        [
            88.0,
            0.0049
        ],
        [
            116.0,
            0.0031
        ],
        [
            70.0,
            0.0129
        ],
        [
            28.0,
            0.0085
        ],
        [
            96.0,
            0.0093
        ],
        [
            24.0,
            0.0096
        ],
        [
            54.0,
            0.0286
        ]
    ],
    "approximation_ratio": 47.2496,
    "approximation_ratio_offset": 0.5978295652173913,
    "noise": true,
    "p": 6
}