{
    "expected_value": 192.7253,
    "optimal_gammas": [
        1.8878645921908486,
        5.56770095579026,
        0.2911038722924131,
        4.029818968039111,
        0.044486983726477636,
        3.6885116768095116,
        1.3460163377925878
    ],
    "optimal_betas": [
        0.4140938862389212,
        1.0603618546332676,
        2.800535434055284,
        2.194024106646485,
        0.4114866334666849,
        2.0966258231835617,
        0.9944255566137918
    ],
    "problem_identifier": "{'W': [1, 1], 'W_max': 2, 'A': 56, 'B': 4, 'C': 560}",
    "now": "2021-05-04 20:00:56",
    "execution_time": "0:23:18.894919",
    "nfev": 795,
    "message": "Optimization terminated successfully.",
    "success": true,
    "nit": 1,
    "problem": {
        "W": [
            1,
            1
        ],
        "W_max": 2,
        "A": 56,
        "B": 4,
        "C": 560
    },
    "optimal_cost": 1.0,
    "probability_distribution": {
        "280.0": 0.0036,
        "154.0": 0.015,
        "337.0": 0.0171,
        "155.0": 0.0344,
        "1.0": 0.007299999999999999,
        "211.0": 0.032,
        "309.0": 0.0164,
        "29.0": 0.0202,
        "113.0": 0.0052,
        "295.0": 0.023499999999999997,
        "141.0": 0.0147,
        "15.0": 0.0282,
        "169.0": 0.0341,
        "71.0": 0.0059,
        "197.0": 0.0196,
        "351.0": 0.0116,
        "56.0": 0.0081,
        "410.0": 0.0048000000000000004,
        "200.0": 0.0107,
        "18.0": 0.0068,
        "284.0": 0.0139,
        "354.0": 0.0225,
        "74.0": 0.0163,
        "172.0": 0.0172,
        "186.0": 0.006,
        "256.0": 0.0154,
        "308.0": 0.0081,
        "394.0": 0.0019,
        "212.0": 0.014100000000000001,
        "58.0": 0.0069,
        "310.0": 0.016,
        "30.0": 0.019,
        "156.0": 0.0521,
        "282.0": 0.0146,
        "28.0": 0.009399999999999999,
        "352.0": 0.0038,
        "198.0": 0.013000000000000001,
        "72.0": 0.0079,
        "170.0": 0.0336,
        "296.0": 0.028599999999999997,
        "16.0": 0.024399999999999998,
        "142.0": 0.0174,
        "210.0": 0.0194,
        "467.0": 0.0056,
        "257.0": 0.0097,
        "75.0": 0.0183,
        "285.0": 0.0107,
        "355.0": 0.0142,
        "173.0": 0.0166,
        "131.0": 0.007300000000000001,
        "201.0": 0.0155,
        "299.0": 0.0097,
        "2.0": 0.0093,
        "425.0": 0.0057,
        "215.0": 0.030900000000000004,
        "33.0": 0.0063,
        "271.0": 0.011099999999999999,
        "341.0": 0.0153,
        "61.0": 0.0149,
        "159.0": 0.0185,
        "145.0": 0.0081,
        "313.0": 0.009000000000000001,
        "392.0": 0.0062,
        "540.0": 0.0024,
        "330.0": 0.0112,
        "148.0": 0.006699999999999999,
        "400.0": 0.008,
        "120.0": 0.007599999999999999,
        "218.0": 0.016,
        "316.0": 0.0045
    },
    "probability_distribution_items": [
        [
            280.0,
            0.0036
        ],
        [
            154.0,
            0.015
        ],
        [
            337.0,
            0.0171
        ],
        [
            155.0,
            0.0344
        ],
        [
            1.0,
            0.007299999999999999
        ],
        [
            211.0,
            0.032
        ],
        [
            309.0,
            0.0164
        ],
        [
            29.0,
            0.0202
        ],
        [
            113.0,
            0.0052
        ],
        [
            295.0,
            0.023499999999999997
        ],
        [
            141.0,
            0.0147
        ],
        [
            15.0,
            0.0282
        ],
        [
            169.0,
            0.0341
        ],
        [
            71.0,
            0.0059
        ],
        [
            197.0,
            0.0196
        ],
        [
            351.0,
            0.0116
        ],
        [
            56.0,
            0.0081
        ],
        [
            410.0,
            0.0048000000000000004
        ],
        [
            200.0,
            0.0107
        ],
        [
            18.0,
            0.0068
        ],
        [
            284.0,
            0.0139
        ],
        [
            354.0,
            0.0225
        ],
        [
            74.0,
            0.0163
        ],
        [
            172.0,
            0.0172
        ],
        [
            186.0,
            0.006
        ],
        [
            256.0,
            0.0154
        ],
        [
            308.0,
            0.0081
        ],
        [
            394.0,
            0.0019
        ],
        [
            212.0,
            0.014100000000000001
        ],
        [
            58.0,
            0.0069
        ],
        [
            310.0,
            0.016
        ],
        [
            30.0,
            0.019
        ],
        [
            156.0,
            0.0521
        ],
        [
            282.0,
            0.0146
        ],
        [
            28.0,
            0.009399999999999999
        ],
        [
            352.0,
            0.0038
        ],
        [
            198.0,
            0.013000000000000001
        ],
        [
            72.0,
            0.0079
        ],
        [
            170.0,
            0.0336
        ],
        [
            296.0,
            0.028599999999999997
        ],
        [
            16.0,
            0.024399999999999998
        ],
        [
            142.0,
            0.0174
        ],
        [
            210.0,
            0.0194
        ],
        [
            467.0,
            0.0056
        ],
        [
            257.0,
            0.0097
        ],
        [
            75.0,
            0.0183
        ],
        [
            285.0,
            0.0107
        ],
        [
            355.0,
            0.0142
        ],
        [
            173.0,
            0.0166
        ],
        [
            131.0,
            0.007300000000000001
        ],
        [
            201.0,
            0.0155
        ],
        [
            299.0,
            0.0097
        ],
        [
            2.0,
            0.0093
        ],
        [
            425.0,
            0.0057
        ],
        [
            215.0,
            0.030900000000000004
        ],
        [
            33.0,
            0.0063
        ],
        [
            271.0,
            0.011099999999999999
        ],
        [
            341.0,
            0.0153
        ],
        [
            61.0,
            0.0149
        ],
        [
            159.0,
            0.0185
        ],
        [
            145.0,
            0.0081
        ],
        [
            313.0,
            0.009000000000000001
        ],
        [
            392.0,
            0.0062
        ],
        [
            540.0,
            0.0024
        ],
        [
            330.0,
            0.0112
        ],
        [
            148.0,
            0.006699999999999999
        ],
        [
            400.0,
            0.008
        ],
        [
            120.0,
            0.007599999999999999
        ],
        [
            218.0,
            0.016
        ],
        [
            316.0,
            0.0045
        ]
    ],
    "approximation_ratio": 194.6241,
    "approximation_ratio_offset": 0.6407716141001856,
    "noise": true,
    "p": 7
}