{
    "expected_value": 11.3223,
    "optimal_gammas": [
        0.7193076915553638,
        0.6606938702799336
    ],
    "optimal_betas": [
        0.5792891921745401,
        0.27782580234689624
    ],
    "problem_identifier": "{'W': [1, 1], 'W_max': 2, 'A': 8, 'B': 4, 'C': 16}",
    "now": "2021-05-03 18:19:56",
    "execution_time": "0:28:46.820037",
    "problem": {
        "W": [
            1,
            1
        ],
        "W_max": 2,
        "A": 8,
        "B": 4,
        "C": 16
    },
    "probability_distribution": {
        "8.0": 0.0601,
        "6.0": 0.15550000000000003,
        "17.0": 0.05539999999999999,
        "7.0": 0.0458,
        "1.0": 0.0159,
        "15.0": 0.0454,
        "13.0": 0.03710000000000001,
        "5.0": 0.0457,
        "11.0": 0.0666,
        "3.0": 0.025799999999999997,
        "9.0": 0.030100000000000002,
        "19.0": 0.018099999999999998,
        "30.0": 0.0115,
        "16.0": 0.052000000000000005,
        "28.0": 0.0071,
        "22.0": 0.019,
        "14.0": 0.049,
        "12.0": 0.0821,
        "24.0": 0.004299999999999999,
        "26.0": 0.003,
        "10.0": 0.058699999999999995,
        "4.0": 0.0297,
        "20.0": 0.0417,
        "39.0": 0.0026,
        "25.0": 0.0093,
        "29.0": 0.0046,
        "23.0": 0.0072,
        "2.0": 0.0021999999999999997,
        "33.0": 0.0021,
        "27.0": 0.004,
        "21.0": 0.0058,
        "52.0": 0.0006,
        "38.0": 0.0014,
        "32.0": 0.0006000000000000001
    },
    "probability_distribution_items": [
        [
            8.0,
            0.0601
        ],
        [
            6.0,
            0.15550000000000003
        ],
        [
            17.0,
            0.05539999999999999
        ],
        [
            7.0,
            0.0458
        ],
        [
            1.0,
            0.0159
        ],
        [
            15.0,
            0.0454
        ],
        [
            13.0,
            0.03710000000000001
        ],
        [
            5.0,
            0.0457
        ],
        [
            11.0,
            0.0666
        ],
        [
            3.0,
            0.025799999999999997
        ],
        [
            9.0,
            0.030100000000000002
        ],
        [
            19.0,
            0.018099999999999998
        ],
        [
            30.0,
            0.0115
        ],
        [
            16.0,
            0.052000000000000005
        ],
        [
            28.0,
            0.0071
        ],
        [
            22.0,
            0.019
        ],
        [
            14.0,
            0.049
        ],
        [
            12.0,
            0.0821
        ],
        [
            24.0,
            0.004299999999999999
        ],
        [
            26.0,
            0.003
        ],
        [
            10.0,
            0.058699999999999995
        ],
        [
            4.0,
            0.0297
        ],
        [
            20.0,
            0.0417
        ],
        [
            39.0,
            0.0026
        ],
        [
            25.0,
            0.0093
        ],
        [
            29.0,
            0.0046
        ],
        [
            23.0,
            0.0072
        ],
        [
            2.0,
            0.0021999999999999997
        ],
        [
            33.0,
            0.0021
        ],
        [
            27.0,
            0.004
        ],
        [
            21.0,
            0.0058
        ],
        [
            52.0,
            0.0006
        ],
        [
            38.0,
            0.0014
        ],
        [
            32.0,
            0.0006000000000000001
        ]
    ],
    "approximation_ratio": 0.7901509803921568,
    "noise": true,
    "p": 2
}