{
    "expected_value": 281.8708,
    "optimal_gammas": [
        0.324035683952979
    ],
    "optimal_betas": [
        0.32006890174293834
    ],
    "problem_identifier": "{'W': [1, 1], 'W_max': 2, 'A': 56, 'B': 4, 'C': 1008}",
    "now": "2021-05-04 19:53:39",
    "execution_time": "0:43:48.561908",
    "nfev": 4461,
    "message": "Optimization terminated successfully.",
    "success": true,
    "nit": 144,
    "problem": {
        "W": [
            1,
            1
        ],
        "W_max": 2,
        "A": 56,
        "B": 4,
        "C": 1008
    },
    "optimal_cost": 1.0,
    "probability_distribution": {
        "504.0": 0.0323,
        "266.0": 0.0291,
        "561.0": 0.0225,
        "267.0": 0.0634,
        "1.0": 0.0175,
        "323.0": 0.015199999999999998,
        "533.0": 0.013500000000000002,
        "29.0": 0.015200000000000002,
        "519.0": 0.034999999999999996,
        "253.0": 0.050899999999999994,
        "15.0": 0.029200000000000004,
        "281.0": 0.018199999999999997,
        "71.0": 0.001,
        "309.0": 0.0021,
        "575.0": 0.0012000000000000001,
        "56.0": 0.0031999999999999997,
        "634.0": 0.0029,
        "312.0": 0.027,
        "18.0": 0.0469,
        "396.0": 0.0017000000000000001,
        "578.0": 0.005600000000000001,
        "74.0": 0.010600000000000002,
        "284.0": 0.0206,
        "368.0": 0.0012000000000000001,
        "113.0": 0.0004,
        "532.0": 0.0036,
        "618.0": 0.0034,
        "324.0": 0.018500000000000003,
        "58.0": 0.0041,
        "534.0": 0.0161,
        "30.0": 0.016499999999999997,
        "268.0": 0.0468,
        "506.0": 0.0127,
        "28.0": 0.0018,
        "576.0": 0.006699999999999999,
        "310.0": 0.0196,
        "72.0": 0.0060999999999999995,
        "282.0": 0.0342,
        "520.0": 0.029699999999999997,
        "16.0": 0.029400000000000003,
        "254.0": 0.0188,
        "322.0": 0.0016,
        "691.0": 0.0013,
        "369.0": 0.0083,
        "75.0": 0.0232,
        "397.0": 0.0024,
        "579.0": 0.0114,
        "285.0": 0.0355,
        "131.0": 0.0009,
        "313.0": 0.0077,
        "523.0": 0.0124,
        "2.0": 0.0128,
        "649.0": 0.0011,
        "327.0": 0.0155,
        "33.0": 0.0139,
        "383.0": 0.0024,
        "565.0": 0.009600000000000001,
        "61.0": 0.0127,
        "271.0": 0.0402,
        "145.0": 0.0013,
        "537.0": 0.0126,
        "186.0": 0.0001,
        "616.0": 0.0001,
        "764.0": 0.0002,
        "442.0": 0.001,
        "148.0": 0.0027,
        "624.0": 0.0034,
        "120.0": 0.002,
        "330.0": 0.0151,
        "540.0": 0.0142
    },
    "probability_distribution_items": [
        [
            504.0,
            0.0323
        ],
        [
            266.0,
            0.0291
        ],
        [
            561.0,
            0.0225
        ],
        [
            267.0,
            0.0634
        ],
        [
            1.0,
            0.0175
        ],
        [
            323.0,
            0.015199999999999998
        ],
        [
            533.0,
            0.013500000000000002
        ],
        [
            29.0,
            0.015200000000000002
        ],
        [
            519.0,
            0.034999999999999996
        ],
        [
            253.0,
            0.050899999999999994
        ],
        [
            15.0,
            0.029200000000000004
        ],
        [
            281.0,
            0.018199999999999997
        ],
        [
            71.0,
            0.001
        ],
        [
            309.0,
            0.0021
        ],
        [
            575.0,
            0.0012000000000000001
        ],
        [
            56.0,
            0.0031999999999999997
        ],
        [
            634.0,
            0.0029
        ],
        [
            312.0,
            0.027
        ],
        [
            18.0,
            0.0469
        ],
        [
            396.0,
            0.0017000000000000001
        ],
        [
            578.0,
            0.005600000000000001
        ],
        [
            74.0,
            0.010600000000000002
        ],
        [
            284.0,
            0.0206
        ],
        [
            368.0,
            0.0012000000000000001
        ],
        [
            113.0,
            0.0004
        ],
        [
            532.0,
            0.0036
        ],
        [
            618.0,
            0.0034
        ],
        [
            324.0,
            0.018500000000000003
        ],
        [
            58.0,
            0.0041
        ],
        [
            534.0,
            0.0161
        ],
        [
            30.0,
            0.016499999999999997
        ],
        [
            268.0,
            0.0468
        ],
        [
            506.0,
            0.0127
        ],
        [
            28.0,
            0.0018
        ],
        [
            576.0,
            0.006699999999999999
        ],
        [
            310.0,
            0.0196
        ],
        [
            72.0,
            0.0060999999999999995
        ],
        [
            282.0,
            0.0342
        ],
        [
            520.0,
            0.029699999999999997
        ],
        [
            16.0,
            0.029400000000000003
        ],
        [
            254.0,
            0.0188
        ],
        [
            322.0,
            0.0016
        ],
        [
            691.0,
            0.0013
        ],
        [
            369.0,
            0.0083
        ],
        [
            75.0,
            0.0232
        ],
        [
            397.0,
            0.0024
        ],
        [
            579.0,
            0.0114
        ],
        [
            285.0,
            0.0355
        ],
        [
            131.0,
            0.0009
        ],
        [
            313.0,
            0.0077
        ],
        [
            523.0,
            0.0124
        ],
        [
            2.0,
            0.0128
        ],
        [
            649.0,
            0.0011
        ],
        [
            327.0,
            0.0155
        ],
        [
            33.0,
            0.0139
        ],
        [
            383.0,
            0.0024
        ],
        [
            565.0,
            0.009600000000000001
        ],
        [
            61.0,
            0.0127
        ],
        [
            271.0,
            0.0402
        ],
        [
            145.0,
            0.0013
        ],
        [
            537.0,
            0.0126
        ],
        [
            186.0,
            0.0001
        ],
        [
            616.0,
            0.0001
        ],
        [
            764.0,
            0.0002
        ],
        [
            442.0,
            0.001
        ],
        [
            148.0,
            0.0027
        ],
        [
            624.0,
            0.0034
        ],
        [
            120.0,
            0.002
        ],
        [
            330.0,
            0.0151
        ],
        [
            540.0,
            0.0142
        ]
    ],
    "approximation_ratio": 285.3121,
    "approximation_ratio_offset": 0.5879534782608696,
    "noise": true,
    "p": 1
}