{
    "expected_value": 27.004470482732092,
    "optimal_gammas": [
        2.855047585691767
    ],
    "optimal_betas": [
        0.7894140998571939
    ],
    "problem_identifier": "{'W': [1, 1], 'W_max': 2, 'A': 24, 'B': 4, 'C': 48}",
    "now": "2021-05-05 11:36:54",
    "execution_time": "0:06:21.112353",
    "nfev": 1044,
    "message": "Optimization terminated successfully.",
    "success": true,
    "nit": 32,
    "problem": {
        "W": [
            1,
            1
        ],
        "W_max": 2,
        "A": 24,
        "B": 4,
        "C": 48
    },
    "probability_distribution": {
        "24.0": 0.08525578842206126,
        "18.0": 0.128826928581051,
        "36.0": 0.032169356334975724,
        "12.0": 0.030520092345596557,
        "42.0": 0.019242897119909935,
        "72.0": 0.0016111791444737302,
        "49.0": 0.015900770966512236,
        "19.0": 0.05643459354809067,
        "1.0": 0.03711840623247743,
        "43.0": 0.013895767124214427,
        "37.0": 0.017247670115675844,
        "13.0": 0.02950082027463497,
        "31.0": 0.022461569370208455,
        "7.0": 0.047530373598034414,
        "25.0": 0.04494984222509958,
        "55.0": 0.004395206173852112,
        "82.0": 0.002721173347575769,
        "40.0": 0.025497364654653114,
        "10.0": 0.03112516936820786,
        "76.0": 0.0027168860598241152,
        "58.0": 0.016140606060336536,
        "34.0": 0.010743457601139766,
        "28.0": 0.025953293507872288,
        "64.0": 0.004963479062598396,
        "74.0": 0.004799442181327898,
        "44.0": 0.020468435466699145,
        "26.0": 0.0291746734796467,
        "38.0": 0.016493558886893047,
        "14.0": 0.02015264858648118,
        "20.0": 0.019514857942558094,
        "56.0": 0.001646777441789816,
        "32.0": 0.03147887047321449,
        "8.0": 0.014553253329131223,
        "107.0": 0.0006101296501878244,
        "65.0": 0.0030927920699218236,
        "35.0": 0.02432162083755384,
        "77.0": 0.00034401483242312475,
        "59.0": 0.0043390100594781645,
        "29.0": 0.01150030952963799,
        "41.0": 0.03098368027639415,
        "2.0": 0.002672091812399642,
        "89.0": 0.0006101296501878242,
        "47.0": 0.017545224750295667,
        "17.0": 0.004774806476654952,
        "71.0": 0.00034401483242312415,
        "53.0": 0.004264480494638316,
        "23.0": 0.008410213199919553,
        "140.0": 0.00031939802753217503,
        "98.0": 0.0014474590501109012,
        "68.0": 0.0009835515827604025,
        "80.0": 0.002480151224590759,
        "50.0": 0.015751712616072083
    },
    "probability_distribution_items": [
        [
            24.0,
            0.08525578842206126
        ],
        [
            18.0,
            0.128826928581051
        ],
        [
            36.0,
            0.032169356334975724
        ],
        [
            12.0,
            0.030520092345596557
        ],
        [
            42.0,
            0.019242897119909935
        ],
        [
            72.0,
            0.0016111791444737302
        ],
        [
            49.0,
            0.015900770966512236
        ],
        [
            19.0,
            0.05643459354809067
        ],
        [
            1.0,
            0.03711840623247743
        ],
        [
            43.0,
            0.013895767124214427
        ],
        [
            37.0,
            0.017247670115675844
        ],
        [
            13.0,
            0.02950082027463497
        ],
        [
            31.0,
            0.022461569370208455
        ],
        [
            7.0,
            0.047530373598034414
        ],
        [
            25.0,
            0.04494984222509958
        ],
        [
            55.0,
            0.004395206173852112
        ],
        [
            82.0,
            0.002721173347575769
        ],
        [
            40.0,
            0.025497364654653114
        ],
        [
            10.0,
            0.03112516936820786
        ],
        [
            76.0,
            0.0027168860598241152
        ],
        [
            58.0,
            0.016140606060336536
        ],
        [
            34.0,
            0.010743457601139766
        ],
        [
            28.0,
            0.025953293507872288
        ],
        [
            64.0,
            0.004963479062598396
        ],
        [
            74.0,
            0.004799442181327898
        ],
        [
            44.0,
            0.020468435466699145
        ],
        [
            26.0,
            0.0291746734796467
        ],
        [
            38.0,
            0.016493558886893047
        ],
        [
            14.0,
            0.02015264858648118
        ],
        [
            20.0,
            0.019514857942558094
        ],
        [
            56.0,
            0.001646777441789816
        ],
        [
            32.0,
            0.03147887047321449
        ],
        [
            8.0,
            0.014553253329131223
        ],
        [
            107.0,
            0.0006101296501878244
        ],
        [
            65.0,
            0.0030927920699218236
        ],
        [
            35.0,
            0.02432162083755384
        ],
        [
            77.0,
            0.00034401483242312475
        ],
        [
            59.0,
            0.0043390100594781645
        ],
        [
            29.0,
            0.01150030952963799
        ],
        [
            41.0,
            0.03098368027639415
        ],
        [
            2.0,
            0.002672091812399642
        ],
        [
            89.0,
            0.0006101296501878242
        ],
        [
            47.0,
            0.017545224750295667
        ],
        [
            17.0,
            0.004774806476654952
        ],
        [
            71.0,
            0.00034401483242312415
        ],
        [
            53.0,
            0.004264480494638316
        ],
        [
            23.0,
            0.008410213199919553
        ],
        [
            140.0,
            0.00031939802753217503
        ],
        [
            98.0,
            0.0014474590501109012
        ],
        [
            68.0,
            0.0009835515827604025
        ],
        [
            80.0,
            0.002480151224590759
        ],
        [
            50.0,
            0.015751712616072083
        ]
    ],
    "approximation_ratio": 0.812917478541496,
    "noise": false,
    "p": 1
}