{
    "expected_value": 11.1322,
    "optimal_gammas": [
        0.6749884724409569,
        1.5424473032728878
    ],
    "optimal_betas": [
        0.4450910814083684,
        2.7581952509502266
    ],
    "problem_identifier": "{'W': [1, 1], 'W_max': 2, 'A': 8, 'B': 4, 'C': 16}",
    "now": "2021-05-05 09:21:22",
    "execution_time": "2:41:42.964121",
    "nfev": 7575,
    "message": "Optimization terminated successfully.",
    "success": true,
    "nit": 123,
    "problem": {
        "W": [
            1,
            1
        ],
        "W_max": 2,
        "A": 8,
        "B": 4,
        "C": 16
    },
    "probability_distribution": {
        "8.0": 0.07930000000000002,
        "6.0": 0.1052,
        "17.0": 0.0389,
        "7.0": 0.0531,
        "1.0": 0.018099999999999998,
        "15.0": 0.047400000000000005,
        "13.0": 0.058800000000000005,
        "5.0": 0.061399999999999996,
        "11.0": 0.0676,
        "3.0": 0.032,
        "9.0": 0.0403,
        "19.0": 0.018600000000000002,
        "30.0": 0.009500000000000001,
        "16.0": 0.043699999999999996,
        "28.0": 0.0092,
        "22.0": 0.0231,
        "14.0": 0.049699999999999994,
        "12.0": 0.0653,
        "24.0": 0.0053,
        "26.0": 0.0035,
        "10.0": 0.057699999999999994,
        "4.0": 0.0346,
        "20.0": 0.0131,
        "39.0": 0.0031,
        "25.0": 0.0097,
        "29.0": 0.0057,
        "23.0": 0.0132,
        "2.0": 0.011,
        "33.0": 0.0031999999999999997,
        "27.0": 0.0056,
        "21.0": 0.0081,
        "52.0": 0.0003,
        "38.0": 0.0024000000000000002,
        "32.0": 0.0023
    },
    "probability_distribution_items": [
        [
            8.0,
            0.07930000000000002
        ],
        [
            6.0,
            0.1052
        ],
        [
            17.0,
            0.0389
        ],
        [
            7.0,
            0.0531
        ],
        [
            1.0,
            0.018099999999999998
        ],
        [
            15.0,
            0.047400000000000005
        ],
        [
            13.0,
            0.058800000000000005
        ],
        [
            5.0,
            0.061399999999999996
        ],
        [
            11.0,
            0.0676
        ],
        [
            3.0,
            0.032
        ],
        [
            9.0,
            0.0403
        ],
        [
            19.0,
            0.018600000000000002
        ],
        [
            30.0,
            0.009500000000000001
        ],
        [
            16.0,
            0.043699999999999996
        ],
        [
            28.0,
            0.0092
        ],
        [
            22.0,
            0.0231
        ],
        [
            14.0,
            0.049699999999999994
        ],
        [
            12.0,
            0.0653
        ],
        [
            24.0,
            0.0053
        ],
        [
            26.0,
            0.0035
        ],
        [
            10.0,
            0.057699999999999994
        ],
        [
            4.0,
            0.0346
        ],
        [
            20.0,
            0.0131
        ],
        [
            39.0,
            0.0031
        ],
        [
            25.0,
            0.0097
        ],
        [
            29.0,
            0.0057
        ],
        [
            23.0,
            0.0132
        ],
        [
            2.0,
            0.011
        ],
        [
            33.0,
            0.0031999999999999997
        ],
        [
            27.0,
            0.0056
        ],
        [
            21.0,
            0.0081
        ],
        [
            52.0,
            0.0003
        ],
        [
            38.0,
            0.0024000000000000002
        ],
        [
            32.0,
            0.0023
        ]
    ],
    "approximation_ratio": 0.7909450980392156,
    "noise": true,
    "p": 2
}