{
    "expected_value": 303.3143,
    "optimal_gammas": [
        2.900067353261831,
        1.0553166156489744,
        3.9757417381514863,
        4.9036815644456775,
        4.270038215595946,
        0.22660320274854984,
        0.6489003310269181
    ],
    "optimal_betas": [
        0.35585670707104744,
        1.9490541736029567,
        0.8584557322012399,
        3.001085948074807,
        1.1609977268466964,
        0.35657527533435407,
        0.47804598909089413
    ],
    "problem_identifier": "{'W': [1, 1], 'W_max': 2, 'A': 56, 'B': 4, 'C': 1008}",
    "now": "2021-05-04 20:05:33",
    "execution_time": "0:24:59.519590",
    "nfev": 855,
    "message": "Optimization terminated successfully.",
    "success": true,
    "nit": 1,
    "problem": {
        "W": [
            1,
            1
        ],
        "W_max": 2,
        "A": 56,
        "B": 4,
        "C": 1008
    },
    "optimal_cost": 1.0,
    "probability_distribution": {
        "504.0": 0.0058,
        "266.0": 0.020900000000000002,
        "561.0": 0.0149,
        "267.0": 0.0357,
        "1.0": 0.01,
        "323.0": 0.0291,
        "533.0": 0.016300000000000002,
        "29.0": 0.016,
        "113.0": 0.0063999999999999994,
        "519.0": 0.024300000000000002,
        "253.0": 0.0196,
        "15.0": 0.0269,
        "281.0": 0.0314,
        "71.0": 0.0054,
        "309.0": 0.0133,
        "575.0": 0.0068,
        "56.0": 0.011,
        "634.0": 0.0079,
        "312.0": 0.019000000000000003,
        "18.0": 0.0114,
        "396.0": 0.0129,
        "578.0": 0.0224,
        "74.0": 0.0142,
        "284.0": 0.014499999999999999,
        "186.0": 0.006500000000000001,
        "368.0": 0.0159,
        "532.0": 0.0072,
        "618.0": 0.0029,
        "324.0": 0.0159,
        "58.0": 0.0087,
        "534.0": 0.0156,
        "30.0": 0.016999999999999998,
        "268.0": 0.049199999999999994,
        "506.0": 0.0142,
        "28.0": 0.0091,
        "576.0": 0.0081,
        "310.0": 0.0153,
        "72.0": 0.0077,
        "282.0": 0.032999999999999995,
        "520.0": 0.0239,
        "16.0": 0.025500000000000002,
        "254.0": 0.017,
        "322.0": 0.0166,
        "691.0": 0.0060999999999999995,
        "369.0": 0.014099999999999998,
        "75.0": 0.0213,
        "397.0": 0.011600000000000001,
        "579.0": 0.0164,
        "285.0": 0.0157,
        "131.0": 0.0077,
        "313.0": 0.015399999999999999,
        "523.0": 0.0094,
        "2.0": 0.0104,
        "649.0": 0.0069,
        "327.0": 0.025900000000000003,
        "33.0": 0.0081,
        "383.0": 0.013,
        "565.0": 0.0136,
        "61.0": 0.0137,
        "271.0": 0.0143,
        "145.0": 0.0060999999999999995,
        "537.0": 0.0071,
        "616.0": 0.0027,
        "764.0": 0.0035,
        "442.0": 0.0109,
        "148.0": 0.0072,
        "624.0": 0.0069,
        "120.0": 0.0079,
        "330.0": 0.014499999999999999,
        "540.0": 0.0042
    },
    "probability_distribution_items": [
        [
            504.0,
            0.0058
        ],
        [
            266.0,
            0.020900000000000002
        ],
        [
            561.0,
            0.0149
        ],
        [
            267.0,
            0.0357
        ],
        [
            1.0,
            0.01
        ],
        [
            323.0,
            0.0291
        ],
        [
            533.0,
            0.016300000000000002
        ],
        [
            29.0,
            0.016
        ],
        [
            113.0,
            0.0063999999999999994
        ],
        [
            519.0,
            0.024300000000000002
        ],
        [
            253.0,
            0.0196
        ],
        [
            15.0,
            0.0269
        ],
        [
            281.0,
            0.0314
        ],
        [
            71.0,
            0.0054
        ],
        [
            309.0,
            0.0133
        ],
        [
            575.0,
            0.0068
        ],
        [
            56.0,
            0.011
        ],
        [
            634.0,
            0.0079
        ],
        [
            312.0,
            0.019000000000000003
        ],
        [
            18.0,
            0.0114
        ],
        [
            396.0,
            0.0129
        ],
        [
            578.0,
            0.0224
        ],
        [
            74.0,
            0.0142
        ],
        [
            284.0,
            0.014499999999999999
        ],
        [
            186.0,
            0.006500000000000001
        ],
        [
            368.0,
            0.0159
        ],
        [
            532.0,
            0.0072
        ],
        [
            618.0,
            0.0029
        ],
        [
            324.0,
            0.0159
        ],
        [
            58.0,
            0.0087
        ],
        [
            534.0,
            0.0156
        ],
        [
            30.0,
            0.016999999999999998
        ],
        [
            268.0,
            0.049199999999999994
        ],
        [
            506.0,
            0.0142
        ],
        [
            28.0,
            0.0091
        ],
        [
            576.0,
            0.0081
        ],
        [
            310.0,
            0.0153
        ],
        [
            72.0,
            0.0077
        ],
        [
            282.0,
            0.032999999999999995
        ],
        [
            520.0,
            0.0239
        ],
        [
            16.0,
            0.025500000000000002
        ],
        [
            254.0,
            0.017
        ],
        [
            322.0,
            0.0166
        ],
        [
            691.0,
            0.0060999999999999995
        ],
        [
            369.0,
            0.014099999999999998
        ],
        [
            75.0,
            0.0213
        ],
        [
            397.0,
            0.011600000000000001
        ],
        [
            579.0,
            0.0164
        ],
        [
            285.0,
            0.0157
        ],
        [
            131.0,
            0.0077
        ],
        [
            313.0,
            0.015399999999999999
        ],
        [
            523.0,
            0.0094
        ],
        [
            2.0,
            0.0104
        ],
        [
            649.0,
            0.0069
        ],
        [
            327.0,
            0.025900000000000003
        ],
        [
            33.0,
            0.0081
        ],
        [
            383.0,
            0.013
        ],
        [
            565.0,
            0.0136
        ],
        [
            61.0,
            0.0137
        ],
        [
            271.0,
            0.0143
        ],
        [
            145.0,
            0.0060999999999999995
        ],
        [
            537.0,
            0.0071
        ],
        [
            616.0,
            0.0027
        ],
        [
            764.0,
            0.0035
        ],
        [
            442.0,
            0.0109
        ],
        [
            148.0,
            0.0072
        ],
        [
            624.0,
            0.0069
        ],
        [
            120.0,
            0.0079
        ],
        [
            330.0,
            0.014499999999999999
        ],
        [
            540.0,
            0.0042
        ]
    ],
    "approximation_ratio": 307.6492,
    "approximation_ratio_offset": 0.5981006553079947,
    "noise": true,
    "p": 7
}