{
    "expected_value": 171.9511,
    "optimal_gammas": [
        2.2317834136935146
    ],
    "optimal_betas": [
        2.797832557649186
    ],
    "problem_identifier": "{'W': [1, 1], 'W_max': 2, 'A': 56, 'B': 4, 'C': 560}",
    "now": "2021-05-04 19:45:37",
    "execution_time": "0:21:13.442092",
    "nfev": 2187,
    "message": "Optimization terminated successfully.",
    "success": true,
    "nit": 70,
    "problem": {
        "W": [
            1,
            1
        ],
        "W_max": 2,
        "A": 56,
        "B": 4,
        "C": 560
    },
    "probability_distribution": {
        "280.0": 0.0308,
        "154.0": 0.019100000000000002,
        "337.0": 0.043199999999999995,
        "155.0": 0.041600000000000005,
        "1.0": 0.0267,
        "211.0": 0.015099999999999997,
        "309.0": 0.005899999999999999,
        "29.0": 0.0050999999999999995,
        "113.0": 0.0027,
        "295.0": 0.0451,
        "141.0": 0.0394,
        "15.0": 0.0373,
        "169.0": 0.0216,
        "71.0": 0.003,
        "197.0": 0.003,
        "351.0": 0.0021,
        "56.0": 0.0035,
        "410.0": 0.0055,
        "200.0": 0.0276,
        "18.0": 0.0728,
        "284.0": 0.0018999999999999998,
        "354.0": 0.0089,
        "74.0": 0.006,
        "172.0": 0.0216,
        "186.0": 0.0006,
        "256.0": 0.0025,
        "308.0": 0.001,
        "394.0": 0.0053,
        "212.0": 0.011,
        "58.0": 0.011300000000000001,
        "310.0": 0.0121,
        "30.0": 0.012199999999999999,
        "156.0": 0.031099999999999996,
        "282.0": 0.0063999999999999994,
        "28.0": 0.0011,
        "352.0": 0.022699999999999998,
        "198.0": 0.0217,
        "72.0": 0.0202,
        "170.0": 0.0393,
        "296.0": 0.024399999999999998,
        "16.0": 0.0298,
        "142.0": 0.019899999999999998,
        "210.0": 0.0009000000000000001,
        "467.0": 0.0023,
        "257.0": 0.0082,
        "75.0": 0.0271,
        "285.0": 0.0013,
        "355.0": 0.005299999999999999,
        "173.0": 0.025299999999999996,
        "131.0": 0.0018,
        "201.0": 0.0101,
        "299.0": 0.022600000000000002,
        "2.0": 0.0034,
        "425.0": 0.0014,
        "215.0": 0.0152,
        "33.0": 0.0191,
        "271.0": 0.0015,
        "341.0": 0.004,
        "61.0": 0.0041,
        "159.0": 0.025099999999999997,
        "145.0": 0.0019000000000000002,
        "313.0": 0.0276,
        "540.0": 0.0001,
        "330.0": 0.0004,
        "148.0": 0.0025,
        "400.0": 0.0014,
        "120.0": 0.0004,
        "218.0": 0.0104,
        "316.0": 0.0145
    },
    "probability_distribution_items": [
        [
            280.0,
            0.0308
        ],
        [
            154.0,
            0.019100000000000002
        ],
        [
            337.0,
            0.043199999999999995
        ],
        [
            155.0,
            0.041600000000000005
        ],
        [
            1.0,
            0.0267
        ],
        [
            211.0,
            0.015099999999999997
        ],
        [
            309.0,
            0.005899999999999999
        ],
        [
            29.0,
            0.0050999999999999995
        ],
        [
            113.0,
            0.0027
        ],
        [
            295.0,
            0.0451
        ],
        [
            141.0,
            0.0394
        ],
        [
            15.0,
            0.0373
        ],
        [
            169.0,
            0.0216
        ],
        [
            71.0,
            0.003
        ],
        [
            197.0,
            0.003
        ],
        [
            351.0,
            0.0021
        ],
        [
            56.0,
            0.0035
        ],
        [
            410.0,
            0.0055
        ],
        [
            200.0,
            0.0276
        ],
        [
            18.0,
            0.0728
        ],
        [
            284.0,
            0.0018999999999999998
        ],
        [
            354.0,
            0.0089
        ],
        [
            74.0,
            0.006
        ],
        [
            172.0,
            0.0216
        ],
        [
            186.0,
            0.0006
        ],
        [
            256.0,
            0.0025
        ],
        [
            308.0,
            0.001
        ],
        [
            394.0,
            0.0053
        ],
        [
            212.0,
            0.011
        ],
        [
            58.0,
            0.011300000000000001
        ],
        [
            310.0,
            0.0121
        ],
        [
            30.0,
            0.012199999999999999
        ],
        [
            156.0,
            0.031099999999999996
        ],
        [
            282.0,
            0.0063999999999999994
        ],
        [
            28.0,
            0.0011
        ],
        [
            352.0,
            0.022699999999999998
        ],
        [
            198.0,
            0.0217
        ],
        [
            72.0,
            0.0202
        ],
        [
            170.0,
            0.0393
        ],
        [
            296.0,
            0.024399999999999998
        ],
        [
            16.0,
            0.0298
        ],
        [
            142.0,
            0.019899999999999998
        ],
        [
            210.0,
            0.0009000000000000001
        ],
        [
            467.0,
            0.0023
        ],
        [
            257.0,
            0.0082
        ],
        [
            75.0,
            0.0271
        ],
        [
            285.0,
            0.0013
        ],
        [
            355.0,
            0.005299999999999999
        ],
        [
            173.0,
            0.025299999999999996
        ],
        [
            131.0,
            0.0018
        ],
        [
            201.0,
            0.0101
        ],
        [
            299.0,
            0.022600000000000002
        ],
        [
            2.0,
            0.0034
        ],
        [
            425.0,
            0.0014
        ],
        [
            215.0,
            0.0152
        ],
        [
            33.0,
            0.0191
        ],
        [
            271.0,
            0.0015
        ],
        [
            341.0,
            0.004
        ],
        [
            61.0,
            0.0041
        ],
        [
            159.0,
            0.025099999999999997
        ],
        [
            145.0,
            0.0019000000000000002
        ],
        [
            313.0,
            0.0276
        ],
        [
            540.0,
            0.0001
        ],
        [
            330.0,
            0.0004
        ],
        [
            148.0,
            0.0025
        ],
        [
            400.0,
            0.0014
        ],
        [
            120.0,
            0.0004
        ],
        [
            218.0,
            0.0104
        ],
        [
            316.0,
            0.0145
        ]
    ],
    "approximation_ratio": 0.6746601113172541,
    "noise": true,
    "p": 1
}