{
    "expected_value": 1.9344853222405192,
    "optimal_gammas": [
        1.1441639421535028
    ],
    "optimal_betas": [
        2.291752241367526
    ],
    "problem_identifier": "{'W': [1], 'W_max': 1, 'A': 8, 'B': 4, 'C': 12}",
    "now": "2021-05-04 17:34:24",
    "execution_time": "0:04:51.000065",
    "nfev": 681,
    "message": "Optimization terminated successfully.",
    "success": true,
    "nit": 21,
    "problem": {
        "W": [
            1
        ],
        "W_max": 1,
        "A": 8,
        "B": 4,
        "C": 12
    },
    "optimal_cost": 1.0,
    "probability_distribution": {
        "3.0": 0.41787580354865034,
        "2.0": 0.020513263603541828,
        "6.0": 0.015644090307935316,
        "1.0": 0.5459668425398726
    },
    "probability_distribution_items": [
        [
            3.0,
            0.41787580354865034
        ],
        [
            2.0,
            0.020513263603541828
        ],
        [
            6.0,
            0.015644090307935316
        ],
        [
            1.0,
            0.5459668425398726
        ]
    ],
    "approximation_ratio": 1.934485322240519,
    "approximation_ratio_offset": 0.8131029355518962,
    "noise": false,
    "p": 1
}