{
    "expected_value": 200.7591,
    "optimal_gammas": [
        0.29518990107749143
    ],
    "optimal_betas": [
        0.2971624678622269
    ],
    "problem_identifier": "{'W': [1, 1], 'W_max': 2, 'A': 40, 'B': 4, 'C': 720}",
    "now": "2021-05-04 19:59:46",
    "execution_time": "0:37:54.523709",
    "nfev": 4077,
    "message": "Optimization terminated successfully.",
    "success": true,
    "nit": 131,
    "problem": {
        "W": [
            1,
            1
        ],
        "W_max": 2,
        "A": 40,
        "B": 4,
        "C": 720
    },
    "probability_distribution": {
        "360.0": 0.0192,
        "190.0": 0.017799999999999996,
        "401.0": 0.0216,
        "191.0": 0.0576,
        "1.0": 0.0108,
        "231.0": 0.0149,
        "381.0": 0.0126,
        "21.0": 0.0116,
        "81.0": 0.001,
        "371.0": 0.0398,
        "181.0": 0.0563,
        "11.0": 0.023100000000000002,
        "201.0": 0.019200000000000002,
        "51.0": 0.0012000000000000001,
        "221.0": 0.0029,
        "411.0": 0.0007999999999999999,
        "40.0": 0.0031999999999999997,
        "454.0": 0.004,
        "224.0": 0.0441,
        "14.0": 0.056,
        "284.0": 0.0024,
        "414.0": 0.0119,
        "54.0": 0.0166,
        "204.0": 0.0305,
        "134.0": 0.00030000000000000003,
        "264.0": 0.0014,
        "380.0": 0.003,
        "442.0": 0.0012,
        "232.0": 0.0075,
        "42.0": 0.0026,
        "382.0": 0.011899999999999999,
        "22.0": 0.013099999999999999,
        "192.0": 0.0265,
        "362.0": 0.008,
        "20.0": 0.0009,
        "412.0": 0.0108,
        "222.0": 0.0258,
        "52.0": 0.0069,
        "202.0": 0.049600000000000005,
        "372.0": 0.05040000000000001,
        "12.0": 0.0471,
        "182.0": 0.024499999999999997,
        "230.0": 0.002,
        "495.0": 0.0008,
        "265.0": 0.0045000000000000005,
        "55.0": 0.018600000000000002,
        "285.0": 0.003,
        "415.0": 0.0141,
        "205.0": 0.0378,
        "95.0": 0.001,
        "225.0": 0.0079,
        "375.0": 0.014700000000000001,
        "2.0": 0.0089,
        "465.0": 0.0007999999999999999,
        "235.0": 0.0117,
        "25.0": 0.0082,
        "275.0": 0.0028,
        "405.0": 0.0109,
        "45.0": 0.0104,
        "195.0": 0.032600000000000004,
        "105.0": 0.0014,
        "385.0": 0.0133,
        "440.0": 0.0003,
        "548.0": 0.0003,
        "318.0": 0.0013,
        "108.0": 0.0025,
        "448.0": 0.0023,
        "88.0": 0.0007,
        "238.0": 0.0076,
        "388.0": 0.009
    },
    "probability_distribution_items": [
        [
            360.0,
            0.0192
        ],
        [
            190.0,
            0.017799999999999996
        ],
        [
            401.0,
            0.0216
        ],
        [
            191.0,
            0.0576
        ],
        [
            1.0,
            0.0108
        ],
        [
            231.0,
            0.0149
        ],
        [
            381.0,
            0.0126
        ],
        [
            21.0,
            0.0116
        ],
        [
            81.0,
            0.001
        ],
        [
            371.0,
            0.0398
        ],
        [
            181.0,
            0.0563
        ],
        [
            11.0,
            0.023100000000000002
        ],
        [
            201.0,
            0.019200000000000002
        ],
        [
            51.0,
            0.0012000000000000001
        ],
        [
            221.0,
            0.0029
        ],
        [
            411.0,
            0.0007999999999999999
        ],
        [
            40.0,
            0.0031999999999999997
        ],
        [
            454.0,
            0.004
        ],
        [
            224.0,
            0.0441
        ],
        [
            14.0,
            0.056
        ],
        [
            284.0,
            0.0024
        ],
        [
            414.0,
            0.0119
        ],
        [
            54.0,
            0.0166
        ],
        [
            204.0,
            0.0305
        ],
        [
            134.0,
            0.00030000000000000003
        ],
        [
            264.0,
            0.0014
        ],
        [
            380.0,
            0.003
        ],
        [
            442.0,
            0.0012
        ],
        [
            232.0,
            0.0075
        ],
        [
            42.0,
            0.0026
        ],
        [
            382.0,
            0.011899999999999999
        ],
        [
            22.0,
            0.013099999999999999
        ],
        [
            192.0,
            0.0265
        ],
        [
            362.0,
            0.008
        ],
        [
            20.0,
            0.0009
        ],
        [
            412.0,
            0.0108
        ],
        [
            222.0,
            0.0258
        ],
        [
            52.0,
            0.0069
        ],
        [
            202.0,
            0.049600000000000005
        ],
        [
            372.0,
            0.05040000000000001
        ],
        [
            12.0,
            0.0471
        ],
        [
            182.0,
            0.024499999999999997
        ],
        [
            230.0,
            0.002
        ],
        [
            495.0,
            0.0008
        ],
        [
            265.0,
            0.0045000000000000005
        ],
        [
            55.0,
            0.018600000000000002
        ],
        [
            285.0,
            0.003
        ],
        [
            415.0,
            0.0141
        ],
        [
            205.0,
            0.0378
        ],
        [
            95.0,
            0.001
        ],
        [
            225.0,
            0.0079
        ],
        [
            375.0,
            0.014700000000000001
        ],
        [
            2.0,
            0.0089
        ],
        [
            465.0,
            0.0007999999999999999
        ],
        [
            235.0,
            0.0117
        ],
        [
            25.0,
            0.0082
        ],
        [
            275.0,
            0.0028
        ],
        [
            405.0,
            0.0109
        ],
        [
            45.0,
            0.0104
        ],
        [
            195.0,
            0.032600000000000004
        ],
        [
            105.0,
            0.0014
        ],
        [
            385.0,
            0.0133
        ],
        [
            440.0,
            0.0003
        ],
        [
            548.0,
            0.0003
        ],
        [
            318.0,
            0.0013
        ],
        [
            108.0,
            0.0025
        ],
        [
            448.0,
            0.0023
        ],
        [
            88.0,
            0.0007
        ],
        [
            238.0,
            0.0076
        ],
        [
            388.0,
            0.009
        ]
    ],
    "approximation_ratio": 0.626053382084095,
    "noise": true,
    "p": 1
}