{
    "expected_value": 280.9704615685949,
    "optimal_gammas": [
        5.0446979980139135
    ],
    "optimal_betas": [
        0.6091147355677978
    ],
    "problem_identifier": "{'W': [1, 1], 'W_max': 2, 'A': 40, 'B': 4, 'C': 1040}",
    "now": "2021-05-05 17:37:21",
    "execution_time": "0:15:41.667555",
    "nfev": 2847,
    "message": "Optimization terminated successfully.",
    "success": true,
    "nit": 93,
    "problem": {
        "W": [
            1,
            1
        ],
        "W_max": 2,
        "A": 40,
        "B": 4,
        "C": 1040
    },
    "probability_distribution": {
        "520.0": 0.1526953251927337,
        "270.0": 0.057153196655711516,
        "40.0": 0.05313199956576142,
        "540.0": 0.003415292578677195,
        "20.0": 0.0019328789012616808,
        "310.0": 0.009948243021523381,
        "600.0": 0.0046488663262969345,
        "561.0": 0.03330448342750033,
        "271.0": 0.039458464783048965,
        "1.0": 0.09584155057828443,
        "311.0": 0.006919098864219515,
        "541.0": 0.00127395493843724,
        "21.0": 0.0027551046401071548,
        "81.0": 0.003033933999164578,
        "531.0": 0.01787726836362548,
        "261.0": 0.02152247856867402,
        "11.0": 0.09859665521839159,
        "281.0": 0.02104443739259121,
        "51.0": 0.0030339339991645817,
        "301.0": 0.0038106476860032394,
        "571.0": 0.01670117000231206,
        "614.0": 0.0013056484999798253,
        "304.0": 0.04611021724986519,
        "14.0": 0.050840861010338974,
        "364.0": 0.0002444871181353279,
        "574.0": 0.012287886850027768,
        "54.0": 0.005128618332292288,
        "284.0": 0.009510911451162243,
        "134.0": 0.00022030654158400017,
        "344.0": 0.008167002943439871,
        "602.0": 0.00035696795748792475,
        "312.0": 0.001106262774823361,
        "42.0": 0.004903203828211694,
        "542.0": 0.015646946855928212,
        "22.0": 0.005099496475768768,
        "272.0": 0.01436163787123572,
        "522.0": 0.01528997889844028,
        "572.0": 0.0008894392861327371,
        "302.0": 0.001209197511486648,
        "52.0": 0.005424065775175648,
        "282.0": 0.008063457686012781,
        "532.0": 0.031807161952888185,
        "12.0": 0.00582104925269944,
        "262.0": 0.006854260174526134,
        "655.0": 8.365683905041624e-05,
        "345.0": 0.0023923238897915976,
        "55.0": 0.003825124431556284,
        "365.0": 9.556299130302283e-05,
        "575.0": 0.002026511470980915,
        "285.0": 0.0035144557601913358,
        "95.0": 0.0004142854299122513,
        "305.0": 0.014418063378771778,
        "535.0": 0.015930087442636173,
        "2.0": 0.0001962926475570654,
        "625.0": 8.365683905041648e-05,
        "315.0": 0.016810387268563372,
        "25.0": 0.0026191985034140297,
        "355.0": 9.55629913030225e-05,
        "565.0": 0.0020265114709809152,
        "45.0": 0.001205925928142254,
        "275.0": 0.0035144557601913358,
        "105.0": 0.00041428542991225057,
        "545.0": 0.01593008744263616,
        "708.0": 2.3774592929117342e-06,
        "398.0": 0.00021001906468625005,
        "108.0": 0.00022468221066188022,
        "608.0": 0.0019302873243196529,
        "88.0": 0.0014892802573544493,
        "318.0": 0.007529389075013973,
        "548.0": 0.004269477691592145
    },
    "probability_distribution_items": [
        [
            520.0,
            0.1526953251927337
        ],
        [
            270.0,
            0.057153196655711516
        ],
        [
            40.0,
            0.05313199956576142
        ],
        [
            540.0,
            0.003415292578677195
        ],
        [
            20.0,
            0.0019328789012616808
        ],
        [
            310.0,
            0.009948243021523381
        ],
        [
            600.0,
            0.0046488663262969345
        ],
        [
            561.0,
            0.03330448342750033
        ],
        [
            271.0,
            0.039458464783048965
        ],
        [
            1.0,
            0.09584155057828443
        ],
        [
            311.0,
            0.006919098864219515
        ],
        [
            541.0,
            0.00127395493843724
        ],
        [
            21.0,
            0.0027551046401071548
        ],
        [
            81.0,
            0.003033933999164578
        ],
        [
            531.0,
            0.01787726836362548
        ],
        [
            261.0,
            0.02152247856867402
        ],
        [
            11.0,
            0.09859665521839159
        ],
        [
            281.0,
            0.02104443739259121
        ],
        [
            51.0,
            0.0030339339991645817
        ],
        [
            301.0,
            0.0038106476860032394
        ],
        [
            571.0,
            0.01670117000231206
        ],
        [
            614.0,
            0.0013056484999798253
        ],
        [
            304.0,
            0.04611021724986519
        ],
        [
            14.0,
            0.050840861010338974
        ],
        [
            364.0,
            0.0002444871181353279
        ],
        [
            574.0,
            0.012287886850027768
        ],
        [
            54.0,
            0.005128618332292288
        ],
        [
            284.0,
            0.009510911451162243
        ],
        [
            134.0,
            0.00022030654158400017
        ],
        [
            344.0,
            0.008167002943439871
        ],
        [
            602.0,
            0.00035696795748792475
        ],
        [
            312.0,
            0.001106262774823361
        ],
        [
            42.0,
            0.004903203828211694
        ],
        [
            542.0,
            0.015646946855928212
        ],
        [
            22.0,
            0.005099496475768768
        ],
        [
            272.0,
            0.01436163787123572
        ],
        [
            522.0,
            0.01528997889844028
        ],
        [
            572.0,
            0.0008894392861327371
        ],
        [
            302.0,
            0.001209197511486648
        ],
        [
            52.0,
            0.005424065775175648
        ],
        [
            282.0,
            0.008063457686012781
        ],
        [
            532.0,
            0.031807161952888185
        ],
        [
            12.0,
            0.00582104925269944
        ],
        [
            262.0,
            0.006854260174526134
        ],
        [
            655.0,
            8.365683905041624e-05
        ],
        [
            345.0,
            0.0023923238897915976
        ],
        [
            55.0,
            0.003825124431556284
        ],
        [
            365.0,
            9.556299130302283e-05
        ],
        [
            575.0,
            0.002026511470980915
        ],
        [
            285.0,
            0.0035144557601913358
        ],
        [
            95.0,
            0.0004142854299122513
        ],
        [
            305.0,
            0.014418063378771778
        ],
        [
            535.0,
            0.015930087442636173
        ],
        [
            2.0,
            0.0001962926475570654
        ],
        [
            625.0,
            8.365683905041648e-05
        ],
        [
            315.0,
            0.016810387268563372
        ],
        [
            25.0,
            0.0026191985034140297
        ],
        [
            355.0,
            9.55629913030225e-05
        ],
        [
            565.0,
            0.0020265114709809152
        ],
        [
            45.0,
            0.001205925928142254
        ],
        [
            275.0,
            0.0035144557601913358
        ],
        [
            105.0,
            0.00041428542991225057
        ],
        [
            545.0,
            0.01593008744263616
        ],
        [
            708.0,
