{
    "expected_value": 85.0321,
    "optimal_gammas": [
        4.400995348721773,
        2.5971971662543987,
        3.3509517704502145,
        4.184664498396759,
        2.556366819906468,
        2.6797268745020113,
        1.1405914933461823
    ],
    "optimal_betas": [
        1.4291206758041495,
        1.2798569492332583,
        3.0490178524822946,
        2.140429902165003,
        1.2297512617684365,
        0.04272699675098979,
        2.850530207846548
    ],
    "problem_identifier": "{'W': [1, 1], 'W_max': 2, 'A': 24, 'B': 4, 'C': 240}",
    "now": "2021-05-04 17:34:22",
    "execution_time": "0:26:09.450850",
    "nfev": 900,
    "message": "Optimization terminated successfully.",
    "success": true,
    "nit": 1,
    "problem": {
        "W": [
            1,
            1
        ],
        "W_max": 2,
        "A": 24,
        "B": 4,
        "C": 240
    },
    "probability_distribution": {
        "120.0": 0.0071,
        "66.0": 0.0264,
        "145.0": 0.019999999999999997,
        "67.0": 0.0368,
        "1.0": 0.009899999999999999,
        "91.0": 0.0349,
        "133.0": 0.0194,
        "13.0": 0.019200000000000002,
        "49.0": 0.0072,
        "127.0": 0.037000000000000005,
        "61.0": 0.0232,
        "7.0": 0.026199999999999998,
        "73.0": 0.0344,
        "31.0": 0.0079,
        "85.0": 0.0137,
        "151.0": 0.0057,
        "24.0": 0.0092,
        "178.0": 0.011,
        "88.0": 0.0203,
        "10.0": 0.0106,
        "124.0": 0.017,
        "154.0": 0.019100000000000002,
        "34.0": 0.0157,
        "76.0": 0.0129,
        "82.0": 0.006,
        "112.0": 0.0118,
        "132.0": 0.0104,
        "170.0": 0.0049,
        "92.0": 0.0168,
        "26.0": 0.0066,
        "134.0": 0.0165,
        "14.0": 0.015199999999999998,
        "68.0": 0.046200000000000005,
        "122.0": 0.0093,
        "12.0": 0.0092,
        "152.0": 0.0115,
        "86.0": 0.0154,
        "32.0": 0.0051,
        "74.0": 0.0311,
        "128.0": 0.0218,
        "8.0": 0.025299999999999996,
        "62.0": 0.013000000000000001,
        "90.0": 0.0167,
        "203.0": 0.0083,
        "113.0": 0.0137,
        "35.0": 0.0195,
        "125.0": 0.0158,
        "155.0": 0.0129,
        "77.0": 0.011600000000000001,
        "59.0": 0.0064,
        "89.0": 0.011099999999999999,
        "131.0": 0.0046,
        "2.0": 0.0094,
        "185.0": 0.0086,
        "95.0": 0.023299999999999998,
        "17.0": 0.0066,
        "119.0": 0.0164,
        "149.0": 0.016499999999999997,
        "29.0": 0.014499999999999999,
        "71.0": 0.010499999999999999,
        "65.0": 0.0056,
        "137.0": 0.0039,
        "168.0": 0.0045,
        "236.0": 0.0039,
        "146.0": 0.0133,
        "176.0": 0.0056,
        "56.0": 0.0051,
        "98.0": 0.0093,
        "140.0": 0.0015
    },
    "probability_distribution_items": [
        [
            120.0,
            0.0071
        ],
        [
            66.0,
            0.0264
        ],
        [
            145.0,
            0.019999999999999997
        ],
        [
            67.0,
            0.0368
        ],
        [
            1.0,
            0.009899999999999999
        ],
        [
            91.0,
            0.0349
        ],
        [
            133.0,
            0.0194
        ],
        [
            13.0,
            0.019200000000000002
        ],
        [
            49.0,
            0.0072
        ],
        [
            127.0,
            0.037000000000000005
        ],
        [
            61.0,
            0.0232
        ],
        [
            7.0,
            0.026199999999999998
        ],
        [
            73.0,
            0.0344
        ],
        [
            31.0,
            0.0079
        ],
        [
            85.0,
            0.0137
        ],
        [
            151.0,
            0.0057
        ],
        [
            24.0,
            0.0092
        ],
        [
            178.0,
            0.011
        ],
        [
            88.0,
            0.0203
        ],
        [
            10.0,
            0.0106
        ],
        [
            124.0,
            0.017
        ],
        [
            154.0,
            0.019100000000000002
        ],
        [
            34.0,
            0.0157
        ],
        [
            76.0,
            0.0129
        ],
        [
            82.0,
            0.006
        ],
        [
            112.0,
            0.0118
        ],
        [
            132.0,
            0.0104
        ],
        [
            170.0,
            0.0049
        ],
        [
            92.0,
            0.0168
        ],
        [
            26.0,
            0.0066
        ],
        [
            134.0,
            0.0165
        ],
        [
            14.0,
            0.015199999999999998
        ],
        [
            68.0,
            0.046200000000000005
        ],
        [
            122.0,
            0.0093
        ],
        [
            12.0,
            0.0092
        ],
        [
            152.0,
            0.0115
        ],
        [
            86.0,
            0.0154
        ],
        [
            32.0,
            0.0051
        ],
        [
            74.0,
            0.0311
        ],
        [
            128.0,
            0.0218
        ],
        [
            8.0,
            0.025299999999999996
        ],
        [
            62.0,
            0.013000000000000001
        ],
        [
            90.0,
            0.0167
        ],
        [
            203.0,
            0.0083
        ],
        [
            113.0,
            0.0137
        ],
        [
            35.0,
            0.0195
        ],
        [
            125.0,
            0.0158
        ],
        [
            155.0,
            0.0129
        ],
        [
            77.0,
            0.011600000000000001
        ],
        [
            59.0,
            0.0064
        ],
        [
            89.0,
            0.011099999999999999
        ],
        [
            131.0,
            0.0046
        ],
        [
            2.0,
            0.0094
        ],
        [
            185.0,
            0.0086
        ],
        [
            95.0,
            0.023299999999999998
        ],
        [
            17.0,
            0.0066
        ],
        [
            119.0,
            0.0164
        ],
        [
            149.0,
            0.016499999999999997
        ],
        [
            29.0,
            0.014499999999999999
        ],
        [
            71.0,
            0.010499999999999999
        ],
        [
            65.0,
            0.0056
        ],
        [
            137.0,
            0.0039
        ],
        [
            168.0,
            0.0045
        ],
        [
            236.0,
            0.0039
        ],
        [
            146.0,
            0.0133
        ],
        [
            176.0,
            0.0056
        ],
        [
            56.0,
            0.0051
        ],
        [
            98.0,
            0.0093
        ],
        [
            140.0,
            0.0015
        ]
    ],
    "approximation_ratio": 0.6381791489361702,
    "noise": true,
    "p": 7
}