{
    "expected_value": 202.0082,
    "optimal_gammas": [
        0.9252494589419742
    ],
    "optimal_betas": [
        0.4329324700344235
    ],
    "problem_identifier": "{'W': [1, 1], 'W_max': 2, 'A': 40, 'B': 4, 'C': 720}",
    "now": "2021-05-04 18:27:10",
    "execution_time": "0:26:23.882238",
    "nfev": 3273,
    "message": "Optimization terminated successfully.",
    "success": true,
    "nit": 106,
    "problem": {
        "W": [
            1,
            1
        ],
        "W_max": 2,
        "A": 40,
        "B": 4,
        "C": 720
    },
    "optimal_cost": 1.0,
    "probability_distribution": {
        "360.0": 0.0558,
        "190.0": 0.023700000000000002,
        "401.0": 0.04599999999999999,
        "191.0": 0.0329,
        "1.0": 0.0446,
        "231.0": 0.01,
        "381.0": 0.0021,
        "21.0": 0.002,
        "81.0": 0.0031,
        "371.0": 0.045,
        "181.0": 0.021400000000000002,
        "11.0": 0.0461,
        "201.0": 0.017799999999999996,
        "51.0": 0.0043,
        "221.0": 0.0027,
        "411.0": 0.0031999999999999997,
        "40.0": 0.0112,
        "454.0": 0.004399999999999999,
        "224.0": 0.0149,
        "14.0": 0.0746,
        "284.0": 0.0011,
        "414.0": 0.0083,
        "54.0": 0.002,
        "204.0": 0.0124,
        "134.0": 0.0007,
        "264.0": 0.0009,
        "380.0": 0.0009000000000000001,
        "442.0": 0.01,
        "232.0": 0.0085,
        "42.0": 0.0189,
        "382.0": 0.0225,
        "22.0": 0.025599999999999998,
        "192.0": 0.0317,
        "362.0": 0.0115,
        "20.0": 0.0014,
        "412.0": 0.0162,
        "222.0": 0.0094,
        "52.0": 0.0169,
        "202.0": 0.015300000000000001,
        "372.0": 0.0175,
        "12.0": 0.0202,
        "182.0": 0.0089,
        "230.0": 0.0013000000000000002,
        "495.0": 0.0025,
        "265.0": 0.0068000000000000005,
        "55.0": 0.037200000000000004,
        "285.0": 0.0009999999999999998,
        "415.0": 0.0014,
        "205.0": 0.0167,
        "95.0": 0.0028,
        "225.0": 0.0079,
        "375.0": 0.035,
        "2.0": 0.0014,
        "465.0": 0.0031999999999999997,
        "235.0": 0.0144,
        "25.0": 0.0339,
        "275.0": 0.0011,
        "405.0": 0.0019,
        "45.0": 0.0016,
        "195.0": 0.019,
        "105.0": 0.0022,
        "385.0": 0.0317,
        "440.0": 0.0008,
        "548.0": 0.0004,
        "318.0": 0.0009,
        "108.0": 0.0043,
        "448.0": 0.0007,
        "88.0": 0.0005,
        "238.0": 0.0133,
        "388.0": 0.0295
    },
    "probability_distribution_items": [
        [
            360.0,
            0.0558
        ],
        [
            190.0,
            0.023700000000000002
        ],
        [
            401.0,
            0.04599999999999999
        ],
        [
            191.0,
            0.0329
        ],
        [
            1.0,
            0.0446
        ],
        [
            231.0,
            0.01
        ],
        [
            381.0,
            0.0021
        ],
        [
            21.0,
            0.002
        ],
        [
            81.0,
            0.0031
        ],
        [
            371.0,
            0.045
        ],
        [
            181.0,
            0.021400000000000002
        ],
        [
            11.0,
            0.0461
        ],
        [
            201.0,
            0.017799999999999996
        ],
        [
            51.0,
            0.0043
        ],
        [
            221.0,
            0.0027
        ],
        [
            411.0,
            0.0031999999999999997
        ],
        [
            40.0,
            0.0112
        ],
        [
            454.0,
            0.004399999999999999
        ],
        [
            224.0,
            0.0149
        ],
        [
            14.0,
            0.0746
        ],
        [
            284.0,
            0.0011
        ],
        [
            414.0,
            0.0083
        ],
        [
            54.0,
            0.002
        ],
        [
            204.0,
            0.0124
        ],
        [
            134.0,
            0.0007
        ],
        [
            264.0,
            0.0009
        ],
        [
            380.0,
            0.0009000000000000001
        ],
        [
            442.0,
            0.01
        ],
        [
            232.0,
            0.0085
        ],
        [
            42.0,
            0.0189
        ],
        [
            382.0,
            0.0225
        ],
        [
            22.0,
            0.025599999999999998
        ],
        [
            192.0,
            0.0317
        ],
        [
            362.0,
            0.0115
        ],
        [
            20.0,
            0.0014
        ],
        [
            412.0,
            0.0162
        ],
        [
            222.0,
            0.0094
        ],
        [
            52.0,
            0.0169
        ],
        [
            202.0,
            0.015300000000000001
        ],
        [
            372.0,
            0.0175
        ],
        [
            12.0,
            0.0202
        ],
        [
            182.0,
            0.0089
        ],
        [
            230.0,
            0.0013000000000000002
        ],
        [
            495.0,
            0.0025
        ],
        [
            265.0,
            0.0068000000000000005
        ],
        [
            55.0,
            0.037200000000000004
        ],
        [
            285.0,
            0.0009999999999999998
        ],
        [
            415.0,
            0.0014
        ],
        [
            205.0,
            0.0167
        ],
        [
            95.0,
            0.0028
        ],
        [
            225.0,
            0.0079
        ],
        [
            375.0,
            0.035
        ],
        [
            2.0,
            0.0014
        ],
        [
            465.0,
            0.0031999999999999997
        ],
        [
            235.0,
            0.0144
        ],
        [
            25.0,
            0.0339
        ],
        [
            275.0,
            0.0011
        ],
        [
            405.0,
            0.0019
        ],
        [
            45.0,
            0.0016
        ],
        [
            195.0,
            0.019
        ],
        [
            105.0,
            0.0022
        ],
        [
            385.0,
            0.0317
        ],
        [
            440.0,
            0.0008
        ],
        [
            548.0,
            0.0004
        ],
        [
            318.0,
            0.0009
        ],
        [
            108.0,
            0.0043
        ],
        [
            448.0,
            0.0007
        ],
        [
            88.0,
            0.0005
        ],
        [
            238.0,
            0.0133
        ],
        [
            388.0,
            0.0295
        ]
    ],
    "approximation_ratio": 205.7172,
    "approximation_ratio_offset": 0.625745521023766,
    "noise": true,
    "p": 1
}