{
    "expected_value": 392.5195,
    "optimal_gammas": [
        5.148218297967002
    ],
    "optimal_betas": [
        2.8431550219860187
    ],
    "problem_identifier": "{'W': [1, 1], 'W_max': 2, 'A': 56, 'B': 4, 'C': 1456}",
    "now": "2021-05-04 18:14:12",
    "execution_time": "0:09:41.365116",
    "nfev": 1203,
    "message": "Optimization terminated successfully.",
    "success": true,
    "nit": 37,
    "problem": {
        "W": [
            1,
            1
        ],
        "W_max": 2,
        "A": 56,
        "B": 4,
        "C": 1456
    },
    "probability_distribution": {
        "728.0": 0.0357,
        "378.0": 0.026399999999999996,
        "785.0": 0.023799999999999998,
        "379.0": 0.061799999999999994,
        "1.0": 0.0202,
        "435.0": 0.013100000000000002,
        "757.0": 0.011,
        "29.0": 0.0095,
        "113.0": 0.0015,
        "743.0": 0.036500000000000005,
        "365.0": 0.0503,
        "15.0": 0.0345,
        "393.0": 0.0195,
        "71.0": 0.0018,
        "421.0": 0.0021999999999999997,
        "799.0": 0.0018,
        "56.0": 0.0028,
        "858.0": 0.0033,
        "424.0": 0.0257,
        "18.0": 0.0432,
        "508.0": 0.0021,
        "802.0": 0.0066,
        "74.0": 0.0071,
        "396.0": 0.0207,
        "480.0": 0.0012,
        "756.0": 0.0031999999999999997,
        "842.0": 0.0037,
        "436.0": 0.0175,
        "58.0": 0.0076,
        "758.0": 0.018600000000000002,
        "30.0": 0.0169,
        "380.0": 0.048999999999999995,
        "730.0": 0.0142,
        "28.0": 0.0028,
        "800.0": 0.0091,
        "422.0": 0.0205,
        "72.0": 0.0077,
        "394.0": 0.0351,
        "744.0": 0.029,
        "16.0": 0.0271,
        "366.0": 0.014700000000000001,
        "434.0": 0.0014999999999999998,
        "915.0": 0.0011,
        "481.0": 0.0115,
        "75.0": 0.0265,
        "509.0": 0.0024,
        "803.0": 0.0083,
        "397.0": 0.0331,
        "131.0": 0.0011,
        "425.0": 0.0066,
        "747.0": 0.0143,
        "2.0": 0.0112,
        "873.0": 0.0015999999999999999,
        "439.0": 0.0143,
        "33.0": 0.0163,
        "495.0": 0.0031000000000000003,
        "789.0": 0.008400000000000001,
        "61.0": 0.0097,
        "383.0": 0.0335,
        "145.0": 0.0012000000000000001,
        "761.0": 0.016,
        "840.0": 0.0001,
        "988.0": 0.0001,
        "554.0": 0.0016999999999999997,
        "148.0": 0.0021,
        "848.0": 0.0031999999999999997,
        "120.0": 0.002,
        "442.0": 0.016399999999999998,
        "764.0": 0.0137
    },
    "probability_distribution_items": [
        [
            728.0,
            0.0357
        ],
        [
            378.0,
            0.026399999999999996
        ],
        [
            785.0,
            0.023799999999999998
        ],
        [
            379.0,
            0.061799999999999994
        ],
        [
            1.0,
            0.0202
        ],
        [
            435.0,
            0.013100000000000002
        ],
        [
            757.0,
            0.011
        ],
        [
            29.0,
            0.0095
        ],
        [
            113.0,
            0.0015
        ],
        [
            743.0,
            0.036500000000000005
        ],
        [
            365.0,
            0.0503
        ],
        [
            15.0,
            0.0345
        ],
        [
            393.0,
            0.0195
        ],
        [
            71.0,
            0.0018
        ],
        [
            421.0,
            0.0021999999999999997
        ],
        [
            799.0,
            0.0018
        ],
        [
            56.0,
            0.0028
        ],
        [
            858.0,
            0.0033
        ],
        [
            424.0,
            0.0257
        ],
        [
            18.0,
            0.0432
        ],
        [
            508.0,
            0.0021
        ],
        [
            802.0,
            0.0066
        ],
        [
            74.0,
            0.0071
        ],
        [
            396.0,
            0.0207
        ],
        [
            480.0,
            0.0012
        ],
        [
            756.0,
            0.0031999999999999997
        ],
        [
            842.0,
            0.0037
        ],
        [
            436.0,
            0.0175
        ],
        [
            58.0,
            0.0076
        ],
        [
            758.0,
            0.018600000000000002
        ],
        [
            30.0,
            0.0169
        ],
        [
            380.0,
            0.048999999999999995
        ],
        [
            730.0,
            0.0142
        ],
        [
            28.0,
            0.0028
        ],
        [
            800.0,
            0.0091
        ],
        [
            422.0,
            0.0205
        ],
        [
            72.0,
            0.0077
        ],
        [
            394.0,
            0.0351
        ],
        [
            744.0,
            0.029
        ],
        [
            16.0,
            0.0271
        ],
        [
            366.0,
            0.014700000000000001
        ],
        [
            434.0,
            0.0014999999999999998
        ],
        [
            915.0,
            0.0011
        ],
        [
            481.0,
            0.0115
        ],
        [
            75.0,
            0.0265
        ],
        [
            509.0,
            0.0024
        ],
        [
            803.0,
            0.0083
        ],
        [
            397.0,
            0.0331
        ],
        [
            131.0,
            0.0011
        ],
        [
            425.0,
            0.0066
        ],
        [
            747.0,
            0.0143
        ],
        [
            2.0,
            0.0112
        ],
        [
            873.0,
            0.0015999999999999999
        ],
        [
            439.0,
            0.0143
        ],
        [
            33.0,
            0.0163
        ],
        [
            495.0,
            0.0031000000000000003
        ],
        [
            789.0,
            0.008400000000000001
        ],
        [
            61.0,
            0.0097
        ],
        [
            383.0,
            0.0335
        ],
        [
            145.0,
            0.0012000000000000001
        ],
        [
            761.0,
            0.016
        ],
        [
            840.0,
            0.0001
        ],
        [
            988.0,
            0.0001
        ],
        [
            554.0,
            0.0016999999999999997
        ],
        [
            148.0,
            0.0021
        ],
        [
            848.0,
            0.0031999999999999997
        ],
        [
            120.0,
            0.002
        ],
        [
            442.0,
            0.016399999999999998
        ],
        [
            764.0,
            0.0137
        ]
    ],
    "approximation_ratio": 0.5924933130699088,
    "noise": true,
    "p": 1
}