{
    "expected_value": 58.6431,
    "optimal_gammas": [
        5.404629518685324
    ],
    "optimal_betas": [
        2.7830323026264883
    ],
    "problem_identifier": "{'W': [1, 1], 'W_max': 2, 'A': 8, 'B': 4, 'C': 208}",
    "now": "2021-05-04 17:21:29",
    "execution_time": "0:07:30.923901",
    "nfev": 1143,
    "message": "Optimization terminated successfully.",
    "success": true,
    "nit": 35,
    "problem": {
        "W": [
            1,
            1
        ],
        "W_max": 2,
        "A": 8,
        "B": 4,
        "C": 208
    },
    "optimal_cost": 1.0,
    "probability_distribution": {
        "104.0": 0.0335,
        "54.0": 0.035699999999999996,
        "113.0": 0.0661,
        "55.0": 0.043699999999999996,
        "1.0": 0.0282,
        "63.0": 0.0128,
        "109.0": 0.0056,
        "5.0": 0.0047,
        "17.0": 0.0023,
        "107.0": 0.046,
        "53.0": 0.039,
        "3.0": 0.0344,
        "57.0": 0.0231,
        "11.0": 0.0036,
        "61.0": 0.0311,
        "115.0": 0.0023,
        "8.0": 0.0042,
        "126.0": 0.0041,
        "64.0": 0.038900000000000004,
        "6.0": 0.08750000000000002,
        "76.0": 0.0014999999999999998,
        "118.0": 0.0083,
        "14.0": 0.0045,
        "60.0": 0.0187,
        "30.0": 0.0009,
        "72.0": 0.0015,
        "108.0": 0.029199999999999997,
        "122.0": 0.005,
        "10.0": 0.0089,
        "110.0": 0.0121,
        "56.0": 0.0348,
        "106.0": 0.009000000000000001,
        "4.0": 0.027200000000000002,
        "116.0": 0.038599999999999995,
        "62.0": 0.021799999999999996,
        "12.0": 0.0172,
        "58.0": 0.0372,
        "135.0": 0.002,
        "73.0": 0.0087,
        "15.0": 0.0271,
        "77.0": 0.0019999999999999996,
        "119.0": 0.0041,
        "23.0": 0.002,
        "65.0": 0.0078,
        "111.0": 0.027,
        "2.0": 0.0036,
        "129.0": 0.0014,
        "67.0": 0.0167,
        "9.0": 0.0204,
        "75.0": 0.0022,
        "117.0": 0.0046,
        "13.0": 0.0044,
        "59.0": 0.0264,
        "25.0": 0.0015999999999999999,
        "148.0": 0.0001,
        "86.0": 0.0012,
        "28.0": 0.0027,
        "24.0": 0.0007,
        "70.0": 0.009600000000000001,
        "128.0": 0.0005
    },
    "probability_distribution_items": [
        [
            104.0,
            0.0335
        ],
        [
            54.0,
            0.035699999999999996
        ],
        [
            113.0,
            0.0661
        ],
        [
            55.0,
            0.043699999999999996
        ],
        [
            1.0,
            0.0282
        ],
        [
            63.0,
            0.0128
        ],
        [
            109.0,
            0.0056
        ],
        [
            5.0,
            0.0047
        ],
        [
            17.0,
            0.0023
        ],
        [
            107.0,
            0.046
        ],
        [
            53.0,
            0.039
        ],
        [
            3.0,
            0.0344
        ],
        [
            57.0,
            0.0231
        ],
        [
            11.0,
            0.0036
        ],
        [
            61.0,
            0.0311
        ],
        [
            115.0,
            0.0023
        ],
        [
            8.0,
            0.0042
        ],
        [
            126.0,
            0.0041
        ],
        [
            64.0,
            0.038900000000000004
        ],
        [
            6.0,
            0.08750000000000002
        ],
        [
            76.0,
            0.0014999999999999998
        ],
        [
            118.0,
            0.0083
        ],
        [
            14.0,
            0.0045
        ],
        [
            60.0,
            0.0187
        ],
        [
            30.0,
            0.0009
        ],
        [
            72.0,
            0.0015
        ],
        [
            108.0,
            0.029199999999999997
        ],
        [
            122.0,
            0.005
        ],
        [
            10.0,
            0.0089
        ],
        [
            110.0,
            0.0121
        ],
        [
            56.0,
            0.0348
        ],
        [
            106.0,
            0.009000000000000001
        ],
        [
            4.0,
            0.027200000000000002
        ],
        [
            116.0,
            0.038599999999999995
        ],
        [
            62.0,
            0.021799999999999996
        ],
        [
            12.0,
            0.0172
        ],
        [
            58.0,
            0.0372
        ],
        [
            135.0,
            0.002
        ],
        [
            73.0,
            0.0087
        ],
        [
            15.0,
            0.0271
        ],
        [
            77.0,
            0.0019999999999999996
        ],
        [
            119.0,
            0.0041
        ],
        [
            23.0,
            0.002
        ],
        [
            65.0,
            0.0078
        ],
        [
            111.0,
            0.027
        ],
        [
            2.0,
            0.0036
        ],
        [
            129.0,
            0.0014
        ],
        [
            67.0,
            0.0167
        ],
        [
            9.0,
            0.0204
        ],
        [
            75.0,
            0.0022
        ],
        [
            117.0,
            0.0046
        ],
        [
            13.0,
            0.0044
        ],
        [
            59.0,
            0.0264
        ],
        [
            25.0,
            0.0015999999999999999
        ],
        [
            148.0,
            0.0001
        ],
        [
            86.0,
            0.0012
        ],
        [
            28.0,
            0.0027
        ],
        [
            24.0,
            0.0007
        ],
        [
            70.0,
            0.009600000000000001
        ],
        [
            128.0,
            0.0005
        ]
    ],
    "approximation_ratio": 59.5122,
    "approximation_ratio_offset": 0.5633417910447761,
    "noise": true,
    "p": 1
}