{
    "expected_value": 122.4309,
    "optimal_gammas": [
        2.9091729910428317
    ],
    "optimal_betas": [
        2.789119388670705
    ],
    "problem_identifier": "{'W': [1, 1], 'W_max': 2, 'A': 24, 'B': 4, 'C': 432}",
    "now": "2021-05-04 17:39:18",
    "execution_time": "0:13:00.936058",
    "nfev": 1812,
    "message": "Optimization terminated successfully.",
    "success": true,
    "nit": 56,
    "problem": {
        "W": [
            1,
            1
        ],
        "W_max": 2,
        "A": 24,
        "B": 4,
        "C": 432
    },
    "optimal_cost": 1.0,
    "probability_distribution": {
        "216.0": 0.0312,
        "114.0": 0.0269,
        "241.0": 0.0173,
        "115.0": 0.0674,
        "1.0": 0.014000000000000002,
        "139.0": 0.0123,
        "229.0": 0.016200000000000003,
        "13.0": 0.0174,
        "49.0": 0.0009,
        "223.0": 0.03729999999999999,
        "109.0": 0.0595,
        "7.0": 0.028800000000000003,
        "121.0": 0.016900000000000002,
        "31.0": 0.0012,
        "133.0": 0.004299999999999999,
        "247.0": 0.001,
        "24.0": 0.0036,
        "274.0": 0.004,
        "136.0": 0.028700000000000003,
        "10.0": 0.039599999999999996,
        "172.0": 0.0035,
        "250.0": 0.0087,
        "34.0": 0.0104,
        "124.0": 0.0219,
        "82.0": 0.0005,
        "160.0": 0.0012,
        "228.0": 0.0046,
        "266.0": 0.0024,
        "140.0": 0.016,
        "26.0": 0.0038000000000000004,
        "230.0": 0.0144,
        "14.0": 0.0151,
        "116.0": 0.04089999999999999,
        "218.0": 0.015300000000000001,
        "12.0": 0.0037,
        "248.0": 0.0059,
        "134.0": 0.018000000000000002,
        "32.0": 0.0047,
        "122.0": 0.0335,
        "224.0": 0.0288,
        "8.0": 0.034199999999999994,
        "110.0": 0.0154,
        "138.0": 0.0024000000000000002,
        "299.0": 0.0018,
        "161.0": 0.0072,
        "35.0": 0.024,
        "173.0": 0.0055,
        "251.0": 0.0139,
        "125.0": 0.0349,
        "59.0": 0.0008,
        "137.0": 0.0057,
        "227.0": 0.0092,
        "2.0": 0.0143,
        "281.0": 0.0015,
        "143.0": 0.014700000000000001,
        "17.0": 0.0125,
        "167.0": 0.0050999999999999995,
        "245.0": 0.0121,
        "29.0": 0.0144,
        "119.0": 0.0383,
        "65.0": 0.0007999999999999999,
        "233.0": 0.0105,
        "332.0": 0.0003,
        "194.0": 0.0024000000000000002,
        "68.0": 0.0031999999999999997,
        "272.0": 0.0029999999999999996,
        "56.0": 0.0017000000000000001,
        "146.0": 0.0161,
        "236.0": 0.0123
    },
    "probability_distribution_items": [
        [
            216.0,
            0.0312
        ],
        [
            114.0,
            0.0269
        ],
        [
            241.0,
            0.0173
        ],
        [
            115.0,
            0.0674
        ],
        [
            1.0,
            0.014000000000000002
        ],
        [
            139.0,
            0.0123
        ],
        [
            229.0,
            0.016200000000000003
        ],
        [
            13.0,
            0.0174
        ],
        [
            49.0,
            0.0009
        ],
        [
            223.0,
            0.03729999999999999
        ],
        [
            109.0,
            0.0595
        ],
        [
            7.0,
            0.028800000000000003
        ],
        [
            121.0,
            0.016900000000000002
        ],
        [
            31.0,
            0.0012
        ],
        [
            133.0,
            0.004299999999999999
        ],
        [
            247.0,
            0.001
        ],
        [
            24.0,
            0.0036
        ],
        [
            274.0,
            0.004
        ],
        [
            136.0,
            0.028700000000000003
        ],
        [
            10.0,
            0.039599999999999996
        ],
        [
            172.0,
            0.0035
        ],
        [
            250.0,
            0.0087
        ],
        [
            34.0,
            0.0104
        ],
        [
            124.0,
            0.0219
        ],
        [
            82.0,
            0.0005
        ],
        [
            160.0,
            0.0012
        ],
        [
            228.0,
            0.0046
        ],
        [
            266.0,
            0.0024
        ],
        [
            140.0,
            0.016
        ],
        [
            26.0,
            0.0038000000000000004
        ],
        [
            230.0,
            0.0144
        ],
        [
            14.0,
            0.0151
        ],
        [
            116.0,
            0.04089999999999999
        ],
        [
            218.0,
            0.015300000000000001
        ],
        [
            12.0,
            0.0037
        ],
        [
            248.0,
            0.0059
        ],
        [
            134.0,
            0.018000000000000002
        ],
        [
            32.0,
            0.0047
        ],
        [
            122.0,
            0.0335
        ],
        [
            224.0,
            0.0288
        ],
        [
            8.0,
            0.034199999999999994
        ],
        [
            110.0,
            0.0154
        ],
        [
            138.0,
            0.0024000000000000002
        ],
        [
            299.0,
            0.0018
        ],
        [
            161.0,
            0.0072
        ],
        [
            35.0,
            0.024
        ],
        [
            173.0,
            0.0055
        ],
        [
            251.0,
            0.0139
        ],
        [
            125.0,
            0.0349
        ],
        [
            59.0,
            0.0008
        ],
        [
            137.0,
            0.0057
        ],
        [
            227.0,
            0.0092
        ],
        [
            2.0,
            0.0143
        ],
        [
            281.0,
            0.0015
        ],
        [
            143.0,
            0.014700000000000001
        ],
        [
            17.0,
            0.0125
        ],
        [
            167.0,
            0.0050999999999999995
        ],
        [
            245.0,
            0.0121
        ],
        [
            29.0,
            0.0144
        ],
        [
            119.0,
            0.0383
        ],
        [
            65.0,
            0.0007999999999999999
        ],
        [
            233.0,
            0.0105
        ],
        [
            332.0,
            0.0003
        ],
        [
            194.0,
            0.0024000000000000002
        ],
        [
            68.0,
            0.0031999999999999997
        ],
        [
            272.0,
            0.0029999999999999996
        ],
        [
            56.0,
            0.0017000000000000001
        ],
        [
            146.0,
            0.0161
        ],
        [
            236.0,
            0.0123
        ]
    ],
    "approximation_ratio": 126.6696,
    "approximation_ratio_offset": 0.6203335347432024,
    "noise": true,
    "p": 1
}