{
    "expected_value": 409.5984,
    "optimal_gammas": [
        4.8060042663274904
    ],
    "optimal_betas": [
        2.4591203352995405
    ],
    "problem_identifier": "{'W': [1, 1], 'W_max': 2, 'A': 56, 'B': 4, 'C': 1456}",
    "now": "2021-05-04 17:27:21",
    "execution_time": "0:01:05.873677",
    "nfev": 156,
    "message": "Optimization terminated successfully.",
    "success": true,
    "nit": 2,
    "problem": {
        "W": [
            1,
            1
        ],
        "W_max": 2,
        "A": 56,
        "B": 4,
        "C": 1456
    },
    "optimal_cost": 1.0,
    "probability_distribution": {
        "728.0": 0.0294,
        "378.0": 0.048100000000000004,
        "785.0": 0.0167,
        "379.0": 0.0293,
        "1.0": 0.0115,
        "435.0": 0.0241,
        "757.0": 0.008199999999999999,
        "29.0": 0.0063,
        "113.0": 0.0072,
        "743.0": 0.018699999999999998,
        "365.0": 0.015099999999999999,
        "15.0": 0.0217,
        "393.0": 0.028899999999999995,
        "71.0": 0.0060999999999999995,
        "421.0": 0.0042,
        "799.0": 0.0025,
        "56.0": 0.006500000000000001,
        "858.0": 0.009,
        "424.0": 0.0363,
        "18.0": 0.0184,
        "508.0": 0.0114,
        "802.0": 0.018099999999999998,
        "74.0": 0.0237,
        "396.0": 0.030100000000000002,
        "186.0": 0.0048000000000000004,
        "480.0": 0.007,
        "756.0": 0.012,
        "842.0": 0.0049,
        "436.0": 0.0165,
        "58.0": 0.010499999999999999,
        "758.0": 0.015300000000000001,
        "30.0": 0.0152,
        "380.0": 0.0437,
        "730.0": 0.0104,
        "28.0": 0.007899999999999999,
        "800.0": 0.0060999999999999995,
        "422.0": 0.0118,
        "72.0": 0.0094,
        "394.0": 0.022999999999999996,
        "744.0": 0.016499999999999997,
        "16.0": 0.0209,
        "366.0": 0.0123,
        "434.0": 0.0078,
        "915.0": 0.0036,
        "481.0": 0.0176,
        "75.0": 0.0211,
        "509.0": 0.0063,
        "803.0": 0.0067,
        "397.0": 0.011699999999999999,
        "131.0": 0.0073,
        "425.0": 0.0135,
        "747.0": 0.0094,
        "2.0": 0.0076,
        "873.0": 0.0031000000000000003,
        "439.0": 0.0278,
        "33.0": 0.0117,
        "495.0": 0.0049,
        "789.0": 0.0089,
        "61.0": 0.0082,
        "383.0": 0.012,
        "145.0": 0.006999999999999999,
        "761.0": 0.011,
        "840.0": 0.0012,
        "988.0": 0.0021,
        "554.0": 0.0101,
        "148.0": 0.0092,
        "848.0": 0.011099999999999999,
        "120.0": 0.009000000000000001,
        "442.0": 0.0447,
        "764.0": 0.0257
    },
    "probability_distribution_items": [
        [
            728.0,
            0.0294
        ],
        [
            378.0,
            0.048100000000000004
        ],
        [
            785.0,
            0.0167
        ],
        [
            379.0,
            0.0293
        ],
        [
            1.0,
            0.0115
        ],
        [
            435.0,
            0.0241
        ],
        [
            757.0,
            0.008199999999999999
        ],
        [
            29.0,
            0.0063
        ],
        [
            113.0,
            0.0072
        ],
        [
            743.0,
            0.018699999999999998
        ],
        [
            365.0,
            0.015099999999999999
        ],
        [
            15.0,
            0.0217
        ],
        [
            393.0,
            0.028899999999999995
        ],
        [
            71.0,
            0.0060999999999999995
        ],
        [
            421.0,
            0.0042
        ],
        [
            799.0,
            0.0025
        ],
        [
            56.0,
            0.006500000000000001
        ],
        [
            858.0,
            0.009
        ],
        [
            424.0,
            0.0363
        ],
        [
            18.0,
            0.0184
        ],
        [
            508.0,
            0.0114
        ],
        [
            802.0,
            0.018099999999999998
        ],
        [
            74.0,
            0.0237
        ],
        [
            396.0,
            0.030100000000000002
        ],
        [
            186.0,
            0.0048000000000000004
        ],
        [
            480.0,
            0.007
        ],
        [
            756.0,
            0.012
        ],
        [
            842.0,
            0.0049
        ],
        [
            436.0,
            0.0165
        ],
        [
            58.0,
            0.010499999999999999
        ],
        [
            758.0,
            0.015300000000000001
        ],
        [
            30.0,
            0.0152
        ],
        [
            380.0,
            0.0437
        ],
        [
            730.0,
            0.0104
        ],
        [
            28.0,
            0.007899999999999999
        ],
        [
            800.0,
            0.0060999999999999995
        ],
        [
            422.0,
            0.0118
        ],
        [
            72.0,
            0.0094
        ],
        [
            394.0,
            0.022999999999999996
        ],
        [
            744.0,
            0.016499999999999997
        ],
        [
            16.0,
            0.0209
        ],
        [
            366.0,
            0.0123
        ],
        [
            434.0,
            0.0078
        ],
        [
            915.0,
            0.0036
        ],
        [
            481.0,
            0.0176
        ],
        [
            75.0,
            0.0211
        ],
        [
            509.0,
            0.0063
        ],
        [
            803.0,
            0.0067
        ],
        [
            397.0,
            0.011699999999999999
        ],
        [
            131.0,
            0.0073
        ],
        [
            425.0,
            0.0135
        ],
        [
            747.0,
            0.0094
        ],
        [
            2.0,
            0.0076
        ],
        [
            873.0,
            0.0031000000000000003
        ],
        [
            439.0,
            0.0278
        ],
        [
            33.0,
            0.0117
        ],
        [
            495.0,
            0.0049
        ],
        [
            789.0,
            0.0089
        ],
        [
            61.0,
            0.0082
        ],
        [
            383.0,
            0.012
        ],
        [
            145.0,
            0.006999999999999999
        ],
        [
            761.0,
            0.011
        ],
        [
            840.0,
            0.0012
        ],
        [
            988.0,
            0.0021
        ],
        [
            554.0,
            0.0101
        ],
        [
            148.0,
            0.0092
        ],
        [
            848.0,
            0.011099999999999999
        ],
        [
            120.0,
            0.009000000000000001
        ],
        [
            442.0,
            0.0447
        ],
        [
            764.0,
            0.0257
        ]
    ],
    "approximation_ratio": 417.021,
    "approximation_ratio_offset": 0.5784994934143871,
    "noise": true,
    "p": 1
}