{
    "expected_value": 30.2074,
    "optimal_gammas": [
        0.269689825499863,
        1.2774595631535806,
        0.960811912974606,
        0.8413759013242279,
        2.8289895907639204,
        2.7346152408230653
    ],
    "optimal_betas": [
        0.24158015868424265,
        0.07182557544491774,
        1.3211975067385793,
        1.4653174506944953,
        1.5605827171347206,
        1.4517626670474248
    ],
    "problem_identifier": "{'W': [1, 1], 'W_max': 2, 'A': 8, 'B': 4, 'C': 80}",
    "now": "2021-05-03 19:31:51",
    "execution_time": "0:19:24.969442",
    "problem": {
        "W": [
            1,
            1
        ],
        "W_max": 2,
        "A": 8,
        "B": 4,
        "C": 80
    },
    "probability_distribution": {
        "40.0": 0.0171,
        "22.0": 0.0342,
        "49.0": 0.019999999999999997,
        "23.0": 0.0483,
        "1.0": 0.0096,
        "31.0": 0.0341,
        "45.0": 0.0327,
        "5.0": 0.0194,
        "17.0": 0.0066,
        "43.0": 0.0422,
        "21.0": 0.020900000000000002,
        "3.0": 0.0243,
        "25.0": 0.0337,
        "11.0": 0.0055,
        "29.0": 0.031000000000000007,
        "51.0": 0.0057,
        "8.0": 0.0085,
        "62.0": 0.0095,
        "32.0": 0.0329,
        "6.0": 0.0259,
        "44.0": 0.04739999999999999,
        "54.0": 0.0366,
        "14.0": 0.016900000000000002,
        "28.0": 0.022199999999999998,
        "30.0": 0.037,
        "58.0": 0.0046,
        "10.0": 0.0060999999999999995,
        "46.0": 0.0163,
        "24.0": 0.05100000000000001,
        "42.0": 0.0132,
        "4.0": 0.0341,
        "52.0": 0.011799999999999998,
        "12.0": 0.005900000000000001,
        "26.0": 0.030000000000000002,
        "71.0": 0.0087,
        "41.0": 0.015899999999999997,
        "15.0": 0.0274,
        "55.0": 0.0174,
        "33.0": 0.013300000000000001,
        "47.0": 0.0060999999999999995,
        "2.0": 0.006,
        "65.0": 0.0056,
        "35.0": 0.024999999999999998,
        "9.0": 0.008,
        "53.0": 0.0165,
        "13.0": 0.0147,
        "27.0": 0.0138,
        "56.0": 0.0023,
        "84.0": 0.0029,
        "64.0": 0.0084,
        "38.0": 0.0128
    },
    "probability_distribution_items": [
        [
            40.0,
            0.0171
        ],
        [
            22.0,
            0.0342
        ],
        [
            49.0,
            0.019999999999999997
        ],
        [
            23.0,
            0.0483
        ],
        [
            1.0,
            0.0096
        ],
        [
            31.0,
            0.0341
        ],
        [
            45.0,
            0.0327
        ],
        [
            5.0,
            0.0194
        ],
        [
            17.0,
            0.0066
        ],
        [
            43.0,
            0.0422
        ],
        [
            21.0,
            0.020900000000000002
        ],
        [
            3.0,
            0.0243
        ],
        [
            25.0,
            0.0337
        ],
        [
            11.0,
            0.0055
        ],
        [
            29.0,
            0.031000000000000007
        ],
        [
            51.0,
            0.0057
        ],
        [
            8.0,
            0.0085
        ],
        [
            62.0,
            0.0095
        ],
        [
            32.0,
            0.0329
        ],
        [
            6.0,
            0.0259
        ],
        [
            44.0,
            0.04739999999999999
        ],
        [
            54.0,
            0.0366
        ],
        [
            14.0,
            0.016900000000000002
        ],
        [
            28.0,
            0.022199999999999998
        ],
        [
            30.0,
            0.037
        ],
        [
            58.0,
            0.0046
        ],
        [
            10.0,
            0.0060999999999999995
        ],
        [
            46.0,
            0.0163
        ],
        [
            24.0,
            0.05100000000000001
        ],
        [
            42.0,
            0.0132
        ],
        [
            4.0,
            0.0341
        ],
        [
            52.0,
            0.011799999999999998
        ],
        [
            12.0,
            0.005900000000000001
        ],
        [
            26.0,
            0.030000000000000002
        ],
        [
            71.0,
            0.0087
        ],
        [
            41.0,
            0.015899999999999997
        ],
        [
            15.0,
            0.0274
        ],
        [
            55.0,
            0.0174
        ],
        [
            33.0,
            0.013300000000000001
        ],
        [
            47.0,
            0.0060999999999999995
        ],
        [
            2.0,
            0.006
        ],
        [
            65.0,
            0.0056
        ],
        [
            35.0,
            0.024999999999999998
        ],
        [
            9.0,
            0.008
        ],
        [
            53.0,
            0.0165
        ],
        [
            13.0,
            0.0147
        ],
        [
            27.0,
            0.0138
        ],
        [
            56.0,
            0.0023
        ],
        [
            84.0,
            0.0029
        ],
        [
            64.0,
            0.0084
        ],
        [
            38.0,
            0.0128
        ]
    ],
    "approximation_ratio": 0.6436192771084337,
    "noise": true,
    "p": 6
}