{
    "expected_value": 62.5748,
    "optimal_gammas": [
        5.9593870590834275,
        3.6730671173501883
    ],
    "optimal_betas": [
        1.3266691532378494,
        0.21454566155501054
    ],
    "problem_identifier": "{'W': [1, 1], 'W_max': 2, 'A': 56, 'B': 4, 'C': 112}",
    "now": "2021-05-05 07:18:58",
    "execution_time": "4:41:39.296457",
    "nfev": 15525,
    "message": "Optimization terminated successfully.",
    "success": true,
    "nit": 255,
    "problem": {
        "W": [
            1,
            1
        ],
        "W_max": 2,
        "A": 56,
        "B": 4,
        "C": 112
    },
    "optimal_cost": 1.0,
    "probability_distribution": {
        "56.0": 0.0124,
        "42.0": 0.0115,
        "113.0": 0.0175,
        "43.0": 0.0442,
        "1.0": 0.0087,
        "99.0": 0.012900000000000002,
        "85.0": 0.017400000000000002,
        "29.0": 0.049100000000000005,
        "71.0": 0.03,
        "15.0": 0.024,
        "57.0": 0.016999999999999998,
        "127.0": 0.0017000000000000001,
        "186.0": 0.0091,
        "88.0": 0.044700000000000004,
        "18.0": 0.0581,
        "172.0": 0.0046,
        "130.0": 0.0185,
        "74.0": 0.016399999999999998,
        "60.0": 0.0431,
        "144.0": 0.0038000000000000004,
        "84.0": 0.0021000000000000003,
        "170.0": 0.0015,
        "100.0": 0.0081,
        "58.0": 0.05819999999999999,
        "86.0": 0.0391,
        "30.0": 0.0331,
        "44.0": 0.026099999999999998,
        "28.0": 0.0015999999999999999,
        "128.0": 0.0072,
        "72.0": 0.06530000000000001,
        "16.0": 0.0496,
        "98.0": 0.0024,
        "243.0": 0.0014,
        "145.0": 0.0089,
        "75.0": 0.032799999999999996,
        "173.0": 0.005599999999999999,
        "131.0": 0.015200000000000002,
        "61.0": 0.0481,
        "89.0": 0.0182,
        "2.0": 0.006699999999999999,
        "201.0": 0.0014,
        "103.0": 0.0183,
        "33.0": 0.0089,
        "159.0": 0.006,
        "117.0": 0.0139,
        "47.0": 0.041,
        "168.0": 0.0003,
        "316.0": 0.0001,
        "218.0": 0.0021999999999999997,
        "148.0": 0.004399999999999999,
        "176.0": 0.0027,
        "120.0": 0.0028,
        "106.0": 0.0132,
        "92.0": 0.0089
    },
    "probability_distribution_items": [
        [
            56.0,
            0.0124
        ],
        [
            42.0,
            0.0115
        ],
        [
            113.0,
            0.0175
        ],
        [
            43.0,
            0.0442
        ],
        [
            1.0,
            0.0087
        ],
        [
            99.0,
            0.012900000000000002
        ],
        [
            85.0,
            0.017400000000000002
        ],
        [
            29.0,
            0.049100000000000005
        ],
        [
            71.0,
            0.03
        ],
        [
            15.0,
            0.024
        ],
        [
            57.0,
            0.016999999999999998
        ],
        [
            127.0,
            0.0017000000000000001
        ],
        [
            186.0,
            0.0091
        ],
        [
            88.0,
            0.044700000000000004
        ],
        [
            18.0,
            0.0581
        ],
        [
            172.0,
            0.0046
        ],
        [
            130.0,
            0.0185
        ],
        [
            74.0,
            0.016399999999999998
        ],
        [
            60.0,
            0.0431
        ],
        [
            144.0,
            0.0038000000000000004
        ],
        [
            84.0,
            0.0021000000000000003
        ],
        [
            170.0,
            0.0015
        ],
        [
            100.0,
            0.0081
        ],
        [
            58.0,
            0.05819999999999999
        ],
        [
            86.0,
            0.0391
        ],
        [
            30.0,
            0.0331
        ],
        [
            44.0,
            0.026099999999999998
        ],
        [
            28.0,
            0.0015999999999999999
        ],
        [
            128.0,
            0.0072
        ],
        [
            72.0,
            0.06530000000000001
        ],
        [
            16.0,
            0.0496
        ],
        [
            98.0,
            0.0024
        ],
        [
            243.0,
            0.0014
        ],
        [
            145.0,
            0.0089
        ],
        [
            75.0,
            0.032799999999999996
        ],
        [
            173.0,
            0.005599999999999999
        ],
        [
            131.0,
            0.015200000000000002
        ],
        [
            61.0,
            0.0481
        ],
        [
            89.0,
            0.0182
        ],
        [
            2.0,
            0.006699999999999999
        ],
        [
            201.0,
            0.0014
        ],
        [
            103.0,
            0.0183
        ],
        [
            33.0,
            0.0089
        ],
        [
            159.0,
            0.006
        ],
        [
            117.0,
            0.0139
        ],
        [
            47.0,
            0.041
        ],
        [
            168.0,
            0.0003
        ],
        [
            316.0,
            0.0001
        ],
        [
            218.0,
            0.0021999999999999997
        ],
        [
            148.0,
            0.004399999999999999
        ],
        [
            176.0,
            0.0027
        ],
        [
            120.0,
            0.0028
        ],
        [
            106.0,
            0.0132
        ],
        [
            92.0,
            0.0089
        ]
    ],
    "approximation_ratio": 66.0908,
    "approximation_ratio_offset": 0.7933625396825397,
    "noise": true,
    "p": 2
}