{
    "expected_value": 61.7409,
    "optimal_gammas": [
        1.6853169224213012,
        0.37353213089466775,
        1.3171088903595498,
        1.5117209528706153,
        1.634090958278672,
        0.27265579188802813
    ],
    "optimal_betas": [
        0.850293374924131,
        1.2902858082848307,
        1.2376648507607513,
        1.2989710136842962,
        1.561706801303238,
        0.8623298418721959
    ],
    "problem_identifier": "{'W': [1, 1], 'W_max': 2, 'A': 8, 'B': 4, 'C': 208}",
    "now": "2021-05-04 07:13:46",
    "execution_time": "0:15:46.591682",
    "problem": {
        "W": [
            1,
            1
        ],
        "W_max": 2,
        "A": 8,
        "B": 4,
        "C": 208
    },
    "probability_distribution": {
        "104.0": 0.0044,
        "54.0": 0.0329,
        "113.0": 0.024700000000000003,
        "55.0": 0.0299,
        "1.0": 0.0087,
        "63.0": 0.0277,
        "109.0": 0.0149,
        "5.0": 0.0114,
        "17.0": 0.0076,
        "107.0": 0.024799999999999996,
        "53.0": 0.0166,
        "3.0": 0.023,
        "57.0": 0.0294,
        "11.0": 0.0071,
        "61.0": 0.0321,
        "115.0": 0.0089,
        "8.0": 0.0074,
        "126.0": 0.008,
        "64.0": 0.0319,
        "6.0": 0.0269,
        "76.0": 0.016100000000000003,
        "118.0": 0.025199999999999997,
        "14.0": 0.013900000000000001,
        "60.0": 0.0174,
        "30.0": 0.0072,
        "72.0": 0.0142,
        "108.0": 0.0279,
        "122.0": 0.0062,
        "10.0": 0.0098,
        "110.0": 0.016800000000000002,
        "56.0": 0.0444,
        "106.0": 0.0131,
        "4.0": 0.032,
        "116.0": 0.0138,
        "62.0": 0.0299,
        "12.0": 0.0072,
        "58.0": 0.029799999999999997,
        "135.0": 0.0072,
        "73.0": 0.014600000000000002,
        "15.0": 0.021599999999999998,
        "77.0": 0.0132,
        "119.0": 0.0151,
        "23.0": 0.0075,
        "65.0": 0.0175,
        "111.0": 0.009600000000000001,
        "2.0": 0.0074,
        "129.0": 0.0066,
        "67.0": 0.030000000000000002,
        "9.0": 0.0071,
        "75.0": 0.0155,
        "117.0": 0.017499999999999998,
        "13.0": 0.016399999999999998,
        "59.0": 0.0165,
        "25.0": 0.0077,
        "120.0": 0.0041,
        "148.0": 0.0043,
        "86.0": 0.0162,
        "28.0": 0.0072,
        "128.0": 0.0073,
        "24.0": 0.010700000000000001,
        "70.0": 0.016
    },
    "probability_distribution_items": [
        [
            104.0,
            0.0044
        ],
        [
            54.0,
            0.0329
        ],
        [
            113.0,
            0.024700000000000003
        ],
        [
            55.0,
            0.0299
        ],
        [
            1.0,
            0.0087
        ],
        [
            63.0,
            0.0277
        ],
        [
            109.0,
            0.0149
        ],
        [
            5.0,
            0.0114
        ],
        [
            17.0,
            0.0076
        ],
        [
            107.0,
            0.024799999999999996
        ],
        [
            53.0,
            0.0166
        ],
        [
            3.0,
            0.023
        ],
        [
            57.0,
            0.0294
        ],
        [
            11.0,
            0.0071
        ],
        [
            61.0,
            0.0321
        ],
        [
            115.0,
            0.0089
        ],
        [
            8.0,
            0.0074
        ],
        [
            126.0,
            0.008
        ],
        [
            64.0,
            0.0319
        ],
        [
            6.0,
            0.0269
        ],
        [
            76.0,
            0.016100000000000003
        ],
        [
            118.0,
            0.025199999999999997
        ],
        [
            14.0,
            0.013900000000000001
        ],
        [
            60.0,
            0.0174
        ],
        [
            30.0,
            0.0072
        ],
        [
            72.0,
            0.0142
        ],
        [
            108.0,
            0.0279
        ],
        [
            122.0,
            0.0062
        ],
        [
            10.0,
            0.0098
        ],
        [
            110.0,
            0.016800000000000002
        ],
        [
            56.0,
            0.0444
        ],
        [
            106.0,
            0.0131
        ],
        [
            4.0,
            0.032
        ],
        [
            116.0,
            0.0138
        ],
        [
            62.0,
            0.0299
        ],
        [
            12.0,
            0.0072
        ],
        [
            58.0,
            0.029799999999999997
        ],
        [
            135.0,
            0.0072
        ],
        [
            73.0,
            0.014600000000000002
        ],
        [
            15.0,
            0.021599999999999998
        ],
        [
            77.0,
            0.0132
        ],
        [
            119.0,
            0.0151
        ],
        [
            23.0,
            0.0075
        ],
        [
            65.0,
            0.0175
        ],
        [
            111.0,
            0.009600000000000001
        ],
        [
            2.0,
            0.0074
        ],
        [
            129.0,
            0.0066
        ],
        [
            67.0,
            0.030000000000000002
        ],
        [
            9.0,
            0.0071
        ],
        [
            75.0,
            0.0155
        ],
        [
            117.0,
            0.017499999999999998
        ],
        [
            13.0,
            0.016399999999999998
        ],
        [
            59.0,
            0.0165
        ],
        [
            25.0,
            0.0077
        ],
        [
            120.0,
            0.0041
        ],
        [
            148.0,
            0.0043
        ],
        [
            86.0,
            0.0162
        ],
        [
            28.0,
            0.0072
        ],
        [
            128.0,
            0.0073
        ],
        [
            24.0,
            0.010700000000000001
        ],
        [
            70.0,
            0.016
        ]
    ],
    "approximation_ratio": 0.5796775510204082,
    "noise": true,
    "p": 6
}