{
    "expected_value": 2.0391,
    "optimal_gammas": [
        1.5026552109564608,
        0.25019263401513814,
        2.9136612624197857,
        2.773372064511172
    ],
    "optimal_betas": [
        0.21334407575636316,
        0.010970364503333663,
        1.5091598525407908,
        0.36680226395152876
    ],
    "problem_identifier": "{'W': [1], 'W_max': 1, 'A': 8, 'B': 4, 'C': 12}",
    "now": "2021-05-03 18:50:21",
    "execution_time": "1:23:29.176624",
    "problem": {
        "W": [
            1
        ],
        "W_max": 1,
        "A": 8,
        "B": 4,
        "C": 12
    },
    "probability_distribution": {
        "3.0": 0.453,
        "2.0": 0.0243,
        "6.0": 0.0229,
        "1.0": 0.4998
    },
    "probability_distribution_items": [
        [
            3.0,
            0.453
        ],
        [
            2.0,
            0.0243
        ],
        [
            6.0,
            0.0229
        ],
        [
            1.0,
            0.4998
        ]
    ],
    "approximation_ratio": 0.7865,
    "noise": true,
    "p": 4
}