{
    "expected_value": 44.6636,
    "optimal_gammas": [
        0.29626461114230107
    ],
    "optimal_betas": [
        0.32954929702240854
    ],
    "problem_identifier": "{'W': [1, 1], 'W_max': 2, 'A': 40, 'B': 4, 'C': 80}",
    "now": "2021-05-04 17:43:13",
    "execution_time": "0:15:06.248744",
    "nfev": 2271,
    "message": "Optimization terminated successfully.",
    "success": true,
    "nit": 72,
    "problem": {
        "W": [
            1,
            1
        ],
        "W_max": 2,
        "A": 40,
        "B": 4,
        "C": 80
    },
    "optimal_cost": 1.0,
    "probability_distribution": {
        "40.0": 0.0183,
        "30.0": 0.013500000000000002,
        "81.0": 0.0244,
        "31.0": 0.05310000000000001,
        "1.0": 0.0092,
        "71.0": 0.0152,
        "61.0": 0.016000000000000004,
        "21.0": 0.058,
        "51.0": 0.0431,
        "11.0": 0.0206,
        "41.0": 0.020199999999999996,
        "91.0": 0.0009,
        "134.0": 0.0045,
        "64.0": 0.0508,
        "14.0": 0.063,
        "124.0": 0.0032999999999999995,
        "94.0": 0.0151,
        "54.0": 0.0211,
        "44.0": 0.043,
        "104.0": 0.0018,
        "60.0": 0.0019,
        "122.0": 0.0008,
        "72.0": 0.0075,
        "42.0": 0.0674,
        "62.0": 0.039900000000000005,
        "22.0": 0.0366,
        "32.0": 0.018799999999999997,
        "20.0": 0.0016,
        "92.0": 0.0127,
        "52.0": 0.06129999999999999,
        "12.0": 0.0566,
        "70.0": 0.0016,
        "175.0": 0.0018,
        "105.0": 0.0073,
        "55.0": 0.028300000000000002,
        "125.0": 0.0033,
        "95.0": 0.012799999999999999,
        "45.0": 0.0404,
        "65.0": 0.02,
        "2.0": 0.0059,
        "145.0": 0.0009,
        "75.0": 0.012900000000000002,
        "25.0": 0.0058,
        "115.0": 0.0029,
        "85.0": 0.0086,
        "35.0": 0.029399999999999996,
        "228.0": 0.0002,
        "158.0": 0.0015,
        "108.0": 0.0015,
        "128.0": 0.0011,
        "88.0": 0.0008,
        "78.0": 0.0060999999999999995,
        "68.0": 0.0067
    },
    "probability_distribution_items": [
        [
            40.0,
            0.0183
        ],
        [
            30.0,
            0.013500000000000002
        ],
        [
            81.0,
            0.0244
        ],
        [
            31.0,
            0.05310000000000001
        ],
        [
            1.0,
            0.0092
        ],
        [
            71.0,
            0.0152
        ],
        [
            61.0,
            0.016000000000000004
        ],
        [
            21.0,
            0.058
        ],
        [
            51.0,
            0.0431
        ],
        [
            11.0,
            0.0206
        ],
        [
            41.0,
            0.020199999999999996
        ],
        [
            91.0,
            0.0009
        ],
        [
            134.0,
            0.0045
        ],
        [
            64.0,
            0.0508
        ],
        [
            14.0,
            0.063
        ],
        [
            124.0,
            0.0032999999999999995
        ],
        [
            94.0,
            0.0151
        ],
        [
            54.0,
            0.0211
        ],
        [
            44.0,
            0.043
        ],
        [
            104.0,
            0.0018
        ],
        [
            60.0,
            0.0019
        ],
        [
            122.0,
            0.0008
        ],
        [
            72.0,
            0.0075
        ],
        [
            42.0,
            0.0674
        ],
        [
            62.0,
            0.039900000000000005
        ],
        [
            22.0,
            0.0366
        ],
        [
            32.0,
            0.018799999999999997
        ],
        [
            20.0,
            0.0016
        ],
        [
            92.0,
            0.0127
        ],
        [
            52.0,
            0.06129999999999999
        ],
        [
            12.0,
            0.0566
        ],
        [
            70.0,
            0.0016
        ],
        [
            175.0,
            0.0018
        ],
        [
            105.0,
            0.0073
        ],
        [
            55.0,
            0.028300000000000002
        ],
        [
            125.0,
            0.0033
        ],
        [
            95.0,
            0.012799999999999999
        ],
        [
            45.0,
            0.0404
        ],
        [
            65.0,
            0.02
        ],
        [
            2.0,
            0.0059
        ],
        [
            145.0,
            0.0009
        ],
        [
            75.0,
            0.012900000000000002
        ],
        [
            25.0,
            0.0058
        ],
        [
            115.0,
            0.0029
        ],
        [
            85.0,
            0.0086
        ],
        [
            35.0,
            0.029399999999999996
        ],
        [
            228.0,
            0.0002
        ],
        [
            158.0,
            0.0015
        ],
        [
            108.0,
            0.0015
        ],
        [
            128.0,
            0.0011
        ],
        [
            88.0,
            0.0008
        ],
        [
            78.0,
            0.0060999999999999995
        ],
        [
            68.0,
            0.0067
        ]
    ],
    "approximation_ratio": 46.6612,
    "approximation_ratio_offset": 0.7988493392070484,
    "noise": true,
    "p": 1
}