{
    "expected_value": 1.985,
    "optimal_gammas": [
        1.2344204307846764,
        1.2792658614886767
    ],
    "optimal_betas": [
        0.35029279959059934,
        1.659860152374281
    ],
    "problem_identifier": "{'W': [1], 'W_max': 1, 'A': 8, 'B': 4, 'C': 12}",
    "now": "2021-05-04 17:43:22",
    "execution_time": "0:48:02.913370",
    "nfev": 12405,
    "message": "Optimization terminated successfully.",
    "success": true,
    "nit": 204,
    "problem": {
        "W": [
            1
        ],
        "W_max": 1,
        "A": 8,
        "B": 4,
        "C": 12
    },
    "optimal_cost": 1.0,
    "probability_distribution": {
        "3.0": 0.4654,
        "2.0": 0.0203,
        "6.0": 0.0186,
        "1.0": 0.4957
    },
    "probability_distribution_items": [
        [
            3.0,
            0.4654
        ],
        [
            2.0,
            0.0203
        ],
        [
            6.0,
            0.0186
        ],
        [
            1.0,
            0.4957
        ]
    ],
    "approximation_ratio": 2.0174,
    "approximation_ratio_offset": 0.79652,
    "noise": true,
    "p": 2
}