{
    "expected_value": 131.8162,
    "optimal_gammas": [
        0.7803517868389096,
        2.3380516451075044,
        2.8231904469972915,
        3.4259228168948024,
        4.6956452571675005,
        2.597707994835058,
        3.3941580491677765
    ],
    "optimal_betas": [
        2.7741454626934536,
        1.2075586297739045,
        0.9065642881887745,
        1.8828735744652996,
        1.5215141489577997,
        1.5041242970788566,
        0.27202460852245736
    ],
    "problem_identifier": "{'W': [1, 1], 'W_max': 2, 'A': 24, 'B': 4, 'C': 432}",
    "now": "2021-05-04 17:25:05",
    "execution_time": "0:18:39.564814",
    "nfev": 735,
    "message": "Optimization terminated successfully.",
    "success": true,
    "nit": 1,
    "problem": {
        "W": [
            1,
            1
        ],
        "W_max": 2,
        "A": 24,
        "B": 4,
        "C": 432
    },
    "probability_distribution": {
        "216.0": 0.004,
        "114.0": 0.0142,
        "241.0": 0.0142,
        "115.0": 0.0378,
        "1.0": 0.008799999999999999,
        "139.0": 0.031900000000000005,
        "229.0": 0.0178,
        "13.0": 0.0199,
        "49.0": 0.0058,
        "223.0": 0.0245,
        "109.0": 0.017,
        "7.0": 0.0237,
        "121.0": 0.0301,
        "31.0": 0.0077,
        "133.0": 0.012899999999999998,
        "247.0": 0.0056,
        "24.0": 0.0062,
        "274.0": 0.0081,
        "136.0": 0.0193,
        "10.0": 0.0121,
        "172.0": 0.0177,
        "250.0": 0.0282,
        "34.0": 0.018699999999999998,
        "124.0": 0.0206,
        "82.0": 0.0072,
        "160.0": 0.0166,
        "228.0": 0.0078,
        "266.0": 0.004,
        "140.0": 0.015300000000000001,
        "26.0": 0.007300000000000001,
        "230.0": 0.0124,
        "14.0": 0.0138,
        "116.0": 0.038400000000000004,
        "218.0": 0.0115,
        "12.0": 0.0087,
        "248.0": 0.0084,
        "134.0": 0.0166,
        "32.0": 0.009899999999999999,
        "122.0": 0.0368,
        "224.0": 0.0277,
        "8.0": 0.029199999999999997,
        "110.0": 0.0194,
        "138.0": 0.0143,
        "299.0": 0.0077,
        "161.0": 0.016399999999999998,
        "35.0": 0.025800000000000003,
        "173.0": 0.0141,
        "251.0": 0.0157,
        "125.0": 0.0182,
        "59.0": 0.0078,
        "137.0": 0.016399999999999998,
        "227.0": 0.006200000000000001,
        "2.0": 0.0060999999999999995,
        "281.0": 0.0066,
        "143.0": 0.025900000000000003,
        "17.0": 0.0053,
        "167.0": 0.0096,
        "245.0": 0.014700000000000001,
        "29.0": 0.013900000000000001,
        "119.0": 0.0138,
        "65.0": 0.0051,
        "233.0": 0.0068,
        "264.0": 0.0034,
        "332.0": 0.0029,
        "194.0": 0.011100000000000002,
        "68.0": 0.0056,
        "272.0": 0.006200000000000001,
        "56.0": 0.006500000000000001,
        "146.0": 0.0143,
        "236.0": 0.0018
    },
    "probability_distribution_items": [
        [
            216.0,
            0.004
        ],
        [
            114.0,
            0.0142
        ],
        [
            241.0,
            0.0142
        ],
        [
            115.0,
            0.0378
        ],
        [
            1.0,
            0.008799999999999999
        ],
        [
            139.0,
            0.031900000000000005
        ],
        [
            229.0,
            0.0178
        ],
        [
            13.0,
            0.0199
        ],
        [
            49.0,
            0.0058
        ],
        [
            223.0,
            0.0245
        ],
        [
            109.0,
            0.017
        ],
        [
            7.0,
            0.0237
        ],
        [
            121.0,
            0.0301
        ],
        [
            31.0,
            0.0077
        ],
        [
            133.0,
            0.012899999999999998
        ],
        [
            247.0,
            0.0056
        ],
        [
            24.0,
            0.0062
        ],
        [
            274.0,
            0.0081
        ],
        [
            136.0,
            0.0193
        ],
        [
            10.0,
            0.0121
        ],
        [
            172.0,
            0.0177
        ],
        [
            250.0,
            0.0282
        ],
        [
            34.0,
            0.018699999999999998
        ],
        [
            124.0,
            0.0206
        ],
        [
            82.0,
            0.0072
        ],
        [
            160.0,
            0.0166
        ],
        [
            228.0,
            0.0078
        ],
        [
            266.0,
            0.004
        ],
        [
            140.0,
            0.015300000000000001
        ],
        [
            26.0,
            0.007300000000000001
        ],
        [
            230.0,
            0.0124
        ],
        [
            14.0,
            0.0138
        ],
        [
            116.0,
            0.038400000000000004
        ],
        [
            218.0,
            0.0115
        ],
        [
            12.0,
            0.0087
        ],
        [
            248.0,
            0.0084
        ],
        [
            134.0,
            0.0166
        ],
        [
            32.0,
            0.009899999999999999
        ],
        [
            122.0,
            0.0368
        ],
        [
            224.0,
            0.0277
        ],
        [
            8.0,
            0.029199999999999997
        ],
        [
            110.0,
            0.0194
        ],
        [
            138.0,
            0.0143
        ],
        [
            299.0,
            0.0077
        ],
        [
            161.0,
            0.016399999999999998
        ],
        [
            35.0,
            0.025800000000000003
        ],
        [
            173.0,
            0.0141
        ],
        [
            251.0,
            0.0157
        ],
        [
            125.0,
            0.0182
        ],
        [
            59.0,
            0.0078
        ],
        [
            137.0,
            0.016399999999999998
        ],
        [
            227.0,
            0.006200000000000001
        ],
        [
            2.0,
            0.0060999999999999995
        ],
        [
            281.0,
            0.0066
        ],
        [
            143.0,
            0.025900000000000003
        ],
        [
            17.0,
            0.0053
        ],
        [
            167.0,
            0.0096
        ],
        [
            245.0,
            0.014700000000000001
        ],
        [
            29.0,
            0.013900000000000001
        ],
        [
            119.0,
            0.0138
        ],
        [
            65.0,
            0.0051
        ],
        [
            233.0,
            0.0068
        ],
        [
            264.0,
            0.0034
        ],
        [
            332.0,
            0.0029
        ],
        [
            194.0,
            0.011100000000000002
        ],
        [
            68.0,
            0.0056
        ],
        [
            272.0,
            0.006200000000000001
        ],
        [
            56.0,
            0.006500000000000001
        ],
        [
            146.0,
            0.0143
        ],
        [
            236.0,
            0.0018
        ]
    ],
    "approximation_ratio": 0.6023954682779457,
    "noise": true,
    "p": 7
}