{
    "expected_value": 27.004470482733133,
    "optimal_gammas": [
        0.28654504788453034
    ],
    "optimal_betas": [
        2.35217765359272
    ],
    "problem_identifier": "{'W': [1, 1], 'W_max': 2, 'A': 24, 'B': 4, 'C': 48}",
    "now": "2021-05-05 12:31:25",
    "execution_time": "0:09:36.917926",
    "nfev": 996,
    "message": "Optimization terminated successfully.",
    "success": true,
    "nit": 31,
    "problem": {
        "W": [
            1,
            1
        ],
        "W_max": 2,
        "A": 24,
        "B": 4,
        "C": 48
    },
    "optimal_cost": 1.0,
    "probability_distribution": {
        "24.0": 0.08525540406501864,
        "18.0": 0.12882716877960637,
        "36.0": 0.032169615028217635,
        "12.0": 0.030520343980332855,
        "42.0": 0.019242914730540933,
        "72.0": 0.0016111657318663918,
        "49.0": 0.01590063478106289,
        "19.0": 0.05643463703946354,
        "1.0": 0.037118242261836056,
        "43.0": 0.01389573440206434,
        "37.0": 0.017247723020249326,
        "13.0": 0.02950087409000981,
        "31.0": 0.0224615257263219,
        "7.0": 0.04753026962748595,
        "25.0": 0.04494986731383496,
        "55.0": 0.004395174671657277,
        "82.0": 0.002721156693482057,
        "40.0": 0.025497339644890024,
        "10.0": 0.031125040063414714,
        "76.0": 0.002716890580228867,
        "58.0": 0.01614059663478434,
        "34.0": 0.010743503641942832,
        "28.0": 0.025953340251490167,
        "64.0": 0.0049634625471639765,
        "74.0": 0.00479941431334242,
        "44.0": 0.020468453693173936,
        "26.0": 0.029174639090365828,
        "38.0": 0.01649353630921547,
        "14.0": 0.02015263422416796,
        "20.0": 0.019514980584530175,
        "56.0": 0.001646793332149211,
        "32.0": 0.031478702854448905,
        "8.0": 0.014553207961372727,
        "107.0": 0.0006101216430237172,
        "65.0": 0.003092797828333945,
        "35.0": 0.02432159120313226,
        "77.0": 0.0003440107257742237,
        "59.0": 0.004339038473579347,
        "29.0": 0.011500376068100894,
        "41.0": 0.030983639203645812,
        "2.0": 0.002672117129675175,
        "89.0": 0.0006101216430237177,
        "47.0": 0.01754524186771112,
        "17.0": 0.004774800501766167,
        "71.0": 0.0003440107257742241,
        "53.0": 0.004264510984702628,
        "23.0": 0.008410253042126729,
        "140.0": 0.00031939527446270553,
        "98.0": 0.0014474631724248513,
        "68.0": 0.0009835523321104146,
        "80.0": 0.002480171653493014,
        "50.0": 0.01575179885740632
    },
    "probability_distribution_items": [
        [
            24.0,
            0.08525540406501864
        ],
        [
            18.0,
            0.12882716877960637
        ],
        [
            36.0,
            0.032169615028217635
        ],
        [
            12.0,
            0.030520343980332855
        ],
        [
            42.0,
            0.019242914730540933
        ],
        [
            72.0,
            0.0016111657318663918
        ],
        [
            49.0,
            0.01590063478106289
        ],
        [
            19.0,
            0.05643463703946354
        ],
        [
            1.0,
            0.037118242261836056
        ],
        [
            43.0,
            0.01389573440206434
        ],
        [
            37.0,
            0.017247723020249326
        ],
        [
            13.0,
            0.02950087409000981
        ],
        [
            31.0,
            0.0224615257263219
        ],
        [
            7.0,
            0.04753026962748595
        ],
        [
            25.0,
            0.04494986731383496
        ],
        [
            55.0,
            0.004395174671657277
        ],
        [
            82.0,
            0.002721156693482057
        ],
        [
            40.0,
            0.025497339644890024
        ],
        [
            10.0,
            0.031125040063414714
        ],
        [
            76.0,
            0.002716890580228867
        ],
        [
            58.0,
            0.01614059663478434
        ],
        [
            34.0,
            0.010743503641942832
        ],
        [
            28.0,
            0.025953340251490167
        ],
        [
            64.0,
            0.0049634625471639765
        ],
        [
            74.0,
            0.00479941431334242
        ],
        [
            44.0,
            0.020468453693173936
        ],
        [
            26.0,
            0.029174639090365828
        ],
        [
            38.0,
            0.01649353630921547
        ],
        [
            14.0,
            0.02015263422416796
        ],
        [
            20.0,
            0.019514980584530175
        ],
        [
            56.0,
            0.001646793332149211
        ],
        [
            32.0,
            0.031478702854448905
        ],
        [
            8.0,
            0.014553207961372727
        ],
        [
            107.0,
            0.0006101216430237172
        ],
        [
            65.0,
            0.003092797828333945
        ],
        [
            35.0,
            0.02432159120313226
        ],
        [
            77.0,
            0.0003440107257742237
        ],
        [
            59.0,
            0.004339038473579347
        ],
        [
            29.0,
            0.011500376068100894
        ],
        [
            41.0,
            0.030983639203645812
        ],
        [
            2.0,
            0.002672117129675175
        ],
        [
            89.0,
            0.0006101216430237177
        ],
        [
            47.0,
            0.01754524186771112
        ],
        [
            17.0,
            0.004774800501766167
        ],
        [
            71.0,
            0.0003440107257742241
        ],
        [
            53.0,
            0.004264510984702628
        ],
        [
            23.0,
            0.008410253042126729
        ],
        [
            140.0,
            0.00031939527446270553
        ],
        [
            98.0,
            0.0014474631724248513
        ],
        [
            68.0,
            0.0009835523321104146
        ],
        [
            80.0,
            0.002480171653493014
        ],
        [
            50.0,
            0.01575179885740632
        ]
    ],
    "approximation_ratio": 27.004470482733122,
    "approximation_ratio_offset": 0.8129174785414883,
    "noise": false,
    "p": 1
}