{
    "expected_value": 295.1698,
    "optimal_gammas": [
        2.335695146594802,
        1.535492376017657,
        1.0638970650423873,
        2.729779908873065,
        4.643077212130827
    ],
    "optimal_betas": [
        1.2936222781290199,
        1.921953417183535,
        1.922741710068168,
        1.4819278479349378,
        1.1892896604908307
    ],
    "problem_identifier": "{'W': [1, 1], 'W_max': 2, 'A': 40, 'B': 4, 'C': 1040}",
    "now": "2021-05-04 19:01:32",
    "execution_time": "0:11:43.272200",
    "nfev": 531,
    "message": "Optimization terminated successfully.",
    "success": true,
    "nit": 1,
    "problem": {
        "W": [
            1,
            1
        ],
        "W_max": 2,
        "A": 40,
        "B": 4,
        "C": 1040
    },
    "probability_distribution": {
        "520.0": 0.0031,
        "270.0": 0.011800000000000001,
        "561.0": 0.0106,
        "271.0": 0.026299999999999997,
        "1.0": 0.0077,
        "311.0": 0.0268,
        "541.0": 0.015300000000000001,
        "21.0": 0.0159,
        "81.0": 0.0046,
        "531.0": 0.0253,
        "261.0": 0.0161,
        "11.0": 0.025299999999999996,
        "281.0": 0.0276,
        "51.0": 0.0066,
        "301.0": 0.0154,
        "571.0": 0.0066,
        "40.0": 0.0058,
        "614.0": 0.0046,
        "304.0": 0.022,
        "14.0": 0.012199999999999999,
        "364.0": 0.013200000000000002,
        "574.0": 0.027000000000000003,
        "54.0": 0.0218,
        "284.0": 0.018500000000000003,
        "134.0": 0.0066,
        "344.0": 0.0164,
        "540.0": 0.006500000000000001,
        "602.0": 0.0023,
        "312.0": 0.0116,
        "42.0": 0.0054,
        "542.0": 0.0132,
        "22.0": 0.0136,
        "272.0": 0.04830000000000001,
        "522.0": 0.0104,
        "20.0": 0.0065,
        "572.0": 0.0066,
        "302.0": 0.0175,
        "52.0": 0.008199999999999999,
        "282.0": 0.035699999999999996,
        "532.0": 0.0303,
        "12.0": 0.0308,
        "262.0": 0.0187,
        "310.0": 0.0126,
        "655.0": 0.005,
        "345.0": 0.015099999999999999,
        "55.0": 0.0252,
        "365.0": 0.0126,
        "575.0": 0.0167,
        "285.0": 0.0185,
        "95.0": 0.0065,
        "305.0": 0.0165,
        "535.0": 0.009000000000000001,
        "2.0": 0.0092,
        "625.0": 0.0060999999999999995,
        "315.0": 0.033100000000000004,
        "25.0": 0.009600000000000001,
        "355.0": 0.0137,
        "565.0": 0.023299999999999998,
        "45.0": 0.0173,
        "275.0": 0.0174,
        "105.0": 0.006699999999999999,
        "545.0": 0.009899999999999999,
        "600.0": 0.003,
        "708.0": 0.0017,
        "398.0": 0.0116,
        "108.0": 0.0073,
        "608.0": 0.0079,
        "88.0": 0.0070999999999999995,
        "318.0": 0.014499999999999999,
        "548.0": 0.0042
    },
    "probability_distribution_items": [
        [
            520.0,
            0.0031
        ],
        [
            270.0,
            0.011800000000000001
        ],
        [
            561.0,
            0.0106
        ],
        [
            271.0,
            0.026299999999999997
        ],
        [
            1.0,
            0.0077
        ],
        [
            311.0,
            0.0268
        ],
        [
            541.0,
            0.015300000000000001
        ],
        [
            21.0,
            0.0159
        ],
        [
            81.0,
            0.0046
        ],
        [
            531.0,
            0.0253
        ],
        [
            261.0,
            0.0161
        ],
        [
            11.0,
            0.025299999999999996
        ],
        [
            281.0,
            0.0276
        ],
        [
            51.0,
            0.0066
        ],
        [
            301.0,
            0.0154
        ],
        [
            571.0,
            0.0066
        ],
        [
            40.0,
            0.0058
        ],
        [
            614.0,
            0.0046
        ],
        [
            304.0,
            0.022
        ],
        [
            14.0,
            0.012199999999999999
        ],
        [
            364.0,
            0.013200000000000002
        ],
        [
            574.0,
            0.027000000000000003
        ],
        [
            54.0,
            0.0218
        ],
        [
            284.0,
            0.018500000000000003
        ],
        [
            134.0,
            0.0066
        ],
        [
            344.0,
            0.0164
        ],
        [
            540.0,
            0.006500000000000001
        ],
        [
            602.0,
            0.0023
        ],
        [
            312.0,
            0.0116
        ],
        [
            42.0,
            0.0054
        ],
        [
            542.0,
            0.0132
        ],
        [
            22.0,
            0.0136
        ],
        [
            272.0,
            0.04830000000000001
        ],
        [
            522.0,
            0.0104
        ],
        [
            20.0,
            0.0065
        ],
        [
            572.0,
            0.0066
        ],
        [
            302.0,
            0.0175
        ],
        [
            52.0,
            0.008199999999999999
        ],
        [
            282.0,
            0.035699999999999996
        ],
        [
            532.0,
            0.0303
        ],
        [
            12.0,
            0.0308
        ],
        [
            262.0,
            0.0187
        ],
        [
            310.0,
            0.0126
        ],
        [
            655.0,
            0.005
        ],
        [
            345.0,
            0.015099999999999999
        ],
        [
            55.0,
            0.0252
        ],
        [
            365.0,
            0.0126
        ],
        [
            575.0,
            0.0167
        ],
        [
            285.0,
            0.0185
        ],
        [
            95.0,
            0.0065
        ],
        [
            305.0,
            0.0165
        ],
        [
            535.0,
            0.009000000000000001
        ],
        [
            2.0,
            0.0092
        ],
        [
            625.0,
            0.0060999999999999995
        ],
        [
            315.0,
            0.033100000000000004
        ],
        [
            25.0,
            0.009600000000000001
        ],
        [
            355.0,
            0.0137
        ],
        [
            565.0,
            0.023299999999999998
        ],
        [
            45.0,
            0.0173
        ],
        [
            275.0,
            0.0174
        ],
        [
            105.0,
            0.006699999999999999
        ],
        [
            545.0,
            0.009899999999999999
        ],
        [
            600.0,
            0.003
        ],
        [
            708.0,
            0.0017
        ],
        [
            398.0,
            0.0116
        ],
        [
            108.0,
            0.0073
        ],
        [
            608.0,
            0.0079
        ],
        [
            88.0,
            0.0070999999999999995
        ],
        [
            318.0,
            0.014499999999999999
        ],
        [
            548.0,
            0.0042
        ]
    ],
    "approximation_ratio": 0.5761089108910892,
    "noise": true,
    "p": 5
}