{
    "expected_value": 284.0158,
    "optimal_gammas": [
        3.5772954175922624
    ],
    "optimal_betas": [
        1.9541253578562527
    ],
    "problem_identifier": "{'W': [1, 1], 'W_max': 2, 'A': 56, 'B': 4, 'C': 1008}",
    "now": "2021-05-04 21:31:56",
    "execution_time": "0:31:02.997322",
    "nfev": 3081,
    "message": "Optimization terminated successfully.",
    "success": true,
    "nit": 99,
    "problem": {
        "W": [
            1,
            1
        ],
        "W_max": 2,
        "A": 56,
        "B": 4,
        "C": 1008
    },
    "optimal_cost": 1.0,
    "probability_distribution": {
        "504.0": 0.0134,
        "266.0": 0.0111,
        "561.0": 0.018000000000000002,
        "267.0": 0.0458,
        "1.0": 0.0156,
        "323.0": 0.01,
        "533.0": 0.0073,
        "29.0": 0.0060999999999999995,
        "113.0": 0.0009000000000000001,
        "519.0": 0.026500000000000003,
        "253.0": 0.033100000000000004,
        "15.0": 0.018500000000000003,
        "281.0": 0.0157,
        "71.0": 0.0013,
        "309.0": 0.004200000000000001,
        "575.0": 0.0012000000000000001,
        "56.0": 0.0034000000000000002,
        "634.0": 0.0038,
        "312.0": 0.027200000000000002,
        "18.0": 0.07020000000000001,
        "396.0": 0.0011,
        "578.0": 0.0093,
        "74.0": 0.0092,
        "284.0": 0.0354,
        "186.0": 0.00030000000000000003,
        "368.0": 0.0015999999999999999,
        "532.0": 0.0018,
        "618.0": 0.0012,
        "324.0": 0.0092,
        "58.0": 0.0045,
        "534.0": 0.01,
        "30.0": 0.0091,
        "268.0": 0.0321,
        "506.0": 0.009999999999999998,
        "28.0": 0.0006000000000000001,
        "576.0": 0.0087,
        "310.0": 0.017,
        "72.0": 0.01,
        "282.0": 0.0467,
        "520.0": 0.0341,
        "16.0": 0.037,
        "254.0": 0.0288,
        "322.0": 0.0012000000000000001,
        "691.0": 0.0013,
        "369.0": 0.006999999999999999,
        "75.0": 0.0266,
        "397.0": 0.0028,
        "579.0": 0.010000000000000002,
        "285.0": 0.0511,
        "131.0": 0.0015,
        "313.0": 0.009500000000000001,
        "523.0": 0.0325,
        "2.0": 0.0063,
        "649.0": 0.0009,
        "327.0": 0.015400000000000002,
        "33.0": 0.018099999999999998,
        "383.0": 0.0026,
        "565.0": 0.0104,
        "61.0": 0.0092,
        "271.0": 0.0524,
        "145.0": 0.001,
        "537.0": 0.0264,
        "764.0": 0.0001,
        "442.0": 0.001,
        "148.0": 0.0045,
        "624.0": 0.0025,
        "120.0": 0.0014,
        "330.0": 0.0224,
        "540.0": 0.0309
    },
    "probability_distribution_items": [
        [
            504.0,
            0.0134
        ],
        [
            266.0,
            0.0111
        ],
        [
            561.0,
            0.018000000000000002
        ],
        [
            267.0,
            0.0458
        ],
        [
            1.0,
            0.0156
        ],
        [
            323.0,
            0.01
        ],
        [
            533.0,
            0.0073
        ],
        [
            29.0,
            0.0060999999999999995
        ],
        [
            113.0,
            0.0009000000000000001
        ],
        [
            519.0,
            0.026500000000000003
        ],
        [
            253.0,
            0.033100000000000004
        ],
        [
            15.0,
            0.018500000000000003
        ],
        [
            281.0,
            0.0157
        ],
        [
            71.0,
            0.0013
        ],
        [
            309.0,
            0.004200000000000001
        ],
        [
            575.0,
            0.0012000000000000001
        ],
        [
            56.0,
            0.0034000000000000002
        ],
        [
            634.0,
            0.0038
        ],
        [
            312.0,
            0.027200000000000002
        ],
        [
            18.0,
            0.07020000000000001
        ],
        [
            396.0,
            0.0011
        ],
        [
            578.0,
            0.0093
        ],
        [
            74.0,
            0.0092
        ],
        [
            284.0,
            0.0354
        ],
        [
            186.0,
            0.00030000000000000003
        ],
        [
            368.0,
            0.0015999999999999999
        ],
        [
            532.0,
            0.0018
        ],
        [
            618.0,
            0.0012
        ],
        [
            324.0,
            0.0092
        ],
        [
            58.0,
            0.0045
        ],
        [
            534.0,
            0.01
        ],
        [
            30.0,
            0.0091
        ],
        [
            268.0,
            0.0321
        ],
        [
            506.0,
            0.009999999999999998
        ],
        [
            28.0,
            0.0006000000000000001
        ],
        [
            576.0,
            0.0087
        ],
        [
            310.0,
            0.017
        ],
        [
            72.0,
            0.01
        ],
        [
            282.0,
            0.0467
        ],
        [
            520.0,
            0.0341
        ],
        [
            16.0,
            0.037
        ],
        [
            254.0,
            0.0288
        ],
        [
            322.0,
            0.0012000000000000001
        ],
        [
            691.0,
            0.0013
        ],
        [
            369.0,
            0.006999999999999999
        ],
        [
            75.0,
            0.0266
        ],
        [
            397.0,
            0.0028
        ],
        [
            579.0,
            0.010000000000000002
        ],
        [
            285.0,
            0.0511
        ],
        [
            131.0,
            0.0015
        ],
        [
            313.0,
            0.009500000000000001
        ],
        [
            523.0,
            0.0325
        ],
        [
            2.0,
            0.0063
        ],
        [
            649.0,
            0.0009
        ],
        [
            327.0,
            0.015400000000000002
        ],
        [
            33.0,
            0.018099999999999998
        ],
        [
            383.0,
            0.0026
        ],
        [
            565.0,
            0.0104
        ],
        [
            61.0,
            0.0092
        ],
        [
            271.0,
            0.0524
        ],
        [
            145.0,
            0.001
        ],
        [
            537.0,
            0.0264
        ],
        [
            764.0,
            0.0001
        ],
        [
            442.0,
            0.001
        ],
        [
            148.0,
            0.0045
        ],
        [
            624.0,
            0.0025
        ],
        [
            120.0,
            0.0014
        ],
        [
            330.0,
            0.0224
        ],
        [
            540.0,
            0.0309
        ]
    ],
    "approximation_ratio": 290.2942,
    "approximation_ratio_offset": 0.6208463958060289,
    "noise": true,
    "p": 1
}