{
    "expected_value": 43.62610119362482,
    "optimal_gammas": [
        3.269144010490986
    ],
    "optimal_betas": [
        0.34048296793763067
    ],
    "problem_identifier": "{'W': [1, 1], 'W_max': 2, 'A': 8, 'B': 4, 'C': 144}",
    "now": "2021-05-05 11:17:13",
    "execution_time": "0:04:06.817327",
    "nfev": 933,
    "message": "Optimization terminated successfully.",
    "success": true,
    "nit": 29,
    "problem": {
        "W": [
            1,
            1
        ],
        "W_max": 2,
        "A": 8,
        "B": 4,
        "C": 144
    },
    "optimal_cost": 1.0,
    "probability_distribution": {
        "72.0": 0.02959483914070703,
        "38.0": 0.0599079138680263,
        "8.0": 0.018943685956062273,
        "76.0": 0.057200340931001216,
        "4.0": 0.05323945609131861,
        "46.0": 0.01987663777763028,
        "88.0": 0.003076886382548173,
        "81.0": 0.004567661886583848,
        "39.0": 0.07652644067708944,
        "1.0": 0.006847280906928321,
        "47.0": 0.022553952606144005,
        "77.0": 0.027298418275855663,
        "5.0": 0.03022252893232321,
        "17.0": 0.00015909798341584634,
        "75.0": 0.027731603299116024,
        "37.0": 0.0712820966285485,
        "3.0": 0.037069809839251525,
        "41.0": 0.00555605550711255,
        "11.0": 0.00015909798341584629,
        "45.0": 0.05812040446928255,
        "83.0": 0.0023454679214140136,
        "94.0": 0.018975104148359775,
        "48.0": 0.010903609029552539,
        "6.0": 0.05035111111089011,
        "60.0": 0.013146334469841372,
        "86.0": 0.010656559509634882,
        "14.0": 0.0025744546614619107,
        "44.0": 0.019741419955907585,
        "30.0": 0.0060202152591374136,
        "56.0": 0.0034021009960963503,
        "90.0": 7.688622891151794e-05,
        "10.0": 8.682315872437557e-06,
        "78.0": 0.029305747340551115,
        "40.0": 0.01720935580851847,
        "74.0": 0.029228861111639574,
        "84.0": 0.007106939581802656,
        "12.0": 0.0001826502443676031,
        "42.0": 0.005533552087958245,
        "103.0": 3.191814437183121e-05,
        "57.0": 8.176111560151236e-05,
        "15.0": 0.006467679880151549,
        "61.0": 0.024102777243842015,
        "87.0": 0.005943924096168984,
        "23.0": 0.0013647888560907597,
        "49.0": 0.0007773721340692966,
        "79.0": 0.0017890089419094594,
        "2.0": 0.02586571247219369,
        "97.0": 3.191814437183121e-05,
        "51.0": 0.0008591332496708091,
        "9.0": 2.4327778819293744e-05,
        "59.0": 0.024102777243842,
        "85.0": 0.005943924096168982,
        "13.0": 0.006443352101332257,
        "43.0": 0.03587816332171012,
        "25.0": 0.0013647888560907584,
        "116.0": 0.002943019898921435,
        "70.0": 0.0032541538768500753,
        "28.0": 0.009299500670465456,
        "96.0": 0.001067822324404596,
        "24.0": 0.0005650846863331576,
        "54.0": 0.005093829942340884
    },
    "probability_distribution_items": [
        [
            72.0,
            0.02959483914070703
        ],
        [
            38.0,
            0.0599079138680263
        ],
        [
            8.0,
            0.018943685956062273
        ],
        [
            76.0,
            0.057200340931001216
        ],
        [
            4.0,
            0.05323945609131861
        ],
        [
            46.0,
            0.01987663777763028
        ],
        [
            88.0,
            0.003076886382548173
        ],
        [
            81.0,
            0.004567661886583848
        ],
        [
            39.0,
            0.07652644067708944
        ],
        [
            1.0,
            0.006847280906928321
        ],
        [
            47.0,
            0.022553952606144005
        ],
        [
            77.0,
            0.027298418275855663
        ],
        [
            5.0,
            0.03022252893232321
        ],
        [
            17.0,
            0.00015909798341584634
        ],
        [
            75.0,
            0.027731603299116024
        ],
        [
            37.0,
            0.0712820966285485
        ],
        [
            3.0,
            0.037069809839251525
        ],
        [
            41.0,
            0.00555605550711255
        ],
        [
            11.0,
            0.00015909798341584629
        ],
        [
            45.0,
            0.05812040446928255
        ],
        [
            83.0,
            0.0023454679214140136
        ],
        [
            94.0,
            0.018975104148359775
        ],
        [
            48.0,
            0.010903609029552539
        ],
        [
            6.0,
            0.05035111111089011
        ],
        [
            60.0,
            0.013146334469841372
        ],
        [
            86.0,
            0.010656559509634882
        ],
        [
            14.0,
            0.0025744546614619107
        ],
        [
            44.0,
            0.019741419955907585
        ],
        [
            30.0,
            0.0060202152591374136
        ],
        [
            56.0,
            0.0034021009960963503
        ],
        [
            90.0,
            7.688622891151794e-05
        ],
        [
            10.0,
            8.682315872437557e-06
        ],
        [
            78.0,
            0.029305747340551115
        ],
        [
            40.0,
            0.01720935580851847
        ],
        [
            74.0,
            0.029228861111639574
        ],
        [
            84.0,
            0.007106939581802656
        ],
        [
            12.0,
            0.0001826502443676031
        ],
        [
            42.0,
            0.005533552087958245
        ],
        [
            103.0,
            3.191814437183121e-05
        ],
        [
            57.0,
            8.176111560151236e-05
        ],
        [
            15.0,
            0.006467679880151549
        ],
        [
            61.0,
            0.024102777243842015
        ],
        [
            87.0,
            0.005943924096168984
        ],
        [
            23.0,
            0.0013647888560907597
        ],
        [
            49.0,
            0.0007773721340692966
        ],
        [
            79.0,
            0.0017890089419094594
        ],
        [
            2.0,
            0.02586571247219369
        ],
        [
            97.0,
            3.191814437183121e-05
        ],
        [
            51.0,
            0.0008591332496708091
        ],
        [
            9.0,
            2.4327778819293744e-05
        ],
        [
            59.0,
            0.024102777243842
        ],
        [
            85.0,
            0.005943924096168982
        ],
        [
            13.0,
            0.006443352101332257
        ],
        [
            43.0,
            0.03587816332171012
        ],
        [
            25.0,
            0.0013647888560907584
        ],
        [
            116.0,
            0.002943019898921435
        ],
        [
            70.0,
            0.0032541538768500753
        ],
        [
            28.0,
            0.009299500670465456
        ],
        [
            96.0,
            0.001067822324404596
        ],
        [
            24.0,
            0.0005650846863331576
        ],
        [
            54.0,
            0.005093829942340884
        ]
    ],
    "approximation_ratio": 43.62610119362476,
    "approximation_ratio_offset": 0.6293382504902194,
    "noise": false,
    "p": 1
}