{
    "expected_value": 73.01985148831696,
    "optimal_gammas": [
        5.001229625872674
    ],
    "optimal_betas": [
        0.6930309077250205
    ],
    "problem_identifier": "{'W': [1, 1], 'W_max': 2, 'A': 24, 'B': 4, 'C': 240}",
    "now": "2021-05-05 11:46:36",
    "execution_time": "0:11:15.353527",
    "nfev": 1428,
    "message": "Optimization terminated successfully.",
    "success": true,
    "nit": 45,
    "problem": {
        "W": [
            1,
            1
        ],
        "W_max": 2,
        "A": 24,
        "B": 4,
        "C": 240
    },
    "probability_distribution": {
        "120.0": 0.11305355885199697,
        "66.0": 0.11091700404886023,
        "24.0": 0.03735498724761644,
        "132.0": 0.013729406500166613,
        "12.0": 0.013542907983372515,
        "90.0": 0.018423605085910455,
        "168.0": 0.00278260113270883,
        "145.0": 0.022567940417724645,
        "67.0": 0.05599848380848874,
        "1.0": 0.07085633819390993,
        "91.0": 0.009752330905487256,
        "133.0": 0.005195754107553656,
        "13.0": 0.005396926878716984,
        "49.0": 0.0030051411776699025,
        "127.0": 0.01644123954836834,
        "61.0": 0.02138463095705328,
        "7.0": 0.07625326507262689,
        "73.0": 0.04035188292636933,
        "31.0": 0.003005141177669903,
        "85.0": 0.0040143008305533944,
        "151.0": 0.011322454976909976,
        "178.0": 0.0017424218577948322,
        "88.0": 0.032861639051683045,
        "10.0": 0.05520964045696605,
        "124.0": 0.0009064538095516321,
        "154.0": 0.017161670098436055,
        "34.0": 0.008167507904194815,
        "76.0": 0.02652184290127279,
        "82.0": 0.00031109004355028553,
        "112.0": 0.0056180308139252375,
        "170.0": 1.374723916264593e-05,
        "92.0": 0.00033228919784314393,
        "26.0": 0.0024235862335896616,
        "134.0": 0.01064837357703461,
        "14.0": 0.0024493927457758763,
        "68.0": 0.011427885284518893,
        "122.0": 0.010634626337871964,
        "152.0": 0.00042753863864231935,
        "86.0": 0.0015798822732345512,
        "32.0": 0.0050690076870743795,
        "74.0": 0.010001688622686881,
        "128.0": 0.02696712654061307,
        "8.0": 0.005701009114261563,
        "62.0": 0.008421806349452339,
        "203.0": 0.00018023677429713933,
        "113.0": 0.0013029993040819291,
        "35.0": 0.0028321563332491155,
        "125.0": 0.00019938711549781827,
        "155.0": 0.002148877802827784,
        "77.0": 0.004862668080340008,
        "59.0": 0.000494891508406697,
        "89.0": 0.010632406369852552,
        "131.0": 0.018129375631142322,
        "2.0": 2.580651218621403e-05,
        "185.0": 0.000180236774297139,
        "95.0": 0.01193540567393448,
        "17.0": 0.0020246092318961144,
        "119.0": 0.0001993871154978187,
        "149.0": 0.002148877802827784,
        "29.0": 0.0008075471013530007,
        "71.0": 0.004862668080340008,
        "65.0": 0.0004948915084066971,
        "137.0": 0.018129375631142315,
        "236.0": 9.971676861821044e-06,
        "146.0": 0.0002605962616861207,
        "176.0": 0.0015454921567936927,
        "56.0": 0.0008486215118181816,
        "98.0": 0.008335768638934565,
        "140.0": 0.007459586793458396
    },
    "probability_distribution_items": [
        [
            120.0,
            0.11305355885199697
        ],
        [
            66.0,
            0.11091700404886023
        ],
        [
            24.0,
            0.03735498724761644
        ],
        [
            132.0,
            0.013729406500166613
        ],
        [
            12.0,
            0.013542907983372515
        ],
        [
            90.0,
            0.018423605085910455
        ],
        [
            168.0,
            0.00278260113270883
        ],
        [
            145.0,
            0.022567940417724645
        ],
        [
            67.0,
            0.05599848380848874
        ],
        [
            1.0,
            0.07085633819390993
        ],
        [
            91.0,
            0.009752330905487256
        ],
        [
            133.0,
            0.005195754107553656
        ],
        [
            13.0,
            0.005396926878716984
        ],
        [
            49.0,
            0.0030051411776699025
        ],
        [
            127.0,
            0.01644123954836834
        ],
        [
            61.0,
            0.02138463095705328
        ],
        [
            7.0,
            0.07625326507262689
        ],
        [
            73.0,
            0.04035188292636933
        ],
        [
            31.0,
            0.003005141177669903
        ],
        [
            85.0,
            0.0040143008305533944
        ],
        [
            151.0,
            0.011322454976909976
        ],
        [
            178.0,
            0.0017424218577948322
        ],
        [
            88.0,
            0.032861639051683045
        ],
        [
            10.0,
            0.05520964045696605
        ],
        [
            124.0,
            0.0009064538095516321
        ],
        [
            154.0,
            0.017161670098436055
        ],
        [
            34.0,
            0.008167507904194815
        ],
        [
            76.0,
            0.02652184290127279
        ],
        [
            82.0,
            0.00031109004355028553
        ],
        [
            112.0,
            0.0056180308139252375
        ],
        [
            170.0,
            1.374723916264593e-05
        ],
        [
            92.0,
            0.00033228919784314393
        ],
        [
            26.0,
            0.0024235862335896616
        ],
        [
            134.0,
            0.01064837357703461
        ],
        [
            14.0,
            0.0024493927457758763
        ],
        [
            68.0,
            0.011427885284518893
        ],
        [
            122.0,
            0.010634626337871964
        ],
        [
            152.0,
            0.00042753863864231935
        ],
        [
            86.0,
            0.0015798822732345512
        ],
        [
            32.0,
            0.0050690076870743795
        ],
        [
            74.0,
            0.010001688622686881
        ],
        [
            128.0,
            0.02696712654061307
        ],
        [
            8.0,
            0.005701009114261563
        ],
        [
            62.0,
            0.008421806349452339
        ],
        [
            203.0,
            0.00018023677429713933
        ],
        [
            113.0,
            0.0013029993040819291
        ],
        [
            35.0,
            0.0028321563332491155
        ],
        [
            125.0,
            0.00019938711549781827
        ],
        [
            155.0,
            0.002148877802827784
        ],
        [
            77.0,
            0.004862668080340008
        ],
        [
            59.0,
            0.000494891508406697
        ],
        [
            89.0,
            0.010632406369852552
        ],
        [
            131.0,
            0.018129375631142322
        ],
        [
            2.0,
            2.580651218621403e-05
        ],
        [
            185.0,
            0.000180236774297139
        ],
        [
            95.0,
            0.01193540567393448
        ],
        [
            17.0,
            0.0020246092318961144
        ],
        [
            119.0,
            0.0001993871154978187
        ],
        [
            149.0,
            0.002148877802827784
        ],
        [
            29.0,
            0.0008075471013530007
        ],
        [
            71.0,
            0.004862668080340008
        ],
        [
            65.0,
            0.0004948915084066971
        ],
        [
            137.0,
            0.018129375631142315
        ],
        [
            236.0,
            9.971676861821044e-06
        ],
        [
            146.0,
