{
    "expected_value": 301.0763,
    "optimal_gammas": [
        1.7250739766674599,
        0.9986633682636695,
        1.7078342008504377,
        2.7195938196418905,
        2.638435728212257
    ],
    "optimal_betas": [
        0.855939446338682,
        1.0498252926395475,
        2.1047515237596532,
        1.8354490441539102,
        1.5186211029116552
    ],
    "problem_identifier": "{'W': [1, 1], 'W_max': 2, 'A': 56, 'B': 4, 'C': 1008}",
    "now": "2021-05-04 18:38:00",
    "execution_time": "0:12:45.916587",
    "nfev": 575,
    "message": "Optimization terminated successfully.",
    "success": true,
    "nit": 1,
    "problem": {
        "W": [
            1,
            1
        ],
        "W_max": 2,
        "A": 56,
        "B": 4,
        "C": 1008
    },
    "optimal_cost": 1.0,
    "probability_distribution": {
        "504.0": 0.0033,
        "266.0": 0.0131,
        "561.0": 0.0137,
        "267.0": 0.0293,
        "1.0": 0.0071,
        "323.0": 0.027800000000000002,
        "533.0": 0.015199999999999998,
        "29.0": 0.0137,
        "113.0": 0.0058,
        "519.0": 0.023799999999999998,
        "253.0": 0.0192,
        "15.0": 0.024600000000000004,
        "281.0": 0.0344,
        "71.0": 0.0062,
        "309.0": 0.0177,
        "575.0": 0.009500000000000001,
        "56.0": 0.006500000000000001,
        "634.0": 0.007299999999999999,
        "312.0": 0.019200000000000002,
        "18.0": 0.012199999999999999,
        "396.0": 0.013999999999999999,
        "578.0": 0.0257,
        "74.0": 0.0167,
        "284.0": 0.018000000000000002,
        "186.0": 0.0063999999999999994,
        "368.0": 0.0165,
        "532.0": 0.0066,
        "618.0": 0.0023,
        "324.0": 0.013000000000000001,
        "58.0": 0.0069,
        "534.0": 0.0139,
        "30.0": 0.0128,
        "268.0": 0.0461,
        "506.0": 0.011,
        "28.0": 0.0062,
        "576.0": 0.0075,
        "310.0": 0.015200000000000002,
        "72.0": 0.0064,
        "282.0": 0.028199999999999996,
        "520.0": 0.023399999999999997,
        "16.0": 0.025,
        "254.0": 0.0186,
        "322.0": 0.0142,
        "691.0": 0.0055,
        "369.0": 0.0131,
        "75.0": 0.0227,
        "397.0": 0.0125,
        "579.0": 0.0155,
        "285.0": 0.0195,
        "131.0": 0.0083,
        "313.0": 0.0152,
        "523.0": 0.0109,
        "2.0": 0.0089,
        "649.0": 0.0079,
        "327.0": 0.0304,
        "33.0": 0.012199999999999999,
        "383.0": 0.0139,
        "565.0": 0.0173,
        "61.0": 0.0171,
        "271.0": 0.0208,
        "145.0": 0.0086,
        "537.0": 0.0084,
        "616.0": 0.0042,
        "764.0": 0.0043,
        "442.0": 0.0134,
        "148.0": 0.0068000000000000005,
        "624.0": 0.0088,
        "120.0": 0.0069,
        "330.0": 0.017599999999999998,
        "540.0": 0.0051
    },
    "probability_distribution_items": [
        [
            504.0,
            0.0033
        ],
        [
            266.0,
            0.0131
        ],
        [
            561.0,
            0.0137
        ],
        [
            267.0,
            0.0293
        ],
        [
            1.0,
            0.0071
        ],
        [
            323.0,
            0.027800000000000002
        ],
        [
            533.0,
            0.015199999999999998
        ],
        [
            29.0,
            0.0137
        ],
        [
            113.0,
            0.0058
        ],
        [
            519.0,
            0.023799999999999998
        ],
        [
            253.0,
            0.0192
        ],
        [
            15.0,
            0.024600000000000004
        ],
        [
            281.0,
            0.0344
        ],
        [
            71.0,
            0.0062
        ],
        [
            309.0,
            0.0177
        ],
        [
            575.0,
            0.009500000000000001
        ],
        [
            56.0,
            0.006500000000000001
        ],
        [
            634.0,
            0.007299999999999999
        ],
        [
            312.0,
            0.019200000000000002
        ],
        [
            18.0,
            0.012199999999999999
        ],
        [
            396.0,
            0.013999999999999999
        ],
        [
            578.0,
            0.0257
        ],
        [
            74.0,
            0.0167
        ],
        [
            284.0,
            0.018000000000000002
        ],
        [
            186.0,
            0.0063999999999999994
        ],
        [
            368.0,
            0.0165
        ],
        [
            532.0,
            0.0066
        ],
        [
            618.0,
            0.0023
        ],
        [
            324.0,
            0.013000000000000001
        ],
        [
            58.0,
            0.0069
        ],
        [
            534.0,
            0.0139
        ],
        [
            30.0,
            0.0128
        ],
        [
            268.0,
            0.0461
        ],
        [
            506.0,
            0.011
        ],
        [
            28.0,
            0.0062
        ],
        [
            576.0,
            0.0075
        ],
        [
            310.0,
            0.015200000000000002
        ],
        [
            72.0,
            0.0064
        ],
        [
            282.0,
            0.028199999999999996
        ],
        [
            520.0,
            0.023399999999999997
        ],
        [
            16.0,
            0.025
        ],
        [
            254.0,
            0.0186
        ],
        [
            322.0,
            0.0142
        ],
        [
            691.0,
            0.0055
        ],
        [
            369.0,
            0.0131
        ],
        [
            75.0,
            0.0227
        ],
        [
            397.0,
            0.0125
        ],
        [
            579.0,
            0.0155
        ],
        [
            285.0,
            0.0195
        ],
        [
            131.0,
            0.0083
        ],
        [
            313.0,
            0.0152
        ],
        [
            523.0,
            0.0109
        ],
        [
            2.0,
            0.0089
        ],
        [
            649.0,
            0.0079
        ],
        [
            327.0,
            0.0304
        ],
        [
            33.0,
            0.012199999999999999
        ],
        [
            383.0,
            0.0139
        ],
        [
            565.0,
            0.0173
        ],
        [
            61.0,
            0.0171
        ],
        [
            271.0,
            0.0208
        ],
        [
            145.0,
            0.0086
        ],
        [
            537.0,
            0.0084
        ],
        [
            616.0,
            0.0042
        ],
        [
            764.0,
            0.0043
        ],
        [
            442.0,
            0.0134
        ],
        [
            148.0,
            0.0068000000000000005
        ],
        [
            624.0,
            0.0088
        ],
        [
            120.0,
            0.0069
        ],
        [
            330.0,
            0.017599999999999998
        ],
        [
            540.0,
            0.0051
        ]
    ],
    "approximation_ratio": 305.976,
    "approximation_ratio_offset": 0.6002935779816514,
    "noise": true,
    "p": 5
}