{
    "expected_value": 30.1837,
    "optimal_gammas": [
        0.32584105929001606,
        3.250544335613668,
        0.45565561188211756,
        5.8250403152456975,
        3.6455855027431285,
        2.904318171644787,
        1.364004441818637
    ],
    "optimal_betas": [
        0.2272422574704711,
        0.2648660081303802,
        0.178079866402721,
        1.581742476587985,
        1.4934672639147089,
        1.6347642588737925,
        1.4353227101785628
    ],
    "problem_identifier": "{'W': [1, 1], 'W_max': 2, 'A': 8, 'B': 4, 'C': 80}",
    "now": "2021-05-04 19:48:38",
    "execution_time": "0:20:18.846627",
    "nfev": 735,
    "message": "Optimization terminated successfully.",
    "success": true,
    "nit": 1,
    "problem": {
        "W": [
            1,
            1
        ],
        "W_max": 2,
        "A": 8,
        "B": 4,
        "C": 80
    },
    "optimal_cost": 1.0,
    "probability_distribution": {
        "40.0": 0.0166,
        "22.0": 0.0354,
        "49.0": 0.0178,
        "23.0": 0.0386,
        "1.0": 0.0074,
        "31.0": 0.028999999999999998,
        "45.0": 0.0335,
        "5.0": 0.0172,
        "17.0": 0.0060999999999999995,
        "43.0": 0.051,
        "21.0": 0.021900000000000003,
        "3.0": 0.0278,
        "25.0": 0.042100000000000005,
        "11.0": 0.0069,
        "29.0": 0.025199999999999997,
        "51.0": 0.0051,
        "8.0": 0.0077,
        "62.0": 0.0096,
        "32.0": 0.0311,
        "6.0": 0.0219,
        "44.0": 0.0505,
        "54.0": 0.036399999999999995,
        "14.0": 0.015700000000000002,
        "28.0": 0.016800000000000002,
        "30.0": 0.0345,
        "58.0": 0.0031,
        "10.0": 0.0055,
        "46.0": 0.015899999999999997,
        "24.0": 0.058899999999999994,
        "42.0": 0.0154,
        "4.0": 0.0363,
        "52.0": 0.013600000000000001,
        "12.0": 0.0063,
        "26.0": 0.0319,
        "71.0": 0.0077,
        "41.0": 0.0156,
        "15.0": 0.0206,
        "55.0": 0.0154,
        "33.0": 0.011300000000000001,
        "47.0": 0.0036,
        "2.0": 0.013399999999999999,
        "65.0": 0.0087,
        "35.0": 0.032,
        "9.0": 0.0072,
        "53.0": 0.0165,
        "13.0": 0.018000000000000002,
        "27.0": 0.013,
        "56.0": 0.0019,
        "84.0": 0.0041,
        "64.0": 0.0075,
        "38.0": 0.0108
    },
    "probability_distribution_items": [
        [
            40.0,
            0.0166
        ],
        [
            22.0,
            0.0354
        ],
        [
            49.0,
            0.0178
        ],
        [
            23.0,
            0.0386
        ],
        [
            1.0,
            0.0074
        ],
        [
            31.0,
            0.028999999999999998
        ],
        [
            45.0,
            0.0335
        ],
        [
            5.0,
            0.0172
        ],
        [
            17.0,
            0.0060999999999999995
        ],
        [
            43.0,
            0.051
        ],
        [
            21.0,
            0.021900000000000003
        ],
        [
            3.0,
            0.0278
        ],
        [
            25.0,
            0.042100000000000005
        ],
        [
            11.0,
            0.0069
        ],
        [
            29.0,
            0.025199999999999997
        ],
        [
            51.0,
            0.0051
        ],
        [
            8.0,
            0.0077
        ],
        [
            62.0,
            0.0096
        ],
        [
            32.0,
            0.0311
        ],
        [
            6.0,
            0.0219
        ],
        [
            44.0,
            0.0505
        ],
        [
            54.0,
            0.036399999999999995
        ],
        [
            14.0,
            0.015700000000000002
        ],
        [
            28.0,
            0.016800000000000002
        ],
        [
            30.0,
            0.0345
        ],
        [
            58.0,
            0.0031
        ],
        [
            10.0,
            0.0055
        ],
        [
            46.0,
            0.015899999999999997
        ],
        [
            24.0,
            0.058899999999999994
        ],
        [
            42.0,
            0.0154
        ],
        [
            4.0,
            0.0363
        ],
        [
            52.0,
            0.013600000000000001
        ],
        [
            12.0,
            0.0063
        ],
        [
            26.0,
            0.0319
        ],
        [
            71.0,
            0.0077
        ],
        [
            41.0,
            0.0156
        ],
        [
            15.0,
            0.0206
        ],
        [
            55.0,
            0.0154
        ],
        [
            33.0,
            0.011300000000000001
        ],
        [
            47.0,
            0.0036
        ],
        [
            2.0,
            0.013399999999999999
        ],
        [
            65.0,
            0.0087
        ],
        [
            35.0,
            0.032
        ],
        [
            9.0,
            0.0072
        ],
        [
            53.0,
            0.0165
        ],
        [
            13.0,
            0.018000000000000002
        ],
        [
            27.0,
            0.013
        ],
        [
            56.0,
            0.0019
        ],
        [
            84.0,
            0.0041
        ],
        [
            64.0,
            0.0075
        ],
        [
            38.0,
            0.0108
        ]
    ],
    "approximation_ratio": 30.7086,
    "approximation_ratio_offset": 0.6420650602409638,
    "noise": true,
    "p": 7
}