{
    "expected_value": 140.2812,
    "optimal_gammas": [
        2.042177563329929,
        5.7825918783114325,
        4.52599018174168,
        1.6433962925871695,
        3.2726077363720507,
        3.544985998852018,
        1.7429258422399097
    ],
    "optimal_betas": [
        2.8996344616389242,
        0.2728435923726853,
        0.8229672722184276,
        0.5726390358340167,
        0.2877456046577733,
        1.0843107889481667,
        1.0794216338053881
    ],
    "problem_identifier": "{'W': [1, 1], 'W_max': 2, 'A': 40, 'B': 4, 'C': 400}",
    "now": "2021-05-04 19:54:07",
    "execution_time": "0:25:39.511488",
    "nfev": 885,
    "message": "Optimization terminated successfully.",
    "success": true,
    "nit": 1,
    "problem": {
        "W": [
            1,
            1
        ],
        "W_max": 2,
        "A": 40,
        "B": 4,
        "C": 400
    },
    "optimal_cost": 1.0,
    "probability_distribution": {
        "200.0": 0.0052,
        "110.0": 0.0211,
        "241.0": 0.018000000000000002,
        "111.0": 0.033100000000000004,
        "1.0": 0.0087,
        "151.0": 0.032,
        "221.0": 0.0162,
        "21.0": 0.0177,
        "81.0": 0.0071,
        "211.0": 0.0276,
        "101.0": 0.0218,
        "11.0": 0.0269,
        "121.0": 0.03339999999999999,
        "51.0": 0.0067,
        "141.0": 0.0167,
        "251.0": 0.0076,
        "40.0": 0.010100000000000001,
        "294.0": 0.0106,
        "144.0": 0.018000000000000002,
        "14.0": 0.010700000000000001,
        "204.0": 0.0173,
        "254.0": 0.0262,
        "54.0": 0.0153,
        "124.0": 0.0172,
        "134.0": 0.008799999999999999,
        "184.0": 0.0164,
        "220.0": 0.009899999999999999,
        "282.0": 0.0035,
        "152.0": 0.0114,
        "42.0": 0.0056,
        "222.0": 0.016300000000000002,
        "22.0": 0.0133,
        "112.0": 0.047900000000000005,
        "202.0": 0.012400000000000001,
        "20.0": 0.0085,
        "252.0": 0.007,
        "142.0": 0.0156,
        "52.0": 0.0066,
        "122.0": 0.028300000000000002,
        "212.0": 0.0215,
        "12.0": 0.0229,
        "102.0": 0.012900000000000002,
        "150.0": 0.0172,
        "335.0": 0.0056,
        "185.0": 0.014699999999999998,
        "55.0": 0.021200000000000004,
        "205.0": 0.0121,
        "255.0": 0.015199999999999998,
        "125.0": 0.0126,
        "95.0": 0.0074,
        "145.0": 0.013600000000000001,
        "215.0": 0.0068000000000000005,
        "2.0": 0.0077,
        "305.0": 0.0074,
        "155.0": 0.0278,
        "25.0": 0.006,
        "195.0": 0.0144,
        "245.0": 0.014600000000000002,
        "45.0": 0.0128,
        "115.0": 0.0119,
        "105.0": 0.008799999999999999,
        "225.0": 0.0083,
        "280.0": 0.0043,
        "388.0": 0.004,
        "238.0": 0.014,
        "108.0": 0.0083,
        "288.0": 0.0075,
        "88.0": 0.0058,
        "158.0": 0.012899999999999998,
        "228.0": 0.0031
    },
    "probability_distribution_items": [
        [
            200.0,
            0.0052
        ],
        [
            110.0,
            0.0211
        ],
        [
            241.0,
            0.018000000000000002
        ],
        [
            111.0,
            0.033100000000000004
        ],
        [
            1.0,
            0.0087
        ],
        [
            151.0,
            0.032
        ],
        [
            221.0,
            0.0162
        ],
        [
            21.0,
            0.0177
        ],
        [
            81.0,
            0.0071
        ],
        [
            211.0,
            0.0276
        ],
        [
            101.0,
            0.0218
        ],
        [
            11.0,
            0.0269
        ],
        [
            121.0,
            0.03339999999999999
        ],
        [
            51.0,
            0.0067
        ],
        [
            141.0,
            0.0167
        ],
        [
            251.0,
            0.0076
        ],
        [
            40.0,
            0.010100000000000001
        ],
        [
            294.0,
            0.0106
        ],
        [
            144.0,
            0.018000000000000002
        ],
        [
            14.0,
            0.010700000000000001
        ],
        [
            204.0,
            0.0173
        ],
        [
            254.0,
            0.0262
        ],
        [
            54.0,
            0.0153
        ],
        [
            124.0,
            0.0172
        ],
        [
            134.0,
            0.008799999999999999
        ],
        [
            184.0,
            0.0164
        ],
        [
            220.0,
            0.009899999999999999
        ],
        [
            282.0,
            0.0035
        ],
        [
            152.0,
            0.0114
        ],
        [
            42.0,
            0.0056
        ],
        [
            222.0,
            0.016300000000000002
        ],
        [
            22.0,
            0.0133
        ],
        [
            112.0,
            0.047900000000000005
        ],
        [
            202.0,
            0.012400000000000001
        ],
        [
            20.0,
            0.0085
        ],
        [
            252.0,
            0.007
        ],
        [
            142.0,
            0.0156
        ],
        [
            52.0,
            0.0066
        ],
        [
            122.0,
            0.028300000000000002
        ],
        [
            212.0,
            0.0215
        ],
        [
            12.0,
            0.0229
        ],
        [
            102.0,
            0.012900000000000002
        ],
        [
            150.0,
            0.0172
        ],
        [
            335.0,
            0.0056
        ],
        [
            185.0,
            0.014699999999999998
        ],
        [
            55.0,
            0.021200000000000004
        ],
        [
            205.0,
            0.0121
        ],
        [
            255.0,
            0.015199999999999998
        ],
        [
            125.0,
            0.0126
        ],
        [
            95.0,
            0.0074
        ],
        [
            145.0,
            0.013600000000000001
        ],
        [
            215.0,
            0.0068000000000000005
        ],
        [
            2.0,
            0.0077
        ],
        [
            305.0,
            0.0074
        ],
        [
            155.0,
            0.0278
        ],
        [
            25.0,
            0.006
        ],
        [
            195.0,
            0.0144
        ],
        [
            245.0,
            0.014600000000000002
        ],
        [
            45.0,
            0.0128
        ],
        [
            115.0,
            0.0119
        ],
        [
            105.0,
            0.008799999999999999
        ],
        [
            225.0,
            0.0083
        ],
        [
            280.0,
            0.0043
        ],
        [
            388.0,
            0.004
        ],
        [
            238.0,
            0.014
        ],
        [
            108.0,
            0.0083
        ],
        [
            288.0,
            0.0075
        ],
        [
            88.0,
            0.0058
        ],
        [
            158.0,
            0.012899999999999998
        ],
        [
            228.0,
            0.0031
        ]
    ],
    "approximation_ratio": 140.9385,
    "approximation_ratio_offset": 0.6384018087855297,
    "noise": true,
    "p": 7
}