{
    "expected_value": 75.6202,
    "optimal_gammas": [
        1.3347239011522603
    ],
    "optimal_betas": [
        0.29334889360743177
    ],
    "problem_identifier": "{'W': [1, 1], 'W_max': 2, 'A': 24, 'B': 4, 'C': 240}",
    "now": "2021-05-04 17:54:41",
    "execution_time": "0:12:37.985854",
    "nfev": 1617,
    "message": "Optimization terminated successfully.",
    "success": true,
    "nit": 51,
    "problem": {
        "W": [
            1,
            1
        ],
        "W_max": 2,
        "A": 24,
        "B": 4,
        "C": 240
    },
    "probability_distribution": {
        "120.0": 0.0236,
        "66.0": 0.034,
        "145.0": 0.0173,
        "67.0": 0.059399999999999994,
        "1.0": 0.0167,
        "91.0": 0.014499999999999999,
        "133.0": 0.0172,
        "13.0": 0.0162,
        "49.0": 0.0015999999999999999,
        "127.0": 0.0377,
        "61.0": 0.0547,
        "7.0": 0.032600000000000004,
        "73.0": 0.0194,
        "31.0": 0.0013,
        "85.0": 0.0025,
        "151.0": 0.00039999999999999996,
        "24.0": 0.003,
        "178.0": 0.0031999999999999997,
        "88.0": 0.0242,
        "10.0": 0.0292,
        "124.0": 0.0017000000000000001,
        "154.0": 0.0093,
        "34.0": 0.0112,
        "76.0": 0.0214,
        "82.0": 0.00039999999999999996,
        "112.0": 0.0013,
        "132.0": 0.0071,
        "170.0": 0.0028,
        "92.0": 0.0196,
        "26.0": 0.006,
        "134.0": 0.0188,
        "14.0": 0.0203,
        "68.0": 0.0551,
        "122.0": 0.0161,
        "12.0": 0.0056,
        "152.0": 0.0063,
        "86.0": 0.0179,
        "32.0": 0.0052,
        "74.0": 0.0314,
        "128.0": 0.0285,
        "8.0": 0.0293,
        "62.0": 0.0121,
        "90.0": 0.0024,
        "203.0": 0.0007,
        "113.0": 0.007899999999999999,
        "35.0": 0.0229,
        "125.0": 0.0027,
        "155.0": 0.0149,
        "77.0": 0.033,
        "59.0": 0.0007999999999999999,
        "89.0": 0.0066,
        "131.0": 0.0114,
        "2.0": 0.0141,
        "185.0": 0.0009,
        "95.0": 0.0168,
        "17.0": 0.014700000000000001,
        "119.0": 0.0028000000000000004,
        "149.0": 0.0144,
        "29.0": 0.012,
        "71.0": 0.0356,
        "65.0": 0.0009,
        "137.0": 0.0118,
        "168.0": 0.0001,
        "236.0": 0.0001,
        "146.0": 0.0017000000000000001,
        "176.0": 0.006,
        "56.0": 0.0025,
        "98.0": 0.0157,
        "140.0": 0.0105
    },
    "probability_distribution_items": [
        [
            120.0,
            0.0236
        ],
        [
            66.0,
            0.034
        ],
        [
            145.0,
            0.0173
        ],
        [
            67.0,
            0.059399999999999994
        ],
        [
            1.0,
            0.0167
        ],
        [
            91.0,
            0.014499999999999999
        ],
        [
            133.0,
            0.0172
        ],
        [
            13.0,
            0.0162
        ],
        [
            49.0,
            0.0015999999999999999
        ],
        [
            127.0,
            0.0377
        ],
        [
            61.0,
            0.0547
        ],
        [
            7.0,
            0.032600000000000004
        ],
        [
            73.0,
            0.0194
        ],
        [
            31.0,
            0.0013
        ],
        [
            85.0,
            0.0025
        ],
        [
            151.0,
            0.00039999999999999996
        ],
        [
            24.0,
            0.003
        ],
        [
            178.0,
            0.0031999999999999997
        ],
        [
            88.0,
            0.0242
        ],
        [
            10.0,
            0.0292
        ],
        [
            124.0,
            0.0017000000000000001
        ],
        [
            154.0,
            0.0093
        ],
        [
            34.0,
            0.0112
        ],
        [
            76.0,
            0.0214
        ],
        [
            82.0,
            0.00039999999999999996
        ],
        [
            112.0,
            0.0013
        ],
        [
            132.0,
            0.0071
        ],
        [
            170.0,
            0.0028
        ],
        [
            92.0,
            0.0196
        ],
        [
            26.0,
            0.006
        ],
        [
            134.0,
            0.0188
        ],
        [
            14.0,
            0.0203
        ],
        [
            68.0,
            0.0551
        ],
        [
            122.0,
            0.0161
        ],
        [
            12.0,
            0.0056
        ],
        [
            152.0,
            0.0063
        ],
        [
            86.0,
            0.0179
        ],
        [
            32.0,
            0.0052
        ],
        [
            74.0,
            0.0314
        ],
        [
            128.0,
            0.0285
        ],
        [
            8.0,
            0.0293
        ],
        [
            62.0,
            0.0121
        ],
        [
            90.0,
            0.0024
        ],
        [
            203.0,
            0.0007
        ],
        [
            113.0,
            0.007899999999999999
        ],
        [
            35.0,
            0.0229
        ],
        [
            125.0,
            0.0027
        ],
        [
            155.0,
            0.0149
        ],
        [
            77.0,
            0.033
        ],
        [
            59.0,
            0.0007999999999999999
        ],
        [
            89.0,
            0.0066
        ],
        [
            131.0,
            0.0114
        ],
        [
            2.0,
            0.0141
        ],
        [
            185.0,
            0.0009
        ],
        [
            95.0,
            0.0168
        ],
        [
            17.0,
            0.014700000000000001
        ],
        [
            119.0,
            0.0028000000000000004
        ],
        [
            149.0,
            0.0144
        ],
        [
            29.0,
            0.012
        ],
        [
            71.0,
            0.0356
        ],
        [
            65.0,
            0.0009
        ],
        [
            137.0,
            0.0118
        ],
        [
            168.0,
            0.0001
        ],
        [
            236.0,
            0.0001
        ],
        [
            146.0,
            0.0017000000000000001
        ],
        [
            176.0,
            0.006
        ],
        [
            56.0,
            0.0025
        ],
        [
            98.0,
            0.0157
        ],
        [
            140.0,
            0.0105
        ]
    ],
    "approximation_ratio": 0.6745421276595746,
    "noise": true,
    "p": 1
}