{
    "expected_value": 1.9344853222402913,
    "optimal_gammas": [
        1.2120305915479301
    ],
    "optimal_betas": [
        0.8498403928451119
    ],
    "problem_identifier": "{'W': [1], 'W_max': 1, 'A': 8, 'B': 4, 'C': 12}",
    "now": "2021-05-03 17:41:32",
    "execution_time": "0:01:47.881657",
    "problem": {
        "W": [
            1
        ],
        "W_max": 1,
        "A": 8,
        "B": 4,
        "C": 12
    },
    "probability_distribution": {
        "3.0": 0.4178756829744395,
        "2.0": 0.020513319230958223,
        "6.0": 0.015644127412090772,
        "1.0": 0.5459668703825116
    },
    "probability_distribution_items": [
        [
            3.0,
            0.4178756829744395
        ],
        [
            2.0,
            0.020513319230958223
        ],
        [
            6.0,
            0.015644127412090772
        ],
        [
            1.0,
            0.5459668703825116
        ]
    ],
    "approximation_ratio": 0.8131029355519417,
    "noise": false,
    "p": 1
}