{
    "expected_value": 194.3882,
    "optimal_gammas": [
        5.012274967584964,
        3.760975552370636,
        0.4524290682110763,
        5.958442508634477,
        2.8161115844785733,
        3.3067268731763013,
        1.410905073369932
    ],
    "optimal_betas": [
        1.5807304835220926,
        2.5725573846747367,
        2.505756936747342,
        2.8613889389078455,
        2.885077120272121,
        2.0605242978720653,
        1.6684498252275302
    ],
    "problem_identifier": "{'W': [1, 1], 'W_max': 2, 'A': 56, 'B': 4, 'C': 560}",
    "now": "2021-05-04 17:32:33",
    "execution_time": "0:22:50.502745",
    "nfev": 780,
    "message": "Optimization terminated successfully.",
    "success": true,
    "nit": 1,
    "problem": {
        "W": [
            1,
            1
        ],
        "W_max": 2,
        "A": 56,
        "B": 4,
        "C": 560
    },
    "optimal_cost": 1.0,
    "probability_distribution": {
        "280.0": 0.0043,
        "154.0": 0.019,
        "337.0": 0.0163,
        "155.0": 0.0363,
        "1.0": 0.0112,
        "211.0": 0.027200000000000002,
        "309.0": 0.0138,
        "29.0": 0.0152,
        "113.0": 0.006,
        "295.0": 0.0246,
        "141.0": 0.019200000000000002,
        "15.0": 0.0268,
        "169.0": 0.0325,
        "71.0": 0.0069,
        "197.0": 0.0149,
        "351.0": 0.008400000000000001,
        "56.0": 0.0098,
        "410.0": 0.007600000000000001,
        "200.0": 0.018600000000000002,
        "18.0": 0.0102,
        "284.0": 0.013200000000000002,
        "354.0": 0.0245,
        "74.0": 0.0129,
        "172.0": 0.019700000000000002,
        "186.0": 0.007600000000000001,
        "256.0": 0.016900000000000002,
        "308.0": 0.0072,
        "394.0": 0.0031,
        "212.0": 0.013,
        "58.0": 0.007299999999999999,
        "310.0": 0.016999999999999998,
        "30.0": 0.014599999999999998,
        "156.0": 0.04869999999999999,
        "282.0": 0.013699999999999999,
        "28.0": 0.0083,
        "352.0": 0.0059,
        "198.0": 0.013900000000000003,
        "72.0": 0.0071,
        "170.0": 0.0302,
        "296.0": 0.0267,
        "16.0": 0.022400000000000003,
        "142.0": 0.015000000000000001,
        "210.0": 0.0149,
        "467.0": 0.0051,
        "257.0": 0.012300000000000002,
        "75.0": 0.0192,
        "285.0": 0.0116,
        "355.0": 0.0133,
        "173.0": 0.0176,
        "131.0": 0.0063999999999999994,
        "201.0": 0.0154,
        "299.0": 0.0076,
        "2.0": 0.007599999999999999,
        "425.0": 0.0053,
        "215.0": 0.0298,
        "33.0": 0.0075,
        "271.0": 0.014599999999999998,
        "341.0": 0.0174,
        "61.0": 0.016399999999999998,
        "159.0": 0.02,
        "145.0": 0.007599999999999999,
        "313.0": 0.010100000000000001,
        "392.0": 0.0029,
        "540.0": 0.0035,
        "330.0": 0.0133,
        "148.0": 0.0075,
        "400.0": 0.0077,
        "120.0": 0.0068,
        "218.0": 0.0163,
        "316.0": 0.0046
    },
    "probability_distribution_items": [
        [
            280.0,
            0.0043
        ],
        [
            154.0,
            0.019
        ],
        [
            337.0,
            0.0163
        ],
        [
            155.0,
            0.0363
        ],
        [
            1.0,
            0.0112
        ],
        [
            211.0,
            0.027200000000000002
        ],
        [
            309.0,
            0.0138
        ],
        [
            29.0,
            0.0152
        ],
        [
            113.0,
            0.006
        ],
        [
            295.0,
            0.0246
        ],
        [
            141.0,
            0.019200000000000002
        ],
        [
            15.0,
            0.0268
        ],
        [
            169.0,
            0.0325
        ],
        [
            71.0,
            0.0069
        ],
        [
            197.0,
            0.0149
        ],
        [
            351.0,
            0.008400000000000001
        ],
        [
            56.0,
            0.0098
        ],
        [
            410.0,
            0.007600000000000001
        ],
        [
            200.0,
            0.018600000000000002
        ],
        [
            18.0,
            0.0102
        ],
        [
            284.0,
            0.013200000000000002
        ],
        [
            354.0,
            0.0245
        ],
        [
            74.0,
            0.0129
        ],
        [
            172.0,
            0.019700000000000002
        ],
        [
            186.0,
            0.007600000000000001
        ],
        [
            256.0,
            0.016900000000000002
        ],
        [
            308.0,
            0.0072
        ],
        [
            394.0,
            0.0031
        ],
        [
            212.0,
            0.013
        ],
        [
            58.0,
            0.007299999999999999
        ],
        [
            310.0,
            0.016999999999999998
        ],
        [
            30.0,
            0.014599999999999998
        ],
        [
            156.0,
            0.04869999999999999
        ],
        [
            282.0,
            0.013699999999999999
        ],
        [
            28.0,
            0.0083
        ],
        [
            352.0,
            0.0059
        ],
        [
            198.0,
            0.013900000000000003
        ],
        [
            72.0,
            0.0071
        ],
        [
            170.0,
            0.0302
        ],
        [
            296.0,
            0.0267
        ],
        [
            16.0,
            0.022400000000000003
        ],
        [
            142.0,
            0.015000000000000001
        ],
        [
            210.0,
            0.0149
        ],
        [
            467.0,
            0.0051
        ],
        [
            257.0,
            0.012300000000000002
        ],
        [
            75.0,
            0.0192
        ],
        [
            285.0,
            0.0116
        ],
        [
            355.0,
            0.0133
        ],
        [
            173.0,
            0.0176
        ],
        [
            131.0,
            0.0063999999999999994
        ],
        [
            201.0,
            0.0154
        ],
        [
            299.0,
            0.0076
        ],
        [
            2.0,
            0.007599999999999999
        ],
        [
            425.0,
            0.0053
        ],
        [
            215.0,
            0.0298
        ],
        [
            33.0,
            0.0075
        ],
        [
            271.0,
            0.014599999999999998
        ],
        [
            341.0,
            0.0174
        ],
        [
            61.0,
            0.016399999999999998
        ],
        [
            159.0,
            0.02
        ],
        [
            145.0,
            0.007599999999999999
        ],
        [
            313.0,
            0.010100000000000001
        ],
        [
            392.0,
            0.0029
        ],
        [
            540.0,
            0.0035
        ],
        [
            330.0,
            0.0133
        ],
        [
            148.0,
            0.0075
        ],
        [
            400.0,
            0.0077
        ],
        [
            120.0,
            0.0068
        ],
        [
            218.0,
            0.0163
        ],
        [
            316.0,
            0.0046
        ]
    ],
    "approximation_ratio": 196.1152,
    "approximation_ratio_offset": 0.6380051948051949,
    "noise": true,
    "p": 7
}