{
    "expected_value": 73.01985148829341,
    "optimal_gammas": [
        4.423548333777574
    ],
    "optimal_betas": [
        2.448562805522942
    ],
    "problem_identifier": "{'W': [1, 1], 'W_max': 2, 'A': 24, 'B': 4, 'C': 240}",
    "now": "2021-05-05 11:29:59",
    "execution_time": "0:04:26.432282",
    "nfev": 894,
    "message": "Optimization terminated successfully.",
    "success": true,
    "nit": 27,
    "problem": {
        "W": [
            1,
            1
        ],
        "W_max": 2,
        "A": 24,
        "B": 4,
        "C": 240
    },
    "optimal_cost": 1.0,
    "probability_distribution": {
        "120.0": 0.11305378423018751,
        "66.0": 0.11091646645849558,
        "24.0": 0.037355171517245454,
        "132.0": 0.013729246366712963,
        "12.0": 0.013542750325077863,
        "90.0": 0.01842357300198883,
        "168.0": 0.002782621582679263,
        "145.0": 0.022568126741999314,
        "67.0": 0.05599833451926812,
        "1.0": 0.07085653361952299,
        "91.0": 0.009752361379012277,
        "133.0": 0.0051957202219113,
        "13.0": 0.005396884097344556,
        "49.0": 0.00300517691676987,
        "127.0": 0.016441322559599496,
        "61.0": 0.021384621773225417,
        "7.0": 0.07625341771686753,
        "73.0": 0.04035176042980386,
        "31.0": 0.0030051769167698697,
        "85.0": 0.004014313695251112,
        "151.0": 0.011322524404311116,
        "178.0": 0.0017424231113743107,
        "88.0": 0.03286153625509146,
        "10.0": 0.05520972900114002,
        "124.0": 0.00090644893756935,
        "154.0": 0.01716165059067182,
        "34.0": 0.008167423442337894,
        "76.0": 0.026521702029125394,
        "82.0": 0.0003110914402153536,
        "112.0": 0.005618036591195654,
        "170.0": 1.3747402827785826e-05,
        "92.0": 0.00033229303667604116,
        "26.0": 0.002423610445060667,
        "134.0": 0.010648399789964224,
        "14.0": 0.0024494177091984506,
        "68.0": 0.0114278792351477,
        "122.0": 0.01063465238713644,
        "152.0": 0.000427547250050515,
        "86.0": 0.0015798912996083058,
        "32.0": 0.005069058877448112,
        "74.0": 0.010001703222818247,
        "128.0": 0.026967221060077987,
        "8.0": 0.005701058118622276,
        "62.0": 0.00842181192320994,
        "203.0": 0.00018023863668532178,
        "113.0": 0.0013030040763641819,
        "35.0": 0.002832165479941625,
        "125.0": 0.00019938730988025205,
        "155.0": 0.0021488645176571315,
        "77.0": 0.004862656308270227,
        "59.0": 0.0004948924466404393,
        "89.0": 0.010632378198724576,
        "131.0": 0.018129412958631422,
        "2.0": 2.58072641377875e-05,
        "185.0": 0.00018023863668532094,
        "95.0": 0.011935382275088759,
        "17.0": 0.0020246247524012147,
        "119.0": 0.00019938730988025203,
        "149.0": 0.002148864517657131,
        "29.0": 0.0008075407275404097,
        "71.0": 0.004862656308270225,
        "65.0": 0.0004948924466404391,
        "137.0": 0.018129412958631422,
        "236.0": 9.971758640177293e-06,
        "146.0": 0.0002605953434786037,
        "176.0": 0.0015454788574152717,
        "56.0": 0.0008486123795819068,
        "98.0": 0.00833572779790675,
        "140.0": 0.007459585102637742
    },
    "probability_distribution_items": [
        [
            120.0,
            0.11305378423018751
        ],
        [
            66.0,
            0.11091646645849558
        ],
        [
            24.0,
            0.037355171517245454
        ],
        [
            132.0,
            0.013729246366712963
        ],
        [
            12.0,
            0.013542750325077863
        ],
        [
            90.0,
            0.01842357300198883
        ],
        [
            168.0,
            0.002782621582679263
        ],
        [
            145.0,
            0.022568126741999314
        ],
        [
            67.0,
            0.05599833451926812
        ],
        [
            1.0,
            0.07085653361952299
        ],
        [
            91.0,
            0.009752361379012277
        ],
        [
            133.0,
            0.0051957202219113
        ],
        [
            13.0,
            0.005396884097344556
        ],
        [
            49.0,
            0.00300517691676987
        ],
        [
            127.0,
            0.016441322559599496
        ],
        [
            61.0,
            0.021384621773225417
        ],
        [
            7.0,
            0.07625341771686753
        ],
        [
            73.0,
            0.04035176042980386
        ],
        [
            31.0,
            0.0030051769167698697
        ],
        [
            85.0,
            0.004014313695251112
        ],
        [
            151.0,
            0.011322524404311116
        ],
        [
            178.0,
            0.0017424231113743107
        ],
        [
            88.0,
            0.03286153625509146
        ],
        [
            10.0,
            0.05520972900114002
        ],
        [
            124.0,
            0.00090644893756935
        ],
        [
            154.0,
            0.01716165059067182
        ],
        [
            34.0,
            0.008167423442337894
        ],
        [
            76.0,
            0.026521702029125394
        ],
        [
            82.0,
            0.0003110914402153536
        ],
        [
            112.0,
            0.005618036591195654
        ],
        [
            170.0,
            1.3747402827785826e-05
        ],
        [
            92.0,
            0.00033229303667604116
        ],
        [
            26.0,
            0.002423610445060667
        ],
        [
            134.0,
            0.010648399789964224
        ],
        [
            14.0,
            0.0024494177091984506
        ],
        [
            68.0,
            0.0114278792351477
        ],
        [
            122.0,
            0.01063465238713644
        ],
        [
            152.0,
            0.000427547250050515
        ],
        [
            86.0,
            0.0015798912996083058
        ],
        [
            32.0,
            0.005069058877448112
        ],
        [
            74.0,
            0.010001703222818247
        ],
        [
            128.0,
            0.026967221060077987
        ],
        [
            8.0,
            0.005701058118622276
        ],
        [
            62.0,
            0.00842181192320994
        ],
        [
            203.0,
            0.00018023863668532178
        ],
        [
            113.0,
            0.0013030040763641819
        ],
        [
            35.0,
            0.002832165479941625
        ],
        [
            125.0,
            0.00019938730988025205
        ],
        [
            155.0,
            0.0021488645176571315
        ],
        [
            77.0,
            0.004862656308270227
        ],
        [
            59.0,
            0.0004948924466404393
        ],
        [
            89.0,
            0.010632378198724576
        ],
        [
            131.0,
            0.018129412958631422
        ],
        [
            2.0,
            2.58072641377875e-05
        ],
        [
            185.0,
            0.00018023863668532094
        ],
        [
            95.0,
            0.011935382275088759
        ],
        [
            17.0,
            0.0020246247524012147
        ],
        [
            119.0,
            0.00019938730988025203
        ],
        [
            149.0,
            0.002148864517657131
        ],
        [
            29.0,
            0.0008075407275404097
        ],
        [
            71.0,
            0.004862656308270225
        ],
        [
            65.0,
            0.0004948924466404391
        ],
        [
            137.0,
            0.018129412958631422
        ],
        [
            236.0,
            9.971758640177293e-06
        ],
        [
            146.0,
