{
    "expected_value": 43.1625,
    "optimal_gammas": [
        3.0629349127630467
    ],
    "optimal_betas": [
        0.24844988176418015
    ],
    "problem_identifier": "{'W': [1, 1], 'W_max': 2, 'A': 8, 'B': 4, 'C': 144}",
    "now": "2021-05-03 19:23:51",
    "execution_time": "0:05:05.448069",
    "problem": {
        "W": [
            1,
            1
        ],
        "W_max": 2,
        "A": 8,
        "B": 4,
        "C": 144
    },
    "probability_distribution": {
        "72.0": 0.0195,
        "38.0": 0.0608,
        "81.0": 0.0097,
        "39.0": 0.0602,
        "1.0": 0.0105,
        "47.0": 0.011900000000000003,
        "77.0": 0.0234,
        "5.0": 0.024300000000000002,
        "17.0": 0.00030000000000000003,
        "75.0": 0.028399999999999998,
        "37.0": 0.0411,
        "3.0": 0.029699999999999997,
        "41.0": 0.0149,
        "11.0": 0.0005,
        "45.0": 0.027299999999999998,
        "83.0": 0.0006000000000000001,
        "8.0": 0.0027,
        "94.0": 0.0028,
        "48.0": 0.03860000000000001,
        "6.0": 0.0487,
        "60.0": 0.0017999999999999997,
        "86.0": 0.0053,
        "14.0": 0.006200000000000001,
        "44.0": 0.0105,
        "30.0": 0.0004,
        "56.0": 0.0018,
        "76.0": 0.04619999999999999,
        "90.0": 0.0023,
        "10.0": 0.0039,
        "78.0": 0.037,
        "40.0": 0.0635,
        "74.0": 0.0325,
        "4.0": 0.0417,
        "84.0": 0.009600000000000001,
        "46.0": 0.012199999999999999,
        "12.0": 0.0007,
        "42.0": 0.0157,
        "103.0": 0.0013,
        "57.0": 0.0076,
        "15.0": 0.0274,
        "61.0": 0.0047,
        "87.0": 0.0164,
        "23.0": 0.0005,
        "49.0": 0.004,
        "79.0": 0.0027,
        "2.0": 0.030600000000000002,
        "97.0": 0.0023,
        "51.0": 0.0126,
        "9.0": 0.0084,
        "59.0": 0.005699999999999999,
        "85.0": 0.020000000000000004,
        "13.0": 0.0197,
        "43.0": 0.029700000000000004,
        "25.0": 0.00030000000000000003,
        "88.0": 0.0001,
        "116.0": 0.0002,
        "70.0": 0.0049,
        "28.0": 0.0025,
        "96.0": 0.0135,
        "24.0": 0.0104,
        "54.0": 0.027299999999999998
    },
    "probability_distribution_items": [
        [
            72.0,
            0.0195
        ],
        [
            38.0,
            0.0608
        ],
        [
            81.0,
            0.0097
        ],
        [
            39.0,
            0.0602
        ],
        [
            1.0,
            0.0105
        ],
        [
            47.0,
            0.011900000000000003
        ],
        [
            77.0,
            0.0234
        ],
        [
            5.0,
            0.024300000000000002
        ],
        [
            17.0,
            0.00030000000000000003
        ],
        [
            75.0,
            0.028399999999999998
        ],
        [
            37.0,
            0.0411
        ],
        [
            3.0,
            0.029699999999999997
        ],
        [
            41.0,
            0.0149
        ],
        [
            11.0,
            0.0005
        ],
        [
            45.0,
            0.027299999999999998
        ],
        [
            83.0,
            0.0006000000000000001
        ],
        [
            8.0,
            0.0027
        ],
        [
            94.0,
            0.0028
        ],
        [
            48.0,
            0.03860000000000001
        ],
        [
            6.0,
            0.0487
        ],
        [
            60.0,
            0.0017999999999999997
        ],
        [
            86.0,
            0.0053
        ],
        [
            14.0,
            0.006200000000000001
        ],
        [
            44.0,
            0.0105
        ],
        [
            30.0,
            0.0004
        ],
        [
            56.0,
            0.0018
        ],
        [
            76.0,
            0.04619999999999999
        ],
        [
            90.0,
            0.0023
        ],
        [
            10.0,
            0.0039
        ],
        [
            78.0,
            0.037
        ],
        [
            40.0,
            0.0635
        ],
        [
            74.0,
            0.0325
        ],
        [
            4.0,
            0.0417
        ],
        [
            84.0,
            0.009600000000000001
        ],
        [
            46.0,
            0.012199999999999999
        ],
        [
            12.0,
            0.0007
        ],
        [
            42.0,
            0.0157
        ],
        [
            103.0,
            0.0013
        ],
        [
            57.0,
            0.0076
        ],
        [
            15.0,
            0.0274
        ],
        [
            61.0,
            0.0047
        ],
        [
            87.0,
            0.0164
        ],
        [
            23.0,
            0.0005
        ],
        [
            49.0,
            0.004
        ],
        [
            79.0,
            0.0027
        ],
        [
            2.0,
            0.030600000000000002
        ],
        [
            97.0,
            0.0023
        ],
        [
            51.0,
            0.0126
        ],
        [
            9.0,
            0.0084
        ],
        [
            59.0,
            0.005699999999999999
        ],
        [
            85.0,
            0.020000000000000004
        ],
        [
            13.0,
            0.0197
        ],
        [
            43.0,
            0.029700000000000004
        ],
        [
            25.0,
            0.00030000000000000003
        ],
        [
            88.0,
            0.0001
        ],
        [
            116.0,
            0.0002
        ],
        [
            70.0,
            0.0049
        ],
        [
            28.0,
            0.0025
        ],
        [
            96.0,
            0.0135
        ],
        [
            24.0,
            0.0104
        ],
        [
            54.0,
            0.027299999999999998
        ]
    ],
    "approximation_ratio": 0.6275060869565218,
    "noise": true,
    "p": 1
}