{
    "expected_value": 176.0036,
    "optimal_gammas": [
        3.57047636511019
    ],
    "optimal_betas": [
        0.3083627391449346
    ],
    "problem_identifier": "{'W': [1, 1], 'W_max': 2, 'A': 56, 'B': 4, 'C': 560}",
    "now": "2021-05-04 17:51:14",
    "execution_time": "0:05:19.004433",
    "nfev": 717,
    "message": "Optimization terminated successfully.",
    "success": true,
    "nit": 20,
    "problem": {
        "W": [
            1,
            1
        ],
        "W_max": 2,
        "A": 56,
        "B": 4,
        "C": 560
    },
    "optimal_cost": 1.0,
    "probability_distribution": {
        "280.0": 0.0426,
        "154.0": 0.045,
        "337.0": 0.0111,
        "155.0": 0.0663,
        "1.0": 0.0174,
        "211.0": 0.0125,
        "309.0": 0.009999999999999998,
        "29.0": 0.015300000000000001,
        "113.0": 0.0014,
        "295.0": 0.018999999999999996,
        "141.0": 0.0614,
        "15.0": 0.024,
        "169.0": 0.0107,
        "71.0": 0.0018999999999999998,
        "197.0": 0.011,
        "351.0": 0.0028,
        "56.0": 0.007,
        "410.0": 0.012199999999999999,
        "200.0": 0.0144,
        "18.0": 0.0296,
        "284.0": 0.005299999999999999,
        "354.0": 0.0095,
        "74.0": 0.0050999999999999995,
        "172.0": 0.0115,
        "186.0": 0.0031999999999999997,
        "256.0": 0.0037,
        "308.0": 0.0066,
        "394.0": 0.0032,
        "212.0": 0.0189,
        "58.0": 0.0068000000000000005,
        "310.0": 0.024399999999999998,
        "30.0": 0.0277,
        "156.0": 0.0556,
        "282.0": 0.0204,
        "28.0": 0.0045000000000000005,
        "352.0": 0.0027,
        "198.0": 0.0084,
        "72.0": 0.0019,
        "170.0": 0.0177,
        "296.0": 0.027599999999999996,
        "16.0": 0.0224,
        "142.0": 0.008599999999999998,
        "210.0": 0.0051,
        "467.0": 0.0027,
        "257.0": 0.0067,
        "75.0": 0.019799999999999998,
        "285.0": 0.0093,
        "355.0": 0.0085,
        "173.0": 0.0368,
        "201.0": 0.0038000000000000004,
        "299.0": 0.0056,
        "2.0": 0.019200000000000002,
        "425.0": 0.0037,
        "215.0": 0.0108,
        "33.0": 0.014599999999999998,
        "271.0": 0.011099999999999999,
        "341.0": 0.0084,
        "61.0": 0.0111,
        "159.0": 0.04100000000000001,
        "145.0": 0.0017000000000000001,
        "313.0": 0.0039,
        "131.0": 0.0007,
        "392.0": 0.0009,
        "540.0": 0.001,
        "330.0": 0.0033,
        "148.0": 0.0051,
        "400.0": 0.0056,
        "120.0": 0.0025,
        "218.0": 0.025099999999999997,
        "316.0": 0.0207
    },
    "probability_distribution_items": [
        [
            280.0,
            0.0426
        ],
        [
            154.0,
            0.045
        ],
        [
            337.0,
            0.0111
        ],
        [
            155.0,
            0.0663
        ],
        [
            1.0,
            0.0174
        ],
        [
            211.0,
            0.0125
        ],
        [
            309.0,
            0.009999999999999998
        ],
        [
            29.0,
            0.015300000000000001
        ],
        [
            113.0,
            0.0014
        ],
        [
            295.0,
            0.018999999999999996
        ],
        [
            141.0,
            0.0614
        ],
        [
            15.0,
            0.024
        ],
        [
            169.0,
            0.0107
        ],
        [
            71.0,
            0.0018999999999999998
        ],
        [
            197.0,
            0.011
        ],
        [
            351.0,
            0.0028
        ],
        [
            56.0,
            0.007
        ],
        [
            410.0,
            0.012199999999999999
        ],
        [
            200.0,
            0.0144
        ],
        [
            18.0,
            0.0296
        ],
        [
            284.0,
            0.005299999999999999
        ],
        [
            354.0,
            0.0095
        ],
        [
            74.0,
            0.0050999999999999995
        ],
        [
            172.0,
            0.0115
        ],
        [
            186.0,
            0.0031999999999999997
        ],
        [
            256.0,
            0.0037
        ],
        [
            308.0,
            0.0066
        ],
        [
            394.0,
            0.0032
        ],
        [
            212.0,
            0.0189
        ],
        [
            58.0,
            0.0068000000000000005
        ],
        [
            310.0,
            0.024399999999999998
        ],
        [
            30.0,
            0.0277
        ],
        [
            156.0,
            0.0556
        ],
        [
            282.0,
            0.0204
        ],
        [
            28.0,
            0.0045000000000000005
        ],
        [
            352.0,
            0.0027
        ],
        [
            198.0,
            0.0084
        ],
        [
            72.0,
            0.0019
        ],
        [
            170.0,
            0.0177
        ],
        [
            296.0,
            0.027599999999999996
        ],
        [
            16.0,
            0.0224
        ],
        [
            142.0,
            0.008599999999999998
        ],
        [
            210.0,
            0.0051
        ],
        [
            467.0,
            0.0027
        ],
        [
            257.0,
            0.0067
        ],
        [
            75.0,
            0.019799999999999998
        ],
        [
            285.0,
            0.0093
        ],
        [
            355.0,
            0.0085
        ],
        [
            173.0,
            0.0368
        ],
        [
            201.0,
            0.0038000000000000004
        ],
        [
            299.0,
            0.0056
        ],
        [
            2.0,
            0.019200000000000002
        ],
        [
            425.0,
            0.0037
        ],
        [
            215.0,
            0.0108
        ],
        [
            33.0,
            0.014599999999999998
        ],
        [
            271.0,
            0.011099999999999999
        ],
        [
            341.0,
            0.0084
        ],
        [
            61.0,
            0.0111
        ],
        [
            159.0,
            0.04100000000000001
        ],
        [
            145.0,
            0.0017000000000000001
        ],
        [
            313.0,
            0.0039
        ],
        [
            131.0,
            0.0007
        ],
        [
            392.0,
            0.0009
        ],
        [
            540.0,
            0.001
        ],
        [
            330.0,
            0.0033
        ],
        [
            148.0,
            0.0051
        ],
        [
            400.0,
            0.0056
        ],
        [
            120.0,
            0.0025
        ],
        [
            218.0,
            0.025099999999999997
        ],
        [
            316.0,
            0.0207
        ]
    ],
    "approximation_ratio": 178.414,
    "approximation_ratio_offset": 0.6708460111317255,
    "noise": true,
    "p": 1
}