{
    "expected_value": 192.7852,
    "optimal_gammas": [
        2.3295648487468177,
        2.798299523287734,
        3.720149847414585,
        4.0399385481845655,
        3.698180549099196,
        1.2747960898782749
    ],
    "optimal_betas": [
        1.5060292475785289,
        2.5940638432844114,
        1.0417284447782367,
        0.6717789600209,
        1.477520982488224,
        2.772894455931853
    ],
    "problem_identifier": "{'W': [1, 1], 'W_max': 2, 'A': 56, 'B': 4, 'C': 560}",
    "now": "2021-05-04 18:56:26",
    "execution_time": "0:24:38.690820",
    "nfev": 943,
    "message": "Optimization terminated successfully.",
    "success": true,
    "nit": 2,
    "problem": {
        "W": [
            1,
            1
        ],
        "W_max": 2,
        "A": 56,
        "B": 4,
        "C": 560
    },
    "optimal_cost": 1.0,
    "probability_distribution": {
        "280.0": 0.0039,
        "154.0": 0.0204,
        "337.0": 0.012299999999999998,
        "155.0": 0.0328,
        "1.0": 0.0067,
        "211.0": 0.0299,
        "309.0": 0.0158,
        "29.0": 0.0177,
        "113.0": 0.006699999999999999,
        "295.0": 0.0239,
        "141.0": 0.0166,
        "15.0": 0.0264,
        "169.0": 0.0343,
        "71.0": 0.0054,
        "197.0": 0.0144,
        "351.0": 0.0063,
        "56.0": 0.0057,
        "410.0": 0.0065,
        "200.0": 0.0158,
        "18.0": 0.006699999999999999,
        "284.0": 0.015199999999999998,
        "354.0": 0.0228,
        "74.0": 0.017400000000000002,
        "172.0": 0.0194,
        "186.0": 0.0055,
        "256.0": 0.014199999999999999,
        "308.0": 0.0101,
        "394.0": 0.0034,
        "212.0": 0.014499999999999999,
        "58.0": 0.0066,
        "310.0": 0.017499999999999998,
        "30.0": 0.0183,
        "156.0": 0.0495,
        "282.0": 0.012400000000000001,
        "28.0": 0.01,
        "352.0": 0.0075,
        "198.0": 0.0172,
        "72.0": 0.0093,
        "170.0": 0.030100000000000002,
        "296.0": 0.0207,
        "16.0": 0.024,
        "142.0": 0.0148,
        "210.0": 0.0158,
        "467.0": 0.0063,
        "257.0": 0.016800000000000002,
        "75.0": 0.0209,
        "285.0": 0.012499999999999999,
        "355.0": 0.0175,
        "173.0": 0.014199999999999999,
        "131.0": 0.0062,
        "201.0": 0.015600000000000001,
        "299.0": 0.0072,
        "2.0": 0.0094,
        "425.0": 0.0065,
        "215.0": 0.032100000000000004,
        "33.0": 0.0066,
        "271.0": 0.0162,
        "341.0": 0.0187,
        "61.0": 0.0167,
        "159.0": 0.0156,
        "145.0": 0.0072,
        "313.0": 0.008400000000000001,
        "392.0": 0.0026,
        "540.0": 0.0027,
        "330.0": 0.013300000000000001,
        "148.0": 0.0049,
        "400.0": 0.0081,
        "120.0": 0.0103,
        "218.0": 0.014599999999999998,
        "316.0": 0.0045
    },
    "probability_distribution_items": [
        [
            280.0,
            0.0039
        ],
        [
            154.0,
            0.0204
        ],
        [
            337.0,
            0.012299999999999998
        ],
        [
            155.0,
            0.0328
        ],
        [
            1.0,
            0.0067
        ],
        [
            211.0,
            0.0299
        ],
        [
            309.0,
            0.0158
        ],
        [
            29.0,
            0.0177
        ],
        [
            113.0,
            0.006699999999999999
        ],
        [
            295.0,
            0.0239
        ],
        [
            141.0,
            0.0166
        ],
        [
            15.0,
            0.0264
        ],
        [
            169.0,
            0.0343
        ],
        [
            71.0,
            0.0054
        ],
        [
            197.0,
            0.0144
        ],
        [
            351.0,
            0.0063
        ],
        [
            56.0,
            0.0057
        ],
        [
            410.0,
            0.0065
        ],
        [
            200.0,
            0.0158
        ],
        [
            18.0,
            0.006699999999999999
        ],
        [
            284.0,
            0.015199999999999998
        ],
        [
            354.0,
            0.0228
        ],
        [
            74.0,
            0.017400000000000002
        ],
        [
            172.0,
            0.0194
        ],
        [
            186.0,
            0.0055
        ],
        [
            256.0,
            0.014199999999999999
        ],
        [
            308.0,
            0.0101
        ],
        [
            394.0,
            0.0034
        ],
        [
            212.0,
            0.014499999999999999
        ],
        [
            58.0,
            0.0066
        ],
        [
            310.0,
            0.017499999999999998
        ],
        [
            30.0,
            0.0183
        ],
        [
            156.0,
            0.0495
        ],
        [
            282.0,
            0.012400000000000001
        ],
        [
            28.0,
            0.01
        ],
        [
            352.0,
            0.0075
        ],
        [
            198.0,
            0.0172
        ],
        [
            72.0,
            0.0093
        ],
        [
            170.0,
            0.030100000000000002
        ],
        [
            296.0,
            0.0207
        ],
        [
            16.0,
            0.024
        ],
        [
            142.0,
            0.0148
        ],
        [
            210.0,
            0.0158
        ],
        [
            467.0,
            0.0063
        ],
        [
            257.0,
            0.016800000000000002
        ],
        [
            75.0,
            0.0209
        ],
        [
            285.0,
            0.012499999999999999
        ],
        [
            355.0,
            0.0175
        ],
        [
            173.0,
            0.014199999999999999
        ],
        [
            131.0,
            0.0062
        ],
        [
            201.0,
            0.015600000000000001
        ],
        [
            299.0,
            0.0072
        ],
        [
            2.0,
            0.0094
        ],
        [
            425.0,
            0.0065
        ],
        [
            215.0,
            0.032100000000000004
        ],
        [
            33.0,
            0.0066
        ],
        [
            271.0,
            0.0162
        ],
        [
            341.0,
            0.0187
        ],
        [
            61.0,
            0.0167
        ],
        [
            159.0,
            0.0156
        ],
        [
            145.0,
            0.0072
        ],
        [
            313.0,
            0.008400000000000001
        ],
        [
            392.0,
            0.0026
        ],
        [
            540.0,
            0.0027
        ],
        [
            330.0,
            0.013300000000000001
        ],
        [
            148.0,
            0.0049
        ],
        [
            400.0,
            0.0081
        ],
        [
            120.0,
            0.0103
        ],
        [
            218.0,
            0.014599999999999998
        ],
        [
            316.0,
            0.0045
        ]
    ],
    "approximation_ratio": 193.9027,
    "approximation_ratio_offset": 0.6421100185528757,
    "noise": true,
    "p": 6
}