{
    "expected_value": 410.4875,
    "optimal_gammas": [
        5.547143243170053,
        1.5417086443137524,
        1.693689423868264,
        3.785086371922943,
        2.85939609114301
    ],
    "optimal_betas": [
        1.870614405156493,
        1.0417286905999728,
        0.33014766491739866,
        0.5017067590039905,
        2.455039336631691
    ],
    "problem_identifier": "{'W': [1, 1], 'W_max': 2, 'A': 56, 'B': 4, 'C': 1456}",
    "now": "2021-05-04 17:20:00",
    "execution_time": "0:16:21.652225",
    "nfev": 758,
    "message": "Optimization terminated successfully.",
    "success": true,
    "nit": 2,
    "problem": {
        "W": [
            1,
            1
        ],
        "W_max": 2,
        "A": 56,
        "B": 4,
        "C": 1456
    },
    "probability_distribution": {
        "728.0": 0.004,
        "378.0": 0.0199,
        "785.0": 0.0146,
        "379.0": 0.0314,
        "1.0": 0.0083,
        "435.0": 0.03609999999999999,
        "757.0": 0.0169,
        "29.0": 0.0185,
        "113.0": 0.0072,
        "743.0": 0.0209,
        "365.0": 0.0154,
        "15.0": 0.021099999999999997,
        "393.0": 0.032,
        "71.0": 0.0089,
        "421.0": 0.016399999999999998,
        "799.0": 0.0089,
        "56.0": 0.0075,
        "858.0": 0.0074,
        "424.0": 0.014199999999999999,
        "18.0": 0.0086,
        "508.0": 0.0161,
        "802.0": 0.0225,
        "74.0": 0.0169,
        "396.0": 0.015199999999999998,
        "186.0": 0.0073,
        "480.0": 0.016900000000000002,
        "756.0": 0.009899999999999999,
        "842.0": 0.0044,
        "436.0": 0.0154,
        "58.0": 0.0079,
        "758.0": 0.0162,
        "30.0": 0.0157,
        "380.0": 0.045799999999999993,
        "730.0": 0.012799999999999999,
        "28.0": 0.0097,
        "800.0": 0.0075,
        "422.0": 0.0133,
        "72.0": 0.0073,
        "394.0": 0.026799999999999997,
        "744.0": 0.024,
        "16.0": 0.0248,
        "366.0": 0.0163,
        "434.0": 0.016999999999999998,
        "915.0": 0.0075,
        "481.0": 0.015199999999999998,
        "75.0": 0.022500000000000003,
        "509.0": 0.0145,
        "803.0": 0.0132,
        "397.0": 0.0154,
        "131.0": 0.0075,
        "425.0": 0.0149,
        "747.0": 0.0063,
        "2.0": 0.0103,
        "873.0": 0.008,
        "439.0": 0.030600000000000002,
        "33.0": 0.008199999999999999,
        "495.0": 0.0157,
        "789.0": 0.014599999999999998,
        "61.0": 0.0143,
        "383.0": 0.0162,
        "145.0": 0.0068,
        "761.0": 0.007,
        "840.0": 0.0036,
        "988.0": 0.0031,
        "554.0": 0.0149,
        "148.0": 0.0077,
        "848.0": 0.0091,
        "120.0": 0.0068000000000000005,
        "442.0": 0.0143,
        "764.0": 0.0039
    },
    "probability_distribution_items": [
        [
            728.0,
            0.004
        ],
        [
            378.0,
            0.0199
        ],
        [
            785.0,
            0.0146
        ],
        [
            379.0,
            0.0314
        ],
        [
            1.0,
            0.0083
        ],
        [
            435.0,
            0.03609999999999999
        ],
        [
            757.0,
            0.0169
        ],
        [
            29.0,
            0.0185
        ],
        [
            113.0,
            0.0072
        ],
        [
            743.0,
            0.0209
        ],
        [
            365.0,
            0.0154
        ],
        [
            15.0,
            0.021099999999999997
        ],
        [
            393.0,
            0.032
        ],
        [
            71.0,
            0.0089
        ],
        [
            421.0,
            0.016399999999999998
        ],
        [
            799.0,
            0.0089
        ],
        [
            56.0,
            0.0075
        ],
        [
            858.0,
            0.0074
        ],
        [
            424.0,
            0.014199999999999999
        ],
        [
            18.0,
            0.0086
        ],
        [
            508.0,
            0.0161
        ],
        [
            802.0,
            0.0225
        ],
        [
            74.0,
            0.0169
        ],
        [
            396.0,
            0.015199999999999998
        ],
        [
            186.0,
            0.0073
        ],
        [
            480.0,
            0.016900000000000002
        ],
        [
            756.0,
            0.009899999999999999
        ],
        [
            842.0,
            0.0044
        ],
        [
            436.0,
            0.0154
        ],
        [
            58.0,
            0.0079
        ],
        [
            758.0,
            0.0162
        ],
        [
            30.0,
            0.0157
        ],
        [
            380.0,
            0.045799999999999993
        ],
        [
            730.0,
            0.012799999999999999
        ],
        [
            28.0,
            0.0097
        ],
        [
            800.0,
            0.0075
        ],
        [
            422.0,
            0.0133
        ],
        [
            72.0,
            0.0073
        ],
        [
            394.0,
            0.026799999999999997
        ],
        [
            744.0,
            0.024
        ],
        [
            16.0,
            0.0248
        ],
        [
            366.0,
            0.0163
        ],
        [
            434.0,
            0.016999999999999998
        ],
        [
            915.0,
            0.0075
        ],
        [
            481.0,
            0.015199999999999998
        ],
        [
            75.0,
            0.022500000000000003
        ],
        [
            509.0,
            0.0145
        ],
        [
            803.0,
            0.0132
        ],
        [
            397.0,
            0.0154
        ],
        [
            131.0,
            0.0075
        ],
        [
            425.0,
            0.0149
        ],
        [
            747.0,
            0.0063
        ],
        [
            2.0,
            0.0103
        ],
        [
            873.0,
            0.008
        ],
        [
            439.0,
            0.030600000000000002
        ],
        [
            33.0,
            0.008199999999999999
        ],
        [
            495.0,
            0.0157
        ],
        [
            789.0,
            0.014599999999999998
        ],
        [
            61.0,
            0.0143
        ],
        [
            383.0,
            0.0162
        ],
        [
            145.0,
            0.0068
        ],
        [
            761.0,
            0.007
        ],
        [
            840.0,
            0.0036
        ],
        [
            988.0,
            0.0031
        ],
        [
            554.0,
            0.0149
        ],
        [
            148.0,
            0.0077
        ],
        [
            848.0,
            0.0091
        ],
        [
            120.0,
            0.0068000000000000005
        ],
        [
            442.0,
            0.0143
        ],
        [
            764.0,
            0.0039
        ]
    ],
    "approximation_ratio": 0.5735322188449847,
    "noise": true,
    "p": 5
}