{
    "expected_value": 75.5394,
    "optimal_gammas": [
        2.3284048871554197
    ],
    "optimal_betas": [
        2.717297028046915
    ],
    "problem_identifier": "{'W': [1, 1], 'W_max': 2, 'A': 24, 'B': 4, 'C': 240}",
    "now": "2021-05-04 19:05:37",
    "execution_time": "0:11:18.915279",
    "nfev": 1206,
    "message": "Optimization terminated successfully.",
    "success": true,
    "nit": 37,
    "problem": {
        "W": [
            1,
            1
        ],
        "W_max": 2,
        "A": 24,
        "B": 4,
        "C": 240
    },
    "optimal_cost": 1.0,
    "probability_distribution": {
        "120.0": 0.0357,
        "66.0": 0.0204,
        "145.0": 0.04359999999999999,
        "67.0": 0.0348,
        "1.0": 0.0313,
        "91.0": 0.0129,
        "133.0": 0.0034000000000000002,
        "13.0": 0.0031000000000000003,
        "49.0": 0.0031,
        "127.0": 0.04569999999999999,
        "61.0": 0.0316,
        "7.0": 0.0385,
        "73.0": 0.020999999999999998,
        "31.0": 0.0037,
        "85.0": 0.0022,
        "151.0": 0.004,
        "24.0": 0.006500000000000001,
        "178.0": 0.0073,
        "88.0": 0.023200000000000002,
        "10.0": 0.0733,
        "124.0": 0.0016,
        "154.0": 0.008799999999999999,
        "34.0": 0.0033,
        "76.0": 0.020200000000000003,
        "82.0": 0.0012000000000000001,
        "112.0": 0.0029,
        "132.0": 0.0007,
        "170.0": 0.0072,
        "92.0": 0.0126,
        "26.0": 0.013000000000000001,
        "134.0": 0.0148,
        "14.0": 0.014100000000000001,
        "68.0": 0.0331,
        "122.0": 0.0081,
        "12.0": 0.0011,
        "152.0": 0.023100000000000002,
        "86.0": 0.0147,
        "32.0": 0.0238,
        "74.0": 0.032100000000000004,
        "128.0": 0.027499999999999997,
        "8.0": 0.0262,
        "62.0": 0.016800000000000002,
        "90.0": 0.0023,
        "203.0": 0.0027,
        "113.0": 0.009600000000000001,
        "35.0": 0.0314,
        "125.0": 0.0024,
        "155.0": 0.0036,
        "77.0": 0.020900000000000002,
        "59.0": 0.0021999999999999997,
        "89.0": 0.0072,
        "131.0": 0.0262,
        "2.0": 0.002,
        "185.0": 0.0022,
        "95.0": 0.0149,
        "17.0": 0.0233,
        "119.0": 0.0015,
        "149.0": 0.002,
        "29.0": 0.0023,
        "71.0": 0.0207,
        "65.0": 0.003,
        "137.0": 0.0293,
        "168.0": 0.0004,
        "236.0": 0.0001,
        "146.0": 0.0005,
        "176.0": 0.0013,
        "56.0": 0.0007,
        "98.0": 0.0124,
        "140.0": 0.0227
    },
    "probability_distribution_items": [
        [
            120.0,
            0.0357
        ],
        [
            66.0,
            0.0204
        ],
        [
            145.0,
            0.04359999999999999
        ],
        [
            67.0,
            0.0348
        ],
        [
            1.0,
            0.0313
        ],
        [
            91.0,
            0.0129
        ],
        [
            133.0,
            0.0034000000000000002
        ],
        [
            13.0,
            0.0031000000000000003
        ],
        [
            49.0,
            0.0031
        ],
        [
            127.0,
            0.04569999999999999
        ],
        [
            61.0,
            0.0316
        ],
        [
            7.0,
            0.0385
        ],
        [
            73.0,
            0.020999999999999998
        ],
        [
            31.0,
            0.0037
        ],
        [
            85.0,
            0.0022
        ],
        [
            151.0,
            0.004
        ],
        [
            24.0,
            0.006500000000000001
        ],
        [
            178.0,
            0.0073
        ],
        [
            88.0,
            0.023200000000000002
        ],
        [
            10.0,
            0.0733
        ],
        [
            124.0,
            0.0016
        ],
        [
            154.0,
            0.008799999999999999
        ],
        [
            34.0,
            0.0033
        ],
        [
            76.0,
            0.020200000000000003
        ],
        [
            82.0,
            0.0012000000000000001
        ],
        [
            112.0,
            0.0029
        ],
        [
            132.0,
            0.0007
        ],
        [
            170.0,
            0.0072
        ],
        [
            92.0,
            0.0126
        ],
        [
            26.0,
            0.013000000000000001
        ],
        [
            134.0,
            0.0148
        ],
        [
            14.0,
            0.014100000000000001
        ],
        [
            68.0,
            0.0331
        ],
        [
            122.0,
            0.0081
        ],
        [
            12.0,
            0.0011
        ],
        [
            152.0,
            0.023100000000000002
        ],
        [
            86.0,
            0.0147
        ],
        [
            32.0,
            0.0238
        ],
        [
            74.0,
            0.032100000000000004
        ],
        [
            128.0,
            0.027499999999999997
        ],
        [
            8.0,
            0.0262
        ],
        [
            62.0,
            0.016800000000000002
        ],
        [
            90.0,
            0.0023
        ],
        [
            203.0,
            0.0027
        ],
        [
            113.0,
            0.009600000000000001
        ],
        [
            35.0,
            0.0314
        ],
        [
            125.0,
            0.0024
        ],
        [
            155.0,
            0.0036
        ],
        [
            77.0,
            0.020900000000000002
        ],
        [
            59.0,
            0.0021999999999999997
        ],
        [
            89.0,
            0.0072
        ],
        [
            131.0,
            0.0262
        ],
        [
            2.0,
            0.002
        ],
        [
            185.0,
            0.0022
        ],
        [
            95.0,
            0.0149
        ],
        [
            17.0,
            0.0233
        ],
        [
            119.0,
            0.0015
        ],
        [
            149.0,
            0.002
        ],
        [
            29.0,
            0.0023
        ],
        [
            71.0,
            0.0207
        ],
        [
            65.0,
            0.003
        ],
        [
            137.0,
            0.0293
        ],
        [
            168.0,
            0.0004
        ],
        [
            236.0,
            0.0001
        ],
        [
            146.0,
            0.0005
        ],
        [
            176.0,
            0.0013
        ],
        [
            56.0,
            0.0007
        ],
        [
            98.0,
            0.0124
        ],
        [
            140.0,
            0.0227
        ]
    ],
    "approximation_ratio": 78.4018,
    "approximation_ratio_offset": 0.6706306382978724,
    "noise": true,
    "p": 1
}