{
    "expected_value": 81.9034,
    "optimal_gammas": [
        2.896370413869696,
        2.801278246777231,
        6.267904246412255,
        2.036383901813586,
        2.913921468412435
    ],
    "optimal_betas": [
        1.4141203701315332,
        1.9134429818236836,
        0.5586973671071126,
        1.927118418379488,
        1.288096092123084
    ],
    "problem_identifier": "{'W': [1, 1], 'W_max': 2, 'A': 24, 'B': 4, 'C': 240}",
    "now": "2021-05-04 21:42:31",
    "execution_time": "0:38:29.891270",
    "nfev": 1775,
    "message": "Optimization terminated successfully.",
    "success": true,
    "nit": 9,
    "problem": {
        "W": [
            1,
            1
        ],
        "W_max": 2,
        "A": 24,
        "B": 4,
        "C": 240
    },
    "probability_distribution": {
        "120.0": 0.0052,
        "66.0": 0.0168,
        "145.0": 0.0149,
        "67.0": 0.0292,
        "1.0": 0.0073999999999999995,
        "91.0": 0.0275,
        "133.0": 0.012800000000000002,
        "13.0": 0.0166,
        "49.0": 0.0073,
        "127.0": 0.0245,
        "61.0": 0.0203,
        "7.0": 0.027000000000000003,
        "73.0": 0.0273,
        "31.0": 0.0069,
        "85.0": 0.014,
        "151.0": 0.0063,
        "24.0": 0.0103,
        "178.0": 0.007599999999999999,
        "88.0": 0.0185,
        "10.0": 0.0119,
        "124.0": 0.0108,
        "154.0": 0.0192,
        "34.0": 0.0164,
        "76.0": 0.0154,
        "82.0": 0.006,
        "112.0": 0.0131,
        "132.0": 0.0054,
        "170.0": 0.003,
        "92.0": 0.0147,
        "26.0": 0.0052,
        "134.0": 0.016399999999999998,
        "14.0": 0.0164,
        "68.0": 0.0571,
        "122.0": 0.0126,
        "12.0": 0.0076,
        "152.0": 0.007600000000000001,
        "86.0": 0.0144,
        "32.0": 0.007,
        "74.0": 0.0337,
        "128.0": 0.022099999999999998,
        "8.0": 0.0275,
        "62.0": 0.015199999999999998,
        "90.0": 0.011399999999999999,
        "203.0": 0.0052,
        "113.0": 0.014100000000000001,
        "35.0": 0.026200000000000005,
        "125.0": 0.012,
        "155.0": 0.0169,
        "77.0": 0.019299999999999998,
        "59.0": 0.0065,
        "89.0": 0.013999999999999999,
        "131.0": 0.0087,
        "2.0": 0.009000000000000001,
        "185.0": 0.008199999999999999,
        "95.0": 0.032100000000000004,
        "17.0": 0.0087,
        "119.0": 0.0162,
        "149.0": 0.016300000000000002,
        "29.0": 0.0202,
        "71.0": 0.018799999999999997,
        "65.0": 0.0068,
        "137.0": 0.008799999999999999,
        "168.0": 0.0032,
        "236.0": 0.0028,
        "146.0": 0.0127,
        "176.0": 0.0079,
        "56.0": 0.01,
        "98.0": 0.0196,
        "140.0": 0.0053
    },
    "probability_distribution_items": [
        [
            120.0,
            0.0052
        ],
        [
            66.0,
            0.0168
        ],
        [
            145.0,
            0.0149
        ],
        [
            67.0,
            0.0292
        ],
        [
            1.0,
            0.0073999999999999995
        ],
        [
            91.0,
            0.0275
        ],
        [
            133.0,
            0.012800000000000002
        ],
        [
            13.0,
            0.0166
        ],
        [
            49.0,
            0.0073
        ],
        [
            127.0,
            0.0245
        ],
        [
            61.0,
            0.0203
        ],
        [
            7.0,
            0.027000000000000003
        ],
        [
            73.0,
            0.0273
        ],
        [
            31.0,
            0.0069
        ],
        [
            85.0,
            0.014
        ],
        [
            151.0,
            0.0063
        ],
        [
            24.0,
            0.0103
        ],
        [
            178.0,
            0.007599999999999999
        ],
        [
            88.0,
            0.0185
        ],
        [
            10.0,
            0.0119
        ],
        [
            124.0,
            0.0108
        ],
        [
            154.0,
            0.0192
        ],
        [
            34.0,
            0.0164
        ],
        [
            76.0,
            0.0154
        ],
        [
            82.0,
            0.006
        ],
        [
            112.0,
            0.0131
        ],
        [
            132.0,
            0.0054
        ],
        [
            170.0,
            0.003
        ],
        [
            92.0,
            0.0147
        ],
        [
            26.0,
            0.0052
        ],
        [
            134.0,
            0.016399999999999998
        ],
        [
            14.0,
            0.0164
        ],
        [
            68.0,
            0.0571
        ],
        [
            122.0,
            0.0126
        ],
        [
            12.0,
            0.0076
        ],
        [
            152.0,
            0.007600000000000001
        ],
        [
            86.0,
            0.0144
        ],
        [
            32.0,
            0.007
        ],
        [
            74.0,
            0.0337
        ],
        [
            128.0,
            0.022099999999999998
        ],
        [
            8.0,
            0.0275
        ],
        [
            62.0,
            0.015199999999999998
        ],
        [
            90.0,
            0.011399999999999999
        ],
        [
            203.0,
            0.0052
        ],
        [
            113.0,
            0.014100000000000001
        ],
        [
            35.0,
            0.026200000000000005
        ],
        [
            125.0,
            0.012
        ],
        [
            155.0,
            0.0169
        ],
        [
            77.0,
            0.019299999999999998
        ],
        [
            59.0,
            0.0065
        ],
        [
            89.0,
            0.013999999999999999
        ],
        [
            131.0,
            0.0087
        ],
        [
            2.0,
            0.009000000000000001
        ],
        [
            185.0,
            0.008199999999999999
        ],
        [
            95.0,
            0.032100000000000004
        ],
        [
            17.0,
            0.0087
        ],
        [
            119.0,
            0.0162
        ],
        [
            149.0,
            0.016300000000000002
        ],
        [
            29.0,
            0.0202
        ],
        [
            71.0,
            0.018799999999999997
        ],
        [
            65.0,
            0.0068
        ],
        [
            137.0,
            0.008799999999999999
        ],
        [
            168.0,
            0.0032
        ],
        [
            236.0,
            0.0028
        ],
        [
            146.0,
            0.0127
        ],
        [
            176.0,
            0.0079
        ],
        [
            56.0,
            0.01
        ],
        [
            98.0,
            0.0196
        ],
        [
            140.0,
            0.0053
        ]
    ],
    "approximation_ratio": 0.6426604255319148,
    "noise": true,
    "p": 5
}