{
    "expected_value": 30.2703,
    "optimal_gammas": [
        5.304825005791269,
        5.027409813839089,
        5.3989343447706855,
        3.4228489552707075,
        5.019518924388498,
        5.127444434295635,
        5.857461580191556
    ],
    "optimal_betas": [
        1.0588536740900922,
        2.2810963918780987,
        0.9508001029817277,
        2.984072011505444,
        2.8394711774727135,
        1.7258549208506255,
        1.762902475122451
    ],
    "problem_identifier": "{'W': [1, 1], 'W_max': 2, 'A': 8, 'B': 4, 'C': 80}",
    "now": "2021-05-04 18:05:30",
    "execution_time": "0:26:51.014536",
    "nfev": 960,
    "message": "Optimization terminated successfully.",
    "success": true,
    "nit": 1,
    "problem": {
        "W": [
            1,
            1
        ],
        "W_max": 2,
        "A": 8,
        "B": 4,
        "C": 80
    },
    "probability_distribution": {
        "40.0": 0.0195,
        "22.0": 0.032999999999999995,
        "49.0": 0.0241,
        "23.0": 0.0402,
        "1.0": 0.0085,
        "31.0": 0.0303,
        "45.0": 0.027599999999999996,
        "5.0": 0.0173,
        "17.0": 0.0082,
        "43.0": 0.0441,
        "21.0": 0.018000000000000002,
        "3.0": 0.0274,
        "25.0": 0.042800000000000005,
        "11.0": 0.010700000000000001,
        "29.0": 0.029399999999999996,
        "51.0": 0.0063,
        "8.0": 0.009600000000000001,
        "62.0": 0.0091,
        "32.0": 0.0308,
        "6.0": 0.0237,
        "44.0": 0.046299999999999994,
        "54.0": 0.038200000000000005,
        "14.0": 0.015099999999999999,
        "28.0": 0.0216,
        "30.0": 0.0417,
        "58.0": 0.0042,
        "10.0": 0.0071,
        "46.0": 0.018,
        "24.0": 0.05280000000000001,
        "42.0": 0.0118,
        "4.0": 0.0287,
        "52.0": 0.010100000000000001,
        "12.0": 0.0075,
        "26.0": 0.032100000000000004,
        "71.0": 0.0081,
        "41.0": 0.0143,
        "15.0": 0.021900000000000003,
        "55.0": 0.014600000000000002,
        "33.0": 0.013200000000000002,
        "47.0": 0.0056,
        "2.0": 0.009000000000000001,
        "65.0": 0.0074,
        "35.0": 0.027299999999999998,
        "9.0": 0.0083,
        "53.0": 0.0158,
        "13.0": 0.013999999999999999,
        "27.0": 0.015099999999999999,
        "56.0": 0.0039,
        "84.0": 0.0041,
        "64.0": 0.0071,
        "38.0": 0.0145
    },
    "probability_distribution_items": [
        [
            40.0,
            0.0195
        ],
        [
            22.0,
            0.032999999999999995
        ],
        [
            49.0,
            0.0241
        ],
        [
            23.0,
            0.0402
        ],
        [
            1.0,
            0.0085
        ],
        [
            31.0,
            0.0303
        ],
        [
            45.0,
            0.027599999999999996
        ],
        [
            5.0,
            0.0173
        ],
        [
            17.0,
            0.0082
        ],
        [
            43.0,
            0.0441
        ],
        [
            21.0,
            0.018000000000000002
        ],
        [
            3.0,
            0.0274
        ],
        [
            25.0,
            0.042800000000000005
        ],
        [
            11.0,
            0.010700000000000001
        ],
        [
            29.0,
            0.029399999999999996
        ],
        [
            51.0,
            0.0063
        ],
        [
            8.0,
            0.009600000000000001
        ],
        [
            62.0,
            0.0091
        ],
        [
            32.0,
            0.0308
        ],
        [
            6.0,
            0.0237
        ],
        [
            44.0,
            0.046299999999999994
        ],
        [
            54.0,
            0.038200000000000005
        ],
        [
            14.0,
            0.015099999999999999
        ],
        [
            28.0,
            0.0216
        ],
        [
            30.0,
            0.0417
        ],
        [
            58.0,
            0.0042
        ],
        [
            10.0,
            0.0071
        ],
        [
            46.0,
            0.018
        ],
        [
            24.0,
            0.05280000000000001
        ],
        [
            42.0,
            0.0118
        ],
        [
            4.0,
            0.0287
        ],
        [
            52.0,
            0.010100000000000001
        ],
        [
            12.0,
            0.0075
        ],
        [
            26.0,
            0.032100000000000004
        ],
        [
            71.0,
            0.0081
        ],
        [
            41.0,
            0.0143
        ],
        [
            15.0,
            0.021900000000000003
        ],
        [
            55.0,
            0.014600000000000002
        ],
        [
            33.0,
            0.013200000000000002
        ],
        [
            47.0,
            0.0056
        ],
        [
            2.0,
            0.009000000000000001
        ],
        [
            65.0,
            0.0074
        ],
        [
            35.0,
            0.027299999999999998
        ],
        [
            9.0,
            0.0083
        ],
        [
            53.0,
            0.0158
        ],
        [
            13.0,
            0.013999999999999999
        ],
        [
            27.0,
            0.015099999999999999
        ],
        [
            56.0,
            0.0039
        ],
        [
            84.0,
            0.0041
        ],
        [
            64.0,
            0.0071
        ],
        [
            38.0,
            0.0145
        ]
    ],
    "approximation_ratio": 0.6385481927710843,
    "noise": true,
    "p": 7
}