{
    "expected_value": 131.8134,
    "optimal_gammas": [
        2.1637367879591296,
        4.392970519556441,
        1.2843009932930542,
        3.1786356493747765,
        2.367839888865331,
        1.5600240007829858
    ],
    "optimal_betas": [
        1.5054688474721836,
        2.082727786372779,
        1.238653659474189,
        1.042732028783222,
        2.279082706560022,
        0.4124467921881436
    ],
    "problem_identifier": "{'W': [1, 1], 'W_max': 2, 'A': 24, 'B': 4, 'C': 432}",
    "now": "2021-05-04 17:43:32",
    "execution_time": "0:14:04.626750",
    "nfev": 633,
    "message": "Optimization terminated successfully.",
    "success": true,
    "nit": 1,
    "problem": {
        "W": [
            1,
            1
        ],
        "W_max": 2,
        "A": 24,
        "B": 4,
        "C": 432
    },
    "optimal_cost": 1.0,
    "probability_distribution": {
        "216.0": 0.006,
        "114.0": 0.0201,
        "241.0": 0.0179,
        "115.0": 0.03409999999999999,
        "1.0": 0.0104,
        "139.0": 0.028900000000000002,
        "229.0": 0.0148,
        "13.0": 0.016,
        "49.0": 0.0071,
        "223.0": 0.0239,
        "109.0": 0.0178,
        "7.0": 0.026000000000000002,
        "121.0": 0.0324,
        "31.0": 0.0065,
        "133.0": 0.0125,
        "247.0": 0.006,
        "24.0": 0.0063999999999999994,
        "274.0": 0.0074,
        "136.0": 0.0212,
        "10.0": 0.0116,
        "172.0": 0.0132,
        "250.0": 0.0225,
        "34.0": 0.015300000000000001,
        "124.0": 0.0175,
        "82.0": 0.004699999999999999,
        "160.0": 0.0118,
        "228.0": 0.0068000000000000005,
        "266.0": 0.0038,
        "140.0": 0.0167,
        "26.0": 0.0072,
        "230.0": 0.0151,
        "14.0": 0.0165,
        "116.0": 0.047099999999999996,
        "218.0": 0.014199999999999999,
        "12.0": 0.0077,
        "248.0": 0.006500000000000001,
        "134.0": 0.0161,
        "32.0": 0.006500000000000001,
        "122.0": 0.029699999999999997,
        "224.0": 0.0215,
        "8.0": 0.0239,
        "110.0": 0.0149,
        "138.0": 0.0135,
        "299.0": 0.0060999999999999995,
        "161.0": 0.0153,
        "35.0": 0.021699999999999997,
        "173.0": 0.0133,
        "251.0": 0.0149,
        "125.0": 0.0162,
        "59.0": 0.0055,
        "137.0": 0.013900000000000001,
        "227.0": 0.0097,
        "2.0": 0.008199999999999999,
        "281.0": 0.0057,
        "143.0": 0.030199999999999998,
        "17.0": 0.0109,
        "167.0": 0.016,
        "245.0": 0.014199999999999999,
        "29.0": 0.0161,
        "119.0": 0.0184,
        "65.0": 0.0066,
        "233.0": 0.0098,
        "264.0": 0.0024,
        "332.0": 0.0035,
        "194.0": 0.0132,
        "68.0": 0.0078,
        "272.0": 0.0078000000000000005,
        "56.0": 0.0078,
        "146.0": 0.0191,
        "236.0": 0.006
    },
    "probability_distribution_items": [
        [
            216.0,
            0.006
        ],
        [
            114.0,
            0.0201
        ],
        [
            241.0,
            0.0179
        ],
        [
            115.0,
            0.03409999999999999
        ],
        [
            1.0,
            0.0104
        ],
        [
            139.0,
            0.028900000000000002
        ],
        [
            229.0,
            0.0148
        ],
        [
            13.0,
            0.016
        ],
        [
            49.0,
            0.0071
        ],
        [
            223.0,
            0.0239
        ],
        [
            109.0,
            0.0178
        ],
        [
            7.0,
            0.026000000000000002
        ],
        [
            121.0,
            0.0324
        ],
        [
            31.0,
            0.0065
        ],
        [
            133.0,
            0.0125
        ],
        [
            247.0,
            0.006
        ],
        [
            24.0,
            0.0063999999999999994
        ],
        [
            274.0,
            0.0074
        ],
        [
            136.0,
            0.0212
        ],
        [
            10.0,
            0.0116
        ],
        [
            172.0,
            0.0132
        ],
        [
            250.0,
            0.0225
        ],
        [
            34.0,
            0.015300000000000001
        ],
        [
            124.0,
            0.0175
        ],
        [
            82.0,
            0.004699999999999999
        ],
        [
            160.0,
            0.0118
        ],
        [
            228.0,
            0.0068000000000000005
        ],
        [
            266.0,
            0.0038
        ],
        [
            140.0,
            0.0167
        ],
        [
            26.0,
            0.0072
        ],
        [
            230.0,
            0.0151
        ],
        [
            14.0,
            0.0165
        ],
        [
            116.0,
            0.047099999999999996
        ],
        [
            218.0,
            0.014199999999999999
        ],
        [
            12.0,
            0.0077
        ],
        [
            248.0,
            0.006500000000000001
        ],
        [
            134.0,
            0.0161
        ],
        [
            32.0,
            0.006500000000000001
        ],
        [
            122.0,
            0.029699999999999997
        ],
        [
            224.0,
            0.0215
        ],
        [
            8.0,
            0.0239
        ],
        [
            110.0,
            0.0149
        ],
        [
            138.0,
            0.0135
        ],
        [
            299.0,
            0.0060999999999999995
        ],
        [
            161.0,
            0.0153
        ],
        [
            35.0,
            0.021699999999999997
        ],
        [
            173.0,
            0.0133
        ],
        [
            251.0,
            0.0149
        ],
        [
            125.0,
            0.0162
        ],
        [
            59.0,
            0.0055
        ],
        [
            137.0,
            0.013900000000000001
        ],
        [
            227.0,
            0.0097
        ],
        [
            2.0,
            0.008199999999999999
        ],
        [
            281.0,
            0.0057
        ],
        [
            143.0,
            0.030199999999999998
        ],
        [
            17.0,
            0.0109
        ],
        [
            167.0,
            0.016
        ],
        [
            245.0,
            0.014199999999999999
        ],
        [
            29.0,
            0.0161
        ],
        [
            119.0,
            0.0184
        ],
        [
            65.0,
            0.0066
        ],
        [
            233.0,
            0.0098
        ],
        [
            264.0,
            0.0024
        ],
        [
            332.0,
            0.0035
        ],
        [
            194.0,
            0.0132
        ],
        [
            68.0,
            0.0078
        ],
        [
            272.0,
            0.0078000000000000005
        ],
        [
            56.0,
            0.0078
        ],
        [
            146.0,
            0.0191
        ],
        [
            236.0,
            0.006
        ]
    ],
    "approximation_ratio": 133.0112,
    "approximation_ratio_offset": 0.6011746223564954,
    "noise": true,
    "p": 6
}