{
    "expected_value": 23.9289,
    "optimal_gammas": [
        3.1942828150161717,
        0.6685566434406902,
        3.758211255904053
    ],
    "optimal_betas": [
        2.4819629962317897,
        2.101229758485804,
        1.8537062520042376
    ],
    "problem_identifier": "{'W': [1, 1], 'W_max': 2, 'A': 8, 'B': 4, 'C': 80}",
    "now": "2021-05-05 03:26:52",
    "execution_time": "10:42:16.302854",
    "nfev": 41997,
    "message": "Optimization terminated successfully.",
    "success": true,
    "nit": 464,
    "problem": {
        "W": [
            1,
            1
        ],
        "W_max": 2,
        "A": 8,
        "B": 4,
        "C": 80
    },
    "probability_distribution": {
        "40.0": 0.0165,
        "22.0": 0.03949999999999999,
        "49.0": 0.022400000000000003,
        "23.0": 0.04460000000000001,
        "1.0": 0.0242,
        "31.0": 0.0125,
        "45.0": 0.015799999999999998,
        "5.0": 0.010100000000000001,
        "17.0": 0.0032,
        "43.0": 0.024399999999999998,
        "21.0": 0.0303,
        "3.0": 0.031299999999999994,
        "25.0": 0.0253,
        "11.0": 0.0024999999999999996,
        "29.0": 0.0373,
        "51.0": 0.0018,
        "8.0": 0.0055,
        "62.0": 0.0076,
        "32.0": 0.0412,
        "6.0": 0.1077,
        "44.0": 0.0321,
        "54.0": 0.016900000000000002,
        "14.0": 0.0112,
        "28.0": 0.0477,
        "30.0": 0.0219,
        "58.0": 0.003,
        "10.0": 0.0055,
        "46.0": 0.010100000000000001,
        "24.0": 0.0336,
        "42.0": 0.0062,
        "4.0": 0.030300000000000004,
        "52.0": 0.0245,
        "12.0": 0.0108,
        "26.0": 0.034999999999999996,
        "71.0": 0.002,
        "41.0": 0.0107,
        "15.0": 0.030399999999999996,
        "55.0": 0.0086,
        "33.0": 0.0103,
        "47.0": 0.0132,
        "2.0": 0.0039,
        "65.0": 0.0021999999999999997,
        "35.0": 0.0229,
        "9.0": 0.023600000000000003,
        "53.0": 0.007899999999999999,
        "13.0": 0.0108,
        "27.0": 0.0334,
        "56.0": 0.0003,
        "84.0": 0.0006,
        "64.0": 0.003,
        "38.0": 0.023700000000000002
    },
    "probability_distribution_items": [
        [
            40.0,
            0.0165
        ],
        [
            22.0,
            0.03949999999999999
        ],
        [
            49.0,
            0.022400000000000003
        ],
        [
            23.0,
            0.04460000000000001
        ],
        [
            1.0,
            0.0242
        ],
        [
            31.0,
            0.0125
        ],
        [
            45.0,
            0.015799999999999998
        ],
        [
            5.0,
            0.010100000000000001
        ],
        [
            17.0,
            0.0032
        ],
        [
            43.0,
            0.024399999999999998
        ],
        [
            21.0,
            0.0303
        ],
        [
            3.0,
            0.031299999999999994
        ],
        [
            25.0,
            0.0253
        ],
        [
            11.0,
            0.0024999999999999996
        ],
        [
            29.0,
            0.0373
        ],
        [
            51.0,
            0.0018
        ],
        [
            8.0,
            0.0055
        ],
        [
            62.0,
            0.0076
        ],
        [
            32.0,
            0.0412
        ],
        [
            6.0,
            0.1077
        ],
        [
            44.0,
            0.0321
        ],
        [
            54.0,
            0.016900000000000002
        ],
        [
            14.0,
            0.0112
        ],
        [
            28.0,
            0.0477
        ],
        [
            30.0,
            0.0219
        ],
        [
            58.0,
            0.003
        ],
        [
            10.0,
            0.0055
        ],
        [
            46.0,
            0.010100000000000001
        ],
        [
            24.0,
            0.0336
        ],
        [
            42.0,
            0.0062
        ],
        [
            4.0,
            0.030300000000000004
        ],
        [
            52.0,
            0.0245
        ],
        [
            12.0,
            0.0108
        ],
        [
            26.0,
            0.034999999999999996
        ],
        [
            71.0,
            0.002
        ],
        [
            41.0,
            0.0107
        ],
        [
            15.0,
            0.030399999999999996
        ],
        [
            55.0,
            0.0086
        ],
        [
            33.0,
            0.0103
        ],
        [
            47.0,
            0.0132
        ],
        [
            2.0,
            0.0039
        ],
        [
            65.0,
            0.0021999999999999997
        ],
        [
            35.0,
            0.0229
        ],
        [
            9.0,
            0.023600000000000003
        ],
        [
            53.0,
            0.007899999999999999
        ],
        [
            13.0,
            0.0108
        ],
        [
            27.0,
            0.0334
        ],
        [
            56.0,
            0.0003
        ],
        [
            84.0,
            0.0006
        ],
        [
            64.0,
            0.003
        ],
        [
            38.0,
            0.023700000000000002
        ]
    ],
    "approximation_ratio": 0.7015518072289156,
    "noise": true,
    "p": 3
}