{
    "expected_value": 130.7968,
    "optimal_gammas": [
        3.401709379218576,
        1.2368718611560123,
        2.8612651833835647,
        2.438742304143611,
        2.2056177651847326
    ],
    "optimal_betas": [
        0.8437364997687721,
        2.6744908083449594,
        1.2374631251137544,
        1.569181560416387,
        0.583417829576424
    ],
    "problem_identifier": "{'W': [1, 1], 'W_max': 2, 'A': 24, 'B': 4, 'C': 432}",
    "now": "2021-05-04 17:56:01",
    "execution_time": "0:13:06.631150",
    "nfev": 685,
    "message": "Optimization terminated successfully.",
    "success": true,
    "nit": 1,
    "problem": {
        "W": [
            1,
            1
        ],
        "W_max": 2,
        "A": 24,
        "B": 4,
        "C": 432
    },
    "probability_distribution": {
        "216.0": 0.0057,
        "114.0": 0.020999999999999998,
        "241.0": 0.015600000000000001,
        "115.0": 0.0298,
        "1.0": 0.008400000000000001,
        "139.0": 0.0313,
        "229.0": 0.0195,
        "13.0": 0.0174,
        "49.0": 0.007,
        "223.0": 0.027700000000000002,
        "109.0": 0.016,
        "7.0": 0.023899999999999998,
        "121.0": 0.0351,
        "31.0": 0.0069,
        "133.0": 0.0121,
        "247.0": 0.0055,
        "24.0": 0.0068000000000000005,
        "274.0": 0.0073,
        "136.0": 0.0148,
        "10.0": 0.0083,
        "172.0": 0.0171,
        "250.0": 0.0227,
        "34.0": 0.0209,
        "124.0": 0.0174,
        "82.0": 0.0071,
        "160.0": 0.012799999999999999,
        "228.0": 0.010499999999999999,
        "266.0": 0.0048,
        "140.0": 0.0149,
        "26.0": 0.0086,
        "230.0": 0.0194,
        "14.0": 0.0171,
        "116.0": 0.04329999999999999,
        "218.0": 0.0123,
        "12.0": 0.0114,
        "248.0": 0.0086,
        "134.0": 0.0161,
        "32.0": 0.006,
        "122.0": 0.031400000000000004,
        "224.0": 0.0206,
        "8.0": 0.0253,
        "110.0": 0.014299999999999998,
        "138.0": 0.0149,
        "299.0": 0.007600000000000001,
        "161.0": 0.0163,
        "35.0": 0.0247,
        "173.0": 0.0135,
        "251.0": 0.0161,
        "125.0": 0.0123,
        "59.0": 0.0056,
        "137.0": 0.012199999999999999,
        "227.0": 0.0067,
        "2.0": 0.009000000000000001,
        "281.0": 0.0078,
        "143.0": 0.025799999999999997,
        "17.0": 0.0069,
        "167.0": 0.014499999999999999,
        "245.0": 0.0152,
        "29.0": 0.0174,
        "119.0": 0.0165,
        "65.0": 0.0068000000000000005,
        "233.0": 0.0056,
        "264.0": 0.0033,
        "332.0": 0.0027,
        "194.0": 0.015200000000000002,
        "68.0": 0.006699999999999999,
        "272.0": 0.008199999999999999,
        "56.0": 0.0081,
        "146.0": 0.0133,
        "236.0": 0.0044
    },
    "probability_distribution_items": [
        [
            216.0,
            0.0057
        ],
        [
            114.0,
            0.020999999999999998
        ],
        [
            241.0,
            0.015600000000000001
        ],
        [
            115.0,
            0.0298
        ],
        [
            1.0,
            0.008400000000000001
        ],
        [
            139.0,
            0.0313
        ],
        [
            229.0,
            0.0195
        ],
        [
            13.0,
            0.0174
        ],
        [
            49.0,
            0.007
        ],
        [
            223.0,
            0.027700000000000002
        ],
        [
            109.0,
            0.016
        ],
        [
            7.0,
            0.023899999999999998
        ],
        [
            121.0,
            0.0351
        ],
        [
            31.0,
            0.0069
        ],
        [
            133.0,
            0.0121
        ],
        [
            247.0,
            0.0055
        ],
        [
            24.0,
            0.0068000000000000005
        ],
        [
            274.0,
            0.0073
        ],
        [
            136.0,
            0.0148
        ],
        [
            10.0,
            0.0083
        ],
        [
            172.0,
            0.0171
        ],
        [
            250.0,
            0.0227
        ],
        [
            34.0,
            0.0209
        ],
        [
            124.0,
            0.0174
        ],
        [
            82.0,
            0.0071
        ],
        [
            160.0,
            0.012799999999999999
        ],
        [
            228.0,
            0.010499999999999999
        ],
        [
            266.0,
            0.0048
        ],
        [
            140.0,
            0.0149
        ],
        [
            26.0,
            0.0086
        ],
        [
            230.0,
            0.0194
        ],
        [
            14.0,
            0.0171
        ],
        [
            116.0,
            0.04329999999999999
        ],
        [
            218.0,
            0.0123
        ],
        [
            12.0,
            0.0114
        ],
        [
            248.0,
            0.0086
        ],
        [
            134.0,
            0.0161
        ],
        [
            32.0,
            0.006
        ],
        [
            122.0,
            0.031400000000000004
        ],
        [
            224.0,
            0.0206
        ],
        [
            8.0,
            0.0253
        ],
        [
            110.0,
            0.014299999999999998
        ],
        [
            138.0,
            0.0149
        ],
        [
            299.0,
            0.007600000000000001
        ],
        [
            161.0,
            0.0163
        ],
        [
            35.0,
            0.0247
        ],
        [
            173.0,
            0.0135
        ],
        [
            251.0,
            0.0161
        ],
        [
            125.0,
            0.0123
        ],
        [
            59.0,
            0.0056
        ],
        [
            137.0,
            0.012199999999999999
        ],
        [
            227.0,
            0.0067
        ],
        [
            2.0,
            0.009000000000000001
        ],
        [
            281.0,
            0.0078
        ],
        [
            143.0,
            0.025799999999999997
        ],
        [
            17.0,
            0.0069
        ],
        [
            167.0,
            0.014499999999999999
        ],
        [
            245.0,
            0.0152
        ],
        [
            29.0,
            0.0174
        ],
        [
            119.0,
            0.0165
        ],
        [
            65.0,
            0.0068000000000000005
        ],
        [
            233.0,
            0.0056
        ],
        [
            264.0,
            0.0033
        ],
        [
            332.0,
            0.0027
        ],
        [
            194.0,
            0.015200000000000002
        ],
        [
            68.0,
            0.006699999999999999
        ],
        [
            272.0,
            0.008199999999999999
        ],
        [
            56.0,
            0.0081
        ],
        [
            146.0,
            0.0133
        ],
        [
            236.0,
            0.0044
        ]
    ],
    "approximation_ratio": 0.5971555891238671,
    "noise": true,
    "p": 5
}