{
    "expected_value": 11.4118,
    "optimal_gammas": [
        0.0713101865203023
    ],
    "optimal_betas": [
        2.818276642045805
    ],
    "problem_identifier": "{'W': [1, 1], 'W_max': 2, 'A': 8, 'B': 4, 'C': 16}",
    "now": "2021-05-04 17:22:38",
    "execution_time": "0:07:30.839556",
    "nfev": 1023,
    "message": "Optimization terminated successfully.",
    "success": true,
    "nit": 30,
    "problem": {
        "W": [
            1,
            1
        ],
        "W_max": 2,
        "A": 8,
        "B": 4,
        "C": 16
    },
    "optimal_cost": 1.0,
    "probability_distribution": {
        "8.0": 0.028200000000000003,
        "6.0": 0.07159999999999998,
        "17.0": 0.022000000000000002,
        "7.0": 0.046400000000000004,
        "1.0": 0.0044,
        "15.0": 0.0418,
        "13.0": 0.07369999999999999,
        "5.0": 0.069,
        "11.0": 0.0691,
        "3.0": 0.0287,
        "9.0": 0.0222,
        "19.0": 0.0111,
        "30.0": 0.0046,
        "16.0": 0.053000000000000005,
        "28.0": 0.007,
        "22.0": 0.040799999999999996,
        "14.0": 0.07449999999999997,
        "12.0": 0.11810000000000001,
        "24.0": 0.0041,
        "26.0": 0.0006,
        "10.0": 0.058,
        "4.0": 0.0765,
        "20.0": 0.009000000000000001,
        "39.0": 0.0006000000000000001,
        "25.0": 0.0041,
        "29.0": 0.0045000000000000005,
        "23.0": 0.022299999999999997,
        "2.0": 0.0074,
        "33.0": 0.0009,
        "27.0": 0.0036,
        "21.0": 0.0181,
        "52.0": 0.0002,
        "38.0": 0.0014,
        "32.0": 0.0025
    },
    "probability_distribution_items": [
        [
            8.0,
            0.028200000000000003
        ],
        [
            6.0,
            0.07159999999999998
        ],
        [
            17.0,
            0.022000000000000002
        ],
        [
            7.0,
            0.046400000000000004
        ],
        [
            1.0,
            0.0044
        ],
        [
            15.0,
            0.0418
        ],
        [
            13.0,
            0.07369999999999999
        ],
        [
            5.0,
            0.069
        ],
        [
            11.0,
            0.0691
        ],
        [
            3.0,
            0.0287
        ],
        [
            9.0,
            0.0222
        ],
        [
            19.0,
            0.0111
        ],
        [
            30.0,
            0.0046
        ],
        [
            16.0,
            0.053000000000000005
        ],
        [
            28.0,
            0.007
        ],
        [
            22.0,
            0.040799999999999996
        ],
        [
            14.0,
            0.07449999999999997
        ],
        [
            12.0,
            0.11810000000000001
        ],
        [
            24.0,
            0.0041
        ],
        [
            26.0,
            0.0006
        ],
        [
            10.0,
            0.058
        ],
        [
            4.0,
            0.0765
        ],
        [
            20.0,
            0.009000000000000001
        ],
        [
            39.0,
            0.0006000000000000001
        ],
        [
            25.0,
            0.0041
        ],
        [
            29.0,
            0.0045000000000000005
        ],
        [
            23.0,
            0.022299999999999997
        ],
        [
            2.0,
            0.0074
        ],
        [
            33.0,
            0.0009
        ],
        [
            27.0,
            0.0036
        ],
        [
            21.0,
            0.0181
        ],
        [
            52.0,
            0.0002
        ],
        [
            38.0,
            0.0014
        ],
        [
            32.0,
            0.0025
        ]
    ],
    "approximation_ratio": 11.6293,
    "approximation_ratio_offset": 0.7915823529411764,
    "noise": true,
    "p": 1
}