{
    "expected_value": 1.9344853222401426,
    "optimal_gammas": [
        2.782826944742509
    ],
    "optimal_betas": [
        0.8498405967935554
    ],
    "problem_identifier": "{'W': [1], 'W_max': 1, 'A': 8, 'B': 4, 'C': 12}",
    "now": "2021-05-04 17:14:38",
    "execution_time": "0:04:26.305299",
    "nfev": 804,
    "message": "Optimization terminated successfully.",
    "success": true,
    "nit": 25,
    "problem": {
        "W": [
            1
        ],
        "W_max": 1,
        "A": 8,
        "B": 4,
        "C": 12
    },
    "probability_distribution": {
        "3.0": 0.4178756153220742,
        "2.0": 0.02051335092088361,
        "6.0": 0.015644148135022094,
        "1.0": 0.5459668856220202
    },
    "probability_distribution_items": [
        [
            3.0,
            0.4178756153220742
        ],
        [
            2.0,
            0.02051335092088361
        ],
        [
            6.0,
            0.015644148135022094
        ],
        [
            1.0,
            0.5459668856220202
        ]
    ],
    "approximation_ratio": 0.8131029355519714,
    "noise": false,
    "p": 1
}