{
    "expected_value": 179.0702,
    "optimal_gammas": [
        6.26993082746062,
        4.239055707143088,
        2.819303935228098,
        1.58959108129047,
        0.557648824057642,
        2.7996726585876712,
        3.8774688455672393
    ],
    "optimal_betas": [
        1.27021594158203,
        2.411757539065851,
        1.670162365010798,
        1.5279996610540836,
        0.4368495394360805,
        1.303984217764562,
        0.28137042983315497
    ],
    "problem_identifier": "{'W': [1, 1], 'W_max': 2, 'A': 24, 'B': 4, 'C': 624}",
    "now": "2021-05-04 18:21:49",
    "execution_time": "0:18:18.103103",
    "nfev": 735,
    "message": "Optimization terminated successfully.",
    "success": true,
    "nit": 1,
    "problem": {
        "W": [
            1,
            1
        ],
        "W_max": 2,
        "A": 24,
        "B": 4,
        "C": 624
    },
    "optimal_cost": 1.0,
    "probability_distribution": {
        "312.0": 0.0041,
        "162.0": 0.0175,
        "337.0": 0.0148,
        "163.0": 0.033,
        "1.0": 0.0093,
        "187.0": 0.029200000000000004,
        "325.0": 0.0138,
        "13.0": 0.0125,
        "49.0": 0.0077,
        "319.0": 0.0193,
        "157.0": 0.0201,
        "7.0": 0.0249,
        "169.0": 0.0329,
        "31.0": 0.0087,
        "181.0": 0.0112,
        "343.0": 0.008400000000000001,
        "24.0": 0.0086,
        "370.0": 0.007600000000000001,
        "184.0": 0.0187,
        "10.0": 0.012400000000000001,
        "220.0": 0.0131,
        "346.0": 0.024500000000000004,
        "34.0": 0.0174,
        "172.0": 0.0216,
        "82.0": 0.006699999999999999,
        "208.0": 0.012799999999999999,
        "324.0": 0.0076,
        "362.0": 0.0034,
        "188.0": 0.0144,
        "26.0": 0.009899999999999999,
        "326.0": 0.0118,
        "14.0": 0.017,
        "164.0": 0.0472,
        "314.0": 0.010199999999999999,
        "12.0": 0.0075,
        "344.0": 0.0095,
        "182.0": 0.0162,
        "32.0": 0.0118,
        "170.0": 0.0294,
        "320.0": 0.025299999999999996,
        "8.0": 0.024,
        "158.0": 0.0167,
        "186.0": 0.0135,
        "395.0": 0.0074,
        "209.0": 0.0156,
        "35.0": 0.023299999999999998,
        "221.0": 0.0159,
        "347.0": 0.0151,
        "173.0": 0.0178,
        "59.0": 0.009999999999999998,
        "185.0": 0.0173,
        "323.0": 0.0095,
        "2.0": 0.0063,
        "377.0": 0.006999999999999999,
        "191.0": 0.028699999999999996,
        "17.0": 0.010700000000000001,
        "215.0": 0.0149,
        "341.0": 0.0121,
        "29.0": 0.0116,
        "167.0": 0.0156,
        "65.0": 0.0078,
        "329.0": 0.0063,
        "360.0": 0.0038,
        "428.0": 0.0027,
        "242.0": 0.0125,
        "68.0": 0.0082,
        "368.0": 0.0071,
        "56.0": 0.0066,
        "194.0": 0.0162,
        "332.0": 0.0038
    },
    "probability_distribution_items": [
        [
            312.0,
            0.0041
        ],
        [
            162.0,
            0.0175
        ],
        [
            337.0,
            0.0148
        ],
        [
            163.0,
            0.033
        ],
        [
            1.0,
            0.0093
        ],
        [
            187.0,
            0.029200000000000004
        ],
        [
            325.0,
            0.0138
        ],
        [
            13.0,
            0.0125
        ],
        [
            49.0,
            0.0077
        ],
        [
            319.0,
            0.0193
        ],
        [
            157.0,
            0.0201
        ],
        [
            7.0,
            0.0249
        ],
        [
            169.0,
            0.0329
        ],
        [
            31.0,
            0.0087
        ],
        [
            181.0,
            0.0112
        ],
        [
            343.0,
            0.008400000000000001
        ],
        [
            24.0,
            0.0086
        ],
        [
            370.0,
            0.007600000000000001
        ],
        [
            184.0,
            0.0187
        ],
        [
            10.0,
            0.012400000000000001
        ],
        [
            220.0,
            0.0131
        ],
        [
            346.0,
            0.024500000000000004
        ],
        [
            34.0,
            0.0174
        ],
        [
            172.0,
            0.0216
        ],
        [
            82.0,
            0.006699999999999999
        ],
        [
            208.0,
            0.012799999999999999
        ],
        [
            324.0,
            0.0076
        ],
        [
            362.0,
            0.0034
        ],
        [
            188.0,
            0.0144
        ],
        [
            26.0,
            0.009899999999999999
        ],
        [
            326.0,
            0.0118
        ],
        [
            14.0,
            0.017
        ],
        [
            164.0,
            0.0472
        ],
        [
            314.0,
            0.010199999999999999
        ],
        [
            12.0,
            0.0075
        ],
        [
            344.0,
            0.0095
        ],
        [
            182.0,
            0.0162
        ],
        [
            32.0,
            0.0118
        ],
        [
            170.0,
            0.0294
        ],
        [
            320.0,
            0.025299999999999996
        ],
        [
            8.0,
            0.024
        ],
        [
            158.0,
            0.0167
        ],
        [
            186.0,
            0.0135
        ],
        [
            395.0,
            0.0074
        ],
        [
            209.0,
            0.0156
        ],
        [
            35.0,
            0.023299999999999998
        ],
        [
            221.0,
            0.0159
        ],
        [
            347.0,
            0.0151
        ],
        [
            173.0,
            0.0178
        ],
        [
            59.0,
            0.009999999999999998
        ],
        [
            185.0,
            0.0173
        ],
        [
            323.0,
            0.0095
        ],
        [
            2.0,
            0.0063
        ],
        [
            377.0,
            0.006999999999999999
        ],
        [
            191.0,
            0.028699999999999996
        ],
        [
            17.0,
            0.010700000000000001
        ],
        [
            215.0,
            0.0149
        ],
        [
            341.0,
            0.0121
        ],
        [
            29.0,
            0.0116
        ],
        [
            167.0,
            0.0156
        ],
        [
            65.0,
            0.0078
        ],
        [
            329.0,
            0.0063
        ],
        [
            360.0,
            0.0038
        ],
        [
            428.0,
            0.0027
        ],
        [
            242.0,
            0.0125
        ],
        [
            68.0,
            0.0082
        ],
        [
            368.0,
            0.0071
        ],
        [
            56.0,
            0.0066
        ],
        [
            194.0,
            0.0162
        ],
        [
            332.0,
            0.0038
        ]
    ],
    "approximation_ratio": 180.293,
    "approximation_ratio_offset": 0.5801100702576112,
    "noise": true,
    "p": 7
}