{
    "expected_value": 30.1993,
    "optimal_gammas": [
        3.5471116956343733,
        0.31152047299350816,
        4.240896431760508,
        3.88805805081099,
        2.984898740147276,
        2.6146593054502416,
        3.6481561921428076
    ],
    "optimal_betas": [
        2.21462268466284,
        1.1393492223242823,
        2.195046911559533,
        0.4523066623309757,
        1.6332584969181807,
        2.0811152808416375,
        0.23542824451555378
    ],
    "problem_identifier": "{'W': [1, 1], 'W_max': 2, 'A': 8, 'B': 4, 'C': 80}",
    "now": "2021-05-04 18:25:52",
    "execution_time": "0:20:22.038523",
    "nfev": 735,
    "message": "Optimization terminated successfully.",
    "success": true,
    "nit": 1,
    "problem": {
        "W": [
            1,
            1
        ],
        "W_max": 2,
        "A": 8,
        "B": 4,
        "C": 80
    },
    "optimal_cost": 1.0,
    "probability_distribution": {
        "40.0": 0.019200000000000002,
        "22.0": 0.0359,
        "49.0": 0.0238,
        "23.0": 0.0457,
        "1.0": 0.009899999999999999,
        "31.0": 0.034999999999999996,
        "45.0": 0.0338,
        "5.0": 0.018099999999999998,
        "17.0": 0.0089,
        "43.0": 0.045399999999999996,
        "21.0": 0.0192,
        "3.0": 0.0279,
        "25.0": 0.04059999999999999,
        "11.0": 0.0076,
        "29.0": 0.025400000000000002,
        "51.0": 0.0056,
        "8.0": 0.0086,
        "62.0": 0.0119,
        "32.0": 0.0366,
        "6.0": 0.0226,
        "44.0": 0.047,
        "54.0": 0.0317,
        "14.0": 0.0155,
        "28.0": 0.0207,
        "30.0": 0.039299999999999995,
        "58.0": 0.0055,
        "10.0": 0.0088,
        "46.0": 0.0172,
        "24.0": 0.05430000000000001,
        "42.0": 0.0094,
        "4.0": 0.030100000000000002,
        "52.0": 0.0093,
        "12.0": 0.006,
        "26.0": 0.03,
        "71.0": 0.0073,
        "41.0": 0.013999999999999999,
        "15.0": 0.0202,
        "55.0": 0.0171,
        "33.0": 0.0129,
        "47.0": 0.0049,
        "2.0": 0.0074,
        "65.0": 0.0091,
        "35.0": 0.0275,
        "9.0": 0.0072,
        "53.0": 0.014399999999999998,
        "13.0": 0.0151,
        "27.0": 0.0127,
        "56.0": 0.0031,
        "84.0": 0.004,
        "64.0": 0.0060999999999999995,
        "38.0": 0.010499999999999999
    },
    "probability_distribution_items": [
        [
            40.0,
            0.019200000000000002
        ],
        [
            22.0,
            0.0359
        ],
        [
            49.0,
            0.0238
        ],
        [
            23.0,
            0.0457
        ],
        [
            1.0,
            0.009899999999999999
        ],
        [
            31.0,
            0.034999999999999996
        ],
        [
            45.0,
            0.0338
        ],
        [
            5.0,
            0.018099999999999998
        ],
        [
            17.0,
            0.0089
        ],
        [
            43.0,
            0.045399999999999996
        ],
        [
            21.0,
            0.0192
        ],
        [
            3.0,
            0.0279
        ],
        [
            25.0,
            0.04059999999999999
        ],
        [
            11.0,
            0.0076
        ],
        [
            29.0,
            0.025400000000000002
        ],
        [
            51.0,
            0.0056
        ],
        [
            8.0,
            0.0086
        ],
        [
            62.0,
            0.0119
        ],
        [
            32.0,
            0.0366
        ],
        [
            6.0,
            0.0226
        ],
        [
            44.0,
            0.047
        ],
        [
            54.0,
            0.0317
        ],
        [
            14.0,
            0.0155
        ],
        [
            28.0,
            0.0207
        ],
        [
            30.0,
            0.039299999999999995
        ],
        [
            58.0,
            0.0055
        ],
        [
            10.0,
            0.0088
        ],
        [
            46.0,
            0.0172
        ],
        [
            24.0,
            0.05430000000000001
        ],
        [
            42.0,
            0.0094
        ],
        [
            4.0,
            0.030100000000000002
        ],
        [
            52.0,
            0.0093
        ],
        [
            12.0,
            0.006
        ],
        [
            26.0,
            0.03
        ],
        [
            71.0,
            0.0073
        ],
        [
            41.0,
            0.013999999999999999
        ],
        [
            15.0,
            0.0202
        ],
        [
            55.0,
            0.0171
        ],
        [
            33.0,
            0.0129
        ],
        [
            47.0,
            0.0049
        ],
        [
            2.0,
            0.0074
        ],
        [
            65.0,
            0.0091
        ],
        [
            35.0,
            0.0275
        ],
        [
            9.0,
            0.0072
        ],
        [
            53.0,
            0.014399999999999998
        ],
        [
            13.0,
            0.0151
        ],
        [
            27.0,
            0.0127
        ],
        [
            56.0,
            0.0031
        ],
        [
            84.0,
            0.004
        ],
        [
            64.0,
            0.0060999999999999995
        ],
        [
            38.0,
            0.010499999999999999
        ]
    ],
    "approximation_ratio": 30.6929,
    "approximation_ratio_offset": 0.6422542168674699,
    "noise": true,
    "p": 7
}