{
    "expected_value": 28.13182191531489,
    "optimal_gammas": [
        3.230927217928144
    ],
    "optimal_betas": [
        0.3096884350697169
    ],
    "problem_identifier": "{'W': [1, 1], 'W_max': 2, 'A': 8, 'B': 4, 'C': 80}",
    "now": "2021-05-05 11:39:58",
    "execution_time": "0:08:01.943298",
    "nfev": 1236,
    "message": "Optimization terminated successfully.",
    "success": true,
    "nit": 39,
    "problem": {
        "W": [
            1,
            1
        ],
        "W_max": 2,
        "A": 8,
        "B": 4,
        "C": 80
    },
    "optimal_cost": 1.0,
    "probability_distribution": {
        "40.0": 0.07769315235018445,
        "22.0": 0.03405849038869849,
        "8.0": 0.01628335394670549,
        "44.0": 0.042389893980583786,
        "4.0": 0.043600760154237035,
        "30.0": 0.028736654668977422,
        "56.0": 0.0008981581844139282,
        "49.0": 0.04241835165167377,
        "23.0": 0.08648018932795969,
        "1.0": 0.016067950087750867,
        "31.0": 0.02193383068404163,
        "45.0": 0.011400417984898492,
        "5.0": 0.00970369943465622,
        "17.0": 0.008184448765889247,
        "43.0": 0.04879740529986524,
        "21.0": 0.08399810191924446,
        "3.0": 0.025771649522407104,
        "25.0": 0.010492437951244266,
        "11.0": 0.008184448765889236,
        "29.0": 0.02430989522502903,
        "51.0": 0.0024991846472737075,
        "62.0": 0.00081594381660508,
        "32.0": 0.07578858457580431,
        "6.0": 0.03456560105854915,
        "54.0": 0.017039638915561713,
        "14.0": 0.011641834931989403,
        "28.0": 0.006012232548099176,
        "58.0": 0.0023940294450746683,
        "10.0": 0.001899533321443028,
        "46.0": 0.012434498556504798,
        "24.0": 0.02438782798919096,
        "42.0": 0.01004046911143013,
        "52.0": 0.011167594318101328,
        "12.0": 0.008176451518688281,
        "26.0": 0.04319076959706202,
        "71.0": 0.0012488827908867849,
        "41.0": 0.00442746409157711,
        "15.0": 0.0120243841153543,
        "55.0": 0.01215489468477107,
        "33.0": 0.005554044536468503,
        "47.0": 0.0025221796894333223,
        "2.0": 0.00883977142731316,
        "65.0": 0.001248882790886785,
        "35.0": 0.009981508628045616,
        "9.0": 0.0026701709106955124,
        "53.0": 0.012154894684771073,
        "13.0": 0.009354213204658787,
        "27.0": 0.010386415083516435,
        "84.0": 0.00023002546694870653,
        "64.0": 0.0011409137274837535,
        "38.0": 0.0026038695214614304
    },
    "probability_distribution_items": [
        [
            40.0,
            0.07769315235018445
        ],
        [
            22.0,
            0.03405849038869849
        ],
        [
            8.0,
            0.01628335394670549
        ],
        [
            44.0,
            0.042389893980583786
        ],
        [
            4.0,
            0.043600760154237035
        ],
        [
            30.0,
            0.028736654668977422
        ],
        [
            56.0,
            0.0008981581844139282
        ],
        [
            49.0,
            0.04241835165167377
        ],
        [
            23.0,
            0.08648018932795969
        ],
        [
            1.0,
            0.016067950087750867
        ],
        [
            31.0,
            0.02193383068404163
        ],
        [
            45.0,
            0.011400417984898492
        ],
        [
            5.0,
            0.00970369943465622
        ],
        [
            17.0,
            0.008184448765889247
        ],
        [
            43.0,
            0.04879740529986524
        ],
        [
            21.0,
            0.08399810191924446
        ],
        [
            3.0,
            0.025771649522407104
        ],
        [
            25.0,
            0.010492437951244266
        ],
        [
            11.0,
            0.008184448765889236
        ],
        [
            29.0,
            0.02430989522502903
        ],
        [
            51.0,
            0.0024991846472737075
        ],
        [
            62.0,
            0.00081594381660508
        ],
        [
            32.0,
            0.07578858457580431
        ],
        [
            6.0,
            0.03456560105854915
        ],
        [
            54.0,
            0.017039638915561713
        ],
        [
            14.0,
            0.011641834931989403
        ],
        [
            28.0,
            0.006012232548099176
        ],
        [
            58.0,
            0.0023940294450746683
        ],
        [
            10.0,
            0.001899533321443028
        ],
        [
            46.0,
            0.012434498556504798
        ],
        [
            24.0,
            0.02438782798919096
        ],
        [
            42.0,
            0.01004046911143013
        ],
        [
            52.0,
            0.011167594318101328
        ],
        [
            12.0,
            0.008176451518688281
        ],
        [
            26.0,
            0.04319076959706202
        ],
        [
            71.0,
            0.0012488827908867849
        ],
        [
            41.0,
            0.00442746409157711
        ],
        [
            15.0,
            0.0120243841153543
        ],
        [
            55.0,
            0.01215489468477107
        ],
        [
            33.0,
            0.005554044536468503
        ],
        [
            47.0,
            0.0025221796894333223
        ],
        [
            2.0,
            0.00883977142731316
        ],
        [
            65.0,
            0.001248882790886785
        ],
        [
            35.0,
            0.009981508628045616
        ],
        [
            9.0,
            0.0026701709106955124
        ],
        [
            53.0,
            0.012154894684771073
        ],
        [
            13.0,
            0.009354213204658787
        ],
        [
            27.0,
            0.010386415083516435
        ],
        [
            84.0,
            0.00023002546694870653
        ],
        [
            64.0,
            0.0011409137274837535
        ],
        [
            38.0,
            0.0026038695214614304
        ]
    ],
    "approximation_ratio": 28.131821915314877,
    "approximation_ratio_offset": 0.6731105793335558,
    "noise": false,
    "p": 1
}