{
    "expected_value": 44.878,
    "optimal_gammas": [
        3.4394676386050813
    ],
    "optimal_betas": [
        0.32691117530969205
    ],
    "problem_identifier": "{'W': [1, 1], 'W_max': 2, 'A': 40, 'B': 4, 'C': 80}",
    "now": "2021-05-04 18:22:01",
    "execution_time": "0:12:00.213213",
    "nfev": 1515,
    "message": "Optimization terminated successfully.",
    "success": true,
    "nit": 48,
    "problem": {
        "W": [
            1,
            1
        ],
        "W_max": 2,
        "A": 40,
        "B": 4,
        "C": 80
    },
    "probability_distribution": {
        "40.0": 0.020200000000000003,
        "30.0": 0.0112,
        "81.0": 0.0249,
        "31.0": 0.05,
        "1.0": 0.0118,
        "71.0": 0.012900000000000002,
        "61.0": 0.0144,
        "21.0": 0.061900000000000004,
        "51.0": 0.042899999999999994,
        "11.0": 0.0247,
        "41.0": 0.020899999999999995,
        "91.0": 0.0013,
        "134.0": 0.0052,
        "64.0": 0.0516,
        "14.0": 0.065,
        "124.0": 0.0032,
        "94.0": 0.0169,
        "54.0": 0.0179,
        "44.0": 0.041,
        "104.0": 0.0025,
        "60.0": 0.0013,
        "122.0": 0.0006,
        "72.0": 0.007099999999999999,
        "42.0": 0.06910000000000001,
        "62.0": 0.0393,
        "22.0": 0.0384,
        "32.0": 0.019799999999999995,
        "20.0": 0.0007999999999999999,
        "92.0": 0.014700000000000001,
        "52.0": 0.0597,
        "12.0": 0.051699999999999996,
        "70.0": 0.0007999999999999999,
        "175.0": 0.0012,
        "105.0": 0.0046,
        "55.0": 0.0287,
        "125.0": 0.0029,
        "95.0": 0.010499999999999999,
        "45.0": 0.041100000000000005,
        "65.0": 0.0222,
        "2.0": 0.0052,
        "145.0": 0.0014,
        "75.0": 0.0117,
        "25.0": 0.0089,
        "115.0": 0.0027999999999999995,
        "85.0": 0.009600000000000001,
        "35.0": 0.028,
        "120.0": 0.0002,
        "228.0": 0.0001,
        "158.0": 0.001,
        "108.0": 0.0012000000000000001,
        "88.0": 0.0007,
        "78.0": 0.006,
        "128.0": 0.0014,
        "68.0": 0.0069
    },
    "probability_distribution_items": [
        [
            40.0,
            0.020200000000000003
        ],
        [
            30.0,
            0.0112
        ],
        [
            81.0,
            0.0249
        ],
        [
            31.0,
            0.05
        ],
        [
            1.0,
            0.0118
        ],
        [
            71.0,
            0.012900000000000002
        ],
        [
            61.0,
            0.0144
        ],
        [
            21.0,
            0.061900000000000004
        ],
        [
            51.0,
            0.042899999999999994
        ],
        [
            11.0,
            0.0247
        ],
        [
            41.0,
            0.020899999999999995
        ],
        [
            91.0,
            0.0013
        ],
        [
            134.0,
            0.0052
        ],
        [
            64.0,
            0.0516
        ],
        [
            14.0,
            0.065
        ],
        [
            124.0,
            0.0032
        ],
        [
            94.0,
            0.0169
        ],
        [
            54.0,
            0.0179
        ],
        [
            44.0,
            0.041
        ],
        [
            104.0,
            0.0025
        ],
        [
            60.0,
            0.0013
        ],
        [
            122.0,
            0.0006
        ],
        [
            72.0,
            0.007099999999999999
        ],
        [
            42.0,
            0.06910000000000001
        ],
        [
            62.0,
            0.0393
        ],
        [
            22.0,
            0.0384
        ],
        [
            32.0,
            0.019799999999999995
        ],
        [
            20.0,
            0.0007999999999999999
        ],
        [
            92.0,
            0.014700000000000001
        ],
        [
            52.0,
            0.0597
        ],
        [
            12.0,
            0.051699999999999996
        ],
        [
            70.0,
            0.0007999999999999999
        ],
        [
            175.0,
            0.0012
        ],
        [
            105.0,
            0.0046
        ],
        [
            55.0,
            0.0287
        ],
        [
            125.0,
            0.0029
        ],
        [
            95.0,
            0.010499999999999999
        ],
        [
            45.0,
            0.041100000000000005
        ],
        [
            65.0,
            0.0222
        ],
        [
            2.0,
            0.0052
        ],
        [
            145.0,
            0.0014
        ],
        [
            75.0,
            0.0117
        ],
        [
            25.0,
            0.0089
        ],
        [
            115.0,
            0.0027999999999999995
        ],
        [
            85.0,
            0.009600000000000001
        ],
        [
            35.0,
            0.028
        ],
        [
            120.0,
            0.0002
        ],
        [
            228.0,
            0.0001
        ],
        [
            158.0,
            0.001
        ],
        [
            108.0,
            0.0012000000000000001
        ],
        [
            88.0,
            0.0007
        ],
        [
            78.0,
            0.006
        ],
        [
            128.0,
            0.0014
        ],
        [
            68.0,
            0.0069
        ]
    ],
    "approximation_ratio": 0.8020105726872246,
    "noise": true,
    "p": 1
}