{
    "expected_value": 216.6094,
    "optimal_gammas": [
        3.17830272328798,
        4.160405521569845,
        1.7018787438455778,
        0.40282836384070775,
        4.210744773041526,
        4.332862357986007
    ],
    "optimal_betas": [
        0.4979983052724295,
        1.7565983782645282,
        0.5123967404389311,
        2.0379988477773567,
        1.6374341878215992,
        0.30513716049235207
    ],
    "problem_identifier": "{'W': [1, 1], 'W_max': 2, 'A': 40, 'B': 4, 'C': 720}",
    "now": "2021-05-04 17:50:51",
    "execution_time": "0:16:09.407034",
    "nfev": 646,
    "message": "Optimization terminated successfully.",
    "success": true,
    "nit": 1,
    "problem": {
        "W": [
            1,
            1
        ],
        "W_max": 2,
        "A": 40,
        "B": 4,
        "C": 720
    },
    "optimal_cost": 1.0,
    "probability_distribution": {
        "360.0": 0.0059,
        "190.0": 0.0178,
        "401.0": 0.0149,
        "191.0": 0.0338,
        "1.0": 0.0085,
        "231.0": 0.0325,
        "381.0": 0.0144,
        "21.0": 0.0167,
        "81.0": 0.0075,
        "371.0": 0.0271,
        "181.0": 0.0203,
        "11.0": 0.029599999999999998,
        "201.0": 0.0324,
        "51.0": 0.0093,
        "221.0": 0.0145,
        "411.0": 0.0057,
        "40.0": 0.007,
        "454.0": 0.0105,
        "224.0": 0.019100000000000002,
        "14.0": 0.008,
        "284.0": 0.0163,
        "414.0": 0.0228,
        "54.0": 0.017499999999999998,
        "204.0": 0.0164,
        "134.0": 0.0062,
        "264.0": 0.015099999999999999,
        "380.0": 0.0093,
        "442.0": 0.0035,
        "232.0": 0.0156,
        "42.0": 0.0062,
        "382.0": 0.0138,
        "22.0": 0.012799999999999999,
        "192.0": 0.047999999999999994,
        "362.0": 0.0127,
        "20.0": 0.007,
        "412.0": 0.0060999999999999995,
        "222.0": 0.0157,
        "52.0": 0.0074,
        "202.0": 0.0286,
        "372.0": 0.022799999999999997,
        "12.0": 0.023100000000000002,
        "182.0": 0.0136,
        "230.0": 0.015300000000000001,
        "495.0": 0.0074,
        "265.0": 0.0161,
        "55.0": 0.023099999999999996,
        "285.0": 0.0152,
        "415.0": 0.014300000000000002,
        "205.0": 0.0154,
        "95.0": 0.0066,
        "225.0": 0.0126,
        "375.0": 0.006,
        "2.0": 0.0106,
        "465.0": 0.0087,
        "235.0": 0.0313,
        "25.0": 0.0077,
        "275.0": 0.0162,
        "405.0": 0.0163,
        "45.0": 0.0161,
        "195.0": 0.015399999999999999,
        "105.0": 0.0063,
        "385.0": 0.006500000000000001,
        "440.0": 0.0029,
        "548.0": 0.0046,
        "318.0": 0.0128,
        "108.0": 0.0056,
        "448.0": 0.008,
        "88.0": 0.0071,
        "238.0": 0.0127,
        "388.0": 0.0032
    },
    "probability_distribution_items": [
        [
            360.0,
            0.0059
        ],
        [
            190.0,
            0.0178
        ],
        [
            401.0,
            0.0149
        ],
        [
            191.0,
            0.0338
        ],
        [
            1.0,
            0.0085
        ],
        [
            231.0,
            0.0325
        ],
        [
            381.0,
            0.0144
        ],
        [
            21.0,
            0.0167
        ],
        [
            81.0,
            0.0075
        ],
        [
            371.0,
            0.0271
        ],
        [
            181.0,
            0.0203
        ],
        [
            11.0,
            0.029599999999999998
        ],
        [
            201.0,
            0.0324
        ],
        [
            51.0,
            0.0093
        ],
        [
            221.0,
            0.0145
        ],
        [
            411.0,
            0.0057
        ],
        [
            40.0,
            0.007
        ],
        [
            454.0,
            0.0105
        ],
        [
            224.0,
            0.019100000000000002
        ],
        [
            14.0,
            0.008
        ],
        [
            284.0,
            0.0163
        ],
        [
            414.0,
            0.0228
        ],
        [
            54.0,
            0.017499999999999998
        ],
        [
            204.0,
            0.0164
        ],
        [
            134.0,
            0.0062
        ],
        [
            264.0,
            0.015099999999999999
        ],
        [
            380.0,
            0.0093
        ],
        [
            442.0,
            0.0035
        ],
        [
            232.0,
            0.0156
        ],
        [
            42.0,
            0.0062
        ],
        [
            382.0,
            0.0138
        ],
        [
            22.0,
            0.012799999999999999
        ],
        [
            192.0,
            0.047999999999999994
        ],
        [
            362.0,
            0.0127
        ],
        [
            20.0,
            0.007
        ],
        [
            412.0,
            0.0060999999999999995
        ],
        [
            222.0,
            0.0157
        ],
        [
            52.0,
            0.0074
        ],
        [
            202.0,
            0.0286
        ],
        [
            372.0,
            0.022799999999999997
        ],
        [
            12.0,
            0.023100000000000002
        ],
        [
            182.0,
            0.0136
        ],
        [
            230.0,
            0.015300000000000001
        ],
        [
            495.0,
            0.0074
        ],
        [
            265.0,
            0.0161
        ],
        [
            55.0,
            0.023099999999999996
        ],
        [
            285.0,
            0.0152
        ],
        [
            415.0,
            0.014300000000000002
        ],
        [
            205.0,
            0.0154
        ],
        [
            95.0,
            0.0066
        ],
        [
            225.0,
            0.0126
        ],
        [
            375.0,
            0.006
        ],
        [
            2.0,
            0.0106
        ],
        [
            465.0,
            0.0087
        ],
        [
            235.0,
            0.0313
        ],
        [
            25.0,
            0.0077
        ],
        [
            275.0,
            0.0162
        ],
        [
            405.0,
            0.0163
        ],
        [
            45.0,
            0.0161
        ],
        [
            195.0,
            0.015399999999999999
        ],
        [
            105.0,
            0.0063
        ],
        [
            385.0,
            0.006500000000000001
        ],
        [
            440.0,
            0.0029
        ],
        [
            548.0,
            0.0046
        ],
        [
            318.0,
            0.0128
        ],
        [
            108.0,
            0.0056
        ],
        [
            448.0,
            0.008
        ],
        [
            88.0,
            0.0071
        ],
        [
            238.0,
            0.0127
        ],
        [
            388.0,
            0.0032
        ]
    ],
    "approximation_ratio": 223.3134,
    "approximation_ratio_offset": 0.5935769652650823,
    "noise": true,
    "p": 6
}