{
    "expected_value": 178.5367,
    "optimal_gammas": [
        1.1423484383426195,
        3.2231955560166834,
        3.2602106061819423,
        1.6300960147835277,
        5.944383994002221,
        0.5412943263611898
    ],
    "optimal_betas": [
        1.976236375322427,
        0.5790739738848015,
        0.4318331057598914,
        1.131227083312678,
        1.5886460491919534,
        2.95874839842839
    ],
    "problem_identifier": "{'W': [1, 1], 'W_max': 2, 'A': 24, 'B': 4, 'C': 624}",
    "now": "2021-05-04 17:01:38",
    "execution_time": "0:17:02.578806",
    "nfev": 789,
    "message": "Optimization terminated successfully.",
    "success": true,
    "nit": 1,
    "problem": {
        "W": [
            1,
            1
        ],
        "W_max": 2,
        "A": 24,
        "B": 4,
        "C": 624
    },
    "probability_distribution": {
        "312.0": 0.0052,
        "162.0": 0.0238,
        "337.0": 0.0173,
        "163.0": 0.0352,
        "1.0": 0.0088,
        "187.0": 0.0322,
        "325.0": 0.0167,
        "13.0": 0.015300000000000001,
        "49.0": 0.0060999999999999995,
        "319.0": 0.0302,
        "157.0": 0.0216,
        "7.0": 0.030199999999999998,
        "169.0": 0.042899999999999994,
        "31.0": 0.0074,
        "181.0": 0.0127,
        "343.0": 0.0046,
        "24.0": 0.0074,
        "370.0": 0.0092,
        "184.0": 0.0173,
        "10.0": 0.0097,
        "220.0": 0.0146,
        "346.0": 0.0208,
        "34.0": 0.0155,
        "172.0": 0.0172,
        "82.0": 0.0053,
        "208.0": 0.0113,
        "324.0": 0.0115,
        "362.0": 0.0033,
        "188.0": 0.0157,
        "26.0": 0.0062,
        "326.0": 0.0163,
        "14.0": 0.0152,
        "164.0": 0.0494,
        "314.0": 0.0119,
        "12.0": 0.011,
        "344.0": 0.0098,
        "182.0": 0.0196,
        "32.0": 0.0072,
        "170.0": 0.0315,
        "320.0": 0.020200000000000003,
        "8.0": 0.0204,
        "158.0": 0.011999999999999999,
        "186.0": 0.0156,
        "395.0": 0.0076,
        "209.0": 0.0152,
        "35.0": 0.021,
        "221.0": 0.011099999999999999,
        "347.0": 0.013099999999999999,
        "173.0": 0.0114,
        "59.0": 0.0057,
        "185.0": 0.011300000000000001,
        "323.0": 0.004699999999999999,
        "2.0": 0.0088,
        "377.0": 0.009600000000000001,
        "191.0": 0.0318,
        "17.0": 0.0068,
        "215.0": 0.0143,
        "341.0": 0.015300000000000001,
        "29.0": 0.013500000000000002,
        "167.0": 0.0139,
        "65.0": 0.007299999999999999,
        "329.0": 0.0065,
        "360.0": 0.0027,
        "428.0": 0.0036,
        "242.0": 0.014299999999999998,
        "68.0": 0.0072,
        "368.0": 0.0075,
        "56.0": 0.0073,
        "194.0": 0.011,
        "332.0": 0.0022
    },
    "probability_distribution_items": [
        [
            312.0,
            0.0052
        ],
        [
            162.0,
            0.0238
        ],
        [
            337.0,
            0.0173
        ],
        [
            163.0,
            0.0352
        ],
        [
            1.0,
            0.0088
        ],
        [
            187.0,
            0.0322
        ],
        [
            325.0,
            0.0167
        ],
        [
            13.0,
            0.015300000000000001
        ],
        [
            49.0,
            0.0060999999999999995
        ],
        [
            319.0,
            0.0302
        ],
        [
            157.0,
            0.0216
        ],
        [
            7.0,
            0.030199999999999998
        ],
        [
            169.0,
            0.042899999999999994
        ],
        [
            31.0,
            0.0074
        ],
        [
            181.0,
            0.0127
        ],
        [
            343.0,
            0.0046
        ],
        [
            24.0,
            0.0074
        ],
        [
            370.0,
            0.0092
        ],
        [
            184.0,
            0.0173
        ],
        [
            10.0,
            0.0097
        ],
        [
            220.0,
            0.0146
        ],
        [
            346.0,
            0.0208
        ],
        [
            34.0,
            0.0155
        ],
        [
            172.0,
            0.0172
        ],
        [
            82.0,
            0.0053
        ],
        [
            208.0,
            0.0113
        ],
        [
            324.0,
            0.0115
        ],
        [
            362.0,
            0.0033
        ],
        [
            188.0,
            0.0157
        ],
        [
            26.0,
            0.0062
        ],
        [
            326.0,
            0.0163
        ],
        [
            14.0,
            0.0152
        ],
        [
            164.0,
            0.0494
        ],
        [
            314.0,
            0.0119
        ],
        [
            12.0,
            0.011
        ],
        [
            344.0,
            0.0098
        ],
        [
            182.0,
            0.0196
        ],
        [
            32.0,
            0.0072
        ],
        [
            170.0,
            0.0315
        ],
        [
            320.0,
            0.020200000000000003
        ],
        [
            8.0,
            0.0204
        ],
        [
            158.0,
            0.011999999999999999
        ],
        [
            186.0,
            0.0156
        ],
        [
            395.0,
            0.0076
        ],
        [
            209.0,
            0.0152
        ],
        [
            35.0,
            0.021
        ],
        [
            221.0,
            0.011099999999999999
        ],
        [
            347.0,
            0.013099999999999999
        ],
        [
            173.0,
            0.0114
        ],
        [
            59.0,
            0.0057
        ],
        [
            185.0,
            0.011300000000000001
        ],
        [
            323.0,
            0.004699999999999999
        ],
        [
            2.0,
            0.0088
        ],
        [
            377.0,
            0.009600000000000001
        ],
        [
            191.0,
            0.0318
        ],
        [
            17.0,
            0.0068
        ],
        [
            215.0,
            0.0143
        ],
        [
            341.0,
            0.015300000000000001
        ],
        [
            29.0,
            0.013500000000000002
        ],
        [
            167.0,
            0.0139
        ],
        [
            65.0,
            0.007299999999999999
        ],
        [
            329.0,
            0.0065
        ],
        [
            360.0,
            0.0027
        ],
        [
            428.0,
            0.0036
        ],
        [
            242.0,
            0.014299999999999998
        ],
        [
            68.0,
            0.0072
        ],
        [
            368.0,
            0.0075
        ],
        [
            56.0,
            0.0073
        ],
        [
            194.0,
            0.011
        ],
        [
            332.0,
            0.0022
        ]
    ],
    "approximation_ratio": 0.5736962529274005,
    "noise": true,
    "p": 6
}