{
    "expected_value": 217.9921,
    "optimal_gammas": [
        1.9832799482094954,
        2.0681049115238928,
        4.380068519713406,
        5.312704381599801,
        4.833557150957217,
        3.368501279309131,
        1.3789101535436472
    ],
    "optimal_betas": [
        0.02618014330355556,
        1.461452249174593,
        1.4339323846873062,
        1.870702872951599,
        2.685896424519103,
        1.3633637644505687,
        0.025784220563276783
    ],
    "problem_identifier": "{'W': [1, 1], 'W_max': 2, 'A': 40, 'B': 4, 'C': 720}",
    "now": "2021-05-04 17:11:19",
    "execution_time": "0:26:43.174253",
    "nfev": 915,
    "message": "Optimization terminated successfully.",
    "success": true,
    "nit": 1,
    "problem": {
        "W": [
            1,
            1
        ],
        "W_max": 2,
        "A": 40,
        "B": 4,
        "C": 720
    },
    "optimal_cost": 1.0,
    "probability_distribution": {
        "360.0": 0.0042,
        "190.0": 0.0156,
        "401.0": 0.0182,
        "191.0": 0.0351,
        "1.0": 0.006699999999999999,
        "231.0": 0.0323,
        "381.0": 0.0192,
        "21.0": 0.0173,
        "81.0": 0.0071,
        "371.0": 0.023900000000000005,
        "181.0": 0.0164,
        "11.0": 0.024199999999999996,
        "201.0": 0.0323,
        "51.0": 0.006,
        "221.0": 0.015300000000000001,
        "411.0": 0.0075,
        "40.0": 0.0069,
        "454.0": 0.0071,
        "224.0": 0.0157,
        "14.0": 0.0058,
        "284.0": 0.0173,
        "414.0": 0.0241,
        "54.0": 0.0149,
        "204.0": 0.0134,
        "134.0": 0.0069,
        "264.0": 0.0163,
        "380.0": 0.0103,
        "442.0": 0.0035,
        "232.0": 0.016499999999999997,
        "42.0": 0.0069,
        "382.0": 0.016300000000000002,
        "22.0": 0.0168,
        "192.0": 0.041499999999999995,
        "362.0": 0.0122,
        "20.0": 0.009899999999999999,
        "412.0": 0.0057,
        "222.0": 0.0149,
        "52.0": 0.0071,
        "202.0": 0.0274,
        "372.0": 0.021699999999999997,
        "12.0": 0.0238,
        "182.0": 0.013999999999999999,
        "230.0": 0.0183,
        "495.0": 0.0097,
        "265.0": 0.015300000000000001,
        "55.0": 0.022099999999999998,
        "285.0": 0.0168,
        "415.0": 0.0162,
        "205.0": 0.013999999999999999,
        "95.0": 0.0079,
        "225.0": 0.015,
        "375.0": 0.0071,
        "2.0": 0.0083,
        "465.0": 0.0074,
        "235.0": 0.029500000000000002,
        "25.0": 0.0075,
        "275.0": 0.0169,
        "405.0": 0.0191,
        "45.0": 0.0168,
        "195.0": 0.0149,
        "105.0": 0.007,
        "385.0": 0.0072,
        "440.0": 0.0037,
        "548.0": 0.0038,
        "318.0": 0.0159,
        "108.0": 0.006200000000000001,
        "448.0": 0.0089,
        "88.0": 0.008199999999999999,
        "238.0": 0.013999999999999999,
        "388.0": 0.0041
    },
    "probability_distribution_items": [
        [
            360.0,
            0.0042
        ],
        [
            190.0,
            0.0156
        ],
        [
            401.0,
            0.0182
        ],
        [
            191.0,
            0.0351
        ],
        [
            1.0,
            0.006699999999999999
        ],
        [
            231.0,
            0.0323
        ],
        [
            381.0,
            0.0192
        ],
        [
            21.0,
            0.0173
        ],
        [
            81.0,
            0.0071
        ],
        [
            371.0,
            0.023900000000000005
        ],
        [
            181.0,
            0.0164
        ],
        [
            11.0,
            0.024199999999999996
        ],
        [
            201.0,
            0.0323
        ],
        [
            51.0,
            0.006
        ],
        [
            221.0,
            0.015300000000000001
        ],
        [
            411.0,
            0.0075
        ],
        [
            40.0,
            0.0069
        ],
        [
            454.0,
            0.0071
        ],
        [
            224.0,
            0.0157
        ],
        [
            14.0,
            0.0058
        ],
        [
            284.0,
            0.0173
        ],
        [
            414.0,
            0.0241
        ],
        [
            54.0,
            0.0149
        ],
        [
            204.0,
            0.0134
        ],
        [
            134.0,
            0.0069
        ],
        [
            264.0,
            0.0163
        ],
        [
            380.0,
            0.0103
        ],
        [
            442.0,
            0.0035
        ],
        [
            232.0,
            0.016499999999999997
        ],
        [
            42.0,
            0.0069
        ],
        [
            382.0,
            0.016300000000000002
        ],
        [
            22.0,
            0.0168
        ],
        [
            192.0,
            0.041499999999999995
        ],
        [
            362.0,
            0.0122
        ],
        [
            20.0,
            0.009899999999999999
        ],
        [
            412.0,
            0.0057
        ],
        [
            222.0,
            0.0149
        ],
        [
            52.0,
            0.0071
        ],
        [
            202.0,
            0.0274
        ],
        [
            372.0,
            0.021699999999999997
        ],
        [
            12.0,
            0.0238
        ],
        [
            182.0,
            0.013999999999999999
        ],
        [
            230.0,
            0.0183
        ],
        [
            495.0,
            0.0097
        ],
        [
            265.0,
            0.015300000000000001
        ],
        [
            55.0,
            0.022099999999999998
        ],
        [
            285.0,
            0.0168
        ],
        [
            415.0,
            0.0162
        ],
        [
            205.0,
            0.013999999999999999
        ],
        [
            95.0,
            0.0079
        ],
        [
            225.0,
            0.015
        ],
        [
            375.0,
            0.0071
        ],
        [
            2.0,
            0.0083
        ],
        [
            465.0,
            0.0074
        ],
        [
            235.0,
            0.029500000000000002
        ],
        [
            25.0,
            0.0075
        ],
        [
            275.0,
            0.0169
        ],
        [
            405.0,
            0.0191
        ],
        [
            45.0,
            0.0168
        ],
        [
            195.0,
            0.0149
        ],
        [
            105.0,
            0.007
        ],
        [
            385.0,
            0.0072
        ],
        [
            440.0,
            0.0037
        ],
        [
            548.0,
            0.0038
        ],
        [
            318.0,
            0.0159
        ],
        [
            108.0,
            0.006200000000000001
        ],
        [
            448.0,
            0.0089
        ],
        [
            88.0,
            0.008199999999999999
        ],
        [
            238.0,
            0.013999999999999999
        ],
        [
            388.0,
            0.0041
        ]
    ],
    "approximation_ratio": 221.4002,
    "approximation_ratio_offset": 0.5970745886654478,
    "noise": true,
    "p": 7
}