{
    "expected_value": 45.9009,
    "optimal_gammas": [
        1.3684960973361475,
        2.4753968882961064,
        6.273686994824499,
        1.3515202535428665,
        5.674545850721526,
        0.8257236054634411
    ],
    "optimal_betas": [
        1.1685371677806937,
        2.4835556023564376,
        0.836067904480895,
        2.560447328092394,
        1.244542827820868,
        0.3628629480929617
    ],
    "problem_identifier": "{'W': [1, 1], 'W_max': 2, 'A': 8, 'B': 4, 'C': 144}",
    "now": "2021-05-04 18:57:47",
    "execution_time": "0:17:07.351727",
    "nfev": 698,
    "message": "Optimization terminated successfully.",
    "success": true,
    "nit": 1,
    "problem": {
        "W": [
            1,
            1
        ],
        "W_max": 2,
        "A": 8,
        "B": 4,
        "C": 144
    },
    "optimal_cost": 1.0,
    "probability_distribution": {
        "72.0": 0.0045,
        "38.0": 0.0376,
        "81.0": 0.0206,
        "39.0": 0.029400000000000003,
        "1.0": 0.007300000000000001,
        "47.0": 0.0319,
        "77.0": 0.0166,
        "5.0": 0.017300000000000003,
        "17.0": 0.0073,
        "75.0": 0.0282,
        "37.0": 0.017300000000000003,
        "3.0": 0.0257,
        "41.0": 0.0365,
        "11.0": 0.0072,
        "45.0": 0.0322,
        "83.0": 0.0057,
        "8.0": 0.0066,
        "94.0": 0.0079,
        "48.0": 0.027999999999999997,
        "6.0": 0.027000000000000003,
        "60.0": 0.015499999999999998,
        "86.0": 0.0227,
        "14.0": 0.0173,
        "44.0": 0.019,
        "30.0": 0.0064,
        "56.0": 0.012,
        "76.0": 0.0315,
        "90.0": 0.0037,
        "10.0": 0.0077,
        "78.0": 0.0155,
        "40.0": 0.0468,
        "74.0": 0.0116,
        "4.0": 0.0329,
        "84.0": 0.0132,
        "46.0": 0.032600000000000004,
        "12.0": 0.008199999999999999,
        "42.0": 0.031299999999999994,
        "103.0": 0.0065,
        "57.0": 0.0142,
        "15.0": 0.0217,
        "61.0": 0.0139,
        "87.0": 0.0137,
        "23.0": 0.007600000000000001,
        "49.0": 0.015100000000000002,
        "79.0": 0.0072,
        "2.0": 0.0075,
        "97.0": 0.0077,
        "51.0": 0.028399999999999998,
        "9.0": 0.009399999999999999,
        "59.0": 0.0158,
        "85.0": 0.014400000000000001,
        "13.0": 0.014499999999999999,
        "43.0": 0.018000000000000002,
        "25.0": 0.0072,
        "88.0": 0.0035,
        "116.0": 0.0042,
        "70.0": 0.0132,
        "28.0": 0.0074,
        "96.0": 0.0066,
        "24.0": 0.007300000000000001,
        "54.0": 0.0123
    },
    "probability_distribution_items": [
        [
            72.0,
            0.0045
        ],
        [
            38.0,
            0.0376
        ],
        [
            81.0,
            0.0206
        ],
        [
            39.0,
            0.029400000000000003
        ],
        [
            1.0,
            0.007300000000000001
        ],
        [
            47.0,
            0.0319
        ],
        [
            77.0,
            0.0166
        ],
        [
            5.0,
            0.017300000000000003
        ],
        [
            17.0,
            0.0073
        ],
        [
            75.0,
            0.0282
        ],
        [
            37.0,
            0.017300000000000003
        ],
        [
            3.0,
            0.0257
        ],
        [
            41.0,
            0.0365
        ],
        [
            11.0,
            0.0072
        ],
        [
            45.0,
            0.0322
        ],
        [
            83.0,
            0.0057
        ],
        [
            8.0,
            0.0066
        ],
        [
            94.0,
            0.0079
        ],
        [
            48.0,
            0.027999999999999997
        ],
        [
            6.0,
            0.027000000000000003
        ],
        [
            60.0,
            0.015499999999999998
        ],
        [
            86.0,
            0.0227
        ],
        [
            14.0,
            0.0173
        ],
        [
            44.0,
            0.019
        ],
        [
            30.0,
            0.0064
        ],
        [
            56.0,
            0.012
        ],
        [
            76.0,
            0.0315
        ],
        [
            90.0,
            0.0037
        ],
        [
            10.0,
            0.0077
        ],
        [
            78.0,
            0.0155
        ],
        [
            40.0,
            0.0468
        ],
        [
            74.0,
            0.0116
        ],
        [
            4.0,
            0.0329
        ],
        [
            84.0,
            0.0132
        ],
        [
            46.0,
            0.032600000000000004
        ],
        [
            12.0,
            0.008199999999999999
        ],
        [
            42.0,
            0.031299999999999994
        ],
        [
            103.0,
            0.0065
        ],
        [
            57.0,
            0.0142
        ],
        [
            15.0,
            0.0217
        ],
        [
            61.0,
            0.0139
        ],
        [
            87.0,
            0.0137
        ],
        [
            23.0,
            0.007600000000000001
        ],
        [
            49.0,
            0.015100000000000002
        ],
        [
            79.0,
            0.0072
        ],
        [
            2.0,
            0.0075
        ],
        [
            97.0,
            0.0077
        ],
        [
            51.0,
            0.028399999999999998
        ],
        [
            9.0,
            0.009399999999999999
        ],
        [
            59.0,
            0.0158
        ],
        [
            85.0,
            0.014400000000000001
        ],
        [
            13.0,
            0.014499999999999999
        ],
        [
            43.0,
            0.018000000000000002
        ],
        [
            25.0,
            0.0072
        ],
        [
            88.0,
            0.0035
        ],
        [
            116.0,
            0.0042
        ],
        [
            70.0,
            0.0132
        ],
        [
            28.0,
            0.0074
        ],
        [
            96.0,
            0.0066
        ],
        [
            24.0,
            0.007300000000000001
        ],
        [
            54.0,
            0.0123
        ]
    ],
    "approximation_ratio": 46.3743,
    "approximation_ratio_offset": 0.6054408695652174,
    "noise": true,
    "p": 6
}