{
    "expected_value": 328.0208,
    "optimal_gammas": [
        0.43730110362443986,
        1.0280250930121007
    ],
    "optimal_betas": [
        2.2340045910537065,
        0.4455179647533849
    ],
    "problem_identifier": "{'W': [1, 1], 'W_max': 2, 'A': 56, 'B': 4, 'C': 1456}",
    "now": "2021-05-05 07:21:22",
    "execution_time": "3:35:22.623436",
    "nfev": 12765,
    "message": "Optimization terminated successfully.",
    "success": true,
    "nit": 210,
    "problem": {
        "W": [
            1,
            1
        ],
        "W_max": 2,
        "A": 56,
        "B": 4,
        "C": 1456
    },
    "probability_distribution": {
        "728.0": 0.0059,
        "378.0": 0.016399999999999998,
        "785.0": 0.0177,
        "379.0": 0.052,
        "1.0": 0.0284,
        "435.0": 0.0163,
        "757.0": 0.0117,
        "29.0": 0.008,
        "113.0": 0.0039,
        "743.0": 0.0237,
        "365.0": 0.0402,
        "15.0": 0.0404,
        "393.0": 0.0206,
        "71.0": 0.0027,
        "421.0": 0.0052,
        "799.0": 0.0031,
        "56.0": 0.009999999999999998,
        "858.0": 0.0075,
        "424.0": 0.028200000000000003,
        "18.0": 0.0749,
        "508.0": 0.0039,
        "802.0": 0.012799999999999999,
        "74.0": 0.0086,
        "396.0": 0.026899999999999997,
        "186.0": 0.0018,
        "480.0": 0.0028,
        "756.0": 0.0032,
        "842.0": 0.0045,
        "436.0": 0.019200000000000002,
        "58.0": 0.0114,
        "758.0": 0.014599999999999998,
        "30.0": 0.0201,
        "380.0": 0.0468,
        "730.0": 0.0131,
        "28.0": 0.002,
        "800.0": 0.008799999999999999,
        "422.0": 0.017499999999999998,
        "72.0": 0.0154,
        "394.0": 0.029199999999999997,
        "744.0": 0.0204,
        "16.0": 0.0219,
        "366.0": 0.013600000000000001,
        "434.0": 0.0039000000000000003,
        "915.0": 0.0018,
        "481.0": 0.0095,
        "75.0": 0.0306,
        "509.0": 0.0047,
        "803.0": 0.0081,
        "397.0": 0.0283,
        "131.0": 0.0039,
        "425.0": 0.0075,
        "747.0": 0.0098,
        "2.0": 0.0078,
        "873.0": 0.0024999999999999996,
        "439.0": 0.0178,
        "33.0": 0.0254,
        "495.0": 0.005899999999999999,
        "789.0": 0.007499999999999999,
        "61.0": 0.0083,
        "383.0": 0.034,
        "145.0": 0.004200000000000001,
        "761.0": 0.0109,
        "840.0": 0.001,
        "988.0": 0.0006,
        "554.0": 0.0031,
        "148.0": 0.007599999999999999,
        "848.0": 0.0018,
        "120.0": 0.0024,
        "442.0": 0.0126,
        "764.0": 0.0032
    },
    "probability_distribution_items": [
        [
            728.0,
            0.0059
        ],
        [
            378.0,
            0.016399999999999998
        ],
        [
            785.0,
            0.0177
        ],
        [
            379.0,
            0.052
        ],
        [
            1.0,
            0.0284
        ],
        [
            435.0,
            0.0163
        ],
        [
            757.0,
            0.0117
        ],
        [
            29.0,
            0.008
        ],
        [
            113.0,
            0.0039
        ],
        [
            743.0,
            0.0237
        ],
        [
            365.0,
            0.0402
        ],
        [
            15.0,
            0.0404
        ],
        [
            393.0,
            0.0206
        ],
        [
            71.0,
            0.0027
        ],
        [
            421.0,
            0.0052
        ],
        [
            799.0,
            0.0031
        ],
        [
            56.0,
            0.009999999999999998
        ],
        [
            858.0,
            0.0075
        ],
        [
            424.0,
            0.028200000000000003
        ],
        [
            18.0,
            0.0749
        ],
        [
            508.0,
            0.0039
        ],
        [
            802.0,
            0.012799999999999999
        ],
        [
            74.0,
            0.0086
        ],
        [
            396.0,
            0.026899999999999997
        ],
        [
            186.0,
            0.0018
        ],
        [
            480.0,
            0.0028
        ],
        [
            756.0,
            0.0032
        ],
        [
            842.0,
            0.0045
        ],
        [
            436.0,
            0.019200000000000002
        ],
        [
            58.0,
            0.0114
        ],
        [
            758.0,
            0.014599999999999998
        ],
        [
            30.0,
            0.0201
        ],
        [
            380.0,
            0.0468
        ],
        [
            730.0,
            0.0131
        ],
        [
            28.0,
            0.002
        ],
        [
            800.0,
            0.008799999999999999
        ],
        [
            422.0,
            0.017499999999999998
        ],
        [
            72.0,
            0.0154
        ],
        [
            394.0,
            0.029199999999999997
        ],
        [
            744.0,
            0.0204
        ],
        [
            16.0,
            0.0219
        ],
        [
            366.0,
            0.013600000000000001
        ],
        [
            434.0,
            0.0039000000000000003
        ],
        [
            915.0,
            0.0018
        ],
        [
            481.0,
            0.0095
        ],
        [
            75.0,
            0.0306
        ],
        [
            509.0,
            0.0047
        ],
        [
            803.0,
            0.0081
        ],
        [
            397.0,
            0.0283
        ],
        [
            131.0,
            0.0039
        ],
        [
            425.0,
            0.0075
        ],
        [
            747.0,
            0.0098
        ],
        [
            2.0,
            0.0078
        ],
        [
            873.0,
            0.0024999999999999996
        ],
        [
            439.0,
            0.0178
        ],
        [
            33.0,
            0.0254
        ],
        [
            495.0,
            0.005899999999999999
        ],
        [
            789.0,
            0.007499999999999999
        ],
        [
            61.0,
            0.0083
        ],
        [
            383.0,
            0.034
        ],
        [
            145.0,
            0.004200000000000001
        ],
        [
            761.0,
            0.0109
        ],
        [
            840.0,
            0.001
        ],
        [
            988.0,
            0.0006
        ],
        [
            554.0,
            0.0031
        ],
        [
            148.0,
            0.007599999999999999
        ],
        [
            848.0,
            0.0018
        ],
        [
            120.0,
            0.0024
        ],
        [
            442.0,
            0.0126
        ],
        [
            764.0,
            0.0032
        ]
    ],
    "approximation_ratio": 0.6495550151975683,
    "noise": true,
    "p": 2
}