{
    "expected_value": 61.793,
    "optimal_gammas": [
        0.2131426638484002
    ],
    "optimal_betas": [
        0.3367238398878789
    ],
    "problem_identifier": "{'W': [1, 1], 'W_max': 2, 'A': 56, 'B': 4, 'C': 112}",
    "now": "2021-05-04 19:29:55",
    "execution_time": "0:16:10.978937",
    "nfev": 1713,
    "message": "Optimization terminated successfully.",
    "success": true,
    "nit": 54,
    "problem": {
        "W": [
            1,
            1
        ],
        "W_max": 2,
        "A": 56,
        "B": 4,
        "C": 112
    },
    "optimal_cost": 1.0,
    "probability_distribution": {
        "56.0": 0.0163,
        "42.0": 0.0142,
        "113.0": 0.0195,
        "43.0": 0.0465,
        "1.0": 0.0081,
        "99.0": 0.012999999999999998,
        "85.0": 0.015500000000000002,
        "29.0": 0.0642,
        "71.0": 0.0426,
        "15.0": 0.023500000000000004,
        "57.0": 0.021,
        "127.0": 0.0010999999999999998,
        "186.0": 0.0042,
        "88.0": 0.0505,
        "18.0": 0.0556,
        "172.0": 0.0034,
        "130.0": 0.018799999999999997,
        "74.0": 0.026000000000000002,
        "60.0": 0.0424,
        "144.0": 0.003,
        "84.0": 0.0032,
        "170.0": 0.0008,
        "100.0": 0.006699999999999999,
        "58.0": 0.0669,
        "86.0": 0.04229999999999999,
        "30.0": 0.0334,
        "44.0": 0.0201,
        "28.0": 0.0010999999999999998,
        "128.0": 0.0144,
        "72.0": 0.0636,
        "16.0": 0.0571,
        "98.0": 0.0007999999999999999,
        "243.0": 0.0010999999999999998,
        "145.0": 0.0052,
        "75.0": 0.028399999999999998,
        "173.0": 0.0025,
        "131.0": 0.0155,
        "61.0": 0.04190000000000001,
        "89.0": 0.0201,
        "2.0": 0.0063,
        "201.0": 0.0013,
        "103.0": 0.013000000000000001,
        "33.0": 0.0054,
        "159.0": 0.0019,
        "117.0": 0.0109,
        "47.0": 0.028300000000000002,
        "168.0": 0.0001,
        "218.0": 0.0015,
        "148.0": 0.0015999999999999999,
        "176.0": 0.0014,
        "120.0": 0.0006,
        "106.0": 0.007300000000000001,
        "92.0": 0.0059
    },
    "probability_distribution_items": [
        [
            56.0,
            0.0163
        ],
        [
            42.0,
            0.0142
        ],
        [
            113.0,
            0.0195
        ],
        [
            43.0,
            0.0465
        ],
        [
            1.0,
            0.0081
        ],
        [
            99.0,
            0.012999999999999998
        ],
        [
            85.0,
            0.015500000000000002
        ],
        [
            29.0,
            0.0642
        ],
        [
            71.0,
            0.0426
        ],
        [
            15.0,
            0.023500000000000004
        ],
        [
            57.0,
            0.021
        ],
        [
            127.0,
            0.0010999999999999998
        ],
        [
            186.0,
            0.0042
        ],
        [
            88.0,
            0.0505
        ],
        [
            18.0,
            0.0556
        ],
        [
            172.0,
            0.0034
        ],
        [
            130.0,
            0.018799999999999997
        ],
        [
            74.0,
            0.026000000000000002
        ],
        [
            60.0,
            0.0424
        ],
        [
            144.0,
            0.003
        ],
        [
            84.0,
            0.0032
        ],
        [
            170.0,
            0.0008
        ],
        [
            100.0,
            0.006699999999999999
        ],
        [
            58.0,
            0.0669
        ],
        [
            86.0,
            0.04229999999999999
        ],
        [
            30.0,
            0.0334
        ],
        [
            44.0,
            0.0201
        ],
        [
            28.0,
            0.0010999999999999998
        ],
        [
            128.0,
            0.0144
        ],
        [
            72.0,
            0.0636
        ],
        [
            16.0,
            0.0571
        ],
        [
            98.0,
            0.0007999999999999999
        ],
        [
            243.0,
            0.0010999999999999998
        ],
        [
            145.0,
            0.0052
        ],
        [
            75.0,
            0.028399999999999998
        ],
        [
            173.0,
            0.0025
        ],
        [
            131.0,
            0.0155
        ],
        [
            61.0,
            0.04190000000000001
        ],
        [
            89.0,
            0.0201
        ],
        [
            2.0,
            0.0063
        ],
        [
            201.0,
            0.0013
        ],
        [
            103.0,
            0.013000000000000001
        ],
        [
            33.0,
            0.0054
        ],
        [
            159.0,
            0.0019
        ],
        [
            117.0,
            0.0109
        ],
        [
            47.0,
            0.028300000000000002
        ],
        [
            168.0,
            0.0001
        ],
        [
            218.0,
            0.0015
        ],
        [
            148.0,
            0.0015999999999999999
        ],
        [
            176.0,
            0.0014
        ],
        [
            120.0,
            0.0006
        ],
        [
            106.0,
            0.007300000000000001
        ],
        [
            92.0,
            0.0059
        ]
    ],
    "approximation_ratio": 63.2558,
    "approximation_ratio_offset": 0.7427446280991736,
    "noise": true,
    "p": 1
}