{
    "expected_value": 131.3512,
    "optimal_gammas": [
        1.9861028782979897,
        5.5452163306051725,
        2.247009693466069,
        0.2764919205887342,
        0.8710626508774792,
        4.8813110243446935
    ],
    "optimal_betas": [
        1.7963923155619343,
        2.470020750905384,
        1.8170473691686617,
        0.037397921052153116,
        1.646057684925014,
        1.9242989155408263
    ],
    "problem_identifier": "{'W': [1, 1], 'W_max': 2, 'A': 24, 'B': 4, 'C': 432}",
    "now": "2021-05-04 17:58:57",
    "execution_time": "0:15:25.770747",
    "nfev": 685,
    "message": "Optimization terminated successfully.",
    "success": true,
    "nit": 1,
    "problem": {
        "W": [
            1,
            1
        ],
        "W_max": 2,
        "A": 24,
        "B": 4,
        "C": 432
    },
    "probability_distribution": {
        "216.0": 0.0042,
        "114.0": 0.0164,
        "241.0": 0.0145,
        "115.0": 0.0319,
        "1.0": 0.0062,
        "139.0": 0.029900000000000006,
        "229.0": 0.0162,
        "13.0": 0.0167,
        "49.0": 0.008400000000000001,
        "223.0": 0.0221,
        "109.0": 0.013400000000000002,
        "7.0": 0.0233,
        "121.0": 0.032,
        "31.0": 0.008199999999999999,
        "133.0": 0.0158,
        "247.0": 0.0054,
        "24.0": 0.0072,
        "274.0": 0.0063,
        "136.0": 0.016,
        "10.0": 0.0072,
        "172.0": 0.0168,
        "250.0": 0.0252,
        "34.0": 0.0187,
        "124.0": 0.0169,
        "82.0": 0.0069,
        "160.0": 0.017,
        "228.0": 0.008799999999999999,
        "266.0": 0.0042,
        "140.0": 0.018,
        "26.0": 0.0069,
        "230.0": 0.013900000000000001,
        "14.0": 0.0154,
        "116.0": 0.041999999999999996,
        "218.0": 0.011699999999999999,
        "12.0": 0.009,
        "248.0": 0.0082,
        "134.0": 0.014799999999999999,
        "32.0": 0.0068000000000000005,
        "122.0": 0.0316,
        "224.0": 0.0216,
        "8.0": 0.0271,
        "110.0": 0.0163,
        "138.0": 0.0138,
        "299.0": 0.0070999999999999995,
        "161.0": 0.018500000000000003,
        "35.0": 0.0266,
        "173.0": 0.0194,
        "251.0": 0.0185,
        "125.0": 0.015,
        "59.0": 0.0089,
        "137.0": 0.015799999999999998,
        "227.0": 0.006,
        "2.0": 0.0083,
        "281.0": 0.006,
        "143.0": 0.031,
        "17.0": 0.0072,
        "167.0": 0.011,
        "245.0": 0.0182,
        "29.0": 0.0193,
        "119.0": 0.013000000000000001,
        "65.0": 0.0053,
        "233.0": 0.0060999999999999995,
        "264.0": 0.003,
        "332.0": 0.0036,
        "194.0": 0.013600000000000001,
        "68.0": 0.006999999999999999,
        "272.0": 0.0102,
        "56.0": 0.0092,
        "146.0": 0.0156,
        "236.0": 0.0037
    },
    "probability_distribution_items": [
        [
            216.0,
            0.0042
        ],
        [
            114.0,
            0.0164
        ],
        [
            241.0,
            0.0145
        ],
        [
            115.0,
            0.0319
        ],
        [
            1.0,
            0.0062
        ],
        [
            139.0,
            0.029900000000000006
        ],
        [
            229.0,
            0.0162
        ],
        [
            13.0,
            0.0167
        ],
        [
            49.0,
            0.008400000000000001
        ],
        [
            223.0,
            0.0221
        ],
        [
            109.0,
            0.013400000000000002
        ],
        [
            7.0,
            0.0233
        ],
        [
            121.0,
            0.032
        ],
        [
            31.0,
            0.008199999999999999
        ],
        [
            133.0,
            0.0158
        ],
        [
            247.0,
            0.0054
        ],
        [
            24.0,
            0.0072
        ],
        [
            274.0,
            0.0063
        ],
        [
            136.0,
            0.016
        ],
        [
            10.0,
            0.0072
        ],
        [
            172.0,
            0.0168
        ],
        [
            250.0,
            0.0252
        ],
        [
            34.0,
            0.0187
        ],
        [
            124.0,
            0.0169
        ],
        [
            82.0,
            0.0069
        ],
        [
            160.0,
            0.017
        ],
        [
            228.0,
            0.008799999999999999
        ],
        [
            266.0,
            0.0042
        ],
        [
            140.0,
            0.018
        ],
        [
            26.0,
            0.0069
        ],
        [
            230.0,
            0.013900000000000001
        ],
        [
            14.0,
            0.0154
        ],
        [
            116.0,
            0.041999999999999996
        ],
        [
            218.0,
            0.011699999999999999
        ],
        [
            12.0,
            0.009
        ],
        [
            248.0,
            0.0082
        ],
        [
            134.0,
            0.014799999999999999
        ],
        [
            32.0,
            0.0068000000000000005
        ],
        [
            122.0,
            0.0316
        ],
        [
            224.0,
            0.0216
        ],
        [
            8.0,
            0.0271
        ],
        [
            110.0,
            0.0163
        ],
        [
            138.0,
            0.0138
        ],
        [
            299.0,
            0.0070999999999999995
        ],
        [
            161.0,
            0.018500000000000003
        ],
        [
            35.0,
            0.0266
        ],
        [
            173.0,
            0.0194
        ],
        [
            251.0,
            0.0185
        ],
        [
            125.0,
            0.015
        ],
        [
            59.0,
            0.0089
        ],
        [
            137.0,
            0.015799999999999998
        ],
        [
            227.0,
            0.006
        ],
        [
            2.0,
            0.0083
        ],
        [
            281.0,
            0.006
        ],
        [
            143.0,
            0.031
        ],
        [
            17.0,
            0.0072
        ],
        [
            167.0,
            0.011
        ],
        [
            245.0,
            0.0182
        ],
        [
            29.0,
            0.0193
        ],
        [
            119.0,
            0.013000000000000001
        ],
        [
            65.0,
            0.0053
        ],
        [
            233.0,
            0.0060999999999999995
        ],
        [
            264.0,
            0.003
        ],
        [
            332.0,
            0.0036
        ],
        [
            194.0,
            0.013600000000000001
        ],
        [
            68.0,
            0.006999999999999999
        ],
        [
            272.0,
            0.0102
        ],
        [
            56.0,
            0.0092
        ],
        [
            146.0,
            0.0156
        ],
        [
            236.0,
            0.0037
        ]
    ],
    "approximation_ratio": 0.598654078549849,
    "noise": true,
    "p": 6
}