{
    "expected_value": 44.9225,
    "optimal_gammas": [
        0.29758942917230025
    ],
    "optimal_betas": [
        0.3401806465652695
    ],
    "problem_identifier": "{'W': [1, 1], 'W_max': 2, 'A': 40, 'B': 4, 'C': 80}",
    "now": "2021-05-04 18:36:00",
    "execution_time": "0:13:58.573562",
    "nfev": 1704,
    "message": "Optimization terminated successfully.",
    "success": true,
    "nit": 54,
    "problem": {
        "W": [
            1,
            1
        ],
        "W_max": 2,
        "A": 40,
        "B": 4,
        "C": 80
    },
    "optimal_cost": 1.0,
    "probability_distribution": {
        "40.0": 0.018500000000000003,
        "30.0": 0.0112,
        "81.0": 0.024000000000000004,
        "31.0": 0.04619999999999999,
        "1.0": 0.0086,
        "71.0": 0.0139,
        "61.0": 0.0137,
        "21.0": 0.0619,
        "51.0": 0.044500000000000005,
        "11.0": 0.0234,
        "41.0": 0.0209,
        "91.0": 0.0009,
        "134.0": 0.0064,
        "64.0": 0.0505,
        "14.0": 0.06659999999999999,
        "124.0": 0.0024000000000000002,
        "94.0": 0.0174,
        "54.0": 0.0193,
        "44.0": 0.038799999999999994,
        "104.0": 0.0033,
        "60.0": 0.0023,
        "122.0": 0.0006,
        "72.0": 0.0055,
        "42.0": 0.0662,
        "62.0": 0.0412,
        "22.0": 0.0417,
        "32.0": 0.020800000000000003,
        "20.0": 0.0011,
        "92.0": 0.015,
        "52.0": 0.0631,
        "12.0": 0.053500000000000006,
        "70.0": 0.0018000000000000002,
        "175.0": 0.0007,
        "105.0": 0.006,
        "55.0": 0.0288,
        "125.0": 0.0025,
        "95.0": 0.0097,
        "45.0": 0.040999999999999995,
        "65.0": 0.022099999999999998,
        "2.0": 0.0057,
        "145.0": 0.0018,
        "75.0": 0.010799999999999999,
        "25.0": 0.0072,
        "115.0": 0.0029000000000000002,
        "85.0": 0.0071,
        "35.0": 0.0323,
        "228.0": 0.0001,
        "158.0": 0.0013,
        "108.0": 0.0014,
        "128.0": 0.0015999999999999999,
        "88.0": 0.0009,
        "78.0": 0.006,
        "68.0": 0.0049
    },
    "probability_distribution_items": [
        [
            40.0,
            0.018500000000000003
        ],
        [
            30.0,
            0.0112
        ],
        [
            81.0,
            0.024000000000000004
        ],
        [
            31.0,
            0.04619999999999999
        ],
        [
            1.0,
            0.0086
        ],
        [
            71.0,
            0.0139
        ],
        [
            61.0,
            0.0137
        ],
        [
            21.0,
            0.0619
        ],
        [
            51.0,
            0.044500000000000005
        ],
        [
            11.0,
            0.0234
        ],
        [
            41.0,
            0.0209
        ],
        [
            91.0,
            0.0009
        ],
        [
            134.0,
            0.0064
        ],
        [
            64.0,
            0.0505
        ],
        [
            14.0,
            0.06659999999999999
        ],
        [
            124.0,
            0.0024000000000000002
        ],
        [
            94.0,
            0.0174
        ],
        [
            54.0,
            0.0193
        ],
        [
            44.0,
            0.038799999999999994
        ],
        [
            104.0,
            0.0033
        ],
        [
            60.0,
            0.0023
        ],
        [
            122.0,
            0.0006
        ],
        [
            72.0,
            0.0055
        ],
        [
            42.0,
            0.0662
        ],
        [
            62.0,
            0.0412
        ],
        [
            22.0,
            0.0417
        ],
        [
            32.0,
            0.020800000000000003
        ],
        [
            20.0,
            0.0011
        ],
        [
            92.0,
            0.015
        ],
        [
            52.0,
            0.0631
        ],
        [
            12.0,
            0.053500000000000006
        ],
        [
            70.0,
            0.0018000000000000002
        ],
        [
            175.0,
            0.0007
        ],
        [
            105.0,
            0.006
        ],
        [
            55.0,
            0.0288
        ],
        [
            125.0,
            0.0025
        ],
        [
            95.0,
            0.0097
        ],
        [
            45.0,
            0.040999999999999995
        ],
        [
            65.0,
            0.022099999999999998
        ],
        [
            2.0,
            0.0057
        ],
        [
            145.0,
            0.0018
        ],
        [
            75.0,
            0.010799999999999999
        ],
        [
            25.0,
            0.0072
        ],
        [
            115.0,
            0.0029000000000000002
        ],
        [
            85.0,
            0.0071
        ],
        [
            35.0,
            0.0323
        ],
        [
            228.0,
            0.0001
        ],
        [
            158.0,
            0.0013
        ],
        [
            108.0,
            0.0014
        ],
        [
            128.0,
            0.0015999999999999999
        ],
        [
            88.0,
            0.0009
        ],
        [
            78.0,
            0.006
        ],
        [
            68.0,
            0.0049
        ]
    ],
    "approximation_ratio": 45.6365,
    "approximation_ratio_offset": 0.8033634361233479,
    "noise": true,
    "p": 1
}