{
    "expected_value": 128.5697,
    "optimal_gammas": [
        2.885748765758246,
        3.6347291970145017,
        1.9328191856219168,
        5.874685726939043,
        5.75947933814786
    ],
    "optimal_betas": [
        2.6870989004677557,
        3.0640346405953256,
        2.5302716337008,
        0.42776252141723337,
        0.060666176201690236
    ],
    "problem_identifier": "{'W': [1, 1], 'W_max': 2, 'A': 24, 'B': 4, 'C': 432}",
    "now": "2021-05-04 18:33:06",
    "execution_time": "0:18:09.764114",
    "nfev": 941,
    "message": "Optimization terminated successfully.",
    "success": true,
    "nit": 3,
    "problem": {
        "W": [
            1,
            1
        ],
        "W_max": 2,
        "A": 24,
        "B": 4,
        "C": 432
    },
    "probability_distribution": {
        "216.0": 0.0086,
        "114.0": 0.0257,
        "241.0": 0.0178,
        "115.0": 0.036000000000000004,
        "1.0": 0.0089,
        "139.0": 0.034800000000000005,
        "229.0": 0.016399999999999998,
        "13.0": 0.018600000000000002,
        "49.0": 0.0083,
        "223.0": 0.0319,
        "109.0": 0.026500000000000003,
        "7.0": 0.026000000000000002,
        "121.0": 0.0422,
        "31.0": 0.0087,
        "133.0": 0.011,
        "247.0": 0.0056,
        "24.0": 0.0063999999999999994,
        "274.0": 0.01,
        "136.0": 0.0196,
        "10.0": 0.0068000000000000005,
        "172.0": 0.0138,
        "250.0": 0.017499999999999998,
        "34.0": 0.0166,
        "124.0": 0.013799999999999998,
        "82.0": 0.0040999999999999995,
        "160.0": 0.009000000000000001,
        "228.0": 0.0085,
        "266.0": 0.006,
        "140.0": 0.0199,
        "26.0": 0.0098,
        "230.0": 0.0171,
        "14.0": 0.0196,
        "116.0": 0.04999999999999999,
        "218.0": 0.0086,
        "12.0": 0.010700000000000001,
        "248.0": 0.0142,
        "134.0": 0.0228,
        "32.0": 0.009000000000000001,
        "122.0": 0.0334,
        "224.0": 0.021300000000000003,
        "8.0": 0.028599999999999997,
        "110.0": 0.012900000000000002,
        "138.0": 0.0115,
        "299.0": 0.0087,
        "161.0": 0.016,
        "35.0": 0.0196,
        "173.0": 0.016100000000000003,
        "251.0": 0.0118,
        "125.0": 0.0095,
        "59.0": 0.0066,
        "137.0": 0.0089,
        "227.0": 0.0038,
        "2.0": 0.0106,
        "281.0": 0.0093,
        "143.0": 0.0258,
        "17.0": 0.0057,
        "167.0": 0.0143,
        "245.0": 0.0133,
        "29.0": 0.012499999999999999,
        "119.0": 0.0095,
        "65.0": 0.0069,
        "233.0": 0.004399999999999999,
        "264.0": 0.002,
        "332.0": 0.0026,
        "194.0": 0.010599999999999998,
        "68.0": 0.0054,
        "272.0": 0.0046,
        "56.0": 0.0045,
        "146.0": 0.007599999999999999,
        "236.0": 0.0009
    },
    "probability_distribution_items": [
        [
            216.0,
            0.0086
        ],
        [
            114.0,
            0.0257
        ],
        [
            241.0,
            0.0178
        ],
        [
            115.0,
            0.036000000000000004
        ],
        [
            1.0,
            0.0089
        ],
        [
            139.0,
            0.034800000000000005
        ],
        [
            229.0,
            0.016399999999999998
        ],
        [
            13.0,
            0.018600000000000002
        ],
        [
            49.0,
            0.0083
        ],
        [
            223.0,
            0.0319
        ],
        [
            109.0,
            0.026500000000000003
        ],
        [
            7.0,
            0.026000000000000002
        ],
        [
            121.0,
            0.0422
        ],
        [
            31.0,
            0.0087
        ],
        [
            133.0,
            0.011
        ],
        [
            247.0,
            0.0056
        ],
        [
            24.0,
            0.0063999999999999994
        ],
        [
            274.0,
            0.01
        ],
        [
            136.0,
            0.0196
        ],
        [
            10.0,
            0.0068000000000000005
        ],
        [
            172.0,
            0.0138
        ],
        [
            250.0,
            0.017499999999999998
        ],
        [
            34.0,
            0.0166
        ],
        [
            124.0,
            0.013799999999999998
        ],
        [
            82.0,
            0.0040999999999999995
        ],
        [
            160.0,
            0.009000000000000001
        ],
        [
            228.0,
            0.0085
        ],
        [
            266.0,
            0.006
        ],
        [
            140.0,
            0.0199
        ],
        [
            26.0,
            0.0098
        ],
        [
            230.0,
            0.0171
        ],
        [
            14.0,
            0.0196
        ],
        [
            116.0,
            0.04999999999999999
        ],
        [
            218.0,
            0.0086
        ],
        [
            12.0,
            0.010700000000000001
        ],
        [
            248.0,
            0.0142
        ],
        [
            134.0,
            0.0228
        ],
        [
            32.0,
            0.009000000000000001
        ],
        [
            122.0,
            0.0334
        ],
        [
            224.0,
            0.021300000000000003
        ],
        [
            8.0,
            0.028599999999999997
        ],
        [
            110.0,
            0.012900000000000002
        ],
        [
            138.0,
            0.0115
        ],
        [
            299.0,
            0.0087
        ],
        [
            161.0,
            0.016
        ],
        [
            35.0,
            0.0196
        ],
        [
            173.0,
            0.016100000000000003
        ],
        [
            251.0,
            0.0118
        ],
        [
            125.0,
            0.0095
        ],
        [
            59.0,
            0.0066
        ],
        [
            137.0,
            0.0089
        ],
        [
            227.0,
            0.0038
        ],
        [
            2.0,
            0.0106
        ],
        [
            281.0,
            0.0093
        ],
        [
            143.0,
            0.0258
        ],
        [
            17.0,
            0.0057
        ],
        [
            167.0,
            0.0143
        ],
        [
            245.0,
            0.0133
        ],
        [
            29.0,
            0.012499999999999999
        ],
        [
            119.0,
            0.0095
        ],
        [
            65.0,
            0.0069
        ],
        [
            233.0,
            0.004399999999999999
        ],
        [
            264.0,
            0.002
        ],
        [
            332.0,
            0.0026
        ],
        [
            194.0,
            0.010599999999999998
        ],
        [
            68.0,
            0.0054
        ],
        [
            272.0,
            0.0046
        ],
        [
            56.0,
            0.0045
        ],
        [
            146.0,
            0.007599999999999999
        ],
        [
            236.0,
            0.0009
        ]
    ],
    "approximation_ratio": 0.6001271903323263,
    "noise": true,
    "p": 5
}