{
    "expected_value": 1.934485322240469,
    "optimal_gammas": [
        5.071154699827275
    ],
    "optimal_betas": [
        2.29175237560273
    ],
    "problem_identifier": "{'W': [1], 'W_max': 1, 'A': 8, 'B': 4, 'C': 12}",
    "now": "2021-05-05 11:40:27",
    "execution_time": "0:05:42.187874",
    "nfev": 837,
    "message": "Optimization terminated successfully.",
    "success": true,
    "nit": 26,
    "problem": {
        "W": [
            1
        ],
        "W_max": 1,
        "A": 8,
        "B": 4,
        "C": 12
    },
    "optimal_cost": 1.0,
    "probability_distribution": {
        "3.0": 0.41787563642371317,
        "2.0": 0.02051334046834811,
        "6.0": 0.01564414178493899,
        "1.0": 0.5459668813229998
    },
    "probability_distribution_items": [
        [
            3.0,
            0.41787563642371317
        ],
        [
            2.0,
            0.02051334046834811
        ],
        [
            6.0,
            0.01564414178493899
        ],
        [
            1.0,
            0.5459668813229998
        ]
    ],
    "approximation_ratio": 1.9344853222404692,
    "approximation_ratio_offset": 0.8131029355519062,
    "noise": false,
    "p": 1
}