{
    "expected_value": 242.964,
    "optimal_gammas": [
        1.8748266737278816,
        5.684129317934079
    ],
    "optimal_betas": [
        1.1367953868062006,
        0.5357391080783136
    ],
    "problem_identifier": "{'W': [1, 1], 'W_max': 2, 'A': 40, 'B': 4, 'C': 1040}",
    "now": "2021-05-04 21:27:56",
    "execution_time": "4:43:20.547199",
    "nfev": 24440,
    "message": "Optimization terminated successfully.",
    "success": true,
    "nit": 404,
    "problem": {
        "W": [
            1,
            1
        ],
        "W_max": 2,
        "A": 40,
        "B": 4,
        "C": 1040
    },
    "probability_distribution": {
        "520.0": 0.0063,
        "270.0": 0.0229,
        "561.0": 0.013000000000000001,
        "271.0": 0.04000000000000001,
        "1.0": 0.024,
        "311.0": 0.020800000000000003,
        "541.0": 0.01,
        "21.0": 0.0095,
        "81.0": 0.0053,
        "531.0": 0.0207,
        "261.0": 0.028200000000000003,
        "11.0": 0.040600000000000004,
        "281.0": 0.0258,
        "51.0": 0.004,
        "301.0": 0.0089,
        "571.0": 0.0048000000000000004,
        "40.0": 0.0165,
        "614.0": 0.0088,
        "304.0": 0.023100000000000002,
        "14.0": 0.028999999999999998,
        "364.0": 0.004399999999999999,
        "574.0": 0.016,
        "54.0": 0.0077,
        "284.0": 0.0179,
        "134.0": 0.0028,
        "344.0": 0.0060999999999999995,
        "540.0": 0.0041,
        "602.0": 0.0026,
        "312.0": 0.017,
        "42.0": 0.0183,
        "542.0": 0.0151,
        "22.0": 0.025299999999999996,
        "272.0": 0.0567,
        "522.0": 0.0158,
        "20.0": 0.0060999999999999995,
        "572.0": 0.0083,
        "302.0": 0.0157,
        "52.0": 0.01,
        "282.0": 0.03270000000000001,
        "532.0": 0.0312,
        "12.0": 0.026000000000000002,
        "262.0": 0.0181,
        "310.0": 0.009899999999999999,
        "655.0": 0.004,
        "345.0": 0.0138,
        "55.0": 0.025799999999999997,
        "365.0": 0.009699999999999999,
        "575.0": 0.009899999999999999,
        "285.0": 0.0225,
        "95.0": 0.0051,
        "305.0": 0.0074,
        "535.0": 0.0077,
        "2.0": 0.008,
        "625.0": 0.0036,
        "315.0": 0.0194,
        "25.0": 0.0213,
        "355.0": 0.0078,
        "565.0": 0.0092,
        "45.0": 0.0094,
        "275.0": 0.0215,
        "105.0": 0.0056,
        "545.0": 0.0063,
        "600.0": 0.0018,
        "708.0": 0.0016,
        "398.0": 0.008,
        "108.0": 0.0103,
        "608.0": 0.0041,
        "88.0": 0.0043,
        "318.0": 0.0158,
        "548.0": 0.0061
    },
    "probability_distribution_items": [
        [
            520.0,
            0.0063
        ],
        [
            270.0,
            0.0229
        ],
        [
            561.0,
            0.013000000000000001
        ],
        [
            271.0,
            0.04000000000000001
        ],
        [
            1.0,
            0.024
        ],
        [
            311.0,
            0.020800000000000003
        ],
        [
            541.0,
            0.01
        ],
        [
            21.0,
            0.0095
        ],
        [
            81.0,
            0.0053
        ],
        [
            531.0,
            0.0207
        ],
        [
            261.0,
            0.028200000000000003
        ],
        [
            11.0,
            0.040600000000000004
        ],
        [
            281.0,
            0.0258
        ],
        [
            51.0,
            0.004
        ],
        [
            301.0,
            0.0089
        ],
        [
            571.0,
            0.0048000000000000004
        ],
        [
            40.0,
            0.0165
        ],
        [
            614.0,
            0.0088
        ],
        [
            304.0,
            0.023100000000000002
        ],
        [
            14.0,
            0.028999999999999998
        ],
        [
            364.0,
            0.004399999999999999
        ],
        [
            574.0,
            0.016
        ],
        [
            54.0,
            0.0077
        ],
        [
            284.0,
            0.0179
        ],
        [
            134.0,
            0.0028
        ],
        [
            344.0,
            0.0060999999999999995
        ],
        [
            540.0,
            0.0041
        ],
        [
            602.0,
            0.0026
        ],
        [
            312.0,
            0.017
        ],
        [
            42.0,
            0.0183
        ],
        [
            542.0,
            0.0151
        ],
        [
            22.0,
            0.025299999999999996
        ],
        [
            272.0,
            0.0567
        ],
        [
            522.0,
            0.0158
        ],
        [
            20.0,
            0.0060999999999999995
        ],
        [
            572.0,
            0.0083
        ],
        [
            302.0,
            0.0157
        ],
        [
            52.0,
            0.01
        ],
        [
            282.0,
            0.03270000000000001
        ],
        [
            532.0,
            0.0312
        ],
        [
            12.0,
            0.026000000000000002
        ],
        [
            262.0,
            0.0181
        ],
        [
            310.0,
            0.009899999999999999
        ],
        [
            655.0,
            0.004
        ],
        [
            345.0,
            0.0138
        ],
        [
            55.0,
            0.025799999999999997
        ],
        [
            365.0,
            0.009699999999999999
        ],
        [
            575.0,
            0.009899999999999999
        ],
        [
            285.0,
            0.0225
        ],
        [
            95.0,
            0.0051
        ],
        [
            305.0,
            0.0074
        ],
        [
            535.0,
            0.0077
        ],
        [
            2.0,
            0.008
        ],
        [
            625.0,
            0.0036
        ],
        [
            315.0,
            0.0194
        ],
        [
            25.0,
            0.0213
        ],
        [
            355.0,
            0.0078
        ],
        [
            565.0,
            0.0092
        ],
        [
            45.0,
            0.0094
        ],
        [
            275.0,
            0.0215
        ],
        [
            105.0,
            0.0056
        ],
        [
            545.0,
            0.0063
        ],
        [
            600.0,
            0.0018
        ],
        [
            708.0,
            0.0016
        ],
        [
            398.0,
            0.008
        ],
        [
            108.0,
            0.0103
        ],
        [
            608.0,
            0.0041
        ],
        [
            88.0,
            0.0043
        ],
        [
            318.0,
            0.0158
        ],
        [
            548.0,
            0.0061
        ]
    ],
    "approximation_ratio": 0.6282145685997171,
    "noise": true,
    "p": 2
}