{
    "expected_value": 43.62610119370226,
    "optimal_gammas": [
        3.269144099548083
    ],
    "optimal_betas": [
        0.3404816693005219
    ],
    "problem_identifier": "{'W': [1, 1], 'W_max': 2, 'A': 8, 'B': 4, 'C': 144}",
    "now": "2021-05-05 11:45:42",
    "execution_time": "0:08:04.797079",
    "nfev": 1125,
    "message": "Optimization terminated successfully.",
    "success": true,
    "nit": 35,
    "problem": {
        "W": [
            1,
            1
        ],
        "W_max": 2,
        "A": 8,
        "B": 4,
        "C": 144
    },
    "optimal_cost": 1.0,
    "probability_distribution": {
        "72.0": 0.029594679503984006,
        "38.0": 0.059907736716569245,
        "8.0": 0.018943580744265387,
        "76.0": 0.05720048101401718,
        "4.0": 0.053239538664525396,
        "46.0": 0.019876502720285943,
        "88.0": 0.0030768677718223674,
        "81.0": 0.00456768978696633,
        "39.0": 0.07652646238548533,
        "1.0": 0.006847280923012898,
        "47.0": 0.02255394716590655,
        "77.0": 0.02729849142110864,
        "5.0": 0.03022261609516921,
        "17.0": 0.00015909684388410285,
        "75.0": 0.027731671636317692,
        "37.0": 0.07128208769382076,
        "3.0": 0.03706989701818213,
        "41.0": 0.005556078774944961,
        "11.0": 0.00015909684388410258,
        "45.0": 0.05812039021019006,
        "83.0": 0.002345465370107622,
        "94.0": 0.018975111927052903,
        "48.0": 0.010903534194707657,
        "6.0": 0.05035104029277268,
        "60.0": 0.013146417136686007,
        "86.0": 0.010656605733911952,
        "14.0": 0.0025744923585791055,
        "44.0": 0.019741458553605536,
        "30.0": 0.006020216717442647,
        "56.0": 0.0034020936810840036,
        "90.0": 7.68822592888981e-05,
        "10.0": 8.681382891174326e-06,
        "78.0": 0.029305638788680193,
        "40.0": 0.017209352401981258,
        "74.0": 0.029228756529391317,
        "84.0": 0.007106916313482558,
        "12.0": 0.00018264389073441685,
        "42.0": 0.00553365189879581,
        "103.0": 3.191630268430545e-05,
        "57.0": 8.175300705950725e-05,
        "15.0": 0.0064677068308361995,
        "61.0": 0.024102827630095684,
        "87.0": 0.005943952200046223,
        "23.0": 0.0013648136161676764,
        "49.0": 0.0007773713951285458,
        "79.0": 0.0017890442016496595,
        "2.0": 0.02586562914718539,
        "97.0": 3.191630268430527e-05,
        "51.0": 0.0008591244021880514,
        "9.0": 2.4328401689199293e-05,
        "59.0": 0.02410282763009569,
        "85.0": 0.005943952200046227,
        "13.0": 0.0064433784291470005,
        "43.0": 0.035878147127563875,
        "25.0": 0.0013648136161676762,
        "116.0": 0.002943023598928193,
        "70.0": 0.0032541462994100647,
        "28.0": 0.00929949238890628,
        "96.0": 0.0010677843677998477,
        "24.0": 0.0005650710266241235,
        "54.0": 0.005093826512357447
    },
    "probability_distribution_items": [
        [
            72.0,
            0.029594679503984006
        ],
        [
            38.0,
            0.059907736716569245
        ],
        [
            8.0,
            0.018943580744265387
        ],
        [
            76.0,
            0.05720048101401718
        ],
        [
            4.0,
            0.053239538664525396
        ],
        [
            46.0,
            0.019876502720285943
        ],
        [
            88.0,
            0.0030768677718223674
        ],
        [
            81.0,
            0.00456768978696633
        ],
        [
            39.0,
            0.07652646238548533
        ],
        [
            1.0,
            0.006847280923012898
        ],
        [
            47.0,
            0.02255394716590655
        ],
        [
            77.0,
            0.02729849142110864
        ],
        [
            5.0,
            0.03022261609516921
        ],
        [
            17.0,
            0.00015909684388410285
        ],
        [
            75.0,
            0.027731671636317692
        ],
        [
            37.0,
            0.07128208769382076
        ],
        [
            3.0,
            0.03706989701818213
        ],
        [
            41.0,
            0.005556078774944961
        ],
        [
            11.0,
            0.00015909684388410258
        ],
        [
            45.0,
            0.05812039021019006
        ],
        [
            83.0,
            0.002345465370107622
        ],
        [
            94.0,
            0.018975111927052903
        ],
        [
            48.0,
            0.010903534194707657
        ],
        [
            6.0,
            0.05035104029277268
        ],
        [
            60.0,
            0.013146417136686007
        ],
        [
            86.0,
            0.010656605733911952
        ],
        [
            14.0,
            0.0025744923585791055
        ],
        [
            44.0,
            0.019741458553605536
        ],
        [
            30.0,
            0.006020216717442647
        ],
        [
            56.0,
            0.0034020936810840036
        ],
        [
            90.0,
            7.68822592888981e-05
        ],
        [
            10.0,
            8.681382891174326e-06
        ],
        [
            78.0,
            0.029305638788680193
        ],
        [
            40.0,
            0.017209352401981258
        ],
        [
            74.0,
            0.029228756529391317
        ],
        [
            84.0,
            0.007106916313482558
        ],
        [
            12.0,
            0.00018264389073441685
        ],
        [
            42.0,
            0.00553365189879581
        ],
        [
            103.0,
            3.191630268430545e-05
        ],
        [
            57.0,
            8.175300705950725e-05
        ],
        [
            15.0,
            0.0064677068308361995
        ],
        [
            61.0,
            0.024102827630095684
        ],
        [
            87.0,
            0.005943952200046223
        ],
        [
            23.0,
            0.0013648136161676764
        ],
        [
            49.0,
            0.0007773713951285458
        ],
        [
            79.0,
            0.0017890442016496595
        ],
        [
            2.0,
            0.02586562914718539
        ],
        [
            97.0,
            3.191630268430527e-05
        ],
        [
            51.0,
            0.0008591244021880514
        ],
        [
            9.0,
            2.4328401689199293e-05
        ],
        [
            59.0,
            0.02410282763009569
        ],
        [
            85.0,
            0.005943952200046227
        ],
        [
            13.0,
            0.0064433784291470005
        ],
        [
            43.0,
            0.035878147127563875
        ],
        [
            25.0,
            0.0013648136161676762
        ],
        [
            116.0,
            0.002943023598928193
        ],
        [
            70.0,
            0.0032541462994100647
        ],
        [
            28.0,
            0.00929949238890628
        ],
        [
            96.0,
            0.0010677843677998477
        ],
        [
            24.0,
            0.0005650710266241235
        ],
        [
            54.0,
            0.005093826512357447
        ]
    ],
    "approximation_ratio": 43.62610119370218,
    "approximation_ratio_offset": 0.6293382504895463,
    "noise": false,
    "p": 1
}