{
    "expected_value": 212.6046,
    "optimal_gammas": [
        4.758589640467729,
        4.340473822176442,
        1.7377042551215032,
        2.182603984692914
    ],
    "optimal_betas": [
        0.7625195418118532,
        1.6788451333284193,
        2.7407002322806404,
        1.566101345829016
    ],
    "problem_identifier": "{'W': [1, 1], 'W_max': 2, 'A': 40, 'B': 4, 'C': 720}",
    "now": "2021-05-04 19:03:22",
    "execution_time": "0:20:43.780660",
    "nfev": 1128,
    "message": "Optimization terminated successfully.",
    "success": true,
    "nit": 6,
    "problem": {
        "W": [
            1,
            1
        ],
        "W_max": 2,
        "A": 40,
        "B": 4,
        "C": 720
    },
    "probability_distribution": {
        "360.0": 0.0024,
        "190.0": 0.0104,
        "401.0": 0.0132,
        "191.0": 0.027,
        "1.0": 0.0072,
        "231.0": 0.028899999999999995,
        "381.0": 0.0136,
        "21.0": 0.0187,
        "81.0": 0.0064,
        "371.0": 0.019,
        "181.0": 0.0133,
        "11.0": 0.024,
        "201.0": 0.0246,
        "51.0": 0.0054,
        "221.0": 0.013999999999999999,
        "411.0": 0.0098,
        "40.0": 0.0053,
        "454.0": 0.0037999999999999996,
        "224.0": 0.014900000000000002,
        "14.0": 0.0071,
        "284.0": 0.0139,
        "414.0": 0.026699999999999998,
        "54.0": 0.0278,
        "204.0": 0.021700000000000004,
        "134.0": 0.0063,
        "264.0": 0.0184,
        "380.0": 0.008199999999999999,
        "442.0": 0.0017,
        "232.0": 0.0123,
        "42.0": 0.0082,
        "382.0": 0.0162,
        "22.0": 0.015300000000000001,
        "192.0": 0.040900000000000006,
        "362.0": 0.0114,
        "20.0": 0.0101,
        "412.0": 0.0039,
        "222.0": 0.0121,
        "52.0": 0.0066,
        "202.0": 0.027399999999999997,
        "372.0": 0.021699999999999997,
        "12.0": 0.0244,
        "182.0": 0.016399999999999998,
        "230.0": 0.014700000000000001,
        "495.0": 0.0046,
        "265.0": 0.014699999999999998,
        "55.0": 0.0296,
        "285.0": 0.0123,
        "415.0": 0.018799999999999997,
        "205.0": 0.0196,
        "95.0": 0.0092,
        "225.0": 0.0208,
        "375.0": 0.0121,
        "2.0": 0.010100000000000001,
        "465.0": 0.0053,
        "235.0": 0.032200000000000006,
        "25.0": 0.0067,
        "275.0": 0.012,
        "405.0": 0.0182,
        "45.0": 0.0204,
        "195.0": 0.0194,
        "105.0": 0.0069,
        "385.0": 0.0101,
        "440.0": 0.0023,
        "548.0": 0.0025,
        "318.0": 0.0134,
        "108.0": 0.008,
        "448.0": 0.0104,
        "88.0": 0.013600000000000001,
        "238.0": 0.0254,
        "388.0": 0.0061
    },
    "probability_distribution_items": [
        [
            360.0,
            0.0024
        ],
        [
            190.0,
            0.0104
        ],
        [
            401.0,
            0.0132
        ],
        [
            191.0,
            0.027
        ],
        [
            1.0,
            0.0072
        ],
        [
            231.0,
            0.028899999999999995
        ],
        [
            381.0,
            0.0136
        ],
        [
            21.0,
            0.0187
        ],
        [
            81.0,
            0.0064
        ],
        [
            371.0,
            0.019
        ],
        [
            181.0,
            0.0133
        ],
        [
            11.0,
            0.024
        ],
        [
            201.0,
            0.0246
        ],
        [
            51.0,
            0.0054
        ],
        [
            221.0,
            0.013999999999999999
        ],
        [
            411.0,
            0.0098
        ],
        [
            40.0,
            0.0053
        ],
        [
            454.0,
            0.0037999999999999996
        ],
        [
            224.0,
            0.014900000000000002
        ],
        [
            14.0,
            0.0071
        ],
        [
            284.0,
            0.0139
        ],
        [
            414.0,
            0.026699999999999998
        ],
        [
            54.0,
            0.0278
        ],
        [
            204.0,
            0.021700000000000004
        ],
        [
            134.0,
            0.0063
        ],
        [
            264.0,
            0.0184
        ],
        [
            380.0,
            0.008199999999999999
        ],
        [
            442.0,
            0.0017
        ],
        [
            232.0,
            0.0123
        ],
        [
            42.0,
            0.0082
        ],
        [
            382.0,
            0.0162
        ],
        [
            22.0,
            0.015300000000000001
        ],
        [
            192.0,
            0.040900000000000006
        ],
        [
            362.0,
            0.0114
        ],
        [
            20.0,
            0.0101
        ],
        [
            412.0,
            0.0039
        ],
        [
            222.0,
            0.0121
        ],
        [
            52.0,
            0.0066
        ],
        [
            202.0,
            0.027399999999999997
        ],
        [
            372.0,
            0.021699999999999997
        ],
        [
            12.0,
            0.0244
        ],
        [
            182.0,
            0.016399999999999998
        ],
        [
            230.0,
            0.014700000000000001
        ],
        [
            495.0,
            0.0046
        ],
        [
            265.0,
            0.014699999999999998
        ],
        [
            55.0,
            0.0296
        ],
        [
            285.0,
            0.0123
        ],
        [
            415.0,
            0.018799999999999997
        ],
        [
            205.0,
            0.0196
        ],
        [
            95.0,
            0.0092
        ],
        [
            225.0,
            0.0208
        ],
        [
            375.0,
            0.0121
        ],
        [
            2.0,
            0.010100000000000001
        ],
        [
            465.0,
            0.0053
        ],
        [
            235.0,
            0.032200000000000006
        ],
        [
            25.0,
            0.0067
        ],
        [
            275.0,
            0.012
        ],
        [
            405.0,
            0.0182
        ],
        [
            45.0,
            0.0204
        ],
        [
            195.0,
            0.0194
        ],
        [
            105.0,
            0.0069
        ],
        [
            385.0,
            0.0101
        ],
        [
            440.0,
            0.0023
        ],
        [
            548.0,
            0.0025
        ],
        [
            318.0,
            0.0134
        ],
        [
            108.0,
            0.008
        ],
        [
            448.0,
            0.0104
        ],
        [
            88.0,
            0.013600000000000001
        ],
        [
            238.0,
            0.0254
        ],
        [
            388.0,
            0.0061
        ]
    ],
    "approximation_ratio": 0.603500365630713,
    "noise": true,
    "p": 4
}