{
    "expected_value": 130.9776,
    "optimal_gammas": [
        2.0613656425160496,
        1.5077465000961143,
        4.1149097932542595,
        2.9094254294340414,
        0.019199636300582412,
        5.148587755607089
    ],
    "optimal_betas": [
        2.3783514684894143,
        2.649879285333091,
        1.1055846973182006,
        2.6190478001973894,
        2.0549785086218377,
        1.6094109666108312
    ],
    "problem_identifier": "{'W': [1, 1], 'W_max': 2, 'A': 24, 'B': 4, 'C': 432}",
    "now": "2021-05-04 19:29:10",
    "execution_time": "0:18:17.212251",
    "nfev": 841,
    "message": "Optimization terminated successfully.",
    "success": true,
    "nit": 1,
    "problem": {
        "W": [
            1,
            1
        ],
        "W_max": 2,
        "A": 24,
        "B": 4,
        "C": 432
    },
    "optimal_cost": 1.0,
    "probability_distribution": {
        "216.0": 0.0029,
        "114.0": 0.016399999999999998,
        "241.0": 0.013099999999999999,
        "115.0": 0.0318,
        "1.0": 0.0087,
        "139.0": 0.026600000000000002,
        "229.0": 0.0161,
        "13.0": 0.0177,
        "49.0": 0.0063,
        "223.0": 0.023100000000000002,
        "109.0": 0.0159,
        "7.0": 0.024399999999999998,
        "121.0": 0.0284,
        "31.0": 0.008199999999999999,
        "133.0": 0.013700000000000002,
        "247.0": 0.0063,
        "24.0": 0.0089,
        "274.0": 0.0056,
        "136.0": 0.017,
        "10.0": 0.0086,
        "172.0": 0.0139,
        "250.0": 0.0228,
        "34.0": 0.0162,
        "124.0": 0.0163,
        "82.0": 0.0057,
        "160.0": 0.0154,
        "228.0": 0.0073,
        "266.0": 0.0039,
        "140.0": 0.0167,
        "26.0": 0.009899999999999999,
        "230.0": 0.013499999999999998,
        "14.0": 0.0189,
        "116.0": 0.0452,
        "218.0": 0.0102,
        "12.0": 0.0108,
        "248.0": 0.006699999999999999,
        "134.0": 0.013600000000000001,
        "32.0": 0.007,
        "122.0": 0.0316,
        "224.0": 0.0223,
        "8.0": 0.0247,
        "110.0": 0.013999999999999999,
        "138.0": 0.0159,
        "299.0": 0.0077,
        "161.0": 0.0189,
        "35.0": 0.0281,
        "173.0": 0.0173,
        "251.0": 0.0174,
        "125.0": 0.0168,
        "59.0": 0.0081,
        "137.0": 0.0177,
        "227.0": 0.0081,
        "2.0": 0.0082,
        "281.0": 0.0069,
        "143.0": 0.0289,
        "17.0": 0.0078,
        "167.0": 0.015899999999999997,
        "245.0": 0.0159,
        "29.0": 0.0143,
        "119.0": 0.0145,
        "65.0": 0.0074,
        "233.0": 0.006200000000000001,
        "264.0": 0.0022,
        "332.0": 0.0044,
        "194.0": 0.019799999999999998,
        "68.0": 0.008799999999999999,
        "272.0": 0.007,
        "56.0": 0.0093,
        "146.0": 0.0161,
        "236.0": 0.0041
    },
    "probability_distribution_items": [
        [
            216.0,
            0.0029
        ],
        [
            114.0,
            0.016399999999999998
        ],
        [
            241.0,
            0.013099999999999999
        ],
        [
            115.0,
            0.0318
        ],
        [
            1.0,
            0.0087
        ],
        [
            139.0,
            0.026600000000000002
        ],
        [
            229.0,
            0.0161
        ],
        [
            13.0,
            0.0177
        ],
        [
            49.0,
            0.0063
        ],
        [
            223.0,
            0.023100000000000002
        ],
        [
            109.0,
            0.0159
        ],
        [
            7.0,
            0.024399999999999998
        ],
        [
            121.0,
            0.0284
        ],
        [
            31.0,
            0.008199999999999999
        ],
        [
            133.0,
            0.013700000000000002
        ],
        [
            247.0,
            0.0063
        ],
        [
            24.0,
            0.0089
        ],
        [
            274.0,
            0.0056
        ],
        [
            136.0,
            0.017
        ],
        [
            10.0,
            0.0086
        ],
        [
            172.0,
            0.0139
        ],
        [
            250.0,
            0.0228
        ],
        [
            34.0,
            0.0162
        ],
        [
            124.0,
            0.0163
        ],
        [
            82.0,
            0.0057
        ],
        [
            160.0,
            0.0154
        ],
        [
            228.0,
            0.0073
        ],
        [
            266.0,
            0.0039
        ],
        [
            140.0,
            0.0167
        ],
        [
            26.0,
            0.009899999999999999
        ],
        [
            230.0,
            0.013499999999999998
        ],
        [
            14.0,
            0.0189
        ],
        [
            116.0,
            0.0452
        ],
        [
            218.0,
            0.0102
        ],
        [
            12.0,
            0.0108
        ],
        [
            248.0,
            0.006699999999999999
        ],
        [
            134.0,
            0.013600000000000001
        ],
        [
            32.0,
            0.007
        ],
        [
            122.0,
            0.0316
        ],
        [
            224.0,
            0.0223
        ],
        [
            8.0,
            0.0247
        ],
        [
            110.0,
            0.013999999999999999
        ],
        [
            138.0,
            0.0159
        ],
        [
            299.0,
            0.0077
        ],
        [
            161.0,
            0.0189
        ],
        [
            35.0,
            0.0281
        ],
        [
            173.0,
            0.0173
        ],
        [
            251.0,
            0.0174
        ],
        [
            125.0,
            0.0168
        ],
        [
            59.0,
            0.0081
        ],
        [
            137.0,
            0.0177
        ],
        [
            227.0,
            0.0081
        ],
        [
            2.0,
            0.0082
        ],
        [
            281.0,
            0.0069
        ],
        [
            143.0,
            0.0289
        ],
        [
            17.0,
            0.0078
        ],
        [
            167.0,
            0.015899999999999997
        ],
        [
            245.0,
            0.0159
        ],
        [
            29.0,
            0.0143
        ],
        [
            119.0,
            0.0145
        ],
        [
            65.0,
            0.0074
        ],
        [
            233.0,
            0.006200000000000001
        ],
        [
            264.0,
            0.0022
        ],
        [
            332.0,
            0.0044
        ],
        [
            194.0,
            0.019799999999999998
        ],
        [
            68.0,
            0.008799999999999999
        ],
        [
            272.0,
            0.007
        ],
        [
            56.0,
            0.0093
        ],
        [
            146.0,
            0.0161
        ],
        [
            236.0,
            0.0041
        ]
    ],
    "approximation_ratio": 133.4212,
    "approximation_ratio_offset": 0.5999359516616314,
    "noise": true,
    "p": 6
}