{
    "expected_value": 192.4011,
    "optimal_gammas": [
        3.8479873388138874,
        3.9484578681252103,
        3.6499676012257787,
        2.098856796774602,
        2.0171052697715233,
        6.016779584430925
    ],
    "optimal_betas": [
        1.203510224391357,
        1.4098476317741149,
        1.06329150088528,
        2.3010055920104877,
        0.9188545102226685,
        0.4219291491681183
    ],
    "problem_identifier": "{'W': [1, 1], 'W_max': 2, 'A': 56, 'B': 4, 'C': 560}",
    "now": "2021-05-04 19:51:51",
    "execution_time": "0:23:09.989925",
    "nfev": 878,
    "message": "Optimization terminated successfully.",
    "success": true,
    "nit": 2,
    "problem": {
        "W": [
            1,
            1
        ],
        "W_max": 2,
        "A": 56,
        "B": 4,
        "C": 560
    },
    "optimal_cost": 1.0,
    "probability_distribution": {
        "280.0": 0.0063,
        "154.0": 0.0228,
        "337.0": 0.015799999999999998,
        "155.0": 0.0342,
        "1.0": 0.0089,
        "211.0": 0.030000000000000002,
        "309.0": 0.015899999999999997,
        "29.0": 0.0174,
        "113.0": 0.0075,
        "295.0": 0.028900000000000002,
        "141.0": 0.0223,
        "15.0": 0.0248,
        "169.0": 0.030699999999999998,
        "71.0": 0.008799999999999999,
        "197.0": 0.0176,
        "351.0": 0.0056,
        "56.0": 0.0103,
        "410.0": 0.0103,
        "200.0": 0.0202,
        "18.0": 0.0126,
        "284.0": 0.0143,
        "354.0": 0.025900000000000003,
        "74.0": 0.016900000000000002,
        "172.0": 0.0177,
        "186.0": 0.0083,
        "256.0": 0.015,
        "308.0": 0.0106,
        "394.0": 0.0036,
        "212.0": 0.0138,
        "58.0": 0.0057,
        "310.0": 0.015799999999999998,
        "30.0": 0.0132,
        "156.0": 0.0444,
        "282.0": 0.0127,
        "28.0": 0.0088,
        "352.0": 0.0083,
        "198.0": 0.0155,
        "72.0": 0.0076,
        "170.0": 0.030400000000000003,
        "296.0": 0.021300000000000003,
        "16.0": 0.0207,
        "142.0": 0.0101,
        "210.0": 0.016,
        "467.0": 0.0074,
        "257.0": 0.0135,
        "75.0": 0.0191,
        "285.0": 0.0126,
        "355.0": 0.014100000000000001,
        "173.0": 0.0157,
        "131.0": 0.0071,
        "201.0": 0.0109,
        "299.0": 0.007,
        "2.0": 0.0077,
        "425.0": 0.006699999999999999,
        "215.0": 0.0296,
        "33.0": 0.0087,
        "271.0": 0.0148,
        "341.0": 0.0167,
        "61.0": 0.014599999999999998,
        "159.0": 0.0148,
        "145.0": 0.0074,
        "313.0": 0.0062,
        "392.0": 0.0025,
        "540.0": 0.0026,
        "330.0": 0.0128,
        "148.0": 0.0068000000000000005,
        "400.0": 0.006699999999999999,
        "120.0": 0.0065,
        "218.0": 0.0157,
        "316.0": 0.0043
    },
    "probability_distribution_items": [
        [
            280.0,
            0.0063
        ],
        [
            154.0,
            0.0228
        ],
        [
            337.0,
            0.015799999999999998
        ],
        [
            155.0,
            0.0342
        ],
        [
            1.0,
            0.0089
        ],
        [
            211.0,
            0.030000000000000002
        ],
        [
            309.0,
            0.015899999999999997
        ],
        [
            29.0,
            0.0174
        ],
        [
            113.0,
            0.0075
        ],
        [
            295.0,
            0.028900000000000002
        ],
        [
            141.0,
            0.0223
        ],
        [
            15.0,
            0.0248
        ],
        [
            169.0,
            0.030699999999999998
        ],
        [
            71.0,
            0.008799999999999999
        ],
        [
            197.0,
            0.0176
        ],
        [
            351.0,
            0.0056
        ],
        [
            56.0,
            0.0103
        ],
        [
            410.0,
            0.0103
        ],
        [
            200.0,
            0.0202
        ],
        [
            18.0,
            0.0126
        ],
        [
            284.0,
            0.0143
        ],
        [
            354.0,
            0.025900000000000003
        ],
        [
            74.0,
            0.016900000000000002
        ],
        [
            172.0,
            0.0177
        ],
        [
            186.0,
            0.0083
        ],
        [
            256.0,
            0.015
        ],
        [
            308.0,
            0.0106
        ],
        [
            394.0,
            0.0036
        ],
        [
            212.0,
            0.0138
        ],
        [
            58.0,
            0.0057
        ],
        [
            310.0,
            0.015799999999999998
        ],
        [
            30.0,
            0.0132
        ],
        [
            156.0,
            0.0444
        ],
        [
            282.0,
            0.0127
        ],
        [
            28.0,
            0.0088
        ],
        [
            352.0,
            0.0083
        ],
        [
            198.0,
            0.0155
        ],
        [
            72.0,
            0.0076
        ],
        [
            170.0,
            0.030400000000000003
        ],
        [
            296.0,
            0.021300000000000003
        ],
        [
            16.0,
            0.0207
        ],
        [
            142.0,
            0.0101
        ],
        [
            210.0,
            0.016
        ],
        [
            467.0,
            0.0074
        ],
        [
            257.0,
            0.0135
        ],
        [
            75.0,
            0.0191
        ],
        [
            285.0,
            0.0126
        ],
        [
            355.0,
            0.014100000000000001
        ],
        [
            173.0,
            0.0157
        ],
        [
            131.0,
            0.0071
        ],
        [
            201.0,
            0.0109
        ],
        [
            299.0,
            0.007
        ],
        [
            2.0,
            0.0077
        ],
        [
            425.0,
            0.006699999999999999
        ],
        [
            215.0,
            0.0296
        ],
        [
            33.0,
            0.0087
        ],
        [
            271.0,
            0.0148
        ],
        [
            341.0,
            0.0167
        ],
        [
            61.0,
            0.014599999999999998
        ],
        [
            159.0,
            0.0148
        ],
        [
            145.0,
            0.0074
        ],
        [
            313.0,
            0.0062
        ],
        [
            392.0,
            0.0025
        ],
        [
            540.0,
            0.0026
        ],
        [
            330.0,
            0.0128
        ],
        [
            148.0,
            0.0068000000000000005
        ],
        [
            400.0,
            0.006699999999999999
        ],
        [
            120.0,
            0.0065
        ],
        [
            218.0,
            0.0157
        ],
        [
            316.0,
            0.0043
        ]
    ],
    "approximation_ratio": 197.7202,
    "approximation_ratio_offset": 0.6350274582560297,
    "noise": true,
    "p": 6
}