{
    "expected_value": 85.6060489353726,
    "optimal_gammas": [
        6.243343959263474
    ],
    "optimal_betas": [
        2.3694001856989635
    ],
    "problem_identifier": "{'W': [1, 1, 1], 'W_max': 1, 'A': 12, 'B': 4, 'C': 324}",
    "now": "2021-05-05 12:57:28",
    "execution_time": "0:24:30.072630",
    "nfev": 2154,
    "message": "Optimization terminated successfully.",
    "success": true,
    "nit": 70,
    "problem": {
        "W": [
            1,
            1,
            1
        ],
        "W_max": 1,
        "A": 12,
        "B": 4,
        "C": 324
    },
    "probability_distribution": {
        "243.0": 0.0012314812916907412,
        "165.0": 0.027573267325163176,
        "93.0": 0.18942202752040163,
        "27.0": 0.4254780135165427,
        "249.0": 0.004592480844519151,
        "87.0": 0.008967333137537472,
        "177.0": 0.04069796731257319,
        "15.0": 0.020298829201729075,
        "111.0": 0.03669914509440127,
        "267.0": 0.00737227750012018,
        "105.0": 0.0147353837705361,
        "201.0": 0.03086656008476682,
        "297.0": 0.001772811304282122,
        "495.0": 0.0005780831308012271,
        "171.0": 0.002550710713174297,
        "423.0": 0.003918560987918329,
        "99.0": 0.004860474714011692,
        "357.0": 0.006436855930455622,
        "261.0": 0.0015086091054161753,
        "9.0": 0.000532221748841484,
        "195.0": 0.002594266269098077,
        "513.0": 0.000940042251888736,
        "351.0": 0.0008905583869763151,
        "189.0": 0.0020045111631452855,
        "447.0": 0.003135938930882294,
        "285.0": 0.0007661963337335976,
        "543.0": 0.00012849327536563842,
        "765.0": 0.00015688318348742612,
        "441.0": 0.0006262392664959146,
        "699.0": 0.0004018976121782178,
        "279.0": 0.00015623644976053115,
        "537.0": 0.0004028751985478147,
        "795.0": 0.00019337699961990162,
        "1053.0": 3.8709213085207265e-06,
        "247.0": 0.0017135954365020455,
        "163.0": 0.0023028387970042263,
        "85.0": 0.011468719818130715,
        "13.0": 0.00795305131419589,
        "169.0": 0.009627717095927838,
        "7.0": 0.0021372681713708558,
        "97.0": 0.02707444017481889,
        "175.0": 0.004277202265794123,
        "259.0": 0.0011319596497798823,
        "187.0": 0.0015521328255840212,
        "31.0": 0.012037363117779878,
        "109.0": 0.006696654458936077,
        "193.0": 0.0017426347962864602,
        "283.0": 0.0001869455422739256,
        "253.0": 0.0006647585595716396,
        "493.0": 0.00019621438980146173,
        "415.0": 0.0003124997214411245,
        "91.0": 0.0017651345988301639,
        "343.0": 0.0007421436721785357,
        "181.0": 0.0046964862365747664,
        "421.0": 0.0006002945083214568,
        "505.0": 0.0003034226091539929,
        "433.0": 0.0003240342189424812,
        "19.0": 0.0023123652174491444,
        "271.0": 0.0005432791500846693,
        "115.0": 0.005944580606461665,
        "355.0": 0.0008964603054751141,
        "439.0": 0.00019230918647698155,
        "277.0": 0.00010794849088783464,
        "529.0": 0.00018391475610308165,
        "511.0": 0.00015056142863670473,
        "757.0": 3.337277805408545e-05,
        "685.0": 4.371806284015394e-05,
        "349.0": 0.0001400568220268867,
        "523.0": 4.941165968872913e-05,
        "205.0": 0.0012648815956478646,
        "445.0": 0.00019269719988663784,
        "691.0": 8.621229970109481e-05,
        "781.0": 1.4421300983299451e-05,
        "301.0": 3.969253239787362e-05,
        "541.0": 4.193380537320505e-05,
        "787.0": 7.210650491649735e-06,
        "1039.0": 3.731054484752878e-06,
        "251.0": 0.0009554051822322258,
        "167.0": 0.0031341486314428817,
        "89.0": 0.008994755131063315,
        "17.0": 0.009874154516145468,
        "245.0": 0.00022553981912040526,
        "83.0": 0.0003672662653432782,
        "5.0": 0.0005430350072184073,
        "95.0": 0.0012990549717498327,
        "179.0": 0.0017937115971615074,
        "269.0": 9.634875583198376e-05,
        "173.0": 0.0019797768000059737,
        "11.0": 0.0005125333995000028,
        "101.0": 0.005683750200589304,
        "491.0": 6.139703798298568e-05,
        "413.0": 0.0002161045590810994,
        "341.0": 0.00019271957381431485,
        "497.0": 3.95879875133795e-05,
        "335.0": 3.879099522644352e-05,
        "425.0": 0.00020610385401855356,
        "263.0": 0.00046343799036507925,
        "515.0": 2.993794010299199e-05,
        "191.0": 0.000548250513482378,
        "419.0": 0.00010428704629563277,
        "257.0": 7.352324040059832e-05,
        "503.0": 8.065432905249057e-05,
        "431.0": 0.00012889985838682616,
        "749.0": 1.788708101231796e-05,
        "677.0": 1.778190927512584e-05,
        "767.0": 9.072277936215842e-06,
        "35.0": 0.004724759912524765,
        "113.0": 0.0011148773964698444,
        "197.0": 0.000473374854394605,
        "287.0": 0.00011550176492628829,
        "353.0": 5.92103237572864e-05,
        "437.0": 0.00012827037101377086,
        "275.0": 3.922736074189486e-05,
        "527.0": 1.2549059183025452e-05,
        "683.0": 8.906736072733888e-06,
        "521.0": 1.181592382056869e-05,
        "773.0": 1.814455587243169e-05,
        "1025.0": 7.456151843517601e-07,
        "255.0": 9.038281308895337e-05,
        "21.0": 0.0008883364147849813,
        "183.0": 0.000215671571128236,
        "273.0": 7.904718783861345e-06,
        "489.0": 9.230563571662536e-06,
        "411.0": 3.567439281109723e-05,
        "339.0": 3.908970399061761e-05,
        "3.0": 1.0392429195090124e-05,
        "333.0": 2.3600692905828164e-05,
        "741.0": 2.1100804760926513e-06,
        "417.0": 1.014340839668118e-05,
        "669.0": 7.2679615481359255e-06,
        "507.0": 1.1741259758003805e-05,
        "759.0": 2.0844823550547943e-06,
        "1011.0": 3.178021824869354e-07
    },