{
    "expected_value": 24.5222,
    "optimal_gammas": [
        3.193068377178425,
        2.209363387341483
    ],
    "optimal_betas": [
        0.9665651930629914,
        2.7431787150723546
    ],
    "problem_identifier": "{'W': [1, 1], 'W_max': 2, 'A': 8, 'B': 4, 'C': 80}",
    "now": "2021-05-05 05:01:19",
    "execution_time": "4:04:50.105773",
    "nfev": 16215,
    "message": "Optimization terminated successfully.",
    "success": true,
    "nit": 267,
    "problem": {
        "W": [
            1,
            1
        ],
        "W_max": 2,
        "A": 8,
        "B": 4,
        "C": 80
    },
    "probability_distribution": {
        "40.0": 0.011,
        "22.0": 0.044700000000000004,
        "49.0": 0.0154,
        "23.0": 0.053899999999999997,
        "1.0": 0.026,
        "31.0": 0.015399999999999999,
        "45.0": 0.0165,
        "5.0": 0.0123,
        "17.0": 0.003,
        "43.0": 0.0269,
        "21.0": 0.0327,
        "3.0": 0.0483,
        "25.0": 0.03479999999999999,
        "11.0": 0.0031999999999999997,
        "29.0": 0.027700000000000002,
        "51.0": 0.0045000000000000005,
        "8.0": 0.010100000000000001,
        "62.0": 0.0055,
        "32.0": 0.043,
        "6.0": 0.058,
        "44.0": 0.03929999999999999,
        "54.0": 0.016,
        "14.0": 0.009300000000000001,
        "28.0": 0.0192,
        "30.0": 0.0246,
        "58.0": 0.0035,
        "10.0": 0.016399999999999998,
        "46.0": 0.018000000000000002,
        "24.0": 0.0736,
        "42.0": 0.0135,
        "4.0": 0.0302,
        "52.0": 0.0104,
        "12.0": 0.006,
        "26.0": 0.027299999999999998,
        "71.0": 0.0048,
        "41.0": 0.017,
        "15.0": 0.0315,
        "55.0": 0.010799999999999999,
        "33.0": 0.0072,
        "47.0": 0.0043,
        "2.0": 0.014,
        "65.0": 0.0028,
        "35.0": 0.025400000000000002,
        "9.0": 0.0207,
        "53.0": 0.009600000000000001,
        "13.0": 0.0097,
        "27.0": 0.0195,
        "56.0": 0.0011,
        "84.0": 0.0007,
        "64.0": 0.0058,
        "38.0": 0.0149
    },
    "probability_distribution_items": [
        [
            40.0,
            0.011
        ],
        [
            22.0,
            0.044700000000000004
        ],
        [
            49.0,
            0.0154
        ],
        [
            23.0,
            0.053899999999999997
        ],
        [
            1.0,
            0.026
        ],
        [
            31.0,
            0.015399999999999999
        ],
        [
            45.0,
            0.0165
        ],
        [
            5.0,
            0.0123
        ],
        [
            17.0,
            0.003
        ],
        [
            43.0,
            0.0269
        ],
        [
            21.0,
            0.0327
        ],
        [
            3.0,
            0.0483
        ],
        [
            25.0,
            0.03479999999999999
        ],
        [
            11.0,
            0.0031999999999999997
        ],
        [
            29.0,
            0.027700000000000002
        ],
        [
            51.0,
            0.0045000000000000005
        ],
        [
            8.0,
            0.010100000000000001
        ],
        [
            62.0,
            0.0055
        ],
        [
            32.0,
            0.043
        ],
        [
            6.0,
            0.058
        ],
        [
            44.0,
            0.03929999999999999
        ],
        [
            54.0,
            0.016
        ],
        [
            14.0,
            0.009300000000000001
        ],
        [
            28.0,
            0.0192
        ],
        [
            30.0,
            0.0246
        ],
        [
            58.0,
            0.0035
        ],
        [
            10.0,
            0.016399999999999998
        ],
        [
            46.0,
            0.018000000000000002
        ],
        [
            24.0,
            0.0736
        ],
        [
            42.0,
            0.0135
        ],
        [
            4.0,
            0.0302
        ],
        [
            52.0,
            0.0104
        ],
        [
            12.0,
            0.006
        ],
        [
            26.0,
            0.027299999999999998
        ],
        [
            71.0,
            0.0048
        ],
        [
            41.0,
            0.017
        ],
        [
            15.0,
            0.0315
        ],
        [
            55.0,
            0.010799999999999999
        ],
        [
            33.0,
            0.0072
        ],
        [
            47.0,
            0.0043
        ],
        [
            2.0,
            0.014
        ],
        [
            65.0,
            0.0028
        ],
        [
            35.0,
            0.025400000000000002
        ],
        [
            9.0,
            0.0207
        ],
        [
            53.0,
            0.009600000000000001
        ],
        [
            13.0,
            0.0097
        ],
        [
            27.0,
            0.0195
        ],
        [
            56.0,
            0.0011
        ],
        [
            84.0,
            0.0007
        ],
        [
            64.0,
            0.0058
        ],
        [
            38.0,
            0.0149
        ]
    ],
    "approximation_ratio": 0.698778313253012,
    "noise": true,
    "p": 2
}