{
    "expected_value": 132.3939,
    "optimal_gammas": [
        4.116275565067154,
        6.015648971059695,
        1.1940230189891485,
        1.8609563903150033,
        0.6416572059414087,
        2.063842807308818,
        2.817934456866855
    ],
    "optimal_betas": [
        1.1068551974842555,
        2.7963063528786067,
        2.1314188760798065,
        2.1339756671561037,
        0.054572797797888484,
        1.6204803830362138,
        0.13643078631934147
    ],
    "problem_identifier": "{'W': [1, 1], 'W_max': 2, 'A': 24, 'B': 4, 'C': 432}",
    "now": "2021-05-04 18:26:25",
    "execution_time": "0:22:25.938772",
    "nfev": 870,
    "message": "Optimization terminated successfully.",
    "success": true,
    "nit": 1,
    "problem": {
        "W": [
            1,
            1
        ],
        "W_max": 2,
        "A": 24,
        "B": 4,
        "C": 432
    },
    "optimal_cost": 1.0,
    "probability_distribution": {
        "216.0": 0.002,
        "114.0": 0.0161,
        "241.0": 0.015300000000000001,
        "115.0": 0.029099999999999997,
        "1.0": 0.0085,
        "139.0": 0.030000000000000002,
        "229.0": 0.0171,
        "13.0": 0.0166,
        "49.0": 0.007,
        "223.0": 0.0218,
        "109.0": 0.0153,
        "7.0": 0.020999999999999998,
        "121.0": 0.0259,
        "31.0": 0.0063,
        "133.0": 0.016300000000000002,
        "247.0": 0.0078,
        "24.0": 0.009000000000000001,
        "274.0": 0.0046,
        "136.0": 0.015099999999999999,
        "10.0": 0.0106,
        "172.0": 0.0132,
        "250.0": 0.025400000000000002,
        "34.0": 0.0165,
        "124.0": 0.017,
        "82.0": 0.0085,
        "160.0": 0.0165,
        "228.0": 0.0088,
        "266.0": 0.0034,
        "140.0": 0.0147,
        "26.0": 0.0076,
        "230.0": 0.0162,
        "14.0": 0.0176,
        "116.0": 0.04529999999999999,
        "218.0": 0.013500000000000002,
        "12.0": 0.0087,
        "248.0": 0.0058,
        "134.0": 0.0152,
        "32.0": 0.008,
        "122.0": 0.0345,
        "224.0": 0.025300000000000003,
        "8.0": 0.0235,
        "110.0": 0.016399999999999998,
        "138.0": 0.0175,
        "299.0": 0.004999999999999999,
        "161.0": 0.0144,
        "35.0": 0.0245,
        "173.0": 0.0146,
        "251.0": 0.0143,
        "125.0": 0.0186,
        "59.0": 0.0068000000000000005,
        "137.0": 0.0172,
        "227.0": 0.008799999999999999,
        "2.0": 0.0089,
        "281.0": 0.0057,
        "143.0": 0.0298,
        "17.0": 0.0083,
        "167.0": 0.014499999999999999,
        "245.0": 0.0144,
        "29.0": 0.016200000000000003,
        "119.0": 0.0196,
        "65.0": 0.0063999999999999994,
        "233.0": 0.0115,
        "264.0": 0.0052,
        "332.0": 0.0032,
        "194.0": 0.012499999999999999,
        "68.0": 0.0076,
        "272.0": 0.007299999999999999,
        "56.0": 0.006,
        "146.0": 0.0174,
        "236.0": 0.0068
    },
    "probability_distribution_items": [
        [
            216.0,
            0.002
        ],
        [
            114.0,
            0.0161
        ],
        [
            241.0,
            0.015300000000000001
        ],
        [
            115.0,
            0.029099999999999997
        ],
        [
            1.0,
            0.0085
        ],
        [
            139.0,
            0.030000000000000002
        ],
        [
            229.0,
            0.0171
        ],
        [
            13.0,
            0.0166
        ],
        [
            49.0,
            0.007
        ],
        [
            223.0,
            0.0218
        ],
        [
            109.0,
            0.0153
        ],
        [
            7.0,
            0.020999999999999998
        ],
        [
            121.0,
            0.0259
        ],
        [
            31.0,
            0.0063
        ],
        [
            133.0,
            0.016300000000000002
        ],
        [
            247.0,
            0.0078
        ],
        [
            24.0,
            0.009000000000000001
        ],
        [
            274.0,
            0.0046
        ],
        [
            136.0,
            0.015099999999999999
        ],
        [
            10.0,
            0.0106
        ],
        [
            172.0,
            0.0132
        ],
        [
            250.0,
            0.025400000000000002
        ],
        [
            34.0,
            0.0165
        ],
        [
            124.0,
            0.017
        ],
        [
            82.0,
            0.0085
        ],
        [
            160.0,
            0.0165
        ],
        [
            228.0,
            0.0088
        ],
        [
            266.0,
            0.0034
        ],
        [
            140.0,
            0.0147
        ],
        [
            26.0,
            0.0076
        ],
        [
            230.0,
            0.0162
        ],
        [
            14.0,
            0.0176
        ],
        [
            116.0,
            0.04529999999999999
        ],
        [
            218.0,
            0.013500000000000002
        ],
        [
            12.0,
            0.0087
        ],
        [
            248.0,
            0.0058
        ],
        [
            134.0,
            0.0152
        ],
        [
            32.0,
            0.008
        ],
        [
            122.0,
            0.0345
        ],
        [
            224.0,
            0.025300000000000003
        ],
        [
            8.0,
            0.0235
        ],
        [
            110.0,
            0.016399999999999998
        ],
        [
            138.0,
            0.0175
        ],
        [
            299.0,
            0.004999999999999999
        ],
        [
            161.0,
            0.0144
        ],
        [
            35.0,
            0.0245
        ],
        [
            173.0,
            0.0146
        ],
        [
            251.0,
            0.0143
        ],
        [
            125.0,
            0.0186
        ],
        [
            59.0,
            0.0068000000000000005
        ],
        [
            137.0,
            0.0172
        ],
        [
            227.0,
            0.008799999999999999
        ],
        [
            2.0,
            0.0089
        ],
        [
            281.0,
            0.0057
        ],
        [
            143.0,
            0.0298
        ],
        [
            17.0,
            0.0083
        ],
        [
            167.0,
            0.014499999999999999
        ],
        [
            245.0,
            0.0144
        ],
        [
            29.0,
            0.016200000000000003
        ],
        [
            119.0,
            0.0196
        ],
        [
            65.0,
            0.0063999999999999994
        ],
        [
            233.0,
            0.0115
        ],
        [
            264.0,
            0.0052
        ],
        [
            332.0,
            0.0032
        ],
        [
            194.0,
            0.012499999999999999
        ],
        [
            68.0,
            0.0076
        ],
        [
            272.0,
            0.007299999999999999
        ],
        [
            56.0,
            0.006
        ],
        [
            146.0,
            0.0174
        ],
        [
            236.0,
            0.0068
        ]
    ],
    "approximation_ratio": 132.1513,
    "approximation_ratio_offset": 0.6037725075528702,
    "noise": true,
    "p": 7
}