{
    "expected_value": 179.0702,
    "optimal_gammas": [
        6.26993082746062,
        4.239055707143088,
        2.819303935228098,
        1.58959108129047,
        0.557648824057642,
        2.7996726585876712,
        3.8774688455672393
    ],
    "optimal_betas": [
        1.27021594158203,
        2.411757539065851,
        1.670162365010798,
        1.5279996610540836,
        0.4368495394360805,
        1.303984217764562,
        0.28137042983315497
    ],
    "problem_identifier": "{'W': [1, 1], 'W_max': 2, 'A': 24, 'B': 4, 'C': 624}",
    "now": "2021-05-04 18:21:49",
    "execution_time": "0:18:18.103103",
    "nfev": 735,
    "message": "Optimization terminated successfully.",
    "success": true,
    "nit": 1,
    "problem": {
        "W": [
            1,
            1
        ],
        "W_max": 2,
        "A": 24,
        "B": 4,
        "C": 624
    },
    "probability_distribution": {
        "312.0": 0.0052,
        "162.0": 0.017,
        "337.0": 0.0164,
        "163.0": 0.036199999999999996,
        "1.0": 0.0126,
        "187.0": 0.0302,
        "325.0": 0.015,
        "13.0": 0.0147,
        "49.0": 0.0069,
        "319.0": 0.020599999999999997,
        "157.0": 0.0168,
        "7.0": 0.028200000000000003,
        "169.0": 0.029500000000000002,
        "31.0": 0.006699999999999999,
        "181.0": 0.0148,
        "343.0": 0.006999999999999999,
        "24.0": 0.0092,
        "370.0": 0.0085,
        "184.0": 0.0172,
        "10.0": 0.0115,
        "220.0": 0.0143,
        "346.0": 0.0285,
        "34.0": 0.016800000000000002,
        "172.0": 0.0184,
        "82.0": 0.0094,
        "208.0": 0.0154,
        "324.0": 0.006200000000000001,
        "362.0": 0.0035,
        "188.0": 0.013,
        "26.0": 0.009000000000000001,
        "326.0": 0.0134,
        "14.0": 0.014799999999999999,
        "164.0": 0.043300000000000005,
        "314.0": 0.0103,
        "12.0": 0.0072,
        "344.0": 0.0091,
        "182.0": 0.016300000000000002,
        "32.0": 0.0089,
        "170.0": 0.031,
        "320.0": 0.0256,
        "8.0": 0.0247,
        "158.0": 0.018199999999999997,
        "186.0": 0.0126,
        "395.0": 0.0072,
        "209.0": 0.0171,
        "35.0": 0.025599999999999998,
        "221.0": 0.013999999999999999,
        "347.0": 0.0132,
        "173.0": 0.013999999999999999,
        "59.0": 0.009600000000000001,
        "185.0": 0.0169,
        "323.0": 0.0097,
        "2.0": 0.004999999999999999,
        "377.0": 0.006699999999999999,
        "191.0": 0.030299999999999997,
        "17.0": 0.0087,
        "215.0": 0.0109,
        "341.0": 0.0137,
        "29.0": 0.0129,
        "167.0": 0.0155,
        "65.0": 0.0076,
        "329.0": 0.0093,
        "360.0": 0.0031,
        "428.0": 0.0032,
        "242.0": 0.0126,
        "68.0": 0.0057,
        "368.0": 0.0063999999999999994,
        "56.0": 0.0063,
        "194.0": 0.0165,
        "332.0": 0.0042
    },
    "probability_distribution_items": [
        [
            312.0,
            0.0052
        ],
        [
            162.0,
            0.017
        ],
        [
            337.0,
            0.0164
        ],
        [
            163.0,
            0.036199999999999996
        ],
        [
            1.0,
            0.0126
        ],
        [
            187.0,
            0.0302
        ],
        [
            325.0,
            0.015
        ],
        [
            13.0,
            0.0147
        ],
        [
            49.0,
            0.0069
        ],
        [
            319.0,
            0.020599999999999997
        ],
        [
            157.0,
            0.0168
        ],
        [
            7.0,
            0.028200000000000003
        ],
        [
            169.0,
            0.029500000000000002
        ],
        [
            31.0,
            0.006699999999999999
        ],
        [
            181.0,
            0.0148
        ],
        [
            343.0,
            0.006999999999999999
        ],
        [
            24.0,
            0.0092
        ],
        [
            370.0,
            0.0085
        ],
        [
            184.0,
            0.0172
        ],
        [
            10.0,
            0.0115
        ],
        [
            220.0,
            0.0143
        ],
        [
            346.0,
            0.0285
        ],
        [
            34.0,
            0.016800000000000002
        ],
        [
            172.0,
            0.0184
        ],
        [
            82.0,
            0.0094
        ],
        [
            208.0,
            0.0154
        ],
        [
            324.0,
            0.006200000000000001
        ],
        [
            362.0,
            0.0035
        ],
        [
            188.0,
            0.013
        ],
        [
            26.0,
            0.009000000000000001
        ],
        [
            326.0,
            0.0134
        ],
        [
            14.0,
            0.014799999999999999
        ],
        [
            164.0,
            0.043300000000000005
        ],
        [
            314.0,
            0.0103
        ],
        [
            12.0,
            0.0072
        ],
        [
            344.0,
            0.0091
        ],
        [
            182.0,
            0.016300000000000002
        ],
        [
            32.0,
            0.0089
        ],
        [
            170.0,
            0.031
        ],
        [
            320.0,
            0.0256
        ],
        [
            8.0,
            0.0247
        ],
        [
            158.0,
            0.018199999999999997
        ],
        [
            186.0,
            0.0126
        ],
        [
            395.0,
            0.0072
        ],
        [
            209.0,
            0.0171
        ],
        [
            35.0,
            0.025599999999999998
        ],
        [
            221.0,
            0.013999999999999999
        ],
        [
            347.0,
            0.0132
        ],
        [
            173.0,
            0.013999999999999999
        ],
        [
            59.0,
            0.009600000000000001
        ],
        [
            185.0,
            0.0169
        ],
        [
            323.0,
            0.0097
        ],
        [
            2.0,
            0.004999999999999999
        ],
        [
            377.0,
            0.006699999999999999
        ],
        [
            191.0,
            0.030299999999999997
        ],
        [
            17.0,
            0.0087
        ],
        [
            215.0,
            0.0109
        ],
        [
            341.0,
            0.0137
        ],
        [
            29.0,
            0.0129
        ],
        [
            167.0,
            0.0155
        ],
        [
            65.0,
            0.0076
        ],
        [
            329.0,
            0.0093
        ],
        [
            360.0,
            0.0031
        ],
        [
            428.0,
            0.0032
        ],
        [
            242.0,
            0.0126
        ],
        [
            68.0,
            0.0057
        ],
        [
            368.0,
            0.0063999999999999994
        ],
        [
            56.0,
            0.0063
        ],
        [
            194.0,
            0.0165
        ],
        [
            332.0,
            0.0042
        ]
    ],
    "approximation_ratio": 0.5771817330210773,
    "noise": true,
    "p": 7
}