{
    "expected_value": 177.728,
    "optimal_gammas": [
        5.99582867683988,
        3.57812419263307,
        5.988436627566504,
        2.502633585694152,
        1.8775458862205971,
        4.380302667670802
    ],
    "optimal_betas": [
        2.582495200780509,
        1.4538324634694073,
        0.4421960499956399,
        1.8737480265284758,
        2.714426040341017,
        0.7122103881990715
    ],
    "problem_identifier": "{'W': [1, 1], 'W_max': 2, 'A': 24, 'B': 4, 'C': 624}",
    "now": "2021-05-04 17:32:36",
    "execution_time": "0:14:38.199341",
    "nfev": 698,
    "message": "Optimization terminated successfully.",
    "success": true,
    "nit": 1,
    "problem": {
        "W": [
            1,
            1
        ],
        "W_max": 2,
        "A": 24,
        "B": 4,
        "C": 624
    },
    "optimal_cost": 1.0,
    "probability_distribution": {
        "312.0": 0.005,
        "162.0": 0.0165,
        "337.0": 0.0175,
        "163.0": 0.0332,
        "1.0": 0.0081,
        "187.0": 0.0317,
        "325.0": 0.019299999999999998,
        "13.0": 0.015300000000000001,
        "49.0": 0.0079,
        "319.0": 0.026099999999999998,
        "157.0": 0.0162,
        "7.0": 0.025500000000000002,
        "169.0": 0.0329,
        "31.0": 0.0068000000000000005,
        "181.0": 0.013699999999999999,
        "343.0": 0.0058,
        "24.0": 0.0093,
        "370.0": 0.0079,
        "184.0": 0.0173,
        "10.0": 0.0098,
        "220.0": 0.016300000000000002,
        "346.0": 0.0235,
        "34.0": 0.015,
        "172.0": 0.0139,
        "82.0": 0.0060999999999999995,
        "208.0": 0.012899999999999998,
        "324.0": 0.0082,
        "362.0": 0.0052,
        "188.0": 0.0158,
        "26.0": 0.009000000000000001,
        "326.0": 0.0152,
        "14.0": 0.017400000000000002,
        "164.0": 0.0432,
        "314.0": 0.012399999999999998,
        "12.0": 0.0083,
        "344.0": 0.009500000000000001,
        "182.0": 0.0158,
        "32.0": 0.009600000000000001,
        "170.0": 0.0294,
        "320.0": 0.0201,
        "8.0": 0.022600000000000002,
        "158.0": 0.015200000000000002,
        "186.0": 0.015700000000000002,
        "395.0": 0.0075,
        "209.0": 0.0159,
        "35.0": 0.0205,
        "221.0": 0.015700000000000002,
        "347.0": 0.0159,
        "173.0": 0.015199999999999998,
        "59.0": 0.0071,
        "185.0": 0.0138,
        "323.0": 0.0063999999999999994,
        "2.0": 0.0087,
        "377.0": 0.008199999999999999,
        "191.0": 0.030699999999999998,
        "17.0": 0.0075,
        "215.0": 0.017,
        "341.0": 0.0168,
        "29.0": 0.0164,
        "167.0": 0.0133,
        "65.0": 0.0055,
        "329.0": 0.007899999999999999,
        "360.0": 0.0042,
        "428.0": 0.0027,
        "242.0": 0.012799999999999999,
        "68.0": 0.008,
        "368.0": 0.0083,
        "56.0": 0.0075,
        "194.0": 0.0165,
        "332.0": 0.0039
    },
    "probability_distribution_items": [
        [
            312.0,
            0.005
        ],
        [
            162.0,
            0.0165
        ],
        [
            337.0,
            0.0175
        ],
        [
            163.0,
            0.0332
        ],
        [
            1.0,
            0.0081
        ],
        [
            187.0,
            0.0317
        ],
        [
            325.0,
            0.019299999999999998
        ],
        [
            13.0,
            0.015300000000000001
        ],
        [
            49.0,
            0.0079
        ],
        [
            319.0,
            0.026099999999999998
        ],
        [
            157.0,
            0.0162
        ],
        [
            7.0,
            0.025500000000000002
        ],
        [
            169.0,
            0.0329
        ],
        [
            31.0,
            0.0068000000000000005
        ],
        [
            181.0,
            0.013699999999999999
        ],
        [
            343.0,
            0.0058
        ],
        [
            24.0,
            0.0093
        ],
        [
            370.0,
            0.0079
        ],
        [
            184.0,
            0.0173
        ],
        [
            10.0,
            0.0098
        ],
        [
            220.0,
            0.016300000000000002
        ],
        [
            346.0,
            0.0235
        ],
        [
            34.0,
            0.015
        ],
        [
            172.0,
            0.0139
        ],
        [
            82.0,
            0.0060999999999999995
        ],
        [
            208.0,
            0.012899999999999998
        ],
        [
            324.0,
            0.0082
        ],
        [
            362.0,
            0.0052
        ],
        [
            188.0,
            0.0158
        ],
        [
            26.0,
            0.009000000000000001
        ],
        [
            326.0,
            0.0152
        ],
        [
            14.0,
            0.017400000000000002
        ],
        [
            164.0,
            0.0432
        ],
        [
            314.0,
            0.012399999999999998
        ],
        [
            12.0,
            0.0083
        ],
        [
            344.0,
            0.009500000000000001
        ],
        [
            182.0,
            0.0158
        ],
        [
            32.0,
            0.009600000000000001
        ],
        [
            170.0,
            0.0294
        ],
        [
            320.0,
            0.0201
        ],
        [
            8.0,
            0.022600000000000002
        ],
        [
            158.0,
            0.015200000000000002
        ],
        [
            186.0,
            0.015700000000000002
        ],
        [
            395.0,
            0.0075
        ],
        [
            209.0,
            0.0159
        ],
        [
            35.0,
            0.0205
        ],
        [
            221.0,
            0.015700000000000002
        ],
        [
            347.0,
            0.0159
        ],
        [
            173.0,
            0.015199999999999998
        ],
        [
            59.0,
            0.0071
        ],
        [
            185.0,
            0.0138
        ],
        [
            323.0,
            0.0063999999999999994
        ],
        [
            2.0,
            0.0087
        ],
        [
            377.0,
            0.008199999999999999
        ],
        [
            191.0,
            0.030699999999999998
        ],
        [
            17.0,
            0.0075
        ],
        [
            215.0,
            0.017
        ],
        [
            341.0,
            0.0168
        ],
        [
            29.0,
            0.0164
        ],
        [
            167.0,
            0.0133
        ],
        [
            65.0,
            0.0055
        ],
        [
            329.0,
            0.007899999999999999
        ],
        [
            360.0,
            0.0042
        ],
        [
            428.0,
            0.0027
        ],
        [
            242.0,
            0.012799999999999999
        ],
        [
            68.0,
            0.008
        ],
        [
            368.0,
            0.0083
        ],
        [
            56.0,
            0.0075
        ],
        [
            194.0,
            0.0165
        ],
        [
            332.0,
            0.0039
        ]
    ],
    "approximation_ratio": 182.8714,
    "approximation_ratio_offset": 0.5740716627634661,
    "noise": true,
    "p": 6
}