{
    "expected_value": 281.12019755681877,
    "optimal_gammas": [
        0.3491185645250799
    ],
    "optimal_betas": [
        2.552442979225196
    ],
    "problem_identifier": "{'W': [1, 1], 'W_max': 2, 'A': 56, 'B': 4, 'C': 1008}",
    "now": "2021-05-05 18:51:02",
    "execution_time": "0:18:29.894845",
    "nfev": 1674,
    "message": "Optimization terminated successfully.",
    "success": true,
    "nit": 54,
    "problem": {
        "W": [
            1,
            1
        ],
        "W_max": 2,
        "A": 56,
        "B": 4,
        "C": 1008
    },
    "optimal_cost": 1.0,
    "probability_distribution": {
        "504.0": 0.15178688250628616,
        "266.0": 0.04544768319563639,
        "56.0": 0.056569423959185766,
        "532.0": 0.0024742501751096584,
        "28.0": 0.0009278280603064002,
        "322.0": 0.008472980200595712,
        "616.0": 0.00531783877753755,
        "561.0": 0.04012027897858344,
        "267.0": 0.03603708477683068,
        "1.0": 0.0962481380699341,
        "323.0": 0.00746354330093071,
        "533.0": 0.0009116988276795139,
        "29.0": 0.002319616584576904,
        "113.0": 0.004442637668181058,
        "519.0": 0.023013287933666852,
        "253.0": 0.021635893336725522,
        "15.0": 0.09856775465451104,
        "281.0": 0.017689650085612785,
        "71.0": 0.004442637668181054,
        "309.0": 0.004175084655423086,
        "575.0": 0.018018689872596104,
        "634.0": 0.0008181080879682463,
        "312.0": 0.04447487907964798,
        "18.0": 0.04932934852327013,
        "396.0": 0.00012480134844254225,
        "578.0": 0.011668534667323954,
        "74.0": 0.004088871849231126,
        "284.0": 0.007386127942185285,
        "186.0": 0.0001271074432311645,
        "368.0": 0.008628830935127074,
        "618.0": 0.000533489463944962,
        "324.0": 0.0014425657064535084,
        "58.0": 0.0062171870468897385,
        "534.0": 0.01565892334973233,
        "30.0": 0.006449749334007795,
        "268.0": 0.014689896415598995,
        "506.0": 0.015125433885787371,
        "576.0": 0.0016066410894559078,
        "310.0": 0.0016520773301681474,
        "72.0": 0.007516339098623475,
        "282.0": 0.00867760357028267,
        "520.0": 0.03286945186912752,
        "16.0": 0.007987301387571895,
        "254.0": 0.0070255262401145244,
        "691.0": 8.74382710516856e-05,
        "369.0": 0.0029397932166007334,
        "75.0": 0.004473434649497211,
        "397.0": 6.203096067703719e-05,
        "579.0": 0.0019288313436697626,
        "285.0": 0.0033700832860802123,
        "131.0": 0.00027409238019135884,
        "313.0": 0.013937499391582056,
        "523.0": 0.015549010124567095,
        "2.0": 0.0002325622871180519,
        "649.0": 8.743827105168445e-05,
        "327.0": 0.016877292608182794,
        "33.0": 0.0032623318302322708,
        "383.0": 6.203096067703738e-05,
        "565.0": 0.0019288313436697643,
        "61.0": 0.0012111028192649362,
        "271.0": 0.0033700832860802114,
        "145.0": 0.0002740923801913581,
        "537.0": 0.015549010124567088,
        "764.0": 3.9237208093133934e-07,
        "442.0": 0.00014640550738468072,
        "148.0": 0.00016316466610898097,
        "624.0": 0.0017404861882638128,
        "120.0": 0.0013673232511383464,
        "330.0": 0.006872932028522559,
        "540.0": 0.004050627499271229
    },
    "probability_distribution_items": [
        [
            504.0,
            0.15178688250628616
        ],
        [
            266.0,
            0.04544768319563639
        ],
        [
            56.0,
            0.056569423959185766
        ],
        [
            532.0,
            0.0024742501751096584
        ],
        [
            28.0,
            0.0009278280603064002
        ],
        [
            322.0,
            0.008472980200595712
        ],
        [
            616.0,
            0.00531783877753755
        ],
        [
            561.0,
            0.04012027897858344
        ],
        [
            267.0,
            0.03603708477683068
        ],
        [
            1.0,
            0.0962481380699341
        ],
        [
            323.0,
            0.00746354330093071
        ],
        [
            533.0,
            0.0009116988276795139
        ],
        [
            29.0,
            0.002319616584576904
        ],
        [
            113.0,
            0.004442637668181058
        ],
        [
            519.0,
            0.023013287933666852
        ],
        [
            253.0,
            0.021635893336725522
        ],
        [
            15.0,
            0.09856775465451104
        ],
        [
            281.0,
            0.017689650085612785
        ],
        [
            71.0,
            0.004442637668181054
        ],
        [
            309.0,
            0.004175084655423086
        ],
        [
            575.0,
            0.018018689872596104
        ],
        [
            634.0,
            0.0008181080879682463
        ],
        [
            312.0,
            0.04447487907964798
        ],
        [
            18.0,
            0.04932934852327013
        ],
        [
            396.0,
            0.00012480134844254225
        ],
        [
            578.0,
            0.011668534667323954
        ],
        [
            74.0,
            0.004088871849231126
        ],
        [
            284.0,
            0.007386127942185285
        ],
        [
            186.0,
            0.0001271074432311645
        ],
        [
            368.0,
            0.008628830935127074
        ],
        [
            618.0,
            0.000533489463944962
        ],
        [
            324.0,
            0.0014425657064535084
        ],
        [
            58.0,
            0.0062171870468897385
        ],
        [
            534.0,
            0.01565892334973233
        ],
        [
            30.0,
            0.006449749334007795
        ],
        [
            268.0,
            0.014689896415598995
        ],
        [
            506.0,
            0.015125433885787371
        ],
        [
            576.0,
            0.0016066410894559078
        ],
        [
            310.0,
            0.0016520773301681474
        ],
        [
            72.0,
            0.007516339098623475
        ],
        [
            282.0,
            0.00867760357028267
        ],
        [
            520.0,
            0.03286945186912752
        ],
        [
            16.0,
            0.007987301387571895
        ],
        [
            254.0,
            0.0070255262401145244
        ],
        [
            691.0,
            8.74382710516856e-05
        ],
        [
            369.0,
            0.0029397932166007334
        ],
        [
            75.0,
            0.004473434649497211
        ],
        [
            397.0,
            6.203096067703719e-05
        ],
        [
            579.0,
            0.0019288313436697626
        ],
        [
            285.0,
            0.0033700832860802123
        ],
        [
            131.0,
            0.00027409238019135884
        ],
        [
            313.0,
            0.013937499391582056
        ],
        [
            523.0,
            0.015549010124567095
        ],
        [
            2.0,
            0.0002325622871180519
        ],
        [
            649.0,
            8.743827105168445e-05
        ],
        [
            327.0,
            0.016877292608182794
        ],
        [
            33.0,
            0.0032623318302322708
        ],
        [
            383.0,
            6.203096067703738e-05
        ],
        [
            565.0,
            0.0019288313436697643
        ],
        [
            61.0,
            0.0012111028192649362
        ],
        [
            271.0,
            0.0033700832860802114
        ],
        [
            145.0,
            0.0002740923801913581
        ],
        [
            537.0,
            0.015549010124567088
