{
    "expected_value": 2.09,
    "optimal_gammas": [
        2.6304380132450826,
        0.9080390305472521,
        1.0289880297114278,
        2.704856924505112,
        0.6969554845792891,
        2.6488487742847644
    ],
    "optimal_betas": [
        0.6445524014197215,
        0.18229096035809977,
        0.4994965920029317,
        0.5929288570975337,
        0.7639371716025359,
        1.2858446833091652
    ],
    "problem_identifier": "{'W': [1], 'W_max': 1, 'A': 8, 'B': 4, 'C': 12}",
    "now": "2021-05-04 03:39:13",
    "execution_time": "5:58:14.087650",
    "problem": {
        "W": [
            1
        ],
        "W_max": 1,
        "A": 8,
        "B": 4,
        "C": 12
    },
    "probability_distribution": {
        "3.0": 0.415,
        "2.0": 0.0587,
        "6.0": 0.0503,
        "1.0": 0.476
    },
    "probability_distribution_items": [
        [
            3.0,
            0.415
        ],
        [
            2.0,
            0.0587
        ],
        [
            6.0,
            0.0503
        ],
        [
            1.0,
            0.476
        ]
    ],
    "approximation_ratio": 0.77098,
    "noise": true,
    "p": 6
}