{
    "expected_value": 1.9919,
    "optimal_gammas": [
        3.5422085589590857,
        3.092028556633424
    ],
    "optimal_betas": [
        2.753309907729225,
        1.5346673174037486
    ],
    "problem_identifier": "{'W': [1], 'W_max': 1, 'A': 8, 'B': 4, 'C': 12}",
    "now": "2021-05-04 18:45:45",
    "execution_time": "1:02:23.325432",
    "nfev": 9790,
    "message": "Optimization terminated successfully.",
    "success": true,
    "nit": 159,
    "problem": {
        "W": [
            1
        ],
        "W_max": 1,
        "A": 8,
        "B": 4,
        "C": 12
    },
    "optimal_cost": 1.0,
    "probability_distribution": {
        "3.0": 0.4634,
        "2.0": 0.0227,
        "6.0": 0.0171,
        "1.0": 0.4968
    },
    "probability_distribution_items": [
        [
            3.0,
            0.4634
        ],
        [
            2.0,
            0.0227
        ],
        [
            6.0,
            0.0171
        ],
        [
            1.0,
            0.4968
        ]
    ],
    "approximation_ratio": 2.054,
    "approximation_ratio_offset": 0.7892,
    "noise": true,
    "p": 2
}