{
    "expected_value": 200.4262,
    "optimal_gammas": [
        2.8456936777374384
    ],
    "optimal_betas": [
        2.856235434581196
    ],
    "problem_identifier": "{'W': [1, 1], 'W_max': 2, 'A': 40, 'B': 4, 'C': 720}",
    "now": "2021-05-04 18:55:51",
    "execution_time": "0:28:41.679139",
    "nfev": 3330,
    "message": "Optimization terminated successfully.",
    "success": true,
    "nit": 108,
    "problem": {
        "W": [
            1,
            1
        ],
        "W_max": 2,
        "A": 40,
        "B": 4,
        "C": 720
    },
    "optimal_cost": 1.0,
    "probability_distribution": {
        "360.0": 0.0243,
        "190.0": 0.0222,
        "401.0": 0.0236,
        "191.0": 0.0649,
        "1.0": 0.013000000000000001,
        "231.0": 0.0144,
        "381.0": 0.015899999999999997,
        "21.0": 0.013300000000000001,
        "81.0": 0.001,
        "371.0": 0.0346,
        "181.0": 0.0595,
        "11.0": 0.029199999999999997,
        "201.0": 0.019399999999999997,
        "51.0": 0.0012000000000000001,
        "221.0": 0.0029000000000000002,
        "411.0": 0.0004,
        "40.0": 0.0031,
        "454.0": 0.0027,
        "224.0": 0.0334,
        "14.0": 0.049600000000000005,
        "284.0": 0.0021000000000000003,
        "414.0": 0.0095,
        "54.0": 0.0149,
        "204.0": 0.0305,
        "134.0": 0.0002,
        "264.0": 0.0011,
        "380.0": 0.0036000000000000003,
        "442.0": 0.0017,
        "232.0": 0.0121,
        "42.0": 0.004,
        "382.0": 0.012599999999999998,
        "22.0": 0.013600000000000001,
        "192.0": 0.0335,
        "362.0": 0.0114,
        "20.0": 0.0018,
        "412.0": 0.0087,
        "222.0": 0.0225,
        "52.0": 0.0069,
        "202.0": 0.0456,
        "372.0": 0.0376,
        "12.0": 0.04,
        "182.0": 0.018099999999999998,
        "230.0": 0.0012,
        "495.0": 0.0002,
        "265.0": 0.006200000000000001,
        "55.0": 0.0208,
        "285.0": 0.002,
        "415.0": 0.0137,
        "205.0": 0.038900000000000004,
        "95.0": 0.0009,
        "225.0": 0.008,
        "375.0": 0.0125,
        "2.0": 0.0098,
        "465.0": 0.0015,
        "235.0": 0.0133,
        "25.0": 0.0097,
        "275.0": 0.0021999999999999997,
        "405.0": 0.0132,
        "45.0": 0.0088,
        "195.0": 0.0374,
        "105.0": 0.0005,
        "385.0": 0.0098,
        "318.0": 0.0014,
        "108.0": 0.0014,
        "448.0": 0.0026,
        "88.0": 0.0010999999999999998,
        "238.0": 0.0123,
        "388.0": 0.01
    },
    "probability_distribution_items": [
        [
            360.0,
            0.0243
        ],
        [
            190.0,
            0.0222
        ],
        [
            401.0,
            0.0236
        ],
        [
            191.0,
            0.0649
        ],
        [
            1.0,
            0.013000000000000001
        ],
        [
            231.0,
            0.0144
        ],
        [
            381.0,
            0.015899999999999997
        ],
        [
            21.0,
            0.013300000000000001
        ],
        [
            81.0,
            0.001
        ],
        [
            371.0,
            0.0346
        ],
        [
            181.0,
            0.0595
        ],
        [
            11.0,
            0.029199999999999997
        ],
        [
            201.0,
            0.019399999999999997
        ],
        [
            51.0,
            0.0012000000000000001
        ],
        [
            221.0,
            0.0029000000000000002
        ],
        [
            411.0,
            0.0004
        ],
        [
            40.0,
            0.0031
        ],
        [
            454.0,
            0.0027
        ],
        [
            224.0,
            0.0334
        ],
        [
            14.0,
            0.049600000000000005
        ],
        [
            284.0,
            0.0021000000000000003
        ],
        [
            414.0,
            0.0095
        ],
        [
            54.0,
            0.0149
        ],
        [
            204.0,
            0.0305
        ],
        [
            134.0,
            0.0002
        ],
        [
            264.0,
            0.0011
        ],
        [
            380.0,
            0.0036000000000000003
        ],
        [
            442.0,
            0.0017
        ],
        [
            232.0,
            0.0121
        ],
        [
            42.0,
            0.004
        ],
        [
            382.0,
            0.012599999999999998
        ],
        [
            22.0,
            0.013600000000000001
        ],
        [
            192.0,
            0.0335
        ],
        [
            362.0,
            0.0114
        ],
        [
            20.0,
            0.0018
        ],
        [
            412.0,
            0.0087
        ],
        [
            222.0,
            0.0225
        ],
        [
            52.0,
            0.0069
        ],
        [
            202.0,
            0.0456
        ],
        [
            372.0,
            0.0376
        ],
        [
            12.0,
            0.04
        ],
        [
            182.0,
            0.018099999999999998
        ],
        [
            230.0,
            0.0012
        ],
        [
            495.0,
            0.0002
        ],
        [
            265.0,
            0.006200000000000001
        ],
        [
            55.0,
            0.0208
        ],
        [
            285.0,
            0.002
        ],
        [
            415.0,
            0.0137
        ],
        [
            205.0,
            0.038900000000000004
        ],
        [
            95.0,
            0.0009
        ],
        [
            225.0,
            0.008
        ],
        [
            375.0,
            0.0125
        ],
        [
            2.0,
            0.0098
        ],
        [
            465.0,
            0.0015
        ],
        [
            235.0,
            0.0133
        ],
        [
            25.0,
            0.0097
        ],
        [
            275.0,
            0.0021999999999999997
        ],
        [
            405.0,
            0.0132
        ],
        [
            45.0,
            0.0088
        ],
        [
            195.0,
            0.0374
        ],
        [
            105.0,
            0.0005
        ],
        [
            385.0,
            0.0098
        ],
        [
            318.0,
            0.0014
        ],
        [
            108.0,
            0.0014
        ],
        [
            448.0,
            0.0026
        ],
        [
            88.0,
            0.0010999999999999998
        ],
        [
            238.0,
            0.0123
        ],
        [
            388.0,
            0.01
        ]
    ],
    "approximation_ratio": 205.8201,
    "approximation_ratio_offset": 0.5853844129554655,
    "noise": true,
    "p": 1
}