{
    "expected_value": 61.32563163747939,
    "optimal_gammas": [
        0.9849609461462513
    ],
    "optimal_betas": [
        2.739443284632273
    ],
    "problem_identifier": "{'W': [1, 1], 'W_max': 2, 'A': 8, 'B': 4, 'C': 208}",
    "now": "2021-05-05 11:18:10",
    "execution_time": "0:00:57.383940",
    "nfev": 201,
    "message": "Optimization terminated successfully.",
    "success": true,
    "nit": 4,
    "problem": {
        "W": [
            1,
            1
        ],
        "W_max": 2,
        "A": 8,
        "B": 4,
        "C": 208
    },
    "optimal_cost": 1.0,
    "probability_distribution": {
        "104.0": 0.03330972081044796,
        "54.0": 0.04209521377727399,
        "8.0": 0.02682776715915635,
        "108.0": 0.07084559237856589,
        "4.0": 0.02226576157754602,
        "62.0": 0.005771144959841565,
        "120.0": 0.0035433221191200686,
        "113.0": 0.00728616289537924,
        "55.0": 0.04411626905919371,
        "1.0": 0.004270273274168342,
        "63.0": 0.014465128860779514,
        "109.0": 0.0038801593526043604,
        "5.0": 0.016634757618686047,
        "17.0": 0.0017466491859649002,
        "107.0": 0.006332267230689654,
        "53.0": 0.04329425284934763,
        "3.0": 0.020905030892854407,
        "57.0": 0.0055362438971902775,
        "11.0": 0.0017466491859649002,
        "61.0": 0.01583625244669133,
        "115.0": 0.0009464698275899856,
        "126.0": 0.004456604411442111,
        "64.0": 0.05183688518763635,
        "6.0": 0.04069661517644091,
        "76.0": 0.0080072171230672,
        "118.0": 0.02374629379637661,
        "14.0": 0.03059935836110871,
        "60.0": 0.024941254349429585,
        "30.0": 0.002027972099993569,
        "72.0": 0.013154108964099373,
        "122.0": 0.0010327553223252258,
        "10.0": 0.0036579646208347062,
        "110.0": 0.01535361737307772,
        "56.0": 0.0779835062120445,
        "106.0": 0.0143208620507525,
        "116.0": 0.005891799784131851,
        "12.0": 0.0009263103812629408,
        "58.0": 0.03289953102289627,
        "135.0": 0.0016183621163905848,
        "73.0": 0.01876768535257801,
        "15.0": 0.02338853683742607,
        "77.0": 0.0028876676945425433,
        "119.0": 0.005963769222668524,
        "23.0": 0.003818261666927427,
        "65.0": 0.023075079840488264,
        "111.0": 0.0038875851897039676,
        "2.0": 0.01013832406110168,
        "129.0": 0.0016183621163905863,
        "67.0": 0.04184276519306629,
        "9.0": 0.009381061394395278,
        "75.0": 0.0028876676945425463,
        "117.0": 0.005963769222668526,
        "13.0": 0.014007475443030803,
        "59.0": 0.006085351273255997,
        "25.0": 0.003818261666927429,
        "148.0": 0.0009353438422125011,
        "86.0": 0.00850178648470373,
        "28.0": 0.0011418673597765664,
        "128.0": 0.040963075645535654,
        "24.0": 0.013761927138927573,
        "70.0": 0.012358267946763795
    },
    "probability_distribution_items": [
        [
            104.0,
            0.03330972081044796
        ],
        [
            54.0,
            0.04209521377727399
        ],
        [
            8.0,
            0.02682776715915635
        ],
        [
            108.0,
            0.07084559237856589
        ],
        [
            4.0,
            0.02226576157754602
        ],
        [
            62.0,
            0.005771144959841565
        ],
        [
            120.0,
            0.0035433221191200686
        ],
        [
            113.0,
            0.00728616289537924
        ],
        [
            55.0,
            0.04411626905919371
        ],
        [
            1.0,
            0.004270273274168342
        ],
        [
            63.0,
            0.014465128860779514
        ],
        [
            109.0,
            0.0038801593526043604
        ],
        [
            5.0,
            0.016634757618686047
        ],
        [
            17.0,
            0.0017466491859649002
        ],
        [
            107.0,
            0.006332267230689654
        ],
        [
            53.0,
            0.04329425284934763
        ],
        [
            3.0,
            0.020905030892854407
        ],
        [
            57.0,
            0.0055362438971902775
        ],
        [
            11.0,
            0.0017466491859649002
        ],
        [
            61.0,
            0.01583625244669133
        ],
        [
            115.0,
            0.0009464698275899856
        ],
        [
            126.0,
            0.004456604411442111
        ],
        [
            64.0,
            0.05183688518763635
        ],
        [
            6.0,
            0.04069661517644091
        ],
        [
            76.0,
            0.0080072171230672
        ],
        [
            118.0,
            0.02374629379637661
        ],
        [
            14.0,
            0.03059935836110871
        ],
        [
            60.0,
            0.024941254349429585
        ],
        [
            30.0,
            0.002027972099993569
        ],
        [
            72.0,
            0.013154108964099373
        ],
        [
            122.0,
            0.0010327553223252258
        ],
        [
            10.0,
            0.0036579646208347062
        ],
        [
            110.0,
            0.01535361737307772
        ],
        [
            56.0,
            0.0779835062120445
        ],
        [
            106.0,
            0.0143208620507525
        ],
        [
            116.0,
            0.005891799784131851
        ],
        [
            12.0,
            0.0009263103812629408
        ],
        [
            58.0,
            0.03289953102289627
        ],
        [
            135.0,
            0.0016183621163905848
        ],
        [
            73.0,
            0.01876768535257801
        ],
        [
            15.0,
            0.02338853683742607
        ],
        [
            77.0,
            0.0028876676945425433
        ],
        [
            119.0,
            0.005963769222668524
        ],
        [
            23.0,
            0.003818261666927427
        ],
        [
            65.0,
            0.023075079840488264
        ],
        [
            111.0,
            0.0038875851897039676
        ],
        [
            2.0,
            0.01013832406110168
        ],
        [
            129.0,
            0.0016183621163905863
        ],
        [
            67.0,
            0.04184276519306629
        ],
        [
            9.0,
            0.009381061394395278
        ],
        [
            75.0,
            0.0028876676945425463
        ],
        [
            117.0,
            0.005963769222668526
        ],
        [
            13.0,
            0.014007475443030803
        ],
        [
            59.0,
            0.006085351273255997
        ],
        [
            25.0,
            0.003818261666927429
        ],
        [
            148.0,
            0.0009353438422125011
        ],
        [
            86.0,
            0.00850178648470373
        ],
        [
            28.0,
            0.0011418673597765664
        ],
        [
            128.0,
            0.040963075645535654
        ],
        [
            24.0,
            0.013761927138927573
        ],
        [
            70.0,
            0.012358267946763795
        ]
    ],
    "approximation_ratio": 61.325631637479475,
    "approximation_ratio_offset": 0.5896215534865342,
    "noise": false,
    "p": 1
}