{
    "expected_value": 61.6476,
    "optimal_gammas": [
        1.35102996381394,
        4.574317705260964,
        1.3103133464593164,
        2.337177028447282,
        1.8257099808151445
    ],
    "optimal_betas": [
        2.060491116424221,
        0.43210673312681047,
        1.040472858819515,
        2.9574541139800328,
        1.0861819862135795
    ],
    "problem_identifier": "{'W': [1, 1], 'W_max': 2, 'A': 8, 'B': 4, 'C': 208}",
    "now": "2021-05-04 18:58:54",
    "execution_time": "0:11:26.636140",
    "nfev": 553,
    "message": "Optimization terminated successfully.",
    "success": true,
    "nit": 1,
    "problem": {
        "W": [
            1,
            1
        ],
        "W_max": 2,
        "A": 8,
        "B": 4,
        "C": 208
    },
    "probability_distribution": {
        "104.0": 0.0027,
        "54.0": 0.0291,
        "113.0": 0.0253,
        "55.0": 0.027200000000000002,
        "1.0": 0.0069,
        "63.0": 0.0283,
        "109.0": 0.0162,
        "5.0": 0.0153,
        "17.0": 0.0079,
        "107.0": 0.021,
        "53.0": 0.0117,
        "3.0": 0.0206,
        "57.0": 0.029,
        "11.0": 0.0073,
        "61.0": 0.034499999999999996,
        "115.0": 0.0086,
        "8.0": 0.007,
        "126.0": 0.0066,
        "64.0": 0.0288,
        "6.0": 0.026700000000000005,
        "76.0": 0.0116,
        "118.0": 0.0255,
        "14.0": 0.016300000000000002,
        "60.0": 0.0137,
        "30.0": 0.0062,
        "72.0": 0.015600000000000001,
        "108.0": 0.0333,
        "122.0": 0.0038,
        "10.0": 0.0078,
        "110.0": 0.0159,
        "56.0": 0.05280000000000001,
        "106.0": 0.0143,
        "4.0": 0.0329,
        "116.0": 0.0135,
        "62.0": 0.0267,
        "12.0": 0.0060999999999999995,
        "58.0": 0.03149999999999999,
        "135.0": 0.0056,
        "73.0": 0.0157,
        "15.0": 0.026000000000000002,
        "77.0": 0.0163,
        "119.0": 0.0188,
        "23.0": 0.0077,
        "65.0": 0.016,
        "111.0": 0.0103,
        "2.0": 0.0078000000000000005,
        "129.0": 0.0055,
        "67.0": 0.0334,
        "9.0": 0.009000000000000001,
        "75.0": 0.009999999999999998,
        "117.0": 0.015,
        "13.0": 0.0175,
        "59.0": 0.0201,
        "25.0": 0.0083,
        "120.0": 0.0045,
        "148.0": 0.0037,
        "86.0": 0.015099999999999999,
        "28.0": 0.0079,
        "128.0": 0.0109,
        "24.0": 0.009,
        "70.0": 0.0177
    },
    "probability_distribution_items": [
        [
            104.0,
            0.0027
        ],
        [
            54.0,
            0.0291
        ],
        [
            113.0,
            0.0253
        ],
        [
            55.0,
            0.027200000000000002
        ],
        [
            1.0,
            0.0069
        ],
        [
            63.0,
            0.0283
        ],
        [
            109.0,
            0.0162
        ],
        [
            5.0,
            0.0153
        ],
        [
            17.0,
            0.0079
        ],
        [
            107.0,
            0.021
        ],
        [
            53.0,
            0.0117
        ],
        [
            3.0,
            0.0206
        ],
        [
            57.0,
            0.029
        ],
        [
            11.0,
            0.0073
        ],
        [
            61.0,
            0.034499999999999996
        ],
        [
            115.0,
            0.0086
        ],
        [
            8.0,
            0.007
        ],
        [
            126.0,
            0.0066
        ],
        [
            64.0,
            0.0288
        ],
        [
            6.0,
            0.026700000000000005
        ],
        [
            76.0,
            0.0116
        ],
        [
            118.0,
            0.0255
        ],
        [
            14.0,
            0.016300000000000002
        ],
        [
            60.0,
            0.0137
        ],
        [
            30.0,
            0.0062
        ],
        [
            72.0,
            0.015600000000000001
        ],
        [
            108.0,
            0.0333
        ],
        [
            122.0,
            0.0038
        ],
        [
            10.0,
            0.0078
        ],
        [
            110.0,
            0.0159
        ],
        [
            56.0,
            0.05280000000000001
        ],
        [
            106.0,
            0.0143
        ],
        [
            4.0,
            0.0329
        ],
        [
            116.0,
            0.0135
        ],
        [
            62.0,
            0.0267
        ],
        [
            12.0,
            0.0060999999999999995
        ],
        [
            58.0,
            0.03149999999999999
        ],
        [
            135.0,
            0.0056
        ],
        [
            73.0,
            0.0157
        ],
        [
            15.0,
            0.026000000000000002
        ],
        [
            77.0,
            0.0163
        ],
        [
            119.0,
            0.0188
        ],
        [
            23.0,
            0.0077
        ],
        [
            65.0,
            0.016
        ],
        [
            111.0,
            0.0103
        ],
        [
            2.0,
            0.0078000000000000005
        ],
        [
            129.0,
            0.0055
        ],
        [
            67.0,
            0.0334
        ],
        [
            9.0,
            0.009000000000000001
        ],
        [
            75.0,
            0.009999999999999998
        ],
        [
            117.0,
            0.015
        ],
        [
            13.0,
            0.0175
        ],
        [
            59.0,
            0.0201
        ],
        [
            25.0,
            0.0083
        ],
        [
            120.0,
            0.0045
        ],
        [
            148.0,
            0.0037
        ],
        [
            86.0,
            0.015099999999999999
        ],
        [
            28.0,
            0.0079
        ],
        [
            128.0,
            0.0109
        ],
        [
            24.0,
            0.009
        ],
        [
            70.0,
            0.0177
        ]
    ],
    "approximation_ratio": 0.577612925170068,
    "noise": true,
    "p": 5
}