{
    "expected_value": 394.30090139311363,
    "optimal_gammas": [
        2.4555468350046
    ],
    "optimal_betas": [
        2.7154912652495415
    ],
    "problem_identifier": "{'W': [1, 1], 'W_max': 2, 'A': 56, 'B': 4, 'C': 1456}",
    "now": "2021-05-05 18:53:19",
    "execution_time": "0:21:22.159446",
    "nfev": 1884,
    "message": "Optimization terminated successfully.",
    "success": true,
    "nit": 60,
    "problem": {
        "W": [
            1,
            1
        ],
        "W_max": 2,
        "A": 56,
        "B": 4,
        "C": 1456
    },
    "optimal_cost": 1.0,
    "probability_distribution": {
        "728.0": 0.11484232207161219,
        "378.0": 0.024172591346661245,
        "56.0": 0.047523188032203754,
        "756.0": 0.0007438076578888523,
        "28.0": 0.00048446243166010096,
        "434.0": 0.0046531809531723655,
        "840.0": 0.004778519878006131,
        "785.0": 0.03624056543578033,
        "379.0": 0.03973377219174657,
        "1.0": 0.10547575807970465,
        "435.0": 0.0069956836330508235,
        "757.0": 0.002189850641810851,
        "29.0": 0.0008013652959101903,
        "113.0": 0.0026245813016072873,
        "743.0": 0.018242454660145575,
        "365.0": 0.02879178520453675,
        "15.0": 0.10627712337561489,
        "393.0": 0.012651280725272463,
        "71.0": 0.002624581301607288,
        "421.0": 0.0052863898949881746,
        "799.0": 0.020187961417445607,
        "858.0": 0.00833132852271399,
        "424.0": 0.017376956723039152,
        "18.0": 0.044774345510167034,
        "508.0": 0.0007906012888537865,
        "802.0": 0.008597877471723463,
        "74.0": 0.0012510950749684518,
        "396.0": 0.004944575408454216,
        "186.0": 0.0014783035726994834,
        "480.0": 0.0029089449158646637,
        "842.0": 0.0011120415620936065,
        "436.0": 0.002654335593055876,
        "58.0": 0.00969923306486515,
        "758.0": 0.03017975093578351,
        "30.0": 0.009794032016966346,
        "380.0": 0.031957978440401914,
        "730.0": 0.029067709373689903,
        "800.0": 0.0014814833877606994,
        "422.0": 0.002248057753712003,
        "72.0": 0.006804920048959504,
        "394.0": 0.014936121567390673,
        "744.0": 0.04778134832425558,
        "16.0": 0.006994975659007864,
        "366.0": 0.01268806381367867,
        "915.0": 0.0005424716438559378,
        "481.0": 0.0015426573384329644,
        "75.0": 0.006948765213475667,
        "509.0": 0.0009650279493357969,
        "803.0": 0.00014954839409996417,
        "397.0": 0.00677005201356419,
        "131.0": 0.003624176274262378,
        "425.0": 0.008141916505801981,
        "747.0": 0.02280605307253486,
        "2.0": 9.479895210119703e-05,
        "873.0": 0.0005424716438559376,
        "439.0": 0.009684573844234951,
        "33.0": 0.004778932697989744,
        "495.0": 0.0009650279493357977,
        "789.0": 0.000149548394099964,
        "61.0": 0.0021698325154859235,
        "383.0": 0.0067700520135641935,
        "145.0": 0.0036241762742623765,
        "761.0": 0.02280605307253486,
        "988.0": 0.0001229470203474153,
        "554.0": 0.0005150386225632067,
        "148.0": 0.001627470153460489,
        "848.0": 0.0006310526743080234,
        "120.0": 4.7220370956528975e-05,
        "442.0": 0.004410190603231367,
        "764.0": 0.006394639231772803
    },
    "probability_distribution_items": [
        [
            728.0,
            0.11484232207161219
        ],
        [
            378.0,
            0.024172591346661245
        ],
        [
            56.0,
            0.047523188032203754
        ],
        [
            756.0,
            0.0007438076578888523
        ],
        [
            28.0,
            0.00048446243166010096
        ],
        [
            434.0,
            0.0046531809531723655
        ],
        [
            840.0,
            0.004778519878006131
        ],
        [
            785.0,
            0.03624056543578033
        ],
        [
            379.0,
            0.03973377219174657
        ],
        [
            1.0,
            0.10547575807970465
        ],
        [
            435.0,
            0.0069956836330508235
        ],
        [
            757.0,
            0.002189850641810851
        ],
        [
            29.0,
            0.0008013652959101903
        ],
        [
            113.0,
            0.0026245813016072873
        ],
        [
            743.0,
            0.018242454660145575
        ],
        [
            365.0,
            0.02879178520453675
        ],
        [
            15.0,
            0.10627712337561489
        ],
        [
            393.0,
            0.012651280725272463
        ],
        [
            71.0,
            0.002624581301607288
        ],
        [
            421.0,
            0.0052863898949881746
        ],
        [
            799.0,
            0.020187961417445607
        ],
        [
            858.0,
            0.00833132852271399
        ],
        [
            424.0,
            0.017376956723039152
        ],
        [
            18.0,
            0.044774345510167034
        ],
        [
            508.0,
            0.0007906012888537865
        ],
        [
            802.0,
            0.008597877471723463
        ],
        [
            74.0,
            0.0012510950749684518
        ],
        [
            396.0,
            0.004944575408454216
        ],
        [
            186.0,
            0.0014783035726994834
        ],
        [
            480.0,
            0.0029089449158646637
        ],
        [
            842.0,
            0.0011120415620936065
        ],
        [
            436.0,
            0.002654335593055876
        ],
        [
            58.0,
            0.00969923306486515
        ],
        [
            758.0,
            0.03017975093578351
        ],
        [
            30.0,
            0.009794032016966346
        ],
        [
            380.0,
            0.031957978440401914
        ],
        [
            730.0,
            0.029067709373689903
        ],
        [
            800.0,
            0.0014814833877606994
        ],
        [
            422.0,
            0.002248057753712003
        ],
        [
            72.0,
            0.006804920048959504
        ],
        [
            394.0,
            0.014936121567390673
        ],
        [
            744.0,
            0.04778134832425558
        ],
        [
            16.0,
            0.006994975659007864
        ],
        [
            366.0,
            0.01268806381367867
        ],
        [
            915.0,
            0.0005424716438559378
        ],
        [
            481.0,
            0.0015426573384329644
        ],
        [
            75.0,
            0.006948765213475667
        ],
        [
            509.0,
            0.0009650279493357969
        ],
        [
            803.0,
            0.00014954839409996417
        ],
        [
            397.0,
            0.00677005201356419
        ],
        [
            131.0,
            0.003624176274262378
        ],
        [
            425.0,
            0.008141916505801981
        ],
        [
            747.0,
            0.02280605307253486
        ],
        [
            2.0,
            9.479895210119703e-05
        ],
        [
            873.0,
            0.0005424716438559376
        ],
        [
            439.0,
            0.009684573844234951
        ],
        [
            33.0,
            0.004778932697989744
        ],
        [
            495.0,
            0.0009650279493357977
        ],
        [
            789.0,
            0.000149548394099964
        ],
        [
            61.0,
            0.0021698325154859235
        ],
        [
            383.0,
            0.0067700520135641935
        ],
        [
            145.0,
            0.0036241762742623765
        ],
        [
            761.0,
            0.02280605307253486
        ],
