{
    "expected_value": 296.0344,
    "optimal_gammas": [
        3.1384115994502033,
        5.838489821830672,
        4.155149215473026,
        2.8152323977212976,
        2.8893623393048835,
        4.26271406587211,
        3.517606328607448
    ],
    "optimal_betas": [
        2.4320085441532977,
        2.116839188104889,
        0.41634268660899565,
        0.8642405896133176,
        0.36100566585042104,
        1.6281445282930105,
        1.6563973651816792
    ],
    "problem_identifier": "{'W': [1, 1], 'W_max': 2, 'A': 40, 'B': 4, 'C': 1040}",
    "now": "2021-05-04 17:43:16",
    "execution_time": "0:32:25.691213",
    "nfev": 1110,
    "message": "Optimization terminated successfully.",
    "success": true,
    "nit": 1,
    "problem": {
        "W": [
            1,
            1
        ],
        "W_max": 2,
        "A": 40,
        "B": 4,
        "C": 1040
    },
    "optimal_cost": 1.0,
    "probability_distribution": {
        "520.0": 0.0073,
        "270.0": 0.0207,
        "561.0": 0.0159,
        "271.0": 0.0372,
        "1.0": 0.0081,
        "311.0": 0.028700000000000003,
        "541.0": 0.0131,
        "21.0": 0.014,
        "81.0": 0.0071,
        "531.0": 0.0282,
        "261.0": 0.021500000000000002,
        "11.0": 0.025,
        "281.0": 0.0338,
        "51.0": 0.0074,
        "301.0": 0.0143,
        "571.0": 0.0055,
        "40.0": 0.008799999999999999,
        "614.0": 0.0092,
        "304.0": 0.0196,
        "14.0": 0.0118,
        "364.0": 0.0148,
        "574.0": 0.0203,
        "54.0": 0.0145,
        "284.0": 0.0143,
        "134.0": 0.0068,
        "344.0": 0.013099999999999999,
        "540.0": 0.0063,
        "602.0": 0.0045,
        "312.0": 0.0152,
        "42.0": 0.0078,
        "542.0": 0.014599999999999998,
        "22.0": 0.0164,
        "272.0": 0.046200000000000005,
        "522.0": 0.012400000000000001,
        "20.0": 0.0071,
        "572.0": 0.0075,
        "302.0": 0.0165,
        "52.0": 0.007600000000000001,
        "282.0": 0.028900000000000002,
        "532.0": 0.020900000000000002,
        "12.0": 0.0209,
        "262.0": 0.012700000000000001,
        "310.0": 0.0141,
        "655.0": 0.0072,
        "345.0": 0.0132,
        "55.0": 0.0223,
        "365.0": 0.0144,
        "575.0": 0.013300000000000001,
        "285.0": 0.015200000000000002,
        "95.0": 0.0074,
        "305.0": 0.0149,
        "535.0": 0.009,
        "2.0": 0.0068000000000000005,
        "625.0": 0.009000000000000001,
        "315.0": 0.0318,
        "25.0": 0.0098,
        "355.0": 0.0133,
        "565.0": 0.014500000000000002,
        "45.0": 0.0138,
        "275.0": 0.0162,
        "105.0": 0.0092,
        "545.0": 0.0084,
        "600.0": 0.0044,
        "708.0": 0.0041,
        "398.0": 0.0138,
        "108.0": 0.008799999999999999,
        "608.0": 0.0083,
        "88.0": 0.0071,
        "318.0": 0.0179,
        "548.0": 0.0053
    },
    "probability_distribution_items": [
        [
            520.0,
            0.0073
        ],
        [
            270.0,
            0.0207
        ],
        [
            561.0,
            0.0159
        ],
        [
            271.0,
            0.0372
        ],
        [
            1.0,
            0.0081
        ],
        [
            311.0,
            0.028700000000000003
        ],
        [
            541.0,
            0.0131
        ],
        [
            21.0,
            0.014
        ],
        [
            81.0,
            0.0071
        ],
        [
            531.0,
            0.0282
        ],
        [
            261.0,
            0.021500000000000002
        ],
        [
            11.0,
            0.025
        ],
        [
            281.0,
            0.0338
        ],
        [
            51.0,
            0.0074
        ],
        [
            301.0,
            0.0143
        ],
        [
            571.0,
            0.0055
        ],
        [
            40.0,
            0.008799999999999999
        ],
        [
            614.0,
            0.0092
        ],
        [
            304.0,
            0.0196
        ],
        [
            14.0,
            0.0118
        ],
        [
            364.0,
            0.0148
        ],
        [
            574.0,
            0.0203
        ],
        [
            54.0,
            0.0145
        ],
        [
            284.0,
            0.0143
        ],
        [
            134.0,
            0.0068
        ],
        [
            344.0,
            0.013099999999999999
        ],
        [
            540.0,
            0.0063
        ],
        [
            602.0,
            0.0045
        ],
        [
            312.0,
            0.0152
        ],
        [
            42.0,
            0.0078
        ],
        [
            542.0,
            0.014599999999999998
        ],
        [
            22.0,
            0.0164
        ],
        [
            272.0,
            0.046200000000000005
        ],
        [
            522.0,
            0.012400000000000001
        ],
        [
            20.0,
            0.0071
        ],
        [
            572.0,
            0.0075
        ],
        [
            302.0,
            0.0165
        ],
        [
            52.0,
            0.007600000000000001
        ],
        [
            282.0,
            0.028900000000000002
        ],
        [
            532.0,
            0.020900000000000002
        ],
        [
            12.0,
            0.0209
        ],
        [
            262.0,
            0.012700000000000001
        ],
        [
            310.0,
            0.0141
        ],
        [
            655.0,
            0.0072
        ],
        [
            345.0,
            0.0132
        ],
        [
            55.0,
            0.0223
        ],
        [
            365.0,
            0.0144
        ],
        [
            575.0,
            0.013300000000000001
        ],
        [
            285.0,
            0.015200000000000002
        ],
        [
            95.0,
            0.0074
        ],
        [
            305.0,
            0.0149
        ],
        [
            535.0,
            0.009
        ],
        [
            2.0,
            0.0068000000000000005
        ],
        [
            625.0,
            0.009000000000000001
        ],
        [
            315.0,
            0.0318
        ],
        [
            25.0,
            0.0098
        ],
        [
            355.0,
            0.0133
        ],
        [
            565.0,
            0.014500000000000002
        ],
        [
            45.0,
            0.0138
        ],
        [
            275.0,
            0.0162
        ],
        [
            105.0,
            0.0092
        ],
        [
            545.0,
            0.0084
        ],
        [
            600.0,
            0.0044
        ],
        [
            708.0,
            0.0041
        ],
        [
            398.0,
            0.0138
        ],
        [
            108.0,
            0.008799999999999999
        ],
        [
            608.0,
            0.0083
        ],
        [
            88.0,
            0.0071
        ],
        [
            318.0,
            0.0179
        ],
        [
            548.0,
            0.0053
        ]
    ],
    "approximation_ratio": 300.2146,
    "approximation_ratio_offset": 0.5767827439886846,
    "noise": true,
    "p": 7
}