{
    "expected_value": 46.0019,
    "optimal_gammas": [
        5.493281881840462,
        2.8587810661437962,
        5.322929628787874,
        1.4279576041944237,
        1.2554836219732017,
        6.09275790417134,
        6.2422621999598835
    ],
    "optimal_betas": [
        0.6270225809766203,
        2.1950006477771327,
        0.14203027743924368,
        0.6912947385108251,
        1.9496796575779483,
        2.1732136734148195,
        2.427172206517277
    ],
    "problem_identifier": "{'W': [1, 1], 'W_max': 2, 'A': 8, 'B': 4, 'C': 144}",
    "now": "2021-05-04 20:12:05",
    "execution_time": "0:18:25.270784",
    "nfev": 735,
    "message": "Optimization terminated successfully.",
    "success": true,
    "nit": 1,
    "problem": {
        "W": [
            1,
            1
        ],
        "W_max": 2,
        "A": 8,
        "B": 4,
        "C": 144
    },
    "probability_distribution": {
        "72.0": 0.0038,
        "38.0": 0.0325,
        "81.0": 0.0235,
        "39.0": 0.0318,
        "1.0": 0.0075,
        "47.0": 0.0321,
        "77.0": 0.0152,
        "5.0": 0.015899999999999997,
        "17.0": 0.0083,
        "75.0": 0.0254,
        "37.0": 0.0158,
        "3.0": 0.0242,
        "41.0": 0.0308,
        "11.0": 0.0066,
        "45.0": 0.0347,
        "83.0": 0.009899999999999999,
        "8.0": 0.009000000000000001,
        "94.0": 0.0066,
        "48.0": 0.0326,
        "6.0": 0.0205,
        "60.0": 0.0158,
        "86.0": 0.0211,
        "14.0": 0.0175,
        "44.0": 0.014700000000000001,
        "30.0": 0.0077,
        "56.0": 0.0178,
        "76.0": 0.0319,
        "90.0": 0.0046,
        "10.0": 0.0071,
        "78.0": 0.0149,
        "40.0": 0.046799999999999994,
        "74.0": 0.012,
        "4.0": 0.030900000000000004,
        "84.0": 0.009899999999999999,
        "46.0": 0.0338,
        "12.0": 0.0083,
        "42.0": 0.0327,
        "103.0": 0.0055,
        "57.0": 0.0142,
        "15.0": 0.0228,
        "61.0": 0.014199999999999999,
        "87.0": 0.0157,
        "23.0": 0.0060999999999999995,
        "49.0": 0.016599999999999997,
        "79.0": 0.0074,
        "2.0": 0.0093,
        "97.0": 0.0078,
        "51.0": 0.030400000000000003,
        "9.0": 0.0063999999999999994,
        "59.0": 0.015299999999999998,
        "85.0": 0.015200000000000002,
        "13.0": 0.0149,
        "43.0": 0.016300000000000002,
        "25.0": 0.0075,
        "88.0": 0.0042,
        "116.0": 0.0024,
        "70.0": 0.015200000000000002,
        "28.0": 0.008400000000000001,
        "96.0": 0.007600000000000001,
        "24.0": 0.0077,
        "54.0": 0.0147
    },
    "probability_distribution_items": [
        [
            72.0,
            0.0038
        ],
        [
            38.0,
            0.0325
        ],
        [
            81.0,
            0.0235
        ],
        [
            39.0,
            0.0318
        ],
        [
            1.0,
            0.0075
        ],
        [
            47.0,
            0.0321
        ],
        [
            77.0,
            0.0152
        ],
        [
            5.0,
            0.015899999999999997
        ],
        [
            17.0,
            0.0083
        ],
        [
            75.0,
            0.0254
        ],
        [
            37.0,
            0.0158
        ],
        [
            3.0,
            0.0242
        ],
        [
            41.0,
            0.0308
        ],
        [
            11.0,
            0.0066
        ],
        [
            45.0,
            0.0347
        ],
        [
            83.0,
            0.009899999999999999
        ],
        [
            8.0,
            0.009000000000000001
        ],
        [
            94.0,
            0.0066
        ],
        [
            48.0,
            0.0326
        ],
        [
            6.0,
            0.0205
        ],
        [
            60.0,
            0.0158
        ],
        [
            86.0,
            0.0211
        ],
        [
            14.0,
            0.0175
        ],
        [
            44.0,
            0.014700000000000001
        ],
        [
            30.0,
            0.0077
        ],
        [
            56.0,
            0.0178
        ],
        [
            76.0,
            0.0319
        ],
        [
            90.0,
            0.0046
        ],
        [
            10.0,
            0.0071
        ],
        [
            78.0,
            0.0149
        ],
        [
            40.0,
            0.046799999999999994
        ],
        [
            74.0,
            0.012
        ],
        [
            4.0,
            0.030900000000000004
        ],
        [
            84.0,
            0.009899999999999999
        ],
        [
            46.0,
            0.0338
        ],
        [
            12.0,
            0.0083
        ],
        [
            42.0,
            0.0327
        ],
        [
            103.0,
            0.0055
        ],
        [
            57.0,
            0.0142
        ],
        [
            15.0,
            0.0228
        ],
        [
            61.0,
            0.014199999999999999
        ],
        [
            87.0,
            0.0157
        ],
        [
            23.0,
            0.0060999999999999995
        ],
        [
            49.0,
            0.016599999999999997
        ],
        [
            79.0,
            0.0074
        ],
        [
            2.0,
            0.0093
        ],
        [
            97.0,
            0.0078
        ],
        [
            51.0,
            0.030400000000000003
        ],
        [
            9.0,
            0.0063999999999999994
        ],
        [
            59.0,
            0.015299999999999998
        ],
        [
            85.0,
            0.015200000000000002
        ],
        [
            13.0,
            0.0149
        ],
        [
            43.0,
            0.016300000000000002
        ],
        [
            25.0,
            0.0075
        ],
        [
            88.0,
            0.0042
        ],
        [
            116.0,
            0.0024
        ],
        [
            70.0,
            0.015200000000000002
        ],
        [
            28.0,
            0.008400000000000001
        ],
        [
            96.0,
            0.007600000000000001
        ],
        [
            24.0,
            0.0077
        ],
        [
            54.0,
            0.0147
        ]
    ],
    "approximation_ratio": 0.5973469565217391,
    "noise": true,
    "p": 7
}