{
    "expected_value": 130.6573,
    "optimal_gammas": [
        1.1918536946392042,
        2.723474376034734,
        0.954603715398405,
        5.545173487951714,
        4.466015860203851
    ],
    "optimal_betas": [
        2.4390326195564374,
        1.9442527817167627,
        0.6562365048494964,
        2.799431350605727,
        2.9177111223814522
    ],
    "problem_identifier": "{'W': [1, 1], 'W_max': 2, 'A': 24, 'B': 4, 'C': 432}",
    "now": "2021-05-04 18:14:56",
    "execution_time": "0:18:54.625576",
    "nfev": 989,
    "message": "Optimization terminated successfully.",
    "success": true,
    "nit": 2,
    "problem": {
        "W": [
            1,
            1
        ],
        "W_max": 2,
        "A": 24,
        "B": 4,
        "C": 432
    },
    "probability_distribution": {
        "216.0": 0.0134,
        "114.0": 0.031799999999999995,
        "241.0": 0.0229,
        "115.0": 0.0381,
        "1.0": 0.012199999999999999,
        "139.0": 0.0351,
        "229.0": 0.013000000000000001,
        "13.0": 0.0143,
        "49.0": 0.0076,
        "223.0": 0.0306,
        "109.0": 0.0287,
        "7.0": 0.0284,
        "121.0": 0.0349,
        "31.0": 0.0089,
        "133.0": 0.011,
        "247.0": 0.007,
        "24.0": 0.0112,
        "274.0": 0.0115,
        "136.0": 0.0245,
        "10.0": 0.0151,
        "172.0": 0.0176,
        "250.0": 0.018799999999999997,
        "34.0": 0.012599999999999998,
        "124.0": 0.016,
        "82.0": 0.0068000000000000005,
        "160.0": 0.0119,
        "228.0": 0.0106,
        "266.0": 0.0053,
        "140.0": 0.0161,
        "26.0": 0.0072,
        "230.0": 0.0147,
        "14.0": 0.0159,
        "116.0": 0.044300000000000006,
        "218.0": 0.0083,
        "12.0": 0.0086,
        "248.0": 0.0137,
        "134.0": 0.018699999999999998,
        "32.0": 0.009399999999999999,
        "122.0": 0.0282,
        "224.0": 0.016,
        "8.0": 0.0234,
        "110.0": 0.0109,
        "138.0": 0.014700000000000001,
        "299.0": 0.008799999999999999,
        "161.0": 0.0142,
        "35.0": 0.017699999999999997,
        "173.0": 0.014199999999999999,
        "251.0": 0.0113,
        "125.0": 0.0123,
        "59.0": 0.0051,
        "137.0": 0.010400000000000001,
        "227.0": 0.0037,
        "2.0": 0.0058,
        "281.0": 0.0108,
        "143.0": 0.026600000000000002,
        "17.0": 0.0115,
        "167.0": 0.0115,
        "245.0": 0.0093,
        "29.0": 0.0091,
        "119.0": 0.013,
        "65.0": 0.006200000000000001,
        "233.0": 0.0046,
        "264.0": 0.0025,
        "332.0": 0.0035,
        "194.0": 0.0107,
        "68.0": 0.0078,
        "272.0": 0.0033,
        "56.0": 0.004,
        "146.0": 0.0099,
        "236.0": 0.0023
    },
    "probability_distribution_items": [
        [
            216.0,
            0.0134
        ],
        [
            114.0,
            0.031799999999999995
        ],
        [
            241.0,
            0.0229
        ],
        [
            115.0,
            0.0381
        ],
        [
            1.0,
            0.012199999999999999
        ],
        [
            139.0,
            0.0351
        ],
        [
            229.0,
            0.013000000000000001
        ],
        [
            13.0,
            0.0143
        ],
        [
            49.0,
            0.0076
        ],
        [
            223.0,
            0.0306
        ],
        [
            109.0,
            0.0287
        ],
        [
            7.0,
            0.0284
        ],
        [
            121.0,
            0.0349
        ],
        [
            31.0,
            0.0089
        ],
        [
            133.0,
            0.011
        ],
        [
            247.0,
            0.007
        ],
        [
            24.0,
            0.0112
        ],
        [
            274.0,
            0.0115
        ],
        [
            136.0,
            0.0245
        ],
        [
            10.0,
            0.0151
        ],
        [
            172.0,
            0.0176
        ],
        [
            250.0,
            0.018799999999999997
        ],
        [
            34.0,
            0.012599999999999998
        ],
        [
            124.0,
            0.016
        ],
        [
            82.0,
            0.0068000000000000005
        ],
        [
            160.0,
            0.0119
        ],
        [
            228.0,
            0.0106
        ],
        [
            266.0,
            0.0053
        ],
        [
            140.0,
            0.0161
        ],
        [
            26.0,
            0.0072
        ],
        [
            230.0,
            0.0147
        ],
        [
            14.0,
            0.0159
        ],
        [
            116.0,
            0.044300000000000006
        ],
        [
            218.0,
            0.0083
        ],
        [
            12.0,
            0.0086
        ],
        [
            248.0,
            0.0137
        ],
        [
            134.0,
            0.018699999999999998
        ],
        [
            32.0,
            0.009399999999999999
        ],
        [
            122.0,
            0.0282
        ],
        [
            224.0,
            0.016
        ],
        [
            8.0,
            0.0234
        ],
        [
            110.0,
            0.0109
        ],
        [
            138.0,
            0.014700000000000001
        ],
        [
            299.0,
            0.008799999999999999
        ],
        [
            161.0,
            0.0142
        ],
        [
            35.0,
            0.017699999999999997
        ],
        [
            173.0,
            0.014199999999999999
        ],
        [
            251.0,
            0.0113
        ],
        [
            125.0,
            0.0123
        ],
        [
            59.0,
            0.0051
        ],
        [
            137.0,
            0.010400000000000001
        ],
        [
            227.0,
            0.0037
        ],
        [
            2.0,
            0.0058
        ],
        [
            281.0,
            0.0108
        ],
        [
            143.0,
            0.026600000000000002
        ],
        [
            17.0,
            0.0115
        ],
        [
            167.0,
            0.0115
        ],
        [
            245.0,
            0.0093
        ],
        [
            29.0,
            0.0091
        ],
        [
            119.0,
            0.013
        ],
        [
            65.0,
            0.006200000000000001
        ],
        [
            233.0,
            0.0046
        ],
        [
            264.0,
            0.0025
        ],
        [
            332.0,
            0.0035
        ],
        [
            194.0,
            0.0107
        ],
        [
            68.0,
            0.0078
        ],
        [
            272.0,
            0.0033
        ],
        [
            56.0,
            0.004
        ],
        [
            146.0,
            0.0099
        ],
        [
            236.0,
            0.0023
        ]
    ],
    "approximation_ratio": 0.5970794561933535,
    "noise": true,
    "p": 5
}