{
    "expected_value": 217.7869,
    "optimal_gammas": [
        6.256417347720326,
        5.3018402579298325,
        3.587534990750231,
        6.1204755714740315,
        6.259959194169315,
        3.8332755489727215,
        1.6457724733996877
    ],
    "optimal_betas": [
        0.43824015637542524,
        0.7778488011589144,
        0.9281774164255343,
        0.098657716740995,
        1.3960961646320769,
        0.7237090850534665,
        1.9907764379182509
    ],
    "problem_identifier": "{'W': [1, 1], 'W_max': 2, 'A': 40, 'B': 4, 'C': 720}",
    "now": "2021-05-04 17:39:09",
    "execution_time": "0:27:50.039827",
    "nfev": 945,
    "message": "Optimization terminated successfully.",
    "success": true,
    "nit": 1,
    "problem": {
        "W": [
            1,
            1
        ],
        "W_max": 2,
        "A": 40,
        "B": 4,
        "C": 720
    },
    "optimal_cost": 1.0,
    "probability_distribution": {
        "360.0": 0.002,
        "190.0": 0.0128,
        "401.0": 0.015099999999999999,
        "191.0": 0.0287,
        "1.0": 0.0062,
        "231.0": 0.0308,
        "381.0": 0.015,
        "21.0": 0.0156,
        "81.0": 0.0063999999999999994,
        "371.0": 0.0214,
        "181.0": 0.0126,
        "11.0": 0.022,
        "201.0": 0.0288,
        "51.0": 0.0078,
        "221.0": 0.0173,
        "411.0": 0.0079,
        "40.0": 0.005900000000000001,
        "454.0": 0.0045000000000000005,
        "224.0": 0.0141,
        "14.0": 0.0069,
        "284.0": 0.014099999999999998,
        "414.0": 0.027200000000000002,
        "54.0": 0.0168,
        "204.0": 0.0181,
        "134.0": 0.0060999999999999995,
        "264.0": 0.0177,
        "380.0": 0.0069,
        "442.0": 0.0026,
        "232.0": 0.014099999999999998,
        "42.0": 0.0075,
        "382.0": 0.015,
        "22.0": 0.014499999999999999,
        "192.0": 0.048999999999999995,
        "362.0": 0.012,
        "20.0": 0.0086,
        "412.0": 0.006500000000000001,
        "222.0": 0.0133,
        "52.0": 0.0081,
        "202.0": 0.0314,
        "372.0": 0.0258,
        "12.0": 0.023399999999999997,
        "182.0": 0.015700000000000002,
        "230.0": 0.014700000000000001,
        "495.0": 0.0051,
        "265.0": 0.0144,
        "55.0": 0.0276,
        "285.0": 0.015099999999999999,
        "415.0": 0.0184,
        "205.0": 0.0186,
        "95.0": 0.0068000000000000005,
        "225.0": 0.0161,
        "375.0": 0.0106,
        "2.0": 0.009899999999999999,
        "465.0": 0.0055,
        "235.0": 0.0322,
        "25.0": 0.008,
        "275.0": 0.0136,
        "405.0": 0.0168,
        "45.0": 0.017,
        "195.0": 0.020200000000000003,
        "105.0": 0.0075,
        "385.0": 0.0094,
        "440.0": 0.0041,
        "548.0": 0.0032,
        "318.0": 0.0145,
        "108.0": 0.0082,
        "448.0": 0.0078,
        "88.0": 0.010499999999999999,
        "238.0": 0.020199999999999996,
        "388.0": 0.0078
    },
    "probability_distribution_items": [
        [
            360.0,
            0.002
        ],
        [
            190.0,
            0.0128
        ],
        [
            401.0,
            0.015099999999999999
        ],
        [
            191.0,
            0.0287
        ],
        [
            1.0,
            0.0062
        ],
        [
            231.0,
            0.0308
        ],
        [
            381.0,
            0.015
        ],
        [
            21.0,
            0.0156
        ],
        [
            81.0,
            0.0063999999999999994
        ],
        [
            371.0,
            0.0214
        ],
        [
            181.0,
            0.0126
        ],
        [
            11.0,
            0.022
        ],
        [
            201.0,
            0.0288
        ],
        [
            51.0,
            0.0078
        ],
        [
            221.0,
            0.0173
        ],
        [
            411.0,
            0.0079
        ],
        [
            40.0,
            0.005900000000000001
        ],
        [
            454.0,
            0.0045000000000000005
        ],
        [
            224.0,
            0.0141
        ],
        [
            14.0,
            0.0069
        ],
        [
            284.0,
            0.014099999999999998
        ],
        [
            414.0,
            0.027200000000000002
        ],
        [
            54.0,
            0.0168
        ],
        [
            204.0,
            0.0181
        ],
        [
            134.0,
            0.0060999999999999995
        ],
        [
            264.0,
            0.0177
        ],
        [
            380.0,
            0.0069
        ],
        [
            442.0,
            0.0026
        ],
        [
            232.0,
            0.014099999999999998
        ],
        [
            42.0,
            0.0075
        ],
        [
            382.0,
            0.015
        ],
        [
            22.0,
            0.014499999999999999
        ],
        [
            192.0,
            0.048999999999999995
        ],
        [
            362.0,
            0.012
        ],
        [
            20.0,
            0.0086
        ],
        [
            412.0,
            0.006500000000000001
        ],
        [
            222.0,
            0.0133
        ],
        [
            52.0,
            0.0081
        ],
        [
            202.0,
            0.0314
        ],
        [
            372.0,
            0.0258
        ],
        [
            12.0,
            0.023399999999999997
        ],
        [
            182.0,
            0.015700000000000002
        ],
        [
            230.0,
            0.014700000000000001
        ],
        [
            495.0,
            0.0051
        ],
        [
            265.0,
            0.0144
        ],
        [
            55.0,
            0.0276
        ],
        [
            285.0,
            0.015099999999999999
        ],
        [
            415.0,
            0.0184
        ],
        [
            205.0,
            0.0186
        ],
        [
            95.0,
            0.0068000000000000005
        ],
        [
            225.0,
            0.0161
        ],
        [
            375.0,
            0.0106
        ],
        [
            2.0,
            0.009899999999999999
        ],
        [
            465.0,
            0.0055
        ],
        [
            235.0,
            0.0322
        ],
        [
            25.0,
            0.008
        ],
        [
            275.0,
            0.0136
        ],
        [
            405.0,
            0.0168
        ],
        [
            45.0,
            0.017
        ],
        [
            195.0,
            0.020200000000000003
        ],
        [
            105.0,
            0.0075
        ],
        [
            385.0,
            0.0094
        ],
        [
            440.0,
            0.0041
        ],
        [
            548.0,
            0.0032
        ],
        [
            318.0,
            0.0145
        ],
        [
            108.0,
            0.0082
        ],
        [
            448.0,
            0.0078
        ],
        [
            88.0,
            0.010499999999999999
        ],
        [
            238.0,
            0.020199999999999996
        ],
        [
            388.0,
            0.0078
        ]
    ],
    "approximation_ratio": 225.2713,
    "approximation_ratio_offset": 0.5899976234003657,
    "noise": true,
    "p": 7
}