{
    "expected_value": 59.795,
    "optimal_gammas": [
        0.6556776455053588
    ],
    "optimal_betas": [
        1.9541323948334832
    ],
    "problem_identifier": "{'W': [1, 1], 'W_max': 2, 'A': 8, 'B': 4, 'C': 208}",
    "now": "2021-05-04 17:54:34",
    "execution_time": "0:04:48.663747",
    "nfev": 642,
    "message": "Optimization terminated successfully.",
    "success": true,
    "nit": 18,
    "problem": {
        "W": [
            1,
            1
        ],
        "W_max": 2,
        "A": 8,
        "B": 4,
        "C": 208
    },
    "optimal_cost": 1.0,
    "probability_distribution": {
        "104.0": 0.0097,
        "54.0": 0.0388,
        "113.0": 0.0446,
        "55.0": 0.0301,
        "1.0": 0.0072,
        "63.0": 0.0144,
        "109.0": 0.006,
        "5.0": 0.0057,
        "17.0": 0.0031,
        "107.0": 0.0256,
        "53.0": 0.0305,
        "3.0": 0.0137,
        "57.0": 0.015,
        "11.0": 0.0034000000000000002,
        "61.0": 0.0489,
        "115.0": 0.0044,
        "8.0": 0.0046,
        "126.0": 0.0049,
        "64.0": 0.0435,
        "6.0": 0.0963,
        "76.0": 0.0032,
        "118.0": 0.0111,
        "14.0": 0.009899999999999999,
        "60.0": 0.038900000000000004,
        "30.0": 0.002,
        "72.0": 0.0038,
        "108.0": 0.0458,
        "122.0": 0.0022,
        "10.0": 0.0047,
        "110.0": 0.0094,
        "56.0": 0.0282,
        "106.0": 0.008,
        "4.0": 0.03860000000000001,
        "116.0": 0.0336,
        "62.0": 0.0232,
        "12.0": 0.0138,
        "58.0": 0.0466,
        "135.0": 0.0043,
        "73.0": 0.0063,
        "15.0": 0.019299999999999998,
        "77.0": 0.0043,
        "119.0": 0.0097,
        "23.0": 0.0046,
        "65.0": 0.0128,
        "111.0": 0.0334,
        "2.0": 0.0064,
        "129.0": 0.0027,
        "67.0": 0.019199999999999995,
        "9.0": 0.0087,
        "75.0": 0.0055,
        "117.0": 0.0081,
        "13.0": 0.0071,
        "59.0": 0.0346,
        "25.0": 0.0046,
        "120.0": 0.0012,
        "148.0": 0.0003,
        "86.0": 0.0039,
        "28.0": 0.007299999999999999,
        "128.0": 0.0028,
        "24.0": 0.0025,
        "70.0": 0.017
    },
    "probability_distribution_items": [
        [
            104.0,
            0.0097
        ],
        [
            54.0,
            0.0388
        ],
        [
            113.0,
            0.0446
        ],
        [
            55.0,
            0.0301
        ],
        [
            1.0,
            0.0072
        ],
        [
            63.0,
            0.0144
        ],
        [
            109.0,
            0.006
        ],
        [
            5.0,
            0.0057
        ],
        [
            17.0,
            0.0031
        ],
        [
            107.0,
            0.0256
        ],
        [
            53.0,
            0.0305
        ],
        [
            3.0,
            0.0137
        ],
        [
            57.0,
            0.015
        ],
        [
            11.0,
            0.0034000000000000002
        ],
        [
            61.0,
            0.0489
        ],
        [
            115.0,
            0.0044
        ],
        [
            8.0,
            0.0046
        ],
        [
            126.0,
            0.0049
        ],
        [
            64.0,
            0.0435
        ],
        [
            6.0,
            0.0963
        ],
        [
            76.0,
            0.0032
        ],
        [
            118.0,
            0.0111
        ],
        [
            14.0,
            0.009899999999999999
        ],
        [
            60.0,
            0.038900000000000004
        ],
        [
            30.0,
            0.002
        ],
        [
            72.0,
            0.0038
        ],
        [
            108.0,
            0.0458
        ],
        [
            122.0,
            0.0022
        ],
        [
            10.0,
            0.0047
        ],
        [
            110.0,
            0.0094
        ],
        [
            56.0,
            0.0282
        ],
        [
            106.0,
            0.008
        ],
        [
            4.0,
            0.03860000000000001
        ],
        [
            116.0,
            0.0336
        ],
        [
            62.0,
            0.0232
        ],
        [
            12.0,
            0.0138
        ],
        [
            58.0,
            0.0466
        ],
        [
            135.0,
            0.0043
        ],
        [
            73.0,
            0.0063
        ],
        [
            15.0,
            0.019299999999999998
        ],
        [
            77.0,
            0.0043
        ],
        [
            119.0,
            0.0097
        ],
        [
            23.0,
            0.0046
        ],
        [
            65.0,
            0.0128
        ],
        [
            111.0,
            0.0334
        ],
        [
            2.0,
            0.0064
        ],
        [
            129.0,
            0.0027
        ],
        [
            67.0,
            0.019199999999999995
        ],
        [
            9.0,
            0.0087
        ],
        [
            75.0,
            0.0055
        ],
        [
            117.0,
            0.0081
        ],
        [
            13.0,
            0.0071
        ],
        [
            59.0,
            0.0346
        ],
        [
            25.0,
            0.0046
        ],
        [
            120.0,
            0.0012
        ],
        [
            148.0,
            0.0003
        ],
        [
            86.0,
            0.0039
        ],
        [
            28.0,
            0.007299999999999999
        ],
        [
            128.0,
            0.0028
        ],
        [
            24.0,
            0.0025
        ],
        [
            70.0,
            0.017
        ]
    ],
    "approximation_ratio": 60.6701,
    "approximation_ratio_offset": 0.5940809523809525,
    "noise": true,
    "p": 1
}