{
    "expected_value": 392.5195,
    "optimal_gammas": [
        5.148218297967002
    ],
    "optimal_betas": [
        2.8431550219860187
    ],
    "problem_identifier": "{'W': [1, 1], 'W_max': 2, 'A': 56, 'B': 4, 'C': 1456}",
    "now": "2021-05-04 18:14:12",
    "execution_time": "0:09:41.365116",
    "nfev": 1203,
    "message": "Optimization terminated successfully.",
    "success": true,
    "nit": 37,
    "problem": {
        "W": [
            1,
            1
        ],
        "W_max": 2,
        "A": 56,
        "B": 4,
        "C": 1456
    },
    "optimal_cost": 1.0,
    "probability_distribution": {
        "728.0": 0.0337,
        "378.0": 0.030099999999999995,
        "785.0": 0.0225,
        "379.0": 0.060099999999999994,
        "1.0": 0.0181,
        "435.0": 0.014799999999999997,
        "757.0": 0.009300000000000001,
        "29.0": 0.0103,
        "113.0": 0.0012000000000000001,
        "743.0": 0.0393,
        "365.0": 0.048299999999999996,
        "15.0": 0.0367,
        "393.0": 0.0224,
        "71.0": 0.0015,
        "421.0": 0.0034999999999999996,
        "799.0": 0.0009,
        "56.0": 0.0037,
        "858.0": 0.003,
        "424.0": 0.0238,
        "18.0": 0.045899999999999996,
        "508.0": 0.0009,
        "802.0": 0.006,
        "74.0": 0.0071,
        "396.0": 0.0192,
        "186.0": 0.0001,
        "480.0": 0.0009,
        "756.0": 0.0053,
        "842.0": 0.0055,
        "436.0": 0.016900000000000002,
        "58.0": 0.0068000000000000005,
        "758.0": 0.0157,
        "30.0": 0.0177,
        "380.0": 0.051500000000000004,
        "730.0": 0.0148,
        "28.0": 0.0027,
        "800.0": 0.009,
        "422.0": 0.0172,
        "72.0": 0.006999999999999999,
        "394.0": 0.034199999999999994,
        "744.0": 0.025599999999999998,
        "16.0": 0.024100000000000003,
        "366.0": 0.018099999999999998,
        "434.0": 0.0012,
        "915.0": 0.0012000000000000001,
        "481.0": 0.009899999999999999,
        "75.0": 0.025,
        "509.0": 0.0018999999999999998,
        "803.0": 0.009600000000000001,
        "397.0": 0.0354,
        "131.0": 0.0015,
        "425.0": 0.0081,
        "747.0": 0.014499999999999999,
        "2.0": 0.0094,
        "873.0": 0.0009,
        "439.0": 0.016,
        "33.0": 0.017599999999999998,
        "495.0": 0.0028,
        "789.0": 0.0097,
        "61.0": 0.009,
        "383.0": 0.0343,
        "145.0": 0.0006000000000000001,
        "761.0": 0.0138,
        "988.0": 0.0001,
        "554.0": 0.0012000000000000001,
        "148.0": 0.0021999999999999997,
        "848.0": 0.0019,
        "120.0": 0.0013,
        "442.0": 0.019700000000000002,
        "764.0": 0.0158
    },
    "probability_distribution_items": [
        [
            728.0,
            0.0337
        ],
        [
            378.0,
            0.030099999999999995
        ],
        [
            785.0,
            0.0225
        ],
        [
            379.0,
            0.060099999999999994
        ],
        [
            1.0,
            0.0181
        ],
        [
            435.0,
            0.014799999999999997
        ],
        [
            757.0,
            0.009300000000000001
        ],
        [
            29.0,
            0.0103
        ],
        [
            113.0,
            0.0012000000000000001
        ],
        [
            743.0,
            0.0393
        ],
        [
            365.0,
            0.048299999999999996
        ],
        [
            15.0,
            0.0367
        ],
        [
            393.0,
            0.0224
        ],
        [
            71.0,
            0.0015
        ],
        [
            421.0,
            0.0034999999999999996
        ],
        [
            799.0,
            0.0009
        ],
        [
            56.0,
            0.0037
        ],
        [
            858.0,
            0.003
        ],
        [
            424.0,
            0.0238
        ],
        [
            18.0,
            0.045899999999999996
        ],
        [
            508.0,
            0.0009
        ],
        [
            802.0,
            0.006
        ],
        [
            74.0,
            0.0071
        ],
        [
            396.0,
            0.0192
        ],
        [
            186.0,
            0.0001
        ],
        [
            480.0,
            0.0009
        ],
        [
            756.0,
            0.0053
        ],
        [
            842.0,
            0.0055
        ],
        [
            436.0,
            0.016900000000000002
        ],
        [
            58.0,
            0.0068000000000000005
        ],
        [
            758.0,
            0.0157
        ],
        [
            30.0,
            0.0177
        ],
        [
            380.0,
            0.051500000000000004
        ],
        [
            730.0,
            0.0148
        ],
        [
            28.0,
            0.0027
        ],
        [
            800.0,
            0.009
        ],
        [
            422.0,
            0.0172
        ],
        [
            72.0,
            0.006999999999999999
        ],
        [
            394.0,
            0.034199999999999994
        ],
        [
            744.0,
            0.025599999999999998
        ],
        [
            16.0,
            0.024100000000000003
        ],
        [
            366.0,
            0.018099999999999998
        ],
        [
            434.0,
            0.0012
        ],
        [
            915.0,
            0.0012000000000000001
        ],
        [
            481.0,
            0.009899999999999999
        ],
        [
            75.0,
            0.025
        ],
        [
            509.0,
            0.0018999999999999998
        ],
        [
            803.0,
            0.009600000000000001
        ],
        [
            397.0,
            0.0354
        ],
        [
            131.0,
            0.0015
        ],
        [
            425.0,
            0.0081
        ],
        [
            747.0,
            0.014499999999999999
        ],
        [
            2.0,
            0.0094
        ],
        [
            873.0,
            0.0009
        ],
        [
            439.0,
            0.016
        ],
        [
            33.0,
            0.017599999999999998
        ],
        [
            495.0,
            0.0028
        ],
        [
            789.0,
            0.0097
        ],
        [
            61.0,
            0.009
        ],
        [
            383.0,
            0.0343
        ],
        [
            145.0,
            0.0006000000000000001
        ],
        [
            761.0,
            0.0138
        ],
        [
            988.0,
            0.0001
        ],
        [
            554.0,
            0.0012000000000000001
        ],
        [
            148.0,
            0.0021999999999999997
        ],
        [
            848.0,
            0.0019
        ],
        [
            120.0,
            0.0013
        ],
        [
            442.0,
            0.019700000000000002
        ],
        [
            764.0,
            0.0158
        ]
    ],
    "approximation_ratio": 399.4285,
    "approximation_ratio_offset": 0.5963237082066869,
    "noise": true,
    "p": 1
}