{
    "expected_value": 175.9758,
    "optimal_gammas": [
        5.665867388675255,
        2.6898699153787904,
        0.011143774974308332,
        5.19212335418645,
        6.251328050315733
    ],
    "optimal_betas": [
        0.5096695084385309,
        2.381509192162854,
        2.5203193803687065,
        1.4986382299780272,
        1.9149957367908819
    ],
    "problem_identifier": "{'W': [1, 1], 'W_max': 2, 'A': 24, 'B': 4, 'C': 624}",
    "now": "2021-05-04 18:15:57",
    "execution_time": "0:11:40.451489",
    "nfev": 630,
    "message": "Optimization terminated successfully.",
    "success": true,
    "nit": 1,
    "problem": {
        "W": [
            1,
            1
        ],
        "W_max": 2,
        "A": 24,
        "B": 4,
        "C": 624
    },
    "probability_distribution": {
        "312.0": 0.0042,
        "162.0": 0.0152,
        "337.0": 0.015999999999999997,
        "163.0": 0.0343,
        "1.0": 0.0093,
        "187.0": 0.029,
        "325.0": 0.0161,
        "13.0": 0.0167,
        "49.0": 0.0060999999999999995,
        "319.0": 0.0242,
        "157.0": 0.015200000000000002,
        "7.0": 0.0271,
        "169.0": 0.031599999999999996,
        "31.0": 0.007,
        "181.0": 0.0155,
        "343.0": 0.0084,
        "24.0": 0.0083,
        "370.0": 0.0063999999999999994,
        "184.0": 0.0148,
        "10.0": 0.009600000000000001,
        "220.0": 0.016900000000000002,
        "346.0": 0.027,
        "34.0": 0.020999999999999998,
        "172.0": 0.0211,
        "82.0": 0.0058,
        "208.0": 0.0164,
        "324.0": 0.0103,
        "362.0": 0.0026,
        "188.0": 0.013699999999999999,
        "26.0": 0.0042,
        "326.0": 0.015,
        "14.0": 0.014199999999999999,
        "164.0": 0.04760000000000001,
        "314.0": 0.0119,
        "12.0": 0.0089,
        "344.0": 0.0085,
        "182.0": 0.014700000000000001,
        "32.0": 0.0089,
        "170.0": 0.0327,
        "320.0": 0.0248,
        "8.0": 0.0263,
        "158.0": 0.0181,
        "186.0": 0.0178,
        "395.0": 0.0046,
        "209.0": 0.0116,
        "35.0": 0.0196,
        "221.0": 0.0116,
        "347.0": 0.014100000000000001,
        "173.0": 0.0137,
        "59.0": 0.007,
        "185.0": 0.015899999999999997,
        "323.0": 0.0071,
        "2.0": 0.0073,
        "377.0": 0.007600000000000001,
        "191.0": 0.0313,
        "17.0": 0.0074,
        "215.0": 0.012900000000000002,
        "341.0": 0.017,
        "29.0": 0.0169,
        "167.0": 0.0161,
        "65.0": 0.0074,
        "329.0": 0.0093,
        "360.0": 0.0044,
        "428.0": 0.0028,
        "242.0": 0.012799999999999999,
        "68.0": 0.0067,
        "368.0": 0.0071,
        "56.0": 0.0062,
        "194.0": 0.0149,
        "332.0": 0.0033
    },
    "probability_distribution_items": [
        [
            312.0,
            0.0042
        ],
        [
            162.0,
            0.0152
        ],
        [
            337.0,
            0.015999999999999997
        ],
        [
            163.0,
            0.0343
        ],
        [
            1.0,
            0.0093
        ],
        [
            187.0,
            0.029
        ],
        [
            325.0,
            0.0161
        ],
        [
            13.0,
            0.0167
        ],
        [
            49.0,
            0.0060999999999999995
        ],
        [
            319.0,
            0.0242
        ],
        [
            157.0,
            0.015200000000000002
        ],
        [
            7.0,
            0.0271
        ],
        [
            169.0,
            0.031599999999999996
        ],
        [
            31.0,
            0.007
        ],
        [
            181.0,
            0.0155
        ],
        [
            343.0,
            0.0084
        ],
        [
            24.0,
            0.0083
        ],
        [
            370.0,
            0.0063999999999999994
        ],
        [
            184.0,
            0.0148
        ],
        [
            10.0,
            0.009600000000000001
        ],
        [
            220.0,
            0.016900000000000002
        ],
        [
            346.0,
            0.027
        ],
        [
            34.0,
            0.020999999999999998
        ],
        [
            172.0,
            0.0211
        ],
        [
            82.0,
            0.0058
        ],
        [
            208.0,
            0.0164
        ],
        [
            324.0,
            0.0103
        ],
        [
            362.0,
            0.0026
        ],
        [
            188.0,
            0.013699999999999999
        ],
        [
            26.0,
            0.0042
        ],
        [
            326.0,
            0.015
        ],
        [
            14.0,
            0.014199999999999999
        ],
        [
            164.0,
            0.04760000000000001
        ],
        [
            314.0,
            0.0119
        ],
        [
            12.0,
            0.0089
        ],
        [
            344.0,
            0.0085
        ],
        [
            182.0,
            0.014700000000000001
        ],
        [
            32.0,
            0.0089
        ],
        [
            170.0,
            0.0327
        ],
        [
            320.0,
            0.0248
        ],
        [
            8.0,
            0.0263
        ],
        [
            158.0,
            0.0181
        ],
        [
            186.0,
            0.0178
        ],
        [
            395.0,
            0.0046
        ],
        [
            209.0,
            0.0116
        ],
        [
            35.0,
            0.0196
        ],
        [
            221.0,
            0.0116
        ],
        [
            347.0,
            0.014100000000000001
        ],
        [
            173.0,
            0.0137
        ],
        [
            59.0,
            0.007
        ],
        [
            185.0,
            0.015899999999999997
        ],
        [
            323.0,
            0.0071
        ],
        [
            2.0,
            0.0073
        ],
        [
            377.0,
            0.007600000000000001
        ],
        [
            191.0,
            0.0313
        ],
        [
            17.0,
            0.0074
        ],
        [
            215.0,
            0.012900000000000002
        ],
        [
            341.0,
            0.017
        ],
        [
            29.0,
            0.0169
        ],
        [
            167.0,
            0.0161
        ],
        [
            65.0,
            0.0074
        ],
        [
            329.0,
            0.0093
        ],
        [
            360.0,
            0.0044
        ],
        [
            428.0,
            0.0028
        ],
        [
            242.0,
            0.012799999999999999
        ],
        [
            68.0,
            0.0067
        ],
        [
            368.0,
            0.0071
        ],
        [
            56.0,
            0.0062
        ],
        [
            194.0,
            0.0149
        ],
        [
            332.0,
            0.0033
        ]
    ],
    "approximation_ratio": 0.5812950819672131,
    "noise": true,
    "p": 5
}