{
    "expected_value": 407.5287,
    "optimal_gammas": [
        3.892021922488193,
        1.0469936379689546,
        4.4579835368855445,
        6.081728031267407,
        2.706991095312044
    ],
    "optimal_betas": [
        0.5990474113514775,
        0.3668999087500189,
        1.2258679762359406,
        1.879167606596597,
        2.5687715014483237
    ],
    "problem_identifier": "{'W': [1, 1], 'W_max': 2, 'A': 56, 'B': 4, 'C': 1456}",
    "now": "2021-05-04 18:43:29",
    "execution_time": "0:20:29.819732",
    "nfev": 934,
    "message": "Optimization terminated successfully.",
    "success": true,
    "nit": 2,
    "problem": {
        "W": [
            1,
            1
        ],
        "W_max": 2,
        "A": 56,
        "B": 4,
        "C": 1456
    },
    "optimal_cost": 1.0,
    "probability_distribution": {
        "728.0": 0.0047,
        "378.0": 0.0217,
        "785.0": 0.0147,
        "379.0": 0.0374,
        "1.0": 0.009000000000000001,
        "435.0": 0.027899999999999998,
        "757.0": 0.0189,
        "29.0": 0.0191,
        "113.0": 0.0056,
        "743.0": 0.0268,
        "365.0": 0.019799999999999998,
        "15.0": 0.0238,
        "393.0": 0.032900000000000006,
        "71.0": 0.0069,
        "421.0": 0.012,
        "799.0": 0.0051,
        "56.0": 0.0066,
        "858.0": 0.009600000000000001,
        "424.0": 0.0191,
        "18.0": 0.0087,
        "508.0": 0.016399999999999998,
        "802.0": 0.0216,
        "74.0": 0.020499999999999997,
        "396.0": 0.015300000000000001,
        "186.0": 0.005900000000000001,
        "480.0": 0.0147,
        "756.0": 0.0075,
        "842.0": 0.0049,
        "436.0": 0.0141,
        "58.0": 0.0065,
        "758.0": 0.0156,
        "30.0": 0.0144,
        "380.0": 0.0476,
        "730.0": 0.0121,
        "28.0": 0.0092,
        "800.0": 0.0063,
        "422.0": 0.016800000000000002,
        "72.0": 0.0056,
        "394.0": 0.033,
        "744.0": 0.021300000000000003,
        "16.0": 0.0269,
        "366.0": 0.0133,
        "434.0": 0.0169,
        "915.0": 0.006,
        "481.0": 0.0157,
        "75.0": 0.0216,
        "509.0": 0.014,
        "803.0": 0.015,
        "397.0": 0.0137,
        "131.0": 0.0060999999999999995,
        "425.0": 0.0138,
        "747.0": 0.006500000000000001,
        "2.0": 0.008400000000000001,
        "873.0": 0.0084,
        "439.0": 0.03,
        "33.0": 0.0074,
        "495.0": 0.013600000000000001,
        "789.0": 0.0162,
        "61.0": 0.019200000000000002,
        "383.0": 0.015099999999999999,
        "145.0": 0.004999999999999999,
        "761.0": 0.0052,
        "840.0": 0.0037,
        "988.0": 0.0036,
        "554.0": 0.015700000000000002,
        "148.0": 0.0063,
        "848.0": 0.0084,
        "120.0": 0.008799999999999999,
        "442.0": 0.012700000000000001,
        "764.0": 0.0032
    },
    "probability_distribution_items": [
        [
            728.0,
            0.0047
        ],
        [
            378.0,
            0.0217
        ],
        [
            785.0,
            0.0147
        ],
        [
            379.0,
            0.0374
        ],
        [
            1.0,
            0.009000000000000001
        ],
        [
            435.0,
            0.027899999999999998
        ],
        [
            757.0,
            0.0189
        ],
        [
            29.0,
            0.0191
        ],
        [
            113.0,
            0.0056
        ],
        [
            743.0,
            0.0268
        ],
        [
            365.0,
            0.019799999999999998
        ],
        [
            15.0,
            0.0238
        ],
        [
            393.0,
            0.032900000000000006
        ],
        [
            71.0,
            0.0069
        ],
        [
            421.0,
            0.012
        ],
        [
            799.0,
            0.0051
        ],
        [
            56.0,
            0.0066
        ],
        [
            858.0,
            0.009600000000000001
        ],
        [
            424.0,
            0.0191
        ],
        [
            18.0,
            0.0087
        ],
        [
            508.0,
            0.016399999999999998
        ],
        [
            802.0,
            0.0216
        ],
        [
            74.0,
            0.020499999999999997
        ],
        [
            396.0,
            0.015300000000000001
        ],
        [
            186.0,
            0.005900000000000001
        ],
        [
            480.0,
            0.0147
        ],
        [
            756.0,
            0.0075
        ],
        [
            842.0,
            0.0049
        ],
        [
            436.0,
            0.0141
        ],
        [
            58.0,
            0.0065
        ],
        [
            758.0,
            0.0156
        ],
        [
            30.0,
            0.0144
        ],
        [
            380.0,
            0.0476
        ],
        [
            730.0,
            0.0121
        ],
        [
            28.0,
            0.0092
        ],
        [
            800.0,
            0.0063
        ],
        [
            422.0,
            0.016800000000000002
        ],
        [
            72.0,
            0.0056
        ],
        [
            394.0,
            0.033
        ],
        [
            744.0,
            0.021300000000000003
        ],
        [
            16.0,
            0.0269
        ],
        [
            366.0,
            0.0133
        ],
        [
            434.0,
            0.0169
        ],
        [
            915.0,
            0.006
        ],
        [
            481.0,
            0.0157
        ],
        [
            75.0,
            0.0216
        ],
        [
            509.0,
            0.014
        ],
        [
            803.0,
            0.015
        ],
        [
            397.0,
            0.0137
        ],
        [
            131.0,
            0.0060999999999999995
        ],
        [
            425.0,
            0.0138
        ],
        [
            747.0,
            0.006500000000000001
        ],
        [
            2.0,
            0.008400000000000001
        ],
        [
            873.0,
            0.0084
        ],
        [
            439.0,
            0.03
        ],
        [
            33.0,
            0.0074
        ],
        [
            495.0,
            0.013600000000000001
        ],
        [
            789.0,
            0.0162
        ],
        [
            61.0,
            0.019200000000000002
        ],
        [
            383.0,
            0.015099999999999999
        ],
        [
            145.0,
            0.004999999999999999
        ],
        [
            761.0,
            0.0052
        ],
        [
            840.0,
            0.0037
        ],
        [
            988.0,
            0.0036
        ],
        [
            554.0,
            0.015700000000000002
        ],
        [
            148.0,
            0.0063
        ],
        [
            848.0,
            0.0084
        ],
        [
            120.0,
            0.008799999999999999
        ],
        [
            442.0,
            0.012700000000000001
        ],
        [
            764.0,
            0.0032
        ]
    ],
    "approximation_ratio": 419.6657,
    "approximation_ratio_offset": 0.5758199594731509,
    "noise": true,
    "p": 5
}