{
    "expected_value": 73.97788546275608,
    "optimal_gammas": [
        2.855388110583832
    ],
    "optimal_betas": [
        2.8323802892502843
    ],
    "problem_identifier": "{'W': [1, 1], 'W_max': 2, 'A': 24, 'B': 4, 'C': 240}",
    "now": "2021-05-05 11:11:05",
    "execution_time": "0:03:23.278784",
    "nfev": 1128,
    "message": "Optimization terminated successfully.",
    "success": true,
    "nit": 35,
    "problem": {
        "W": [
            1,
            1
        ],
        "W_max": 2,
        "A": 24,
        "B": 4,
        "C": 240
    },
    "probability_distribution": {
        "120.0": 0.005977751757362092,
        "66.0": 0.049652881169604965,
        "24.0": 0.0007727729757750542,
        "132.0": 0.04834380470936992,
        "12.0": 0.04603636328037004,
        "90.0": 0.003855946137691479,
        "168.0": 1.692476884364227e-05,
        "145.0": 0.0005317077276175254,
        "67.0": 0.046379231736262676,
        "1.0": 0.0033355883667566246,
        "91.0": 0.0038383048878708097,
        "133.0": 0.05805354286093853,
        "13.0": 0.06168021226274992,
        "49.0": 3.7739988477182985e-05,
        "127.0": 0.058255127804095704,
        "61.0": 0.03540449135148953,
        "7.0": 0.06501580062950656,
        "73.0": 0.011360463541526191,
        "31.0": 3.7739988477182945e-05,
        "85.0": 0.003452581731117778,
        "151.0": 0.0003301227844603469,
        "178.0": 0.003065558344433674,
        "88.0": 0.0051481533665569765,
        "10.0": 0.0077492875751693545,
        "124.0": 0.008711304871960599,
        "154.0": 0.006644503345491952,
        "34.0": 0.008435192508990164,
        "76.0": 0.022930295354875407,
        "82.0": 0.00037448398722024343,
        "112.0": 0.0007367777208717794,
        "170.0": 4.76744763878708e-06,
        "92.0": 0.0003405881145193397,
        "26.0": 3.878768339572564e-06,
        "134.0": 0.03984657220217392,
        "14.0": 0.037735095852610395,
        "68.0": 0.022521209248724347,
        "122.0": 0.03984180475453512,
        "152.0": 1.3014244796942502e-05,
        "86.0": 0.0007577753042764053,
        "32.0": 2.0442216458368098e-05,
        "74.0": 0.006897726025797343,
        "128.0": 0.045624016225539334,
        "8.0": 0.043064239314569645,
        "62.0": 0.00613995072152094,
        "203.0": 2.877870504234064e-05,
        "113.0": 0.0002915359590532896,
        "35.0": 0.01184403377701297,
        "125.0": 0.009730362077559201,
        "155.0": 0.01325182279044701,
        "77.0": 0.028176175411402223,
        "59.0": 0.0004957034602319248,
        "89.0": 0.0010596347050951984,
        "131.0": 0.0014321939556815287,
        "2.0": 0.03773121708427081,
        "185.0": 2.8778705042340687e-05,
        "95.0": 0.0013511706641484884,
        "17.0": 0.00013655637017463045,
        "119.0": 0.009730362077559205,
        "149.0": 0.013251822790447006,
        "29.0": 0.01170747740683834,
        "71.0": 0.028176175411402233,
        "65.0": 0.0004957034602319246,
        "137.0": 0.001432193955681529,
        "236.0": 0.0003442118696533484,
        "146.0": 0.00242018777756158,
        "176.0": 0.00380905727921905,
        "56.0": 0.0020117820791275914,
        "98.0": 0.008383758161098669,
        "140.0": 0.003703566088582114
    },
    "probability_distribution_items": [
        [
            120.0,
            0.005977751757362092
        ],
        [
            66.0,
            0.049652881169604965
        ],
        [
            24.0,
            0.0007727729757750542
        ],
        [
            132.0,
            0.04834380470936992
        ],
        [
            12.0,
            0.04603636328037004
        ],
        [
            90.0,
            0.003855946137691479
        ],
        [
            168.0,
            1.692476884364227e-05
        ],
        [
            145.0,
            0.0005317077276175254
        ],
        [
            67.0,
            0.046379231736262676
        ],
        [
            1.0,
            0.0033355883667566246
        ],
        [
            91.0,
            0.0038383048878708097
        ],
        [
            133.0,
            0.05805354286093853
        ],
        [
            13.0,
            0.06168021226274992
        ],
        [
            49.0,
            3.7739988477182985e-05
        ],
        [
            127.0,
            0.058255127804095704
        ],
        [
            61.0,
            0.03540449135148953
        ],
        [
            7.0,
            0.06501580062950656
        ],
        [
            73.0,
            0.011360463541526191
        ],
        [
            31.0,
            3.7739988477182945e-05
        ],
        [
            85.0,
            0.003452581731117778
        ],
        [
            151.0,
            0.0003301227844603469
        ],
        [
            178.0,
            0.003065558344433674
        ],
        [
            88.0,
            0.0051481533665569765
        ],
        [
            10.0,
            0.0077492875751693545
        ],
        [
            124.0,
            0.008711304871960599
        ],
        [
            154.0,
            0.006644503345491952
        ],
        [
            34.0,
            0.008435192508990164
        ],
        [
            76.0,
            0.022930295354875407
        ],
        [
            82.0,
            0.00037448398722024343
        ],
        [
            112.0,
            0.0007367777208717794
        ],
        [
            170.0,
            4.76744763878708e-06
        ],
        [
            92.0,
            0.0003405881145193397
        ],
        [
            26.0,
            3.878768339572564e-06
        ],
        [
            134.0,
            0.03984657220217392
        ],
        [
            14.0,
            0.037735095852610395
        ],
        [
            68.0,
            0.022521209248724347
        ],
        [
            122.0,
            0.03984180475453512
        ],
        [
            152.0,
            1.3014244796942502e-05
        ],
        [
            86.0,
            0.0007577753042764053
        ],
        [
            32.0,
            2.0442216458368098e-05
        ],
        [
            74.0,
            0.006897726025797343
        ],
        [
            128.0,
            0.045624016225539334
        ],
        [
            8.0,
            0.043064239314569645
        ],
        [
            62.0,
            0.00613995072152094
        ],
        [
            203.0,
            2.877870504234064e-05
        ],
        [
            113.0,
            0.0002915359590532896
        ],
        [
            35.0,
            0.01184403377701297
        ],
        [
            125.0,
            0.009730362077559201
        ],
        [
            155.0,
            0.01325182279044701
        ],
        [
            77.0,
            0.028176175411402223
        ],
        [
            59.0,
            0.0004957034602319248
        ],
        [
            89.0,
            0.0010596347050951984
        ],
        [
            131.0,
            0.0014321939556815287
        ],
        [
            2.0,
            0.03773121708427081
        ],
        [
            185.0,
            2.8778705042340687e-05
        ],
        [
            95.0,
            0.0013511706641484884
        ],
        [
            17.0,
            0.00013655637017463045
        ],
        [
            119.0,
            0.009730362077559205
        ],
        [
            149.0,
            0.013251822790447006
        ],
        [
            29.0,
            0.01170747740683834
        ],
        [
            71.0,
            0.028176175411402233
        ],
        [
            65.0,
            0.0004957034602319246
        ],
        [
            137.0,
            0.001432193955681529
        ],
        [
            236.0,
            0.0003442118696533484
        ],
        [
            146.0,
