{
    "expected_value": 28.1457,
    "optimal_gammas": [
        3.634788023734689
    ],
    "optimal_betas": [
        0.3214170133736334
    ],
    "problem_identifier": "{'W': [1, 1], 'W_max': 2, 'A': 24, 'B': 4, 'C': 48}",
    "now": "2021-05-04 17:19:06",
    "execution_time": "0:08:00.984302",
    "nfev": 1263,
    "message": "Optimization terminated successfully.",
    "success": true,
    "nit": 39,
    "problem": {
        "W": [
            1,
            1
        ],
        "W_max": 2,
        "A": 24,
        "B": 4,
        "C": 48
    },
    "optimal_cost": 1.0,
    "probability_distribution": {
        "24.0": 0.0205,
        "18.0": 0.0115,
        "49.0": 0.0363,
        "19.0": 0.043500000000000004,
        "1.0": 0.0138,
        "43.0": 0.013999999999999999,
        "37.0": 0.009099999999999999,
        "13.0": 0.0532,
        "31.0": 0.051699999999999996,
        "7.0": 0.019499999999999997,
        "25.0": 0.022,
        "55.0": 0.0009,
        "82.0": 0.0055,
        "40.0": 0.0464,
        "10.0": 0.0792,
        "76.0": 0.0033,
        "58.0": 0.0115,
        "34.0": 0.015,
        "28.0": 0.0364,
        "64.0": 0.004,
        "36.0": 0.0016,
        "74.0": 0.0012,
        "44.0": 0.013600000000000001,
        "26.0": 0.0692,
        "38.0": 0.0379,
        "14.0": 0.037000000000000005,
        "20.0": 0.020800000000000003,
        "12.0": 0.0007,
        "56.0": 0.0237,
        "32.0": 0.060700000000000004,
        "8.0": 0.0485,
        "42.0": 0.0015999999999999999,
        "107.0": 0.0014,
        "65.0": 0.0057,
        "35.0": 0.0359,
        "77.0": 0.002,
        "59.0": 0.0095,
        "29.0": 0.0297,
        "41.0": 0.029899999999999996,
        "2.0": 0.0043,
        "89.0": 0.0017,
        "47.0": 0.0095,
        "17.0": 0.0089,
        "71.0": 0.0019,
        "53.0": 0.0069,
        "23.0": 0.0282,
        "72.0": 0.0001,
        "140.0": 0.0001,
        "98.0": 0.0007999999999999999,
        "68.0": 0.0015,
        "80.0": 0.0012,
        "50.0": 0.007
    },
    "probability_distribution_items": [
        [
            24.0,
            0.0205
        ],
        [
            18.0,
            0.0115
        ],
        [
            49.0,
            0.0363
        ],
        [
            19.0,
            0.043500000000000004
        ],
        [
            1.0,
            0.0138
        ],
        [
            43.0,
            0.013999999999999999
        ],
        [
            37.0,
            0.009099999999999999
        ],
        [
            13.0,
            0.0532
        ],
        [
            31.0,
            0.051699999999999996
        ],
        [
            7.0,
            0.019499999999999997
        ],
        [
            25.0,
            0.022
        ],
        [
            55.0,
            0.0009
        ],
        [
            82.0,
            0.0055
        ],
        [
            40.0,
            0.0464
        ],
        [
            10.0,
            0.0792
        ],
        [
            76.0,
            0.0033
        ],
        [
            58.0,
            0.0115
        ],
        [
            34.0,
            0.015
        ],
        [
            28.0,
            0.0364
        ],
        [
            64.0,
            0.004
        ],
        [
            36.0,
            0.0016
        ],
        [
            74.0,
            0.0012
        ],
        [
            44.0,
            0.013600000000000001
        ],
        [
            26.0,
            0.0692
        ],
        [
            38.0,
            0.0379
        ],
        [
            14.0,
            0.037000000000000005
        ],
        [
            20.0,
            0.020800000000000003
        ],
        [
            12.0,
            0.0007
        ],
        [
            56.0,
            0.0237
        ],
        [
            32.0,
            0.060700000000000004
        ],
        [
            8.0,
            0.0485
        ],
        [
            42.0,
            0.0015999999999999999
        ],
        [
            107.0,
            0.0014
        ],
        [
            65.0,
            0.0057
        ],
        [
            35.0,
            0.0359
        ],
        [
            77.0,
            0.002
        ],
        [
            59.0,
            0.0095
        ],
        [
            29.0,
            0.0297
        ],
        [
            41.0,
            0.029899999999999996
        ],
        [
            2.0,
            0.0043
        ],
        [
            89.0,
            0.0017
        ],
        [
            47.0,
            0.0095
        ],
        [
            17.0,
            0.0089
        ],
        [
            71.0,
            0.0019
        ],
        [
            53.0,
            0.0069
        ],
        [
            23.0,
            0.0282
        ],
        [
            72.0,
            0.0001
        ],
        [
            140.0,
            0.0001
        ],
        [
            98.0,
            0.0007999999999999999
        ],
        [
            68.0,
            0.0015
        ],
        [
            80.0,
            0.0012
        ],
        [
            50.0,
            0.007
        ]
    ],
    "approximation_ratio": 28.9432,
    "approximation_ratio_offset": 0.7989697841726618,
    "noise": true,
    "p": 1
}