{
    "expected_value": 44.7196,
    "optimal_gammas": [
        0.11826613112112483,
        1.7376263965876733,
        2.8677229546273852,
        1.7349563519253732,
        3.461825616743521
    ],
    "optimal_betas": [
        1.3501780471404536,
        0.6575697211700071,
        1.8650989779389806,
        0.14959637778868018,
        2.7401288235812045
    ],
    "problem_identifier": "{'W': [1, 1], 'W_max': 2, 'A': 8, 'B': 4, 'C': 144}",
    "now": "2021-05-04 18:59:53",
    "execution_time": "0:17:28.917876",
    "nfev": 831,
    "message": "Optimization terminated successfully.",
    "success": true,
    "nit": 3,
    "problem": {
        "W": [
            1,
            1
        ],
        "W_max": 2,
        "A": 8,
        "B": 4,
        "C": 144
    },
    "probability_distribution": {
        "72.0": 0.0068,
        "38.0": 0.036,
        "81.0": 0.0228,
        "39.0": 0.0324,
        "1.0": 0.0087,
        "47.0": 0.0355,
        "77.0": 0.0182,
        "5.0": 0.0182,
        "17.0": 0.0072,
        "75.0": 0.0299,
        "37.0": 0.0228,
        "3.0": 0.0262,
        "41.0": 0.0309,
        "11.0": 0.008400000000000001,
        "45.0": 0.027300000000000005,
        "83.0": 0.0063,
        "8.0": 0.009399999999999999,
        "94.0": 0.0121,
        "48.0": 0.0375,
        "6.0": 0.028,
        "60.0": 0.0155,
        "86.0": 0.021699999999999997,
        "14.0": 0.0149,
        "44.0": 0.015300000000000001,
        "30.0": 0.0069,
        "56.0": 0.0116,
        "76.0": 0.031099999999999996,
        "90.0": 0.0047,
        "10.0": 0.0081,
        "78.0": 0.014199999999999999,
        "40.0": 0.043899999999999995,
        "74.0": 0.0119,
        "4.0": 0.033100000000000004,
        "84.0": 0.011899999999999999,
        "46.0": 0.0286,
        "12.0": 0.0067,
        "42.0": 0.029,
        "103.0": 0.0068,
        "57.0": 0.0149,
        "15.0": 0.025699999999999997,
        "61.0": 0.015099999999999999,
        "87.0": 0.014,
        "23.0": 0.0079,
        "49.0": 0.0092,
        "79.0": 0.0052,
        "2.0": 0.0093,
        "97.0": 0.0082,
        "51.0": 0.0256,
        "9.0": 0.0060999999999999995,
        "59.0": 0.0157,
        "85.0": 0.0147,
        "13.0": 0.0161,
        "43.0": 0.0134,
        "25.0": 0.0059,
        "88.0": 0.0027,
        "116.0": 0.0042,
        "70.0": 0.0132,
        "28.0": 0.0059,
        "96.0": 0.0074,
        "24.0": 0.0071,
        "54.0": 0.012
    },
    "probability_distribution_items": [
        [
            72.0,
            0.0068
        ],
        [
            38.0,
            0.036
        ],
        [
            81.0,
            0.0228
        ],
        [
            39.0,
            0.0324
        ],
        [
            1.0,
            0.0087
        ],
        [
            47.0,
            0.0355
        ],
        [
            77.0,
            0.0182
        ],
        [
            5.0,
            0.0182
        ],
        [
            17.0,
            0.0072
        ],
        [
            75.0,
            0.0299
        ],
        [
            37.0,
            0.0228
        ],
        [
            3.0,
            0.0262
        ],
        [
            41.0,
            0.0309
        ],
        [
            11.0,
            0.008400000000000001
        ],
        [
            45.0,
            0.027300000000000005
        ],
        [
            83.0,
            0.0063
        ],
        [
            8.0,
            0.009399999999999999
        ],
        [
            94.0,
            0.0121
        ],
        [
            48.0,
            0.0375
        ],
        [
            6.0,
            0.028
        ],
        [
            60.0,
            0.0155
        ],
        [
            86.0,
            0.021699999999999997
        ],
        [
            14.0,
            0.0149
        ],
        [
            44.0,
            0.015300000000000001
        ],
        [
            30.0,
            0.0069
        ],
        [
            56.0,
            0.0116
        ],
        [
            76.0,
            0.031099999999999996
        ],
        [
            90.0,
            0.0047
        ],
        [
            10.0,
            0.0081
        ],
        [
            78.0,
            0.014199999999999999
        ],
        [
            40.0,
            0.043899999999999995
        ],
        [
            74.0,
            0.0119
        ],
        [
            4.0,
            0.033100000000000004
        ],
        [
            84.0,
            0.011899999999999999
        ],
        [
            46.0,
            0.0286
        ],
        [
            12.0,
            0.0067
        ],
        [
            42.0,
            0.029
        ],
        [
            103.0,
            0.0068
        ],
        [
            57.0,
            0.0149
        ],
        [
            15.0,
            0.025699999999999997
        ],
        [
            61.0,
            0.015099999999999999
        ],
        [
            87.0,
            0.014
        ],
        [
            23.0,
            0.0079
        ],
        [
            49.0,
            0.0092
        ],
        [
            79.0,
            0.0052
        ],
        [
            2.0,
            0.0093
        ],
        [
            97.0,
            0.0082
        ],
        [
            51.0,
            0.0256
        ],
        [
            9.0,
            0.0060999999999999995
        ],
        [
            59.0,
            0.0157
        ],
        [
            85.0,
            0.0147
        ],
        [
            13.0,
            0.0161
        ],
        [
            43.0,
            0.0134
        ],
        [
            25.0,
            0.0059
        ],
        [
            88.0,
            0.0027
        ],
        [
            116.0,
            0.0042
        ],
        [
            70.0,
            0.0132
        ],
        [
            28.0,
            0.0059
        ],
        [
            96.0,
            0.0074
        ],
        [
            24.0,
            0.0071
        ],
        [
            54.0,
            0.012
        ]
    ],
    "approximation_ratio": 0.6049565217391304,
    "noise": true,
    "p": 5
}