{
    "expected_value": 83.3881,
    "optimal_gammas": [
        0.009820284451674155,
        3.963074724038204,
        5.578164551675798,
        2.116382095659177,
        2.512103404404343,
        1.616975354899383
    ],
    "optimal_betas": [
        2.5493510269376674,
        2.1978354442281214,
        1.379850620756176,
        3.0732017949928707,
        1.4467702768087205,
        2.9604312440260614
    ],
    "problem_identifier": "{'W': [1, 1], 'W_max': 2, 'A': 24, 'B': 4, 'C': 240}",
    "now": "2021-05-04 19:15:20",
    "execution_time": "0:22:38.480592",
    "nfev": 891,
    "message": "Optimization terminated successfully.",
    "success": true,
    "nit": 2,
    "problem": {
        "W": [
            1,
            1
        ],
        "W_max": 2,
        "A": 24,
        "B": 4,
        "C": 240
    },
    "optimal_cost": 1.0,
    "probability_distribution": {
        "120.0": 0.0045,
        "66.0": 0.013599999999999998,
        "145.0": 0.020499999999999997,
        "67.0": 0.033,
        "1.0": 0.0134,
        "91.0": 0.025599999999999998,
        "133.0": 0.0114,
        "13.0": 0.0115,
        "49.0": 0.0081,
        "127.0": 0.0235,
        "61.0": 0.0179,
        "7.0": 0.0253,
        "73.0": 0.0308,
        "31.0": 0.006999999999999999,
        "85.0": 0.0131,
        "151.0": 0.0068000000000000005,
        "24.0": 0.0069,
        "178.0": 0.008,
        "88.0": 0.020499999999999997,
        "10.0": 0.0175,
        "124.0": 0.0116,
        "154.0": 0.024,
        "34.0": 0.0112,
        "76.0": 0.0209,
        "82.0": 0.0058,
        "112.0": 0.0156,
        "132.0": 0.0062,
        "170.0": 0.005,
        "92.0": 0.012,
        "26.0": 0.0097,
        "134.0": 0.0131,
        "14.0": 0.015099999999999999,
        "68.0": 0.05419999999999999,
        "122.0": 0.0092,
        "12.0": 0.0052,
        "152.0": 0.011099999999999999,
        "86.0": 0.0159,
        "32.0": 0.0129,
        "74.0": 0.032299999999999995,
        "128.0": 0.0255,
        "8.0": 0.022099999999999998,
        "62.0": 0.0166,
        "90.0": 0.014499999999999999,
        "203.0": 0.007299999999999999,
        "113.0": 0.017499999999999998,
        "35.0": 0.023600000000000003,
        "125.0": 0.012400000000000001,
        "155.0": 0.011000000000000001,
        "77.0": 0.0171,
        "59.0": 0.007599999999999999,
        "89.0": 0.0157,
        "131.0": 0.011200000000000002,
        "2.0": 0.0057,
        "185.0": 0.007300000000000001,
        "95.0": 0.0333,
        "17.0": 0.0131,
        "119.0": 0.013000000000000001,
        "149.0": 0.0129,
        "29.0": 0.011300000000000001,
        "71.0": 0.0187,
        "65.0": 0.0093,
        "137.0": 0.0133,
        "168.0": 0.0027,
        "236.0": 0.0029,
        "146.0": 0.0101,
        "176.0": 0.0055,
        "56.0": 0.0055,
        "98.0": 0.0176,
        "140.0": 0.0058
    },
    "probability_distribution_items": [
        [
            120.0,
            0.0045
        ],
        [
            66.0,
            0.013599999999999998
        ],
        [
            145.0,
            0.020499999999999997
        ],
        [
            67.0,
            0.033
        ],
        [
            1.0,
            0.0134
        ],
        [
            91.0,
            0.025599999999999998
        ],
        [
            133.0,
            0.0114
        ],
        [
            13.0,
            0.0115
        ],
        [
            49.0,
            0.0081
        ],
        [
            127.0,
            0.0235
        ],
        [
            61.0,
            0.0179
        ],
        [
            7.0,
            0.0253
        ],
        [
            73.0,
            0.0308
        ],
        [
            31.0,
            0.006999999999999999
        ],
        [
            85.0,
            0.0131
        ],
        [
            151.0,
            0.0068000000000000005
        ],
        [
            24.0,
            0.0069
        ],
        [
            178.0,
            0.008
        ],
        [
            88.0,
            0.020499999999999997
        ],
        [
            10.0,
            0.0175
        ],
        [
            124.0,
            0.0116
        ],
        [
            154.0,
            0.024
        ],
        [
            34.0,
            0.0112
        ],
        [
            76.0,
            0.0209
        ],
        [
            82.0,
            0.0058
        ],
        [
            112.0,
            0.0156
        ],
        [
            132.0,
            0.0062
        ],
        [
            170.0,
            0.005
        ],
        [
            92.0,
            0.012
        ],
        [
            26.0,
            0.0097
        ],
        [
            134.0,
            0.0131
        ],
        [
            14.0,
            0.015099999999999999
        ],
        [
            68.0,
            0.05419999999999999
        ],
        [
            122.0,
            0.0092
        ],
        [
            12.0,
            0.0052
        ],
        [
            152.0,
            0.011099999999999999
        ],
        [
            86.0,
            0.0159
        ],
        [
            32.0,
            0.0129
        ],
        [
            74.0,
            0.032299999999999995
        ],
        [
            128.0,
            0.0255
        ],
        [
            8.0,
            0.022099999999999998
        ],
        [
            62.0,
            0.0166
        ],
        [
            90.0,
            0.014499999999999999
        ],
        [
            203.0,
            0.007299999999999999
        ],
        [
            113.0,
            0.017499999999999998
        ],
        [
            35.0,
            0.023600000000000003
        ],
        [
            125.0,
            0.012400000000000001
        ],
        [
            155.0,
            0.011000000000000001
        ],
        [
            77.0,
            0.0171
        ],
        [
            59.0,
            0.007599999999999999
        ],
        [
            89.0,
            0.0157
        ],
        [
            131.0,
            0.011200000000000002
        ],
        [
            2.0,
            0.0057
        ],
        [
            185.0,
            0.007300000000000001
        ],
        [
            95.0,
            0.0333
        ],
        [
            17.0,
            0.0131
        ],
        [
            119.0,
            0.013000000000000001
        ],
        [
            149.0,
            0.0129
        ],
        [
            29.0,
            0.011300000000000001
        ],
        [
            71.0,
            0.0187
        ],
        [
            65.0,
            0.0093
        ],
        [
            137.0,
            0.0133
        ],
        [
            168.0,
            0.0027
        ],
        [
            236.0,
            0.0029
        ],
        [
            146.0,
            0.0101
        ],
        [
            176.0,
            0.0055
        ],
        [
            56.0,
            0.0055
        ],
        [
            98.0,
            0.0176
        ],
        [
            140.0,
            0.0058
        ]
    ],
    "approximation_ratio": 84.6649,
    "approximation_ratio_offset": 0.6439791489361703,
    "noise": true,
    "p": 6
}