{
    "expected_value": 413.6154,
    "optimal_gammas": [
        4.783522626423123,
        2.7611103348840604,
        4.207450674283903,
        5.173214554081911,
        4.185690714611136,
        1.8561520302948953
    ],
    "optimal_betas": [
        0.7055447765644788,
        1.8507385982716564,
        0.5266955978642285,
        2.271436808742383,
        1.5514153916234952,
        1.9954021942123314
    ],
    "problem_identifier": "{'W': [1, 1], 'W_max': 2, 'A': 56, 'B': 4, 'C': 1456}",
    "now": "2021-05-04 17:03:12",
    "execution_time": "0:18:35.997225",
    "nfev": 737,
    "message": "Optimization terminated successfully.",
    "success": true,
    "nit": 1,
    "problem": {
        "W": [
            1,
            1
        ],
        "W_max": 2,
        "A": 56,
        "B": 4,
        "C": 1456
    },
    "optimal_cost": 1.0,
    "probability_distribution": {
        "728.0": 0.0031,
        "378.0": 0.015300000000000001,
        "785.0": 0.017,
        "379.0": 0.0295,
        "1.0": 0.0073,
        "435.0": 0.0321,
        "757.0": 0.0179,
        "29.0": 0.0184,
        "113.0": 0.0081,
        "743.0": 0.02,
        "365.0": 0.0176,
        "15.0": 0.023399999999999997,
        "393.0": 0.028999999999999998,
        "71.0": 0.0068,
        "421.0": 0.0147,
        "799.0": 0.006500000000000001,
        "56.0": 0.0089,
        "858.0": 0.0086,
        "424.0": 0.0176,
        "18.0": 0.0079,
        "508.0": 0.012799999999999999,
        "802.0": 0.023900000000000005,
        "74.0": 0.0147,
        "396.0": 0.0157,
        "186.0": 0.0071,
        "480.0": 0.014499999999999999,
        "756.0": 0.0079,
        "842.0": 0.0042,
        "436.0": 0.0149,
        "58.0": 0.0081,
        "758.0": 0.015,
        "30.0": 0.0174,
        "380.0": 0.046700000000000005,
        "730.0": 0.0111,
        "28.0": 0.0087,
        "800.0": 0.0059,
        "422.0": 0.015899999999999997,
        "72.0": 0.0077,
        "394.0": 0.029900000000000003,
        "744.0": 0.0228,
        "16.0": 0.0228,
        "366.0": 0.0164,
        "434.0": 0.012799999999999999,
        "915.0": 0.0078,
        "481.0": 0.015099999999999999,
        "75.0": 0.0261,
        "509.0": 0.0154,
        "803.0": 0.0159,
        "397.0": 0.0179,
        "131.0": 0.0074,
        "425.0": 0.015099999999999999,
        "747.0": 0.0088,
        "2.0": 0.0085,
        "873.0": 0.008199999999999999,
        "439.0": 0.0293,
        "33.0": 0.0074,
        "495.0": 0.0175,
        "789.0": 0.0158,
        "61.0": 0.0141,
        "383.0": 0.0167,
        "145.0": 0.008199999999999999,
        "761.0": 0.0076,
        "840.0": 0.0041,
        "988.0": 0.0045,
        "554.0": 0.016399999999999998,
        "148.0": 0.0083,
        "848.0": 0.0069,
        "120.0": 0.0074,
        "442.0": 0.020200000000000003,
        "764.0": 0.0028
    },
    "probability_distribution_items": [
        [
            728.0,
            0.0031
        ],
        [
            378.0,
            0.015300000000000001
        ],
        [
            785.0,
            0.017
        ],
        [
            379.0,
            0.0295
        ],
        [
            1.0,
            0.0073
        ],
        [
            435.0,
            0.0321
        ],
        [
            757.0,
            0.0179
        ],
        [
            29.0,
            0.0184
        ],
        [
            113.0,
            0.0081
        ],
        [
            743.0,
            0.02
        ],
        [
            365.0,
            0.0176
        ],
        [
            15.0,
            0.023399999999999997
        ],
        [
            393.0,
            0.028999999999999998
        ],
        [
            71.0,
            0.0068
        ],
        [
            421.0,
            0.0147
        ],
        [
            799.0,
            0.006500000000000001
        ],
        [
            56.0,
            0.0089
        ],
        [
            858.0,
            0.0086
        ],
        [
            424.0,
            0.0176
        ],
        [
            18.0,
            0.0079
        ],
        [
            508.0,
            0.012799999999999999
        ],
        [
            802.0,
            0.023900000000000005
        ],
        [
            74.0,
            0.0147
        ],
        [
            396.0,
            0.0157
        ],
        [
            186.0,
            0.0071
        ],
        [
            480.0,
            0.014499999999999999
        ],
        [
            756.0,
            0.0079
        ],
        [
            842.0,
            0.0042
        ],
        [
            436.0,
            0.0149
        ],
        [
            58.0,
            0.0081
        ],
        [
            758.0,
            0.015
        ],
        [
            30.0,
            0.0174
        ],
        [
            380.0,
            0.046700000000000005
        ],
        [
            730.0,
            0.0111
        ],
        [
            28.0,
            0.0087
        ],
        [
            800.0,
            0.0059
        ],
        [
            422.0,
            0.015899999999999997
        ],
        [
            72.0,
            0.0077
        ],
        [
            394.0,
            0.029900000000000003
        ],
        [
            744.0,
            0.0228
        ],
        [
            16.0,
            0.0228
        ],
        [
            366.0,
            0.0164
        ],
        [
            434.0,
            0.012799999999999999
        ],
        [
            915.0,
            0.0078
        ],
        [
            481.0,
            0.015099999999999999
        ],
        [
            75.0,
            0.0261
        ],
        [
            509.0,
            0.0154
        ],
        [
            803.0,
            0.0159
        ],
        [
            397.0,
            0.0179
        ],
        [
            131.0,
            0.0074
        ],
        [
            425.0,
            0.015099999999999999
        ],
        [
            747.0,
            0.0088
        ],
        [
            2.0,
            0.0085
        ],
        [
            873.0,
            0.008199999999999999
        ],
        [
            439.0,
            0.0293
        ],
        [
            33.0,
            0.0074
        ],
        [
            495.0,
            0.0175
        ],
        [
            789.0,
            0.0158
        ],
        [
            61.0,
            0.0141
        ],
        [
            383.0,
            0.0167
        ],
        [
            145.0,
            0.008199999999999999
        ],
        [
            761.0,
            0.0076
        ],
        [
            840.0,
            0.0041
        ],
        [
            988.0,
            0.0045
        ],
        [
            554.0,
            0.016399999999999998
        ],
        [
            148.0,
            0.0083
        ],
        [
            848.0,
            0.0069
        ],
        [
            120.0,
            0.0074
        ],
        [
            442.0,
            0.020200000000000003
        ],
        [
            764.0,
            0.0028
        ]
    ],
    "approximation_ratio": 417.8592,
    "approximation_ratio_offset": 0.5776502532928065,
    "noise": true,
    "p": 6
}