{
    "expected_value": 61.5307,
    "optimal_gammas": [
        2.8446965600296923,
        1.615391345284839,
        0.5799070153215209,
        4.889634701227156,
        0.5990618151046925,
        1.7102054992505218,
        0.8053688129288887
    ],
    "optimal_betas": [
        0.89204995892471,
        1.1846375317449194,
        0.06725737291019729,
        0.22392061884712633,
        1.6702258369125809,
        0.9283168326505927,
        0.05941819879336796
    ],
    "problem_identifier": "{'W': [1, 1], 'W_max': 2, 'A': 8, 'B': 4, 'C': 208}",
    "now": "2021-05-04 18:39:49",
    "execution_time": "0:19:53.860648",
    "nfev": 735,
    "message": "Optimization terminated successfully.",
    "success": true,
    "nit": 1,
    "problem": {
        "W": [
            1,
            1
        ],
        "W_max": 2,
        "A": 8,
        "B": 4,
        "C": 208
    },
    "optimal_cost": 1.0,
    "probability_distribution": {
        "104.0": 0.0077,
        "54.0": 0.0355,
        "113.0": 0.0243,
        "55.0": 0.037,
        "1.0": 0.0076,
        "63.0": 0.0356,
        "109.0": 0.0164,
        "5.0": 0.0174,
        "17.0": 0.011,
        "107.0": 0.0257,
        "53.0": 0.0214,
        "3.0": 0.021199999999999997,
        "57.0": 0.0326,
        "11.0": 0.0091,
        "61.0": 0.028999999999999998,
        "115.0": 0.0068000000000000005,
        "8.0": 0.0103,
        "126.0": 0.009899999999999999,
        "64.0": 0.036399999999999995,
        "6.0": 0.0242,
        "76.0": 0.0169,
        "118.0": 0.0204,
        "14.0": 0.0172,
        "60.0": 0.0127,
        "30.0": 0.0085,
        "72.0": 0.012499999999999999,
        "108.0": 0.0348,
        "122.0": 0.0051,
        "10.0": 0.0092,
        "110.0": 0.0167,
        "56.0": 0.04240000000000001,
        "106.0": 0.0106,
        "4.0": 0.032,
        "116.0": 0.0132,
        "62.0": 0.034300000000000004,
        "12.0": 0.008400000000000001,
        "58.0": 0.033800000000000004,
        "135.0": 0.008400000000000001,
        "73.0": 0.017499999999999998,
        "15.0": 0.0197,
        "77.0": 0.015199999999999998,
        "119.0": 0.013,
        "23.0": 0.0074,
        "65.0": 0.012899999999999998,
        "111.0": 0.0053,
        "2.0": 0.0072,
        "129.0": 0.0074,
        "67.0": 0.026500000000000006,
        "9.0": 0.0060999999999999995,
        "75.0": 0.0143,
        "117.0": 0.011000000000000001,
        "13.0": 0.0127,
        "59.0": 0.0121,
        "25.0": 0.006500000000000001,
        "120.0": 0.0042,
        "148.0": 0.0041,
        "86.0": 0.0142,
        "28.0": 0.006,
        "128.0": 0.0058,
        "24.0": 0.006,
        "70.0": 0.0087
    },
    "probability_distribution_items": [
        [
            104.0,
            0.0077
        ],
        [
            54.0,
            0.0355
        ],
        [
            113.0,
            0.0243
        ],
        [
            55.0,
            0.037
        ],
        [
            1.0,
            0.0076
        ],
        [
            63.0,
            0.0356
        ],
        [
            109.0,
            0.0164
        ],
        [
            5.0,
            0.0174
        ],
        [
            17.0,
            0.011
        ],
        [
            107.0,
            0.0257
        ],
        [
            53.0,
            0.0214
        ],
        [
            3.0,
            0.021199999999999997
        ],
        [
            57.0,
            0.0326
        ],
        [
            11.0,
            0.0091
        ],
        [
            61.0,
            0.028999999999999998
        ],
        [
            115.0,
            0.0068000000000000005
        ],
        [
            8.0,
            0.0103
        ],
        [
            126.0,
            0.009899999999999999
        ],
        [
            64.0,
            0.036399999999999995
        ],
        [
            6.0,
            0.0242
        ],
        [
            76.0,
            0.0169
        ],
        [
            118.0,
            0.0204
        ],
        [
            14.0,
            0.0172
        ],
        [
            60.0,
            0.0127
        ],
        [
            30.0,
            0.0085
        ],
        [
            72.0,
            0.012499999999999999
        ],
        [
            108.0,
            0.0348
        ],
        [
            122.0,
            0.0051
        ],
        [
            10.0,
            0.0092
        ],
        [
            110.0,
            0.0167
        ],
        [
            56.0,
            0.04240000000000001
        ],
        [
            106.0,
            0.0106
        ],
        [
            4.0,
            0.032
        ],
        [
            116.0,
            0.0132
        ],
        [
            62.0,
            0.034300000000000004
        ],
        [
            12.0,
            0.008400000000000001
        ],
        [
            58.0,
            0.033800000000000004
        ],
        [
            135.0,
            0.008400000000000001
        ],
        [
            73.0,
            0.017499999999999998
        ],
        [
            15.0,
            0.0197
        ],
        [
            77.0,
            0.015199999999999998
        ],
        [
            119.0,
            0.013
        ],
        [
            23.0,
            0.0074
        ],
        [
            65.0,
            0.012899999999999998
        ],
        [
            111.0,
            0.0053
        ],
        [
            2.0,
            0.0072
        ],
        [
            129.0,
            0.0074
        ],
        [
            67.0,
            0.026500000000000006
        ],
        [
            9.0,
            0.0060999999999999995
        ],
        [
            75.0,
            0.0143
        ],
        [
            117.0,
            0.011000000000000001
        ],
        [
            13.0,
            0.0127
        ],
        [
            59.0,
            0.0121
        ],
        [
            25.0,
            0.006500000000000001
        ],
        [
            120.0,
            0.0042
        ],
        [
            148.0,
            0.0041
        ],
        [
            86.0,
            0.0142
        ],
        [
            28.0,
            0.006
        ],
        [
            128.0,
            0.0058
        ],
        [
            24.0,
            0.006
        ],
        [
            70.0,
            0.0087
        ]
    ],
    "approximation_ratio": 62.7803,
    "approximation_ratio_offset": 0.5797258503401361,
    "noise": true,
    "p": 7
}