{
    "expected_value": 42.4988,
    "optimal_gammas": [
        0.6944864353536613
    ],
    "optimal_betas": [
        0.38023369994851564
    ],
    "problem_identifier": "{'W': [1, 1], 'W_max': 2, 'A': 8, 'B': 4, 'C': 144}",
    "now": "2021-05-03 19:34:04",
    "execution_time": "0:05:40.736198",
    "problem": {
        "W": [
            1,
            1
        ],
        "W_max": 2,
        "A": 8,
        "B": 4,
        "C": 144
    },
    "probability_distribution": {
        "72.0": 0.0376,
        "38.0": 0.037899999999999996,
        "81.0": 0.071,
        "39.0": 0.0443,
        "1.0": 0.0288,
        "47.0": 0.011300000000000001,
        "77.0": 0.004999999999999999,
        "5.0": 0.0040999999999999995,
        "17.0": 0.0023,
        "75.0": 0.0474,
        "37.0": 0.0377,
        "3.0": 0.0373,
        "41.0": 0.017900000000000003,
        "11.0": 0.003,
        "45.0": 0.0268,
        "83.0": 0.0021,
        "8.0": 0.0037,
        "94.0": 0.0049,
        "48.0": 0.035699999999999996,
        "6.0": 0.0868,
        "60.0": 0.0008,
        "86.0": 0.0076,
        "14.0": 0.004399999999999999,
        "44.0": 0.0194,
        "30.0": 0.00030000000000000003,
        "56.0": 0.002,
        "76.0": 0.030600000000000002,
        "90.0": 0.0055,
        "10.0": 0.009999999999999998,
        "78.0": 0.0147,
        "40.0": 0.036899999999999995,
        "74.0": 0.0074,
        "4.0": 0.028100000000000003,
        "84.0": 0.0404,
        "46.0": 0.019,
        "12.0": 0.0189,
        "42.0": 0.036,
        "103.0": 0.0022,
        "57.0": 0.007899999999999999,
        "15.0": 0.024099999999999996,
        "61.0": 0.0018,
        "87.0": 0.0045000000000000005,
        "23.0": 0.0023,
        "49.0": 0.007000000000000001,
        "79.0": 0.0262,
        "2.0": 0.0047,
        "97.0": 0.0019000000000000002,
        "51.0": 0.0151,
        "9.0": 0.020900000000000002,
        "59.0": 0.0023,
        "85.0": 0.0045000000000000005,
        "13.0": 0.0041,
        "43.0": 0.0238,
        "25.0": 0.0018,
        "88.0": 0.0004,
        "70.0": 0.0006,
        "28.0": 0.0028,
        "96.0": 0.0017,
        "24.0": 0.0006000000000000001,
        "54.0": 0.011200000000000002
    },
    "probability_distribution_items": [
        [
            72.0,
            0.0376
        ],
        [
            38.0,
            0.037899999999999996
        ],
        [
            81.0,
            0.071
        ],
        [
            39.0,
            0.0443
        ],
        [
            1.0,
            0.0288
        ],
        [
            47.0,
            0.011300000000000001
        ],
        [
            77.0,
            0.004999999999999999
        ],
        [
            5.0,
            0.0040999999999999995
        ],
        [
            17.0,
            0.0023
        ],
        [
            75.0,
            0.0474
        ],
        [
            37.0,
            0.0377
        ],
        [
            3.0,
            0.0373
        ],
        [
            41.0,
            0.017900000000000003
        ],
        [
            11.0,
            0.003
        ],
        [
            45.0,
            0.0268
        ],
        [
            83.0,
            0.0021
        ],
        [
            8.0,
            0.0037
        ],
        [
            94.0,
            0.0049
        ],
        [
            48.0,
            0.035699999999999996
        ],
        [
            6.0,
            0.0868
        ],
        [
            60.0,
            0.0008
        ],
        [
            86.0,
            0.0076
        ],
        [
            14.0,
            0.004399999999999999
        ],
        [
            44.0,
            0.0194
        ],
        [
            30.0,
            0.00030000000000000003
        ],
        [
            56.0,
            0.002
        ],
        [
            76.0,
            0.030600000000000002
        ],
        [
            90.0,
            0.0055
        ],
        [
            10.0,
            0.009999999999999998
        ],
        [
            78.0,
            0.0147
        ],
        [
            40.0,
            0.036899999999999995
        ],
        [
            74.0,
            0.0074
        ],
        [
            4.0,
            0.028100000000000003
        ],
        [
            84.0,
            0.0404
        ],
        [
            46.0,
            0.019
        ],
        [
            12.0,
            0.0189
        ],
        [
            42.0,
            0.036
        ],
        [
            103.0,
            0.0022
        ],
        [
            57.0,
            0.007899999999999999
        ],
        [
            15.0,
            0.024099999999999996
        ],
        [
            61.0,
            0.0018
        ],
        [
            87.0,
            0.0045000000000000005
        ],
        [
            23.0,
            0.0023
        ],
        [
            49.0,
            0.007000000000000001
        ],
        [
            79.0,
            0.0262
        ],
        [
            2.0,
            0.0047
        ],
        [
            97.0,
            0.0019000000000000002
        ],
        [
            51.0,
            0.0151
        ],
        [
            9.0,
            0.020900000000000002
        ],
        [
            59.0,
            0.0023
        ],
        [
            85.0,
            0.0045000000000000005
        ],
        [
            13.0,
            0.0041
        ],
        [
            43.0,
            0.0238
        ],
        [
            25.0,
            0.0018
        ],
        [
            88.0,
            0.0004
        ],
        [
            70.0,
            0.0006
        ],
        [
            28.0,
            0.0028
        ],
        [
            96.0,
            0.0017
        ],
        [
            24.0,
            0.0006000000000000001
        ],
        [
            54.0,
            0.011200000000000002
        ]
    ],
    "approximation_ratio": 0.5829882352941176,
    "noise": true,
    "p": 1
}