{
    "expected_value": 177.0173,
    "optimal_gammas": [
        5.626576212074728,
        3.459730652294074,
        3.49612528853492,
        5.241026775387461,
        0.5123074037546926
    ],
    "optimal_betas": [
        2.1645160223884226,
        0.6356471877272993,
        1.0087283217930678,
        2.2901633575093934,
        2.721959321727226
    ],
    "problem_identifier": "{'W': [1, 1], 'W_max': 2, 'A': 24, 'B': 4, 'C': 624}",
    "now": "2021-05-04 18:35:32",
    "execution_time": "0:09:46.801394",
    "nfev": 531,
    "message": "Optimization terminated successfully.",
    "success": true,
    "nit": 1,
    "problem": {
        "W": [
            1,
            1
        ],
        "W_max": 2,
        "A": 24,
        "B": 4,
        "C": 624
    },
    "optimal_cost": 1.0,
    "probability_distribution": {
        "312.0": 0.0035,
        "162.0": 0.0174,
        "337.0": 0.013,
        "163.0": 0.031,
        "1.0": 0.007,
        "187.0": 0.031099999999999996,
        "325.0": 0.0161,
        "13.0": 0.021500000000000002,
        "49.0": 0.0078,
        "319.0": 0.0281,
        "157.0": 0.0172,
        "7.0": 0.0312,
        "169.0": 0.0335,
        "31.0": 0.0073,
        "181.0": 0.0164,
        "343.0": 0.007600000000000001,
        "24.0": 0.0068000000000000005,
        "370.0": 0.008,
        "184.0": 0.016900000000000002,
        "10.0": 0.0083,
        "220.0": 0.0177,
        "346.0": 0.0279,
        "34.0": 0.0205,
        "172.0": 0.0178,
        "82.0": 0.01,
        "208.0": 0.016900000000000002,
        "324.0": 0.0091,
        "362.0": 0.0036,
        "188.0": 0.0117,
        "26.0": 0.0055,
        "326.0": 0.0144,
        "14.0": 0.0158,
        "164.0": 0.040900000000000006,
        "314.0": 0.009300000000000001,
        "12.0": 0.0076,
        "344.0": 0.0093,
        "182.0": 0.018399999999999996,
        "32.0": 0.0086,
        "170.0": 0.035500000000000004,
        "320.0": 0.0264,
        "8.0": 0.0327,
        "158.0": 0.018099999999999998,
        "186.0": 0.016800000000000002,
        "395.0": 0.0068000000000000005,
        "209.0": 0.0143,
        "35.0": 0.023,
        "221.0": 0.012900000000000002,
        "347.0": 0.015399999999999999,
        "173.0": 0.0144,
        "59.0": 0.007599999999999999,
        "185.0": 0.0138,
        "323.0": 0.0048000000000000004,
        "2.0": 0.0086,
        "377.0": 0.0069,
        "191.0": 0.028,
        "17.0": 0.0064,
        "215.0": 0.0139,
        "341.0": 0.015899999999999997,
        "29.0": 0.015199999999999998,
        "167.0": 0.0127,
        "65.0": 0.005,
        "329.0": 0.0048000000000000004,
        "360.0": 0.0039,
        "428.0": 0.0025,
        "242.0": 0.010700000000000001,
        "68.0": 0.0048000000000000004,
        "368.0": 0.0054,
        "56.0": 0.0057,
        "194.0": 0.0108,
        "332.0": 0.0016
    },
    "probability_distribution_items": [
        [
            312.0,
            0.0035
        ],
        [
            162.0,
            0.0174
        ],
        [
            337.0,
            0.013
        ],
        [
            163.0,
            0.031
        ],
        [
            1.0,
            0.007
        ],
        [
            187.0,
            0.031099999999999996
        ],
        [
            325.0,
            0.0161
        ],
        [
            13.0,
            0.021500000000000002
        ],
        [
            49.0,
            0.0078
        ],
        [
            319.0,
            0.0281
        ],
        [
            157.0,
            0.0172
        ],
        [
            7.0,
            0.0312
        ],
        [
            169.0,
            0.0335
        ],
        [
            31.0,
            0.0073
        ],
        [
            181.0,
            0.0164
        ],
        [
            343.0,
            0.007600000000000001
        ],
        [
            24.0,
            0.0068000000000000005
        ],
        [
            370.0,
            0.008
        ],
        [
            184.0,
            0.016900000000000002
        ],
        [
            10.0,
            0.0083
        ],
        [
            220.0,
            0.0177
        ],
        [
            346.0,
            0.0279
        ],
        [
            34.0,
            0.0205
        ],
        [
            172.0,
            0.0178
        ],
        [
            82.0,
            0.01
        ],
        [
            208.0,
            0.016900000000000002
        ],
        [
            324.0,
            0.0091
        ],
        [
            362.0,
            0.0036
        ],
        [
            188.0,
            0.0117
        ],
        [
            26.0,
            0.0055
        ],
        [
            326.0,
            0.0144
        ],
        [
            14.0,
            0.0158
        ],
        [
            164.0,
            0.040900000000000006
        ],
        [
            314.0,
            0.009300000000000001
        ],
        [
            12.0,
            0.0076
        ],
        [
            344.0,
            0.0093
        ],
        [
            182.0,
            0.018399999999999996
        ],
        [
            32.0,
            0.0086
        ],
        [
            170.0,
            0.035500000000000004
        ],
        [
            320.0,
            0.0264
        ],
        [
            8.0,
            0.0327
        ],
        [
            158.0,
            0.018099999999999998
        ],
        [
            186.0,
            0.016800000000000002
        ],
        [
            395.0,
            0.0068000000000000005
        ],
        [
            209.0,
            0.0143
        ],
        [
            35.0,
            0.023
        ],
        [
            221.0,
            0.012900000000000002
        ],
        [
            347.0,
            0.015399999999999999
        ],
        [
            173.0,
            0.0144
        ],
        [
            59.0,
            0.007599999999999999
        ],
        [
            185.0,
            0.0138
        ],
        [
            323.0,
            0.0048000000000000004
        ],
        [
            2.0,
            0.0086
        ],
        [
            377.0,
            0.0069
        ],
        [
            191.0,
            0.028
        ],
        [
            17.0,
            0.0064
        ],
        [
            215.0,
            0.0139
        ],
        [
            341.0,
            0.015899999999999997
        ],
        [
            29.0,
            0.015199999999999998
        ],
        [
            167.0,
            0.0127
        ],
        [
            65.0,
            0.005
        ],
        [
            329.0,
            0.0048000000000000004
        ],
        [
            360.0,
            0.0039
        ],
        [
            428.0,
            0.0025
        ],
        [
            242.0,
            0.010700000000000001
        ],
        [
            68.0,
            0.0048000000000000004
        ],
        [
            368.0,
            0.0054
        ],
        [
            56.0,
            0.0057
        ],
        [
            194.0,
            0.0108
        ],
        [
            332.0,
            0.0016
        ]
    ],
    "approximation_ratio": 181.3036,
    "approximation_ratio_offset": 0.5777433255269321,
    "noise": true,
    "p": 5
}