{
    "expected_value": 55.06610143945418,
    "optimal_gammas": [
        6.180998428070891
    ],
    "optimal_betas": [
        2.798595304910432
    ],
    "problem_identifier": "{'W': [1, 1], 'W_max': 2, 'A': 56, 'B': 4, 'C': 112}",
    "now": "2021-05-05 17:21:57",
    "execution_time": "0:08:24.595934",
    "nfev": 1785,
    "message": "Optimization terminated successfully.",
    "success": true,
    "nit": 57,
    "problem": {
        "W": [
            1,
            1
        ],
        "W_max": 2,
        "A": 56,
        "B": 4,
        "C": 112
    },
    "optimal_cost": 1.0,
    "probability_distribution": {
        "56.0": 0.022077114916794743,
        "42.0": 0.0350517242630836,
        "84.0": 0.00964333007375069,
        "28.0": 0.008656929270100304,
        "98.0": 0.002519098854228078,
        "168.0": 9.243506303728156e-05,
        "113.0": 0.009073215173418227,
        "43.0": 0.08185994152599518,
        "1.0": 0.013793586807952032,
        "99.0": 0.010438191518705675,
        "85.0": 0.03714504285405519,
        "29.0": 0.10168571668973433,
        "71.0": 0.043339427694868746,
        "15.0": 0.051557904481290516,
        "57.0": 0.026463846809956157,
        "127.0": 0.0009659431142558395,
        "186.0": 0.0015034731080330126,
        "88.0": 0.027785153900093618,
        "18.0": 0.03839645039453242,
        "172.0": 0.0017067528776456146,
        "130.0": 0.022732079987589807,
        "74.0": 0.02059083274373537,
        "60.0": 0.057186160108120054,
        "144.0": 0.0020811928713191166,
        "170.0": 0.00018599798545464614,
        "100.0": 0.0007330041321680742,
        "58.0": 0.059245953775797736,
        "86.0": 0.02152332347978426,
        "30.0": 0.04363324941511943,
        "44.0": 0.02071656126752496,
        "128.0": 0.0018349898051639394,
        "72.0": 0.08214727426871361,
        "16.0": 0.05623457276328737,
        "243.0": 0.00026123447505892064,
        "145.0": 0.0015696556260733335,
        "75.0": 0.009727958095135419,
        "173.0": 0.003474769689726066,
        "131.0": 0.005073792645703439,
        "61.0": 0.017226491568960126,
        "89.0": 0.012130540718130658,
        "2.0": 0.005724621133651311,
        "201.0": 0.0002612344750589203,
        "103.0": 0.003896129703430392,
        "33.0": 6.392478561651781e-05,
        "159.0": 0.0034747696897260627,
        "117.0": 0.0038442026601312957,
        "47.0": 0.01613693491464268,
        "316.0": 0.00016380321693952861,
        "218.0": 0.0005115241154635294,
        "148.0": 0.0012393835301458558,
        "176.0": 0.0002851062751935015,
        "120.0": 0.0005312277180458688,
        "106.0": 0.0007142933196628397,
        "92.0": 0.0010879296481936813
    },
    "probability_distribution_items": [
        [
            56.0,
            0.022077114916794743
        ],
        [
            42.0,
            0.0350517242630836
        ],
        [
            84.0,
            0.00964333007375069
        ],
        [
            28.0,
            0.008656929270100304
        ],
        [
            98.0,
            0.002519098854228078
        ],
        [
            168.0,
            9.243506303728156e-05
        ],
        [
            113.0,
            0.009073215173418227
        ],
        [
            43.0,
            0.08185994152599518
        ],
        [
            1.0,
            0.013793586807952032
        ],
        [
            99.0,
            0.010438191518705675
        ],
        [
            85.0,
            0.03714504285405519
        ],
        [
            29.0,
            0.10168571668973433
        ],
        [
            71.0,
            0.043339427694868746
        ],
        [
            15.0,
            0.051557904481290516
        ],
        [
            57.0,
            0.026463846809956157
        ],
        [
            127.0,
            0.0009659431142558395
        ],
        [
            186.0,
            0.0015034731080330126
        ],
        [
            88.0,
            0.027785153900093618
        ],
        [
            18.0,
            0.03839645039453242
        ],
        [
            172.0,
            0.0017067528776456146
        ],
        [
            130.0,
            0.022732079987589807
        ],
        [
            74.0,
            0.02059083274373537
        ],
        [
            60.0,
            0.057186160108120054
        ],
        [
            144.0,
            0.0020811928713191166
        ],
        [
            170.0,
            0.00018599798545464614
        ],
        [
            100.0,
            0.0007330041321680742
        ],
        [
            58.0,
            0.059245953775797736
        ],
        [
            86.0,
            0.02152332347978426
        ],
        [
            30.0,
            0.04363324941511943
        ],
        [
            44.0,
            0.02071656126752496
        ],
        [
            128.0,
            0.0018349898051639394
        ],
        [
            72.0,
            0.08214727426871361
        ],
        [
            16.0,
            0.05623457276328737
        ],
        [
            243.0,
            0.00026123447505892064
        ],
        [
            145.0,
            0.0015696556260733335
        ],
        [
            75.0,
            0.009727958095135419
        ],
        [
            173.0,
            0.003474769689726066
        ],
        [
            131.0,
            0.005073792645703439
        ],
        [
            61.0,
            0.017226491568960126
        ],
        [
            89.0,
            0.012130540718130658
        ],
        [
            2.0,
            0.005724621133651311
        ],
        [
            201.0,
            0.0002612344750589203
        ],
        [
            103.0,
            0.003896129703430392
        ],
        [
            33.0,
            6.392478561651781e-05
        ],
        [
            159.0,
            0.0034747696897260627
        ],
        [
            117.0,
            0.0038442026601312957
        ],
        [
            47.0,
            0.01613693491464268
        ],
        [
            316.0,
            0.00016380321693952861
        ],
        [
            218.0,
            0.0005115241154635294
        ],
        [
            148.0,
            0.0012393835301458558
        ],
        [
            176.0,
            0.0002851062751935015
        ],
        [
            120.0,
            0.0005312277180458688
        ],
        [
            106.0,
            0.0007142933196628397
        ],
        [
            92.0,
            0.0010879296481936813
        ]
    ],
    "approximation_ratio": 55.066101439454194,
    "approximation_ratio_offset": 0.8283615827318914,
    "noise": false,
    "p": 1
}