{
    "expected_value": 51.1056,
    "optimal_gammas": [
        3.1580318700304115,
        3.7851577053488974
    ],
    "optimal_betas": [
        1.1677420395077183,
        0.615429159586421
    ],
    "problem_identifier": "{'W': [1, 1], 'W_max': 2, 'A': 8, 'B': 4, 'C': 208}",
    "now": "2021-05-05 05:30:37",
    "execution_time": "2:54:17.235948",
    "nfev": 10220,
    "message": "Optimization terminated successfully.",
    "success": true,
    "nit": 167,
    "problem": {
        "W": [
            1,
            1
        ],
        "W_max": 2,
        "A": 8,
        "B": 4,
        "C": 208
    },
    "optimal_cost": 1.0,
    "probability_distribution": {
        "104.0": 0.0066,
        "54.0": 0.0346,
        "113.0": 0.022600000000000002,
        "55.0": 0.032999999999999995,
        "1.0": 0.0237,
        "63.0": 0.0185,
        "109.0": 0.0058,
        "5.0": 0.0093,
        "17.0": 0.0085,
        "107.0": 0.0157,
        "53.0": 0.021,
        "3.0": 0.0354,
        "57.0": 0.023399999999999997,
        "11.0": 0.0097,
        "61.0": 0.0211,
        "115.0": 0.004399999999999999,
        "8.0": 0.0277,
        "126.0": 0.0074,
        "64.0": 0.0408,
        "6.0": 0.0477,
        "76.0": 0.0095,
        "118.0": 0.022000000000000002,
        "14.0": 0.0087,
        "60.0": 0.0213,
        "30.0": 0.0054,
        "72.0": 0.0112,
        "108.0": 0.031400000000000004,
        "122.0": 0.004,
        "10.0": 0.026799999999999997,
        "110.0": 0.0129,
        "56.0": 0.046400000000000004,
        "106.0": 0.0086,
        "4.0": 0.0239,
        "116.0": 0.0144,
        "62.0": 0.0333,
        "12.0": 0.0103,
        "58.0": 0.0358,
        "135.0": 0.0054,
        "73.0": 0.0133,
        "15.0": 0.033,
        "77.0": 0.008700000000000001,
        "119.0": 0.0069,
        "23.0": 0.0086,
        "65.0": 0.01,
        "111.0": 0.0060999999999999995,
        "2.0": 0.0048000000000000004,
        "129.0": 0.0048000000000000004,
        "67.0": 0.024900000000000002,
        "9.0": 0.0224,
        "75.0": 0.0089,
        "117.0": 0.0060999999999999995,
        "13.0": 0.007699999999999999,
        "59.0": 0.0156,
        "25.0": 0.0088,
        "120.0": 0.0036,
        "148.0": 0.0021,
        "86.0": 0.011,
        "28.0": 0.0223,
        "128.0": 0.0036,
        "24.0": 0.0048000000000000004,
        "70.0": 0.0138
    },
    "probability_distribution_items": [
        [
            104.0,
            0.0066
        ],
        [
            54.0,
            0.0346
        ],
        [
            113.0,
            0.022600000000000002
        ],
        [
            55.0,
            0.032999999999999995
        ],
        [
            1.0,
            0.0237
        ],
        [
            63.0,
            0.0185
        ],
        [
            109.0,
            0.0058
        ],
        [
            5.0,
            0.0093
        ],
        [
            17.0,
            0.0085
        ],
        [
            107.0,
            0.0157
        ],
        [
            53.0,
            0.021
        ],
        [
            3.0,
            0.0354
        ],
        [
            57.0,
            0.023399999999999997
        ],
        [
            11.0,
            0.0097
        ],
        [
            61.0,
            0.0211
        ],
        [
            115.0,
            0.004399999999999999
        ],
        [
            8.0,
            0.0277
        ],
        [
            126.0,
            0.0074
        ],
        [
            64.0,
            0.0408
        ],
        [
            6.0,
            0.0477
        ],
        [
            76.0,
            0.0095
        ],
        [
            118.0,
            0.022000000000000002
        ],
        [
            14.0,
            0.0087
        ],
        [
            60.0,
            0.0213
        ],
        [
            30.0,
            0.0054
        ],
        [
            72.0,
            0.0112
        ],
        [
            108.0,
            0.031400000000000004
        ],
        [
            122.0,
            0.004
        ],
        [
            10.0,
            0.026799999999999997
        ],
        [
            110.0,
            0.0129
        ],
        [
            56.0,
            0.046400000000000004
        ],
        [
            106.0,
            0.0086
        ],
        [
            4.0,
            0.0239
        ],
        [
            116.0,
            0.0144
        ],
        [
            62.0,
            0.0333
        ],
        [
            12.0,
            0.0103
        ],
        [
            58.0,
            0.0358
        ],
        [
            135.0,
            0.0054
        ],
        [
            73.0,
            0.0133
        ],
        [
            15.0,
            0.033
        ],
        [
            77.0,
            0.008700000000000001
        ],
        [
            119.0,
            0.0069
        ],
        [
            23.0,
            0.0086
        ],
        [
            65.0,
            0.01
        ],
        [
            111.0,
            0.0060999999999999995
        ],
        [
            2.0,
            0.0048000000000000004
        ],
        [
            129.0,
            0.0048000000000000004
        ],
        [
            67.0,
            0.024900000000000002
        ],
        [
            9.0,
            0.0224
        ],
        [
            75.0,
            0.0089
        ],
        [
            117.0,
            0.0060999999999999995
        ],
        [
            13.0,
            0.007699999999999999
        ],
        [
            59.0,
            0.0156
        ],
        [
            25.0,
            0.0088
        ],
        [
            120.0,
            0.0036
        ],
        [
            148.0,
            0.0021
        ],
        [
            86.0,
            0.011
        ],
        [
            28.0,
            0.0223
        ],
        [
            128.0,
            0.0036
        ],
        [
            24.0,
            0.0048000000000000004
        ],
        [
            70.0,
            0.0138
        ]
    ],
    "approximation_ratio": 53.95,
    "approximation_ratio_offset": 0.639795918367347,
    "noise": true,
    "p": 2
}