{
    "expected_value": 28.8392,
    "optimal_gammas": [
        2.2267144825126706,
        0.8584629003299357,
        2.6687701097153953,
        1.6371192243147872,
        0.4846201604756488
    ],
    "optimal_betas": [
        0.8652777277760499,
        1.0841994808595543,
        0.9863610339365545,
        1.3171852919679208,
        0.07160472363039683
    ],
    "problem_identifier": "{'W': [1, 1], 'W_max': 2, 'A': 8, 'B': 4, 'C': 80}",
    "now": "2021-05-03 21:35:05",
    "execution_time": "2:47:42.188008",
    "problem": {
        "W": [
            1,
            1
        ],
        "W_max": 2,
        "A": 8,
        "B": 4,
        "C": 80
    },
    "probability_distribution": {
        "40.0": 0.0173,
        "22.0": 0.0363,
        "49.0": 0.0256,
        "23.0": 0.0442,
        "1.0": 0.009600000000000001,
        "31.0": 0.034,
        "45.0": 0.027800000000000002,
        "5.0": 0.013499999999999998,
        "17.0": 0.0058,
        "43.0": 0.038799999999999994,
        "21.0": 0.0238,
        "3.0": 0.0238,
        "25.0": 0.0335,
        "11.0": 0.0057,
        "29.0": 0.0301,
        "51.0": 0.004,
        "8.0": 0.0079,
        "62.0": 0.0102,
        "32.0": 0.045200000000000004,
        "6.0": 0.032200000000000006,
        "44.0": 0.04409999999999999,
        "54.0": 0.029799999999999997,
        "14.0": 0.013500000000000002,
        "28.0": 0.025,
        "30.0": 0.038599999999999995,
        "58.0": 0.0053,
        "10.0": 0.0076,
        "46.0": 0.0159,
        "24.0": 0.04680000000000001,
        "42.0": 0.0107,
        "4.0": 0.0334,
        "52.0": 0.0149,
        "12.0": 0.0107,
        "26.0": 0.036500000000000005,
        "71.0": 0.0087,
        "41.0": 0.015199999999999998,
        "15.0": 0.028900000000000002,
        "55.0": 0.013999999999999999,
        "33.0": 0.0129,
        "47.0": 0.0066,
        "2.0": 0.0066,
        "65.0": 0.0066,
        "35.0": 0.0288,
        "9.0": 0.0075,
        "53.0": 0.012,
        "13.0": 0.0117,
        "27.0": 0.014800000000000002,
        "56.0": 0.0027,
        "84.0": 0.0028,
        "64.0": 0.0054,
        "38.0": 0.0127
    },
    "probability_distribution_items": [
        [
            40.0,
            0.0173
        ],
        [
            22.0,
            0.0363
        ],
        [
            49.0,
            0.0256
        ],
        [
            23.0,
            0.0442
        ],
        [
            1.0,
            0.009600000000000001
        ],
        [
            31.0,
            0.034
        ],
        [
            45.0,
            0.027800000000000002
        ],
        [
            5.0,
            0.013499999999999998
        ],
        [
            17.0,
            0.0058
        ],
        [
            43.0,
            0.038799999999999994
        ],
        [
            21.0,
            0.0238
        ],
        [
            3.0,
            0.0238
        ],
        [
            25.0,
            0.0335
        ],
        [
            11.0,
            0.0057
        ],
        [
            29.0,
            0.0301
        ],
        [
            51.0,
            0.004
        ],
        [
            8.0,
            0.0079
        ],
        [
            62.0,
            0.0102
        ],
        [
            32.0,
            0.045200000000000004
        ],
        [
            6.0,
            0.032200000000000006
        ],
        [
            44.0,
            0.04409999999999999
        ],
        [
            54.0,
            0.029799999999999997
        ],
        [
            14.0,
            0.013500000000000002
        ],
        [
            28.0,
            0.025
        ],
        [
            30.0,
            0.038599999999999995
        ],
        [
            58.0,
            0.0053
        ],
        [
            10.0,
            0.0076
        ],
        [
            46.0,
            0.0159
        ],
        [
            24.0,
            0.04680000000000001
        ],
        [
            42.0,
            0.0107
        ],
        [
            4.0,
            0.0334
        ],
        [
            52.0,
            0.0149
        ],
        [
            12.0,
            0.0107
        ],
        [
            26.0,
            0.036500000000000005
        ],
        [
            71.0,
            0.0087
        ],
        [
            41.0,
            0.015199999999999998
        ],
        [
            15.0,
            0.028900000000000002
        ],
        [
            55.0,
            0.013999999999999999
        ],
        [
            33.0,
            0.0129
        ],
        [
            47.0,
            0.0066
        ],
        [
            2.0,
            0.0066
        ],
        [
            65.0,
            0.0066
        ],
        [
            35.0,
            0.0288
        ],
        [
            9.0,
            0.0075
        ],
        [
            53.0,
            0.012
        ],
        [
            13.0,
            0.0117
        ],
        [
            27.0,
            0.014800000000000002
        ],
        [
            56.0,
            0.0027
        ],
        [
            84.0,
            0.0028
        ],
        [
            64.0,
            0.0054
        ],
        [
            38.0,
            0.0127
        ]
    ],
    "approximation_ratio": 0.6474253012048192,
    "noise": true,
    "p": 5
}