{
    "expected_value": 28.9184,
    "optimal_gammas": [
        0.4909945335163153
    ],
    "optimal_betas": [
        1.9192403715015949
    ],
    "problem_identifier": "{'W': [1, 1], 'W_max': 2, 'A': 24, 'B': 4, 'C': 48}",
    "now": "2021-05-04 17:42:30",
    "execution_time": "0:11:14.558295",
    "nfev": 1626,
    "message": "Optimization terminated successfully.",
    "success": true,
    "nit": 50,
    "problem": {
        "W": [
            1,
            1
        ],
        "W_max": 2,
        "A": 24,
        "B": 4,
        "C": 48
    },
    "optimal_cost": 1.0,
    "probability_distribution": {
        "24.0": 0.0113,
        "18.0": 0.0041,
        "49.0": 0.0205,
        "19.0": 0.03509999999999999,
        "1.0": 0.0059,
        "43.0": 0.011499999999999998,
        "37.0": 0.0078000000000000005,
        "13.0": 0.0336,
        "31.0": 0.028700000000000003,
        "7.0": 0.013600000000000001,
        "25.0": 0.0145,
        "55.0": 0.0024999999999999996,
        "82.0": 0.0041,
        "40.0": 0.037,
        "10.0": 0.0923,
        "76.0": 0.0023,
        "58.0": 0.0101,
        "34.0": 0.016300000000000002,
        "28.0": 0.0426,
        "64.0": 0.0021,
        "36.0": 0.001,
        "74.0": 0.001,
        "44.0": 0.0272,
        "26.0": 0.0728,
        "38.0": 0.0329,
        "14.0": 0.0435,
        "20.0": 0.0211,
        "12.0": 0.0009,
        "56.0": 0.015499999999999998,
        "32.0": 0.0615,
        "8.0": 0.043500000000000004,
        "42.0": 0.0013000000000000002,
        "107.0": 0.0017000000000000001,
        "65.0": 0.0087,
        "35.0": 0.057800000000000004,
        "77.0": 0.0027999999999999995,
        "59.0": 0.0135,
        "29.0": 0.0538,
        "41.0": 0.0409,
        "2.0": 0.0034999999999999996,
        "89.0": 0.0017,
        "47.0": 0.013600000000000001,
        "17.0": 0.0116,
        "71.0": 0.0034,
        "53.0": 0.009000000000000001,
        "23.0": 0.0414,
        "72.0": 0.0002,
        "140.0": 0.0001,
        "98.0": 0.0018,
        "68.0": 0.0043,
        "80.0": 0.0009,
        "50.0": 0.0112
    },
    "probability_distribution_items": [
        [
            24.0,
            0.0113
        ],
        [
            18.0,
            0.0041
        ],
        [
            49.0,
            0.0205
        ],
        [
            19.0,
            0.03509999999999999
        ],
        [
            1.0,
            0.0059
        ],
        [
            43.0,
            0.011499999999999998
        ],
        [
            37.0,
            0.0078000000000000005
        ],
        [
            13.0,
            0.0336
        ],
        [
            31.0,
            0.028700000000000003
        ],
        [
            7.0,
            0.013600000000000001
        ],
        [
            25.0,
            0.0145
        ],
        [
            55.0,
            0.0024999999999999996
        ],
        [
            82.0,
            0.0041
        ],
        [
            40.0,
            0.037
        ],
        [
            10.0,
            0.0923
        ],
        [
            76.0,
            0.0023
        ],
        [
            58.0,
            0.0101
        ],
        [
            34.0,
            0.016300000000000002
        ],
        [
            28.0,
            0.0426
        ],
        [
            64.0,
            0.0021
        ],
        [
            36.0,
            0.001
        ],
        [
            74.0,
            0.001
        ],
        [
            44.0,
            0.0272
        ],
        [
            26.0,
            0.0728
        ],
        [
            38.0,
            0.0329
        ],
        [
            14.0,
            0.0435
        ],
        [
            20.0,
            0.0211
        ],
        [
            12.0,
            0.0009
        ],
        [
            56.0,
            0.015499999999999998
        ],
        [
            32.0,
            0.0615
        ],
        [
            8.0,
            0.043500000000000004
        ],
        [
            42.0,
            0.0013000000000000002
        ],
        [
            107.0,
            0.0017000000000000001
        ],
        [
            65.0,
            0.0087
        ],
        [
            35.0,
            0.057800000000000004
        ],
        [
            77.0,
            0.0027999999999999995
        ],
        [
            59.0,
            0.0135
        ],
        [
            29.0,
            0.0538
        ],
        [
            41.0,
            0.0409
        ],
        [
            2.0,
            0.0034999999999999996
        ],
        [
            89.0,
            0.0017
        ],
        [
            47.0,
            0.013600000000000001
        ],
        [
            17.0,
            0.0116
        ],
        [
            71.0,
            0.0034
        ],
        [
            53.0,
            0.009000000000000001
        ],
        [
            23.0,
            0.0414
        ],
        [
            72.0,
            0.0002
        ],
        [
            140.0,
            0.0001
        ],
        [
            98.0,
            0.0018
        ],
        [
            68.0,
            0.0043
        ],
        [
            80.0,
            0.0009
        ],
        [
            50.0,
            0.0112
        ]
    ],
    "approximation_ratio": 29.5907,
    "approximation_ratio_offset": 0.794311510791367,
    "noise": true,
    "p": 1
}