{
    "expected_value": 131.9892,
    "optimal_gammas": [
        3.4378204095354716,
        2.2459131889461457,
        2.1342419938471306,
        2.153665625893042,
        6.213307379616041,
        4.594702027634077
    ],
    "optimal_betas": [
        1.5816931772401368,
        0.8208102329469823,
        1.6892149779735204,
        1.1123637907933075,
        1.22429760271197,
        0.15264293365176695
    ],
    "problem_identifier": "{'W': [1, 1], 'W_max': 2, 'A': 24, 'B': 4, 'C': 432}",
    "now": "2021-05-04 17:29:27",
    "execution_time": "0:17:42.971861",
    "nfev": 802,
    "message": "Optimization terminated successfully.",
    "success": true,
    "nit": 1,
    "problem": {
        "W": [
            1,
            1
        ],
        "W_max": 2,
        "A": 24,
        "B": 4,
        "C": 432
    },
    "optimal_cost": 1.0,
    "probability_distribution": {
        "216.0": 0.0043,
        "114.0": 0.0195,
        "241.0": 0.0143,
        "115.0": 0.0329,
        "1.0": 0.006699999999999999,
        "139.0": 0.030599999999999995,
        "229.0": 0.0153,
        "13.0": 0.016999999999999998,
        "49.0": 0.0063999999999999994,
        "223.0": 0.0282,
        "109.0": 0.020999999999999998,
        "7.0": 0.026999999999999996,
        "121.0": 0.030900000000000004,
        "31.0": 0.0066,
        "133.0": 0.015300000000000001,
        "247.0": 0.006999999999999999,
        "24.0": 0.007600000000000001,
        "274.0": 0.0078,
        "136.0": 0.0162,
        "10.0": 0.0087,
        "172.0": 0.015300000000000001,
        "250.0": 0.0182,
        "34.0": 0.0138,
        "124.0": 0.015199999999999998,
        "82.0": 0.0068,
        "160.0": 0.0136,
        "228.0": 0.0082,
        "266.0": 0.0036,
        "140.0": 0.0143,
        "26.0": 0.0063,
        "230.0": 0.014100000000000001,
        "14.0": 0.015,
        "116.0": 0.0543,
        "218.0": 0.0148,
        "12.0": 0.0087,
        "248.0": 0.006500000000000001,
        "134.0": 0.018,
        "32.0": 0.006999999999999999,
        "122.0": 0.0325,
        "224.0": 0.0235,
        "8.0": 0.027800000000000005,
        "110.0": 0.0139,
        "138.0": 0.0166,
        "299.0": 0.006999999999999999,
        "161.0": 0.0169,
        "35.0": 0.020700000000000003,
        "173.0": 0.0149,
        "251.0": 0.0167,
        "125.0": 0.0138,
        "59.0": 0.0069,
        "137.0": 0.013999999999999999,
        "227.0": 0.0057,
        "2.0": 0.0102,
        "281.0": 0.008199999999999999,
        "143.0": 0.0284,
        "17.0": 0.0063,
        "167.0": 0.0154,
        "245.0": 0.0165,
        "29.0": 0.0164,
        "119.0": 0.015399999999999997,
        "65.0": 0.0081,
        "233.0": 0.0066,
        "264.0": 0.0044,
        "332.0": 0.0033,
        "194.0": 0.014499999999999999,
        "68.0": 0.0078,
        "272.0": 0.006999999999999999,
        "56.0": 0.0063,
        "146.0": 0.0138,
        "236.0": 0.0035
    },
    "probability_distribution_items": [
        [
            216.0,
            0.0043
        ],
        [
            114.0,
            0.0195
        ],
        [
            241.0,
            0.0143
        ],
        [
            115.0,
            0.0329
        ],
        [
            1.0,
            0.006699999999999999
        ],
        [
            139.0,
            0.030599999999999995
        ],
        [
            229.0,
            0.0153
        ],
        [
            13.0,
            0.016999999999999998
        ],
        [
            49.0,
            0.0063999999999999994
        ],
        [
            223.0,
            0.0282
        ],
        [
            109.0,
            0.020999999999999998
        ],
        [
            7.0,
            0.026999999999999996
        ],
        [
            121.0,
            0.030900000000000004
        ],
        [
            31.0,
            0.0066
        ],
        [
            133.0,
            0.015300000000000001
        ],
        [
            247.0,
            0.006999999999999999
        ],
        [
            24.0,
            0.007600000000000001
        ],
        [
            274.0,
            0.0078
        ],
        [
            136.0,
            0.0162
        ],
        [
            10.0,
            0.0087
        ],
        [
            172.0,
            0.015300000000000001
        ],
        [
            250.0,
            0.0182
        ],
        [
            34.0,
            0.0138
        ],
        [
            124.0,
            0.015199999999999998
        ],
        [
            82.0,
            0.0068
        ],
        [
            160.0,
            0.0136
        ],
        [
            228.0,
            0.0082
        ],
        [
            266.0,
            0.0036
        ],
        [
            140.0,
            0.0143
        ],
        [
            26.0,
            0.0063
        ],
        [
            230.0,
            0.014100000000000001
        ],
        [
            14.0,
            0.015
        ],
        [
            116.0,
            0.0543
        ],
        [
            218.0,
            0.0148
        ],
        [
            12.0,
            0.0087
        ],
        [
            248.0,
            0.006500000000000001
        ],
        [
            134.0,
            0.018
        ],
        [
            32.0,
            0.006999999999999999
        ],
        [
            122.0,
            0.0325
        ],
        [
            224.0,
            0.0235
        ],
        [
            8.0,
            0.027800000000000005
        ],
        [
            110.0,
            0.0139
        ],
        [
            138.0,
            0.0166
        ],
        [
            299.0,
            0.006999999999999999
        ],
        [
            161.0,
            0.0169
        ],
        [
            35.0,
            0.020700000000000003
        ],
        [
            173.0,
            0.0149
        ],
        [
            251.0,
            0.0167
        ],
        [
            125.0,
            0.0138
        ],
        [
            59.0,
            0.0069
        ],
        [
            137.0,
            0.013999999999999999
        ],
        [
            227.0,
            0.0057
        ],
        [
            2.0,
            0.0102
        ],
        [
            281.0,
            0.008199999999999999
        ],
        [
            143.0,
            0.0284
        ],
        [
            17.0,
            0.0063
        ],
        [
            167.0,
            0.0154
        ],
        [
            245.0,
            0.0165
        ],
        [
            29.0,
            0.0164
        ],
        [
            119.0,
            0.015399999999999997
        ],
        [
            65.0,
            0.0081
        ],
        [
            233.0,
            0.0066
        ],
        [
            264.0,
            0.0044
        ],
        [
            332.0,
            0.0033
        ],
        [
            194.0,
            0.014499999999999999
        ],
        [
            68.0,
            0.0078
        ],
        [
            272.0,
            0.006999999999999999
        ],
        [
            56.0,
            0.0063
        ],
        [
            146.0,
            0.0138
        ],
        [
            236.0,
            0.0035
        ]
    ],
    "approximation_ratio": 133.9619,
    "approximation_ratio_offset": 0.598302416918429,
    "noise": true,
    "p": 6
}