{
    "expected_value": 2.0007,
    "optimal_gammas": [
        3.012521404409434,
        1.9213319142772618
    ],
    "optimal_betas": [
        0.4289510673027138,
        1.3003201201955803
    ],
    "problem_identifier": "{'W': [1], 'W_max': 1, 'A': 8, 'B': 4, 'C': 12}",
    "now": "2021-05-03 19:49:40",
    "execution_time": "0:31:45.352188",
    "problem": {
        "W": [
            1
        ],
        "W_max": 1,
        "A": 8,
        "B": 4,
        "C": 12
    },
    "probability_distribution": {
        "3.0": 0.4763,
        "2.0": 0.017,
        "6.0": 0.0128,
        "1.0": 0.4939
    },
    "probability_distribution_items": [
        [
            3.0,
            0.4763
        ],
        [
            2.0,
            0.017
        ],
        [
            6.0,
            0.0128
        ],
        [
            1.0,
            0.4939
        ]
    ],
    "approximation_ratio": 0.79744,
    "noise": true,
    "p": 2
}