{
    "expected_value": 81.9975,
    "optimal_gammas": [
        5.8877506910243635,
        1.084247254044877,
        3.936037301755997,
        2.992017707720088,
        1.0471261547819282
    ],
    "optimal_betas": [
        2.836083360717385,
        2.891923713197578,
        3.1170554498841616,
        1.88501206539555,
        1.3071266282624703
    ],
    "problem_identifier": "{'W': [1, 1], 'W_max': 2, 'A': 24, 'B': 4, 'C': 240}",
    "now": "2021-05-04 19:42:11",
    "execution_time": "1:23:56.463090",
    "nfev": 3831,
    "message": "Optimization terminated successfully.",
    "success": true,
    "nit": 23,
    "problem": {
        "W": [
            1,
            1
        ],
        "W_max": 2,
        "A": 24,
        "B": 4,
        "C": 240
    },
    "optimal_cost": 1.0,
    "probability_distribution": {
        "120.0": 0.0122,
        "66.0": 0.035100000000000006,
        "145.0": 0.0205,
        "67.0": 0.038000000000000006,
        "1.0": 0.0127,
        "91.0": 0.029299999999999996,
        "133.0": 0.0156,
        "13.0": 0.014700000000000001,
        "49.0": 0.0066,
        "127.0": 0.0325,
        "61.0": 0.0278,
        "7.0": 0.028900000000000002,
        "73.0": 0.0362,
        "31.0": 0.0075,
        "85.0": 0.0139,
        "151.0": 0.0088,
        "24.0": 0.0104,
        "178.0": 0.0115,
        "88.0": 0.019200000000000002,
        "10.0": 0.0132,
        "124.0": 0.012,
        "154.0": 0.021200000000000004,
        "34.0": 0.0116,
        "76.0": 0.0164,
        "82.0": 0.0054,
        "112.0": 0.010700000000000001,
        "132.0": 0.0102,
        "170.0": 0.0049,
        "92.0": 0.016,
        "26.0": 0.008,
        "134.0": 0.017300000000000003,
        "14.0": 0.013600000000000001,
        "68.0": 0.056100000000000004,
        "122.0": 0.0121,
        "12.0": 0.0108,
        "152.0": 0.008199999999999999,
        "86.0": 0.0148,
        "32.0": 0.0071,
        "74.0": 0.0285,
        "128.0": 0.019499999999999997,
        "8.0": 0.0216,
        "62.0": 0.010199999999999999,
        "90.0": 0.0143,
        "203.0": 0.0055,
        "113.0": 0.0118,
        "35.0": 0.0193,
        "125.0": 0.011300000000000001,
        "155.0": 0.0108,
        "77.0": 0.014,
        "59.0": 0.0049,
        "89.0": 0.0106,
        "131.0": 0.0069,
        "2.0": 0.0079,
        "185.0": 0.0076,
        "95.0": 0.026299999999999997,
        "17.0": 0.009600000000000001,
        "119.0": 0.010499999999999999,
        "149.0": 0.012199999999999999,
        "29.0": 0.011999999999999999,
        "71.0": 0.0162,
        "65.0": 0.0056,
        "137.0": 0.008,
        "168.0": 0.0037,
        "236.0": 0.0024,
        "146.0": 0.0104,
        "176.0": 0.0052,
        "56.0": 0.0045000000000000005,
        "98.0": 0.0129,
        "140.0": 0.0048
    },
    "probability_distribution_items": [
        [
            120.0,
            0.0122
        ],
        [
            66.0,
            0.035100000000000006
        ],
        [
            145.0,
            0.0205
        ],
        [
            67.0,
            0.038000000000000006
        ],
        [
            1.0,
            0.0127
        ],
        [
            91.0,
            0.029299999999999996
        ],
        [
            133.0,
            0.0156
        ],
        [
            13.0,
            0.014700000000000001
        ],
        [
            49.0,
            0.0066
        ],
        [
            127.0,
            0.0325
        ],
        [
            61.0,
            0.0278
        ],
        [
            7.0,
            0.028900000000000002
        ],
        [
            73.0,
            0.0362
        ],
        [
            31.0,
            0.0075
        ],
        [
            85.0,
            0.0139
        ],
        [
            151.0,
            0.0088
        ],
        [
            24.0,
            0.0104
        ],
        [
            178.0,
            0.0115
        ],
        [
            88.0,
            0.019200000000000002
        ],
        [
            10.0,
            0.0132
        ],
        [
            124.0,
            0.012
        ],
        [
            154.0,
            0.021200000000000004
        ],
        [
            34.0,
            0.0116
        ],
        [
            76.0,
            0.0164
        ],
        [
            82.0,
            0.0054
        ],
        [
            112.0,
            0.010700000000000001
        ],
        [
            132.0,
            0.0102
        ],
        [
            170.0,
            0.0049
        ],
        [
            92.0,
            0.016
        ],
        [
            26.0,
            0.008
        ],
        [
            134.0,
            0.017300000000000003
        ],
        [
            14.0,
            0.013600000000000001
        ],
        [
            68.0,
            0.056100000000000004
        ],
        [
            122.0,
            0.0121
        ],
        [
            12.0,
            0.0108
        ],
        [
            152.0,
            0.008199999999999999
        ],
        [
            86.0,
            0.0148
        ],
        [
            32.0,
            0.0071
        ],
        [
            74.0,
            0.0285
        ],
        [
            128.0,
            0.019499999999999997
        ],
        [
            8.0,
            0.0216
        ],
        [
            62.0,
            0.010199999999999999
        ],
        [
            90.0,
            0.0143
        ],
        [
            203.0,
            0.0055
        ],
        [
            113.0,
            0.0118
        ],
        [
            35.0,
            0.0193
        ],
        [
            125.0,
            0.011300000000000001
        ],
        [
            155.0,
            0.0108
        ],
        [
            77.0,
            0.014
        ],
        [
            59.0,
            0.0049
        ],
        [
            89.0,
            0.0106
        ],
        [
            131.0,
            0.0069
        ],
        [
            2.0,
            0.0079
        ],
        [
            185.0,
            0.0076
        ],
        [
            95.0,
            0.026299999999999997
        ],
        [
            17.0,
            0.009600000000000001
        ],
        [
            119.0,
            0.010499999999999999
        ],
        [
            149.0,
            0.012199999999999999
        ],
        [
            29.0,
            0.011999999999999999
        ],
        [
            71.0,
            0.0162
        ],
        [
            65.0,
            0.0056
        ],
        [
            137.0,
            0.008
        ],
        [
            168.0,
            0.0037
        ],
        [
            236.0,
            0.0024
        ],
        [
            146.0,
            0.0104
        ],
        [
            176.0,
            0.0052
        ],
        [
            56.0,
            0.0045000000000000005
        ],
        [
            98.0,
            0.0129
        ],
        [
            140.0,
            0.0048
        ]
    ],
    "approximation_ratio": 83.7214,
    "approximation_ratio_offset": 0.6479940425531914,
    "noise": true,
    "p": 5
}