{
    "expected_value": 139.6832,
    "optimal_gammas": [
        1.115963634579821,
        3.9324005769078894,
        4.036808635627853,
        2.454980846411111,
        1.3912468315319686,
        0.4604076789501823,
        5.232942638369319
    ],
    "optimal_betas": [
        2.258715389021528,
        2.1117085089868244,
        2.943216448251171,
        1.936716688901638,
        2.977277479218073,
        1.0907425375275304,
        1.8150687727068489
    ],
    "problem_identifier": "{'W': [1, 1], 'W_max': 2, 'A': 40, 'B': 4, 'C': 400}",
    "now": "2021-05-04 17:06:36",
    "execution_time": "0:22:00.553981",
    "nfev": 735,
    "message": "Optimization terminated successfully.",
    "success": true,
    "nit": 1,
    "problem": {
        "W": [
            1,
            1
        ],
        "W_max": 2,
        "A": 40,
        "B": 4,
        "C": 400
    },
    "probability_distribution": {
        "200.0": 0.0041,
        "110.0": 0.0162,
        "241.0": 0.0164,
        "111.0": 0.028500000000000004,
        "1.0": 0.0103,
        "151.0": 0.031200000000000002,
        "221.0": 0.0135,
        "21.0": 0.0154,
        "81.0": 0.006500000000000001,
        "211.0": 0.0254,
        "101.0": 0.0164,
        "11.0": 0.0223,
        "121.0": 0.032,
        "51.0": 0.0078,
        "141.0": 0.013000000000000001,
        "251.0": 0.0065,
        "40.0": 0.0079,
        "294.0": 0.0068000000000000005,
        "144.0": 0.0171,
        "14.0": 0.0095,
        "204.0": 0.0125,
        "254.0": 0.0271,
        "54.0": 0.0166,
        "124.0": 0.0207,
        "134.0": 0.0056,
        "184.0": 0.0161,
        "220.0": 0.0081,
        "282.0": 0.0038,
        "152.0": 0.014599999999999998,
        "42.0": 0.0086,
        "222.0": 0.0137,
        "22.0": 0.0144,
        "112.0": 0.0401,
        "202.0": 0.0108,
        "20.0": 0.007899999999999999,
        "252.0": 0.0069,
        "142.0": 0.0129,
        "52.0": 0.0077,
        "122.0": 0.030900000000000004,
        "212.0": 0.0222,
        "12.0": 0.0251,
        "102.0": 0.016399999999999998,
        "150.0": 0.015300000000000001,
        "335.0": 0.0059,
        "185.0": 0.0165,
        "55.0": 0.0237,
        "205.0": 0.013000000000000001,
        "255.0": 0.0158,
        "125.0": 0.0163,
        "95.0": 0.0082,
        "145.0": 0.0148,
        "215.0": 0.009999999999999998,
        "2.0": 0.0071,
        "305.0": 0.0058,
        "155.0": 0.0299,
        "25.0": 0.0106,
        "195.0": 0.0131,
        "245.0": 0.0173,
        "45.0": 0.016,
        "115.0": 0.021900000000000003,
        "105.0": 0.0046,
        "225.0": 0.012199999999999999,
        "280.0": 0.0035,
        "388.0": 0.0031,
        "238.0": 0.0132,
        "108.0": 0.0072,
        "288.0": 0.0092,
        "88.0": 0.0085,
        "158.0": 0.0217,
        "228.0": 0.0061
    },
    "probability_distribution_items": [
        [
            200.0,
            0.0041
        ],
        [
            110.0,
            0.0162
        ],
        [
            241.0,
            0.0164
        ],
        [
            111.0,
            0.028500000000000004
        ],
        [
            1.0,
            0.0103
        ],
        [
            151.0,
            0.031200000000000002
        ],
        [
            221.0,
            0.0135
        ],
        [
            21.0,
            0.0154
        ],
        [
            81.0,
            0.006500000000000001
        ],
        [
            211.0,
            0.0254
        ],
        [
            101.0,
            0.0164
        ],
        [
            11.0,
            0.0223
        ],
        [
            121.0,
            0.032
        ],
        [
            51.0,
            0.0078
        ],
        [
            141.0,
            0.013000000000000001
        ],
        [
            251.0,
            0.0065
        ],
        [
            40.0,
            0.0079
        ],
        [
            294.0,
            0.0068000000000000005
        ],
        [
            144.0,
            0.0171
        ],
        [
            14.0,
            0.0095
        ],
        [
            204.0,
            0.0125
        ],
        [
            254.0,
            0.0271
        ],
        [
            54.0,
            0.0166
        ],
        [
            124.0,
            0.0207
        ],
        [
            134.0,
            0.0056
        ],
        [
            184.0,
            0.0161
        ],
        [
            220.0,
            0.0081
        ],
        [
            282.0,
            0.0038
        ],
        [
            152.0,
            0.014599999999999998
        ],
        [
            42.0,
            0.0086
        ],
        [
            222.0,
            0.0137
        ],
        [
            22.0,
            0.0144
        ],
        [
            112.0,
            0.0401
        ],
        [
            202.0,
            0.0108
        ],
        [
            20.0,
            0.007899999999999999
        ],
        [
            252.0,
            0.0069
        ],
        [
            142.0,
            0.0129
        ],
        [
            52.0,
            0.0077
        ],
        [
            122.0,
            0.030900000000000004
        ],
        [
            212.0,
            0.0222
        ],
        [
            12.0,
            0.0251
        ],
        [
            102.0,
            0.016399999999999998
        ],
        [
            150.0,
            0.015300000000000001
        ],
        [
            335.0,
            0.0059
        ],
        [
            185.0,
            0.0165
        ],
        [
            55.0,
            0.0237
        ],
        [
            205.0,
            0.013000000000000001
        ],
        [
            255.0,
            0.0158
        ],
        [
            125.0,
            0.0163
        ],
        [
            95.0,
            0.0082
        ],
        [
            145.0,
            0.0148
        ],
        [
            215.0,
            0.009999999999999998
        ],
        [
            2.0,
            0.0071
        ],
        [
            305.0,
            0.0058
        ],
        [
            155.0,
            0.0299
        ],
        [
            25.0,
            0.0106
        ],
        [
            195.0,
            0.0131
        ],
        [
            245.0,
            0.0173
        ],
        [
            45.0,
            0.016
        ],
        [
            115.0,
            0.021900000000000003
        ],
        [
            105.0,
            0.0046
        ],
        [
            225.0,
            0.012199999999999999
        ],
        [
            280.0,
            0.0035
        ],
        [
            388.0,
            0.0031
        ],
        [
            238.0,
            0.0132
        ],
        [
            108.0,
            0.0072
        ],
        [
            288.0,
            0.0092
        ],
        [
            88.0,
            0.0085
        ],
        [
            158.0,
            0.0217
        ],
        [
            228.0,
            0.0061
        ]
    ],
    "approximation_ratio": 0.6403142118863049,
    "noise": true,
    "p": 7
}