{
    "expected_value": 202.2042,
    "optimal_gammas": [
        2.8442930904621804
    ],
    "optimal_betas": [
        2.9104051582318586
    ],
    "problem_identifier": "{'W': [1, 1], 'W_max': 2, 'A': 40, 'B': 4, 'C': 720}",
    "now": "2021-05-04 19:07:51",
    "execution_time": "0:11:59.617411",
    "nfev": 1329,
    "message": "Optimization terminated successfully.",
    "success": true,
    "nit": 40,
    "problem": {
        "W": [
            1,
            1
        ],
        "W_max": 2,
        "A": 40,
        "B": 4,
        "C": 720
    },
    "optimal_cost": 1.0,
    "probability_distribution": {
        "360.0": 0.0314,
        "190.0": 0.0409,
        "401.0": 0.016900000000000002,
        "191.0": 0.06589999999999999,
        "1.0": 0.0182,
        "231.0": 0.0132,
        "381.0": 0.0149,
        "21.0": 0.013999999999999999,
        "81.0": 0.001,
        "371.0": 0.0321,
        "181.0": 0.0494,
        "11.0": 0.0335,
        "201.0": 0.020999999999999998,
        "51.0": 0.0012,
        "221.0": 0.0022,
        "411.0": 0.0012000000000000001,
        "40.0": 0.0044,
        "454.0": 0.0026,
        "224.0": 0.0195,
        "14.0": 0.0285,
        "284.0": 0.0007000000000000001,
        "414.0": 0.0069,
        "54.0": 0.0066,
        "204.0": 0.018,
        "264.0": 0.0012000000000000001,
        "380.0": 0.006,
        "442.0": 0.0055,
        "232.0": 0.0197,
        "42.0": 0.0063999999999999994,
        "382.0": 0.0225,
        "22.0": 0.0207,
        "192.0": 0.0638,
        "362.0": 0.019,
        "20.0": 0.0047,
        "412.0": 0.007600000000000001,
        "222.0": 0.0149,
        "52.0": 0.0043,
        "202.0": 0.0285,
        "372.0": 0.0243,
        "12.0": 0.0242,
        "182.0": 0.0131,
        "230.0": 0.0016,
        "495.0": 0.0011,
        "265.0": 0.0097,
        "55.0": 0.024399999999999998,
        "285.0": 0.0029,
        "415.0": 0.0116,
        "205.0": 0.0348,
        "95.0": 0.0007,
        "225.0": 0.007899999999999999,
        "375.0": 0.009,
        "2.0": 0.0127,
        "465.0": 0.0014,
        "235.0": 0.0189,
        "25.0": 0.0154,
        "275.0": 0.0031,
        "405.0": 0.0111,
        "45.0": 0.0115,
        "195.0": 0.0343,
        "105.0": 0.0005,
        "385.0": 0.01,
        "440.0": 0.0002,
        "318.0": 0.0015999999999999999,
        "108.0": 0.0018,
        "448.0": 0.006200000000000001,
        "88.0": 0.0040999999999999995,
        "238.0": 0.0196,
        "388.0": 0.0133
    },
    "probability_distribution_items": [
        [
            360.0,
            0.0314
        ],
        [
            190.0,
            0.0409
        ],
        [
            401.0,
            0.016900000000000002
        ],
        [
            191.0,
            0.06589999999999999
        ],
        [
            1.0,
            0.0182
        ],
        [
            231.0,
            0.0132
        ],
        [
            381.0,
            0.0149
        ],
        [
            21.0,
            0.013999999999999999
        ],
        [
            81.0,
            0.001
        ],
        [
            371.0,
            0.0321
        ],
        [
            181.0,
            0.0494
        ],
        [
            11.0,
            0.0335
        ],
        [
            201.0,
            0.020999999999999998
        ],
        [
            51.0,
            0.0012
        ],
        [
            221.0,
            0.0022
        ],
        [
            411.0,
            0.0012000000000000001
        ],
        [
            40.0,
            0.0044
        ],
        [
            454.0,
            0.0026
        ],
        [
            224.0,
            0.0195
        ],
        [
            14.0,
            0.0285
        ],
        [
            284.0,
            0.0007000000000000001
        ],
        [
            414.0,
            0.0069
        ],
        [
            54.0,
            0.0066
        ],
        [
            204.0,
            0.018
        ],
        [
            264.0,
            0.0012000000000000001
        ],
        [
            380.0,
            0.006
        ],
        [
            442.0,
            0.0055
        ],
        [
            232.0,
            0.0197
        ],
        [
            42.0,
            0.0063999999999999994
        ],
        [
            382.0,
            0.0225
        ],
        [
            22.0,
            0.0207
        ],
        [
            192.0,
            0.0638
        ],
        [
            362.0,
            0.019
        ],
        [
            20.0,
            0.0047
        ],
        [
            412.0,
            0.007600000000000001
        ],
        [
            222.0,
            0.0149
        ],
        [
            52.0,
            0.0043
        ],
        [
            202.0,
            0.0285
        ],
        [
            372.0,
            0.0243
        ],
        [
            12.0,
            0.0242
        ],
        [
            182.0,
            0.0131
        ],
        [
            230.0,
            0.0016
        ],
        [
            495.0,
            0.0011
        ],
        [
            265.0,
            0.0097
        ],
        [
            55.0,
            0.024399999999999998
        ],
        [
            285.0,
            0.0029
        ],
        [
            415.0,
            0.0116
        ],
        [
            205.0,
            0.0348
        ],
        [
            95.0,
            0.0007
        ],
        [
            225.0,
            0.007899999999999999
        ],
        [
            375.0,
            0.009
        ],
        [
            2.0,
            0.0127
        ],
        [
            465.0,
            0.0014
        ],
        [
            235.0,
            0.0189
        ],
        [
            25.0,
            0.0154
        ],
        [
            275.0,
            0.0031
        ],
        [
            405.0,
            0.0111
        ],
        [
            45.0,
            0.0115
        ],
        [
            195.0,
            0.0343
        ],
        [
            105.0,
            0.0005
        ],
        [
            385.0,
            0.01
        ],
        [
            440.0,
            0.0002
        ],
        [
            318.0,
            0.0015999999999999999
        ],
        [
            108.0,
            0.0018
        ],
        [
            448.0,
            0.006200000000000001
        ],
        [
            88.0,
            0.0040999999999999995
        ],
        [
            238.0,
            0.0196
        ],
        [
            388.0,
            0.0133
        ]
    ],
    "approximation_ratio": 206.1653,
    "approximation_ratio_offset": 0.5846856275303643,
    "noise": true,
    "p": 1
}