{
    "expected_value": 60.8239,
    "optimal_gammas": [
        1.4564634039428914,
        0.9761498489734874,
        1.2579017461862907,
        4.044169945029721,
        3.237344225203838
    ],
    "optimal_betas": [
        2.6262084384791953,
        1.022233102124012,
        2.586998812483932,
        1.525206181467073,
        2.952287839161926
    ],
    "problem_identifier": "{'W': [1, 1], 'W_max': 2, 'A': 8, 'B': 4, 'C': 208}",
    "now": "2021-05-04 17:29:04",
    "execution_time": "0:11:46.524383",
    "nfev": 586,
    "message": "Optimization terminated successfully.",
    "success": true,
    "nit": 1,
    "problem": {
        "W": [
            1,
            1
        ],
        "W_max": 2,
        "A": 8,
        "B": 4,
        "C": 208
    },
    "probability_distribution": {
        "104.0": 0.0033,
        "54.0": 0.029299999999999996,
        "113.0": 0.024,
        "55.0": 0.0358,
        "1.0": 0.0104,
        "63.0": 0.0295,
        "109.0": 0.013399999999999999,
        "5.0": 0.0187,
        "17.0": 0.0072,
        "107.0": 0.021400000000000002,
        "53.0": 0.015399999999999999,
        "3.0": 0.0246,
        "57.0": 0.029900000000000003,
        "11.0": 0.0062,
        "61.0": 0.0296,
        "115.0": 0.007,
        "8.0": 0.008199999999999999,
        "126.0": 0.0071,
        "64.0": 0.0378,
        "6.0": 0.022699999999999998,
        "76.0": 0.0184,
        "118.0": 0.029099999999999997,
        "14.0": 0.0213,
        "60.0": 0.0192,
        "30.0": 0.0043,
        "72.0": 0.0176,
        "108.0": 0.026599999999999995,
        "122.0": 0.0047,
        "10.0": 0.0084,
        "110.0": 0.0144,
        "56.0": 0.045,
        "106.0": 0.0107,
        "4.0": 0.028500000000000004,
        "116.0": 0.009600000000000001,
        "62.0": 0.0297,
        "12.0": 0.006699999999999999,
        "58.0": 0.0272,
        "135.0": 0.006500000000000001,
        "73.0": 0.0162,
        "15.0": 0.0275,
        "77.0": 0.015099999999999999,
        "119.0": 0.0143,
        "23.0": 0.006699999999999999,
        "65.0": 0.0166,
        "111.0": 0.0074,
        "2.0": 0.0078,
        "129.0": 0.0068000000000000005,
        "67.0": 0.0313,
        "9.0": 0.0094,
        "75.0": 0.012000000000000002,
        "117.0": 0.0131,
        "13.0": 0.016300000000000002,
        "59.0": 0.016900000000000002,
        "25.0": 0.0066,
        "120.0": 0.0038,
        "148.0": 0.0033,
        "86.0": 0.0136,
        "28.0": 0.0069,
        "128.0": 0.011,
        "24.0": 0.0098,
        "70.0": 0.0182
    },
    "probability_distribution_items": [
        [
            104.0,
            0.0033
        ],
        [
            54.0,
            0.029299999999999996
        ],
        [
            113.0,
            0.024
        ],
        [
            55.0,
            0.0358
        ],
        [
            1.0,
            0.0104
        ],
        [
            63.0,
            0.0295
        ],
        [
            109.0,
            0.013399999999999999
        ],
        [
            5.0,
            0.0187
        ],
        [
            17.0,
            0.0072
        ],
        [
            107.0,
            0.021400000000000002
        ],
        [
            53.0,
            0.015399999999999999
        ],
        [
            3.0,
            0.0246
        ],
        [
            57.0,
            0.029900000000000003
        ],
        [
            11.0,
            0.0062
        ],
        [
            61.0,
            0.0296
        ],
        [
            115.0,
            0.007
        ],
        [
            8.0,
            0.008199999999999999
        ],
        [
            126.0,
            0.0071
        ],
        [
            64.0,
            0.0378
        ],
        [
            6.0,
            0.022699999999999998
        ],
        [
            76.0,
            0.0184
        ],
        [
            118.0,
            0.029099999999999997
        ],
        [
            14.0,
            0.0213
        ],
        [
            60.0,
            0.0192
        ],
        [
            30.0,
            0.0043
        ],
        [
            72.0,
            0.0176
        ],
        [
            108.0,
            0.026599999999999995
        ],
        [
            122.0,
            0.0047
        ],
        [
            10.0,
            0.0084
        ],
        [
            110.0,
            0.0144
        ],
        [
            56.0,
            0.045
        ],
        [
            106.0,
            0.0107
        ],
        [
            4.0,
            0.028500000000000004
        ],
        [
            116.0,
            0.009600000000000001
        ],
        [
            62.0,
            0.0297
        ],
        [
            12.0,
            0.006699999999999999
        ],
        [
            58.0,
            0.0272
        ],
        [
            135.0,
            0.006500000000000001
        ],
        [
            73.0,
            0.0162
        ],
        [
            15.0,
            0.0275
        ],
        [
            77.0,
            0.015099999999999999
        ],
        [
            119.0,
            0.0143
        ],
        [
            23.0,
            0.006699999999999999
        ],
        [
            65.0,
            0.0166
        ],
        [
            111.0,
            0.0074
        ],
        [
            2.0,
            0.0078
        ],
        [
            129.0,
            0.0068000000000000005
        ],
        [
            67.0,
            0.0313
        ],
        [
            9.0,
            0.0094
        ],
        [
            75.0,
            0.012000000000000002
        ],
        [
            117.0,
            0.0131
        ],
        [
            13.0,
            0.016300000000000002
        ],
        [
            59.0,
            0.016900000000000002
        ],
        [
            25.0,
            0.0066
        ],
        [
            120.0,
            0.0038
        ],
        [
            148.0,
            0.0033
        ],
        [
            86.0,
            0.0136
        ],
        [
            28.0,
            0.0069
        ],
        [
            128.0,
            0.011
        ],
        [
            24.0,
            0.0098
        ],
        [
            70.0,
            0.0182
        ]
    ],
    "approximation_ratio": 0.5829367346938775,
    "noise": true,
    "p": 5
}