{
    "expected_value": 190.4474,
    "optimal_gammas": [
        6.261926799075081,
        0.014069807373394028,
        3.5500980741662502,
        1.106267352575622,
        4.540442907639017,
        4.387962615344596
    ],
    "optimal_betas": [
        0.0793133228504177,
        0.8951186126696201,
        0.15097801053197313,
        0.22822583915938943,
        1.4117802998517566,
        0.22757204788813956
    ],
    "problem_identifier": "{'W': [1, 1], 'W_max': 2, 'A': 56, 'B': 4, 'C': 560}",
    "now": "2021-05-04 18:31:47",
    "execution_time": "0:21:05.977710",
    "nfev": 813,
    "message": "Optimization terminated successfully.",
    "success": true,
    "nit": 2,
    "problem": {
        "W": [
            1,
            1
        ],
        "W_max": 2,
        "A": 56,
        "B": 4,
        "C": 560
    },
    "optimal_cost": 1.0,
    "probability_distribution": {
        "280.0": 0.0056,
        "154.0": 0.0155,
        "337.0": 0.0206,
        "155.0": 0.033499999999999995,
        "1.0": 0.0124,
        "211.0": 0.0246,
        "309.0": 0.012,
        "29.0": 0.0105,
        "113.0": 0.0060999999999999995,
        "295.0": 0.019799999999999998,
        "141.0": 0.0166,
        "15.0": 0.0231,
        "169.0": 0.030500000000000003,
        "71.0": 0.005900000000000001,
        "197.0": 0.013499999999999998,
        "351.0": 0.0118,
        "56.0": 0.0092,
        "410.0": 0.0057,
        "200.0": 0.0201,
        "18.0": 0.017,
        "284.0": 0.0104,
        "354.0": 0.0233,
        "74.0": 0.0095,
        "172.0": 0.0213,
        "186.0": 0.0066,
        "256.0": 0.0142,
        "308.0": 0.0064,
        "394.0": 0.003,
        "212.0": 0.0113,
        "58.0": 0.0062,
        "310.0": 0.0135,
        "30.0": 0.015799999999999998,
        "156.0": 0.050300000000000004,
        "282.0": 0.015099999999999999,
        "28.0": 0.0063999999999999994,
        "352.0": 0.0077,
        "198.0": 0.0127,
        "72.0": 0.0098,
        "170.0": 0.0319,
        "296.0": 0.0277,
        "16.0": 0.022899999999999997,
        "142.0": 0.0174,
        "210.0": 0.013999999999999999,
        "467.0": 0.0054,
        "257.0": 0.0119,
        "75.0": 0.0215,
        "285.0": 0.008700000000000001,
        "355.0": 0.0135,
        "173.0": 0.0165,
        "131.0": 0.0075,
        "201.0": 0.0156,
        "299.0": 0.0134,
        "2.0": 0.007599999999999999,
        "425.0": 0.0057,
        "215.0": 0.037099999999999994,
        "33.0": 0.014000000000000002,
        "271.0": 0.0117,
        "341.0": 0.0129,
        "61.0": 0.012,
        "159.0": 0.0241,
        "145.0": 0.0069,
        "313.0": 0.0127,
        "392.0": 0.0039,
        "540.0": 0.0022,
        "330.0": 0.011099999999999999,
        "148.0": 0.0079,
        "400.0": 0.006500000000000001,
        "120.0": 0.0078,
        "218.0": 0.0221,
        "316.0": 0.0084
    },
    "probability_distribution_items": [
        [
            280.0,
            0.0056
        ],
        [
            154.0,
            0.0155
        ],
        [
            337.0,
            0.0206
        ],
        [
            155.0,
            0.033499999999999995
        ],
        [
            1.0,
            0.0124
        ],
        [
            211.0,
            0.0246
        ],
        [
            309.0,
            0.012
        ],
        [
            29.0,
            0.0105
        ],
        [
            113.0,
            0.0060999999999999995
        ],
        [
            295.0,
            0.019799999999999998
        ],
        [
            141.0,
            0.0166
        ],
        [
            15.0,
            0.0231
        ],
        [
            169.0,
            0.030500000000000003
        ],
        [
            71.0,
            0.005900000000000001
        ],
        [
            197.0,
            0.013499999999999998
        ],
        [
            351.0,
            0.0118
        ],
        [
            56.0,
            0.0092
        ],
        [
            410.0,
            0.0057
        ],
        [
            200.0,
            0.0201
        ],
        [
            18.0,
            0.017
        ],
        [
            284.0,
            0.0104
        ],
        [
            354.0,
            0.0233
        ],
        [
            74.0,
            0.0095
        ],
        [
            172.0,
            0.0213
        ],
        [
            186.0,
            0.0066
        ],
        [
            256.0,
            0.0142
        ],
        [
            308.0,
            0.0064
        ],
        [
            394.0,
            0.003
        ],
        [
            212.0,
            0.0113
        ],
        [
            58.0,
            0.0062
        ],
        [
            310.0,
            0.0135
        ],
        [
            30.0,
            0.015799999999999998
        ],
        [
            156.0,
            0.050300000000000004
        ],
        [
            282.0,
            0.015099999999999999
        ],
        [
            28.0,
            0.0063999999999999994
        ],
        [
            352.0,
            0.0077
        ],
        [
            198.0,
            0.0127
        ],
        [
            72.0,
            0.0098
        ],
        [
            170.0,
            0.0319
        ],
        [
            296.0,
            0.0277
        ],
        [
            16.0,
            0.022899999999999997
        ],
        [
            142.0,
            0.0174
        ],
        [
            210.0,
            0.013999999999999999
        ],
        [
            467.0,
            0.0054
        ],
        [
            257.0,
            0.0119
        ],
        [
            75.0,
            0.0215
        ],
        [
            285.0,
            0.008700000000000001
        ],
        [
            355.0,
            0.0135
        ],
        [
            173.0,
            0.0165
        ],
        [
            131.0,
            0.0075
        ],
        [
            201.0,
            0.0156
        ],
        [
            299.0,
            0.0134
        ],
        [
            2.0,
            0.007599999999999999
        ],
        [
            425.0,
            0.0057
        ],
        [
            215.0,
            0.037099999999999994
        ],
        [
            33.0,
            0.014000000000000002
        ],
        [
            271.0,
            0.0117
        ],
        [
            341.0,
            0.0129
        ],
        [
            61.0,
            0.012
        ],
        [
            159.0,
            0.0241
        ],
        [
            145.0,
            0.0069
        ],
        [
            313.0,
            0.0127
        ],
        [
            392.0,
            0.0039
        ],
        [
            540.0,
            0.0022
        ],
        [
            330.0,
            0.011099999999999999
        ],
        [
            148.0,
            0.0079
        ],
        [
            400.0,
            0.006500000000000001
        ],
        [
            120.0,
            0.0078
        ],
        [
            218.0,
            0.0221
        ],
        [
            316.0,
            0.0084
        ]
    ],
    "approximation_ratio": 192.3319,
    "approximation_ratio_offset": 0.6450243042671614,
    "noise": true,
    "p": 6
}